rate_C_year,location,lat,long,spatial_extent,method_LSWT,method_LSWT_standard,method_trend,aggregation_mean_min_max_etc,annual_seasonal_data,temporal_aggregation,n_lakes,n_years,min_year,max_year,paper_source,citation,citation_short,journal,other notes?,link,comment from Whitney,comment on comparing studies,reviewer 1,reviewer 2
0.034,World,0,-176,global,remote sensing and in situ,sallite and in situ,Sen's slope,mean,summer,summer,235,24,1985,2009,,"O'Reilly, C. M., Sharma, S., Gray, D. K., Hampton, S. E., Read, J. S., Rowley, R. J., ... & Zhang, G. (2015). Rapid and highly variable warming of lake surface waters around the globe. Geophysical Research Letters, 42(24), 10-773.",O'Reilly et al. 2015,,,,,,,
0.05,Poland,54.01719751,18.53307838,country,machine learning reconstruction of in situ observations,modelled and in situ,Sen's slope,mean,annual,annual,13,29,1993,2022,,"Sojka, M., & Ptak, M. (2024). Reconstruction of Surface Water Temperature in Lakes as a Source for Long-Term Analysis of Its Changes. Water, 16(23), 3347.",Sojka and Ptak 2024,Water (MDPI),"they look at monthly rates of change (November having largest, May having smallest); useful reference to World Meteorological Organization (2019) stating that 30-year trends are best practice for climatic analyses, found only warming trends in these lakes",https://www.mdpi.com/2073-4441/16/23/3347,,,,
0.023,"Lake Inari, Arctic zone",69.05006353,27.79468173,point,modelled using machine learning + air temp,modelled,Pinhas's method (linear regression + ANOVA),mean,annual,annual,1,63,1960,2023,,"Kim, H. I., Kim, D., Salamattalab, M. M., Mahdian, M., Bateni, S. M., & Noori, R. (2024). Machine learning-based modeling of surface water temperature dynamics in arctic lakes. Environmental Science and Pollution Research, 31(49), 59642-59655.",Kim et al. 2004,Environmental Science and Pollution Research,they talk about Sen's slope but say Pinhas's method is better,https://link-springer-com.ezproxy.waikato.ac.nz/article/10.1007/s11356-024-35173-x,,,,
0.04,Europe,55.68930227,14.86411692,region,"In situ, satellite, used skin validation with bulk . Included a probability cloud mask after Musial et al. ",satellite,,mean,annual,annual,26,35,1981,2016,,"Lieberherr, G., & Wunderle, S. (2018). Lake surface water temperature derived from 35 years of AVHRR sensor data for European lakes. Remote sensing, 10(7), 990.",Lieberherr and Wunderle 2018,Remote Sensing (MDPI),"also calculate seasonal trends; Increasing trends from south (Lake Trichonida 0.21 K/decade,) to north (Inarijärvi 0.50 K/decade), and west (Thingvallavatn 0.38 K/decade) to east (Lake Onega 0.76 K/decade. ""They talk about the correction methods for the skin to bulk difference and that it didn't improve the validation performance: ""The method, applied to LSWT, only affects the systematic bias and has no effect on the variance of the error.""  ""Schneider and Hook  mention elevated summer trends in Northern Europe of up to around 0.8 K/dec""",https://www.mdpi.com/2072-4292/10/7/990 ,,,,
0.037,Tibetan Plateau (Asia),31.67525563,87.80117456,region,"In situ, Satellite, derived by MODIS and Land Surface Temperature (LST)",satellite,"Linear trend analysis, statistical significance",mean,winter,winter,374,14,2001,2015,,"Wan, W., Zhao, L., Xie, H., Liu, B., Li, H., Cui, Y., ... & Hong, Y. (2018). Lake surface water temperature change over the Tibetan plateau from 2001 to 2015: A sensitive indicator of the warming climate. Geophysical Research Letters, 45(20), 11-177.",Wan et al. 2018,Geophysical Research Letters,Has warming (0.076 °C/year) and cooling (?0.053 °C/year) lakes.  also reports seasonal means,https://agupubs.onlinelibrary.wiley.com/doi/full/10.1029/2018GL078601 ,,,,
0.072,Tibetan Plateau (Asia),31.67525563,87.80117456,region,"In situ, Satellite, derived by MODIS and Land Surface Temperature (LST)",satellite,"Linear trend analysis, statistical significance",mean,autumn,autumn,374,14,2001,2015,,"Wan, W., Zhao, L., Xie, H., Liu, B., Li, H., Cui, Y., ... & Hong, Y. (2018). Lake surface water temperature change over the Tibetan plateau from 2001 to 2015: A sensitive indicator of the warming climate. Geophysical Research Letters, 45(20), 11-177.",Wan et al. 2018,Geophysical Research Letters,Has warming (0.076 °C/year) and cooling (?0.053 °C/year) lakes.  also reports seasonal means,https://agupubs.onlinelibrary.wiley.com/doi/full/10.1029/2018GL078601 ,,,,
0.023,Tibetan Plateau (Asia),31.67525563,87.80117456,region,"In situ, Satellite, derived by MODIS and Land Surface Temperature (LST)",satellite,"Linear trend analysis, statistical significance",mean,summer,summer,374,14,2001,2015,,"Wan, W., Zhao, L., Xie, H., Liu, B., Li, H., Cui, Y., ... & Hong, Y. (2018). Lake surface water temperature change over the Tibetan plateau from 2001 to 2015: A sensitive indicator of the warming climate. Geophysical Research Letters, 45(20), 11-177.",Wan et al. 2018,Geophysical Research Letters,Has warming (0.076 °C/year) and cooling (?0.053 °C/year) lakes.  also reports seasonal means,https://agupubs.onlinelibrary.wiley.com/doi/full/10.1029/2018GL078601 ,,,,
0.019,Tibetan Plateau (Asia),31.67525563,87.80117456,region,"In situ, Satellite, derived by MODIS and Land Surface Temperature (LST)",satellite,"Linear trend analysis, statistical significance",mean,spring,spring,374,14,2001,2015,,"Wan, W., Zhao, L., Xie, H., Liu, B., Li, H., Cui, Y., ... & Hong, Y. (2018). Lake surface water temperature change over the Tibetan plateau from 2001 to 2015: A sensitive indicator of the warming climate. Geophysical Research Letters, 45(20), 11-177.",Wan et al. 2018,Geophysical Research Letters,Has warming (0.076 °C/year) and cooling (?0.053 °C/year) lakes.  also reports seasonal means,https://agupubs.onlinelibrary.wiley.com/doi/full/10.1029/2018GL078601 ,,,,
0.037,Tibetan Plateau (Asia),31.67525563,87.80117456,region,"In situ, Satellite, derived by MODIS and Land Surface Temperature (LST)",satellite,"Linear trend analysis, statistical significance",mean,annual,annual,374,14,2001,2015,,"Wan, W., Zhao, L., Xie, H., Liu, B., Li, H., Cui, Y., ... & Hong, Y. (2018). Lake surface water temperature change over the Tibetan plateau from 2001 to 2015: A sensitive indicator of the warming climate. Geophysical Research Letters, 45(20), 11-177.",Wan et al. 2018,Geophysical Research Letters,Has warming (0.076 °C/year) and cooling (?0.053 °C/year) lakes.  also reports seasonal means,https://agupubs.onlinelibrary.wiley.com/doi/full/10.1029/2018GL078601 ,,,,
0.024,China,34.34110332,103.527215,country,remote sensing skin temp (google earth engine + time series modelling to fill gaps),satellite,linear regression,mean,annual,annual,1451,20,2001,2021,,"Song, S., Yang, J., Liu, L., Bai, G., Zhou, J., & McKay, D. (2024). Lake surface water temperature in China from 2001 to 2021 based on GEE and HANTS. Ecological Informatics, 84, 102903.",Song et al. 2024,Ecological Informatics," (726 of lakes were small, 1-5 km2); Fig 8 shows the effect of lake area and elevation LSWT change; they found nighttime temps increased more than daytime temps, looks like they use skin temperature without correcting for bulk temperature, also noted an abrupt change in the rate of LSWT change around 2010, good notes on reasons for slower rate of change in LSWT (no ice, models may exaggerate in other studies)",https://www.sciencedirect.com/science/article/pii/S157495412400445X,,,,
0.04,China,34.34110332,103.527215,country,"Data set includes remote sensing products, climate analysis data, and metereological observation data.",satellite,FLake (One-dimensional thermodynamic model),mean,annual,annual,91,39,1979,2018,,"Huang, L., Wang, X., Yan, Y., Jin, L., Yang, K., Chen, A., ... & Piao, S. (2023). Attribution of lake surface water temperature change in large lakes across China over past four decades. Journal of Geophysical Research: Atmospheres, 128(21), e2022JD038465.",Huang et al. 2023,,,https://doi.org/10.1029/2022JD038465,,,,
0.043,Greece,40.36428348,21.90833815,country,"ERA5 skin surface temp (this is for each grid cell, not an individual lake though and therefore is sometimes representative of land-surface temps)",modelled,Generalized Additive Models,mean,annual,annual,18,39,1981,2020,,"Stefanidis, K., Varlas, G., Papadopoulos, A., & Dimitriou, E. (2021). Four decades of surface temperature, precipitation, and wind speed trends over lakes of Greece. Sustainability, 13(17), 9908.",Stefanidis et al. 2021,Sustainability (MDPI),Paper uses ERA5 climate and lake skin surface temp. Uses skin surface temperature without correctionhas several references for defending this,https://www.mdpi.com/2071-1050/13/17/9908,,,,
0.044,North Temperature lakes,40.93592624,-29.12499505,region,long-term dataset (with lake characteristics,in situ,Sen's slope,mean,summer,summer,345,38,1979,2017,,"Zhou, J., Leavitt, P. R., Rose, K. C., Wang, X., Zhang, Y., Shi, K., & Qin, B. (2023). Controls of thermal response of temperate lakes to atmospheric warming. Nature Communications, 14(1), 6503.",Zhou et al. 2023,Nature Communiations,Summer temperatures (July 15 to August 31); random forest to calculate variables important for explaining future trends (i.e. differences between air and water); large methods section with description of different approaches,Controls of thermal response of temperate lakes to atmospheric warming | Nature Communications,,,,
0.05,Poland,54.05407016,21.89012957,country,"Air2Water model (Piccolroaz, S. Prediction of lake surface temperature using the air2water model: Guidelines, challenges, and future perspectives. Adv. Oceanogr. Limnol. 2016, 7, 1.)",modelled,Sen's slope (“mk” R package),mean,annual,annual,2,69,1954,2023,,"Ptak, M., Amnuaylojaroen, T., & Sojka, M. (2024). Seven Decades of Surface Temperature Changes in Central European Lakes: What Is Next?. Resources, 13(11), 149.",Ptak et al. 2024,MDPI: Resources,Table 4 for all year-to-year configurations,https://www.mdpi.com/2079-9276/13/11/149#B23-resources-13-00149,,,,
0.044,Polish lowland lakes,53.62031508,18.70476291,country,daily in situ measurements,in situ,"Mann Kendall trend test and Sen's slope, correlation coefficient btw LSWT and air temp",mean,annual,annual,25,29,1987,2016,,"Wang, R., Dong, W., Sun, J., Sojka, M., Ptak, M., & Zhu, S. (2025). Long-Term Trends of Lake Surface Water Temperatures in Lowland Polish Temperate Lakes [Article]. Atmosphere, 16(2), Article 120. https://doi.org/10.3390/atmos16020120 ",Wang et al. 2025,Atmosphere (MDPI),"showed different trends between annual mean and annual max, focus on differences across seasons, as well as relationship between water and air temperature",https://www.mdpi.com/2073-4433/16/2/120,,,,
0.012,Tibetan Plateau,31.67525563,87.80117456,region,MODIS/Terra 8 day LST (nighttime),satellite,linear regression,mean,annual,annual,52,11,2001,2012,google scholar,"Zhang, G., Yao, T., Xie, H., Qin, J., Ye, Q., Dai, Y., & Guo, R. (2014). Estimating surface temperature changes of lakes in the Tibetan Plateau using MODIS LST data. Journal of Geophysical Research: Atmospheres, 119(14), 8552-8567.",Zhang et al. 2014,JGR Atmospheres,"used nighttime MODIS estimates, 40% of lakes cooled, trends over longer time period for one lake are also provided (Nam Co)",https://agupubs.onlinelibrary.wiley.com/doi/full/10.1002/2014JD021615,,,,
0.026,Tibetan Plateau,31.67525563,87.80117456,region,MODIS/Terra 8 day LST ,satellite,linear regression,mean,annual,annual,169,15,2001,2016,google scholar,"Xie, C., Zhang, X., Zhuang, L., Zhu, R., & Guo, J. (2022). Analysis of surface temperature variation of lakes in China using MODIS land surface temperature data. Scientific Reports, 12(1), 2415.",Xie et al. 2022,Scientific Reports,"also do a driver analysis: found that LSWT primarily driven by lat/long/altitude, with SA and vol as mediators",https://www.nature.com/articles/s41598-022-06363-9,"OR, MS",,,
-0.029,Tibetan Plateau,31.67525563,87.80117456,region,MODIS,satellite,linear regression,mean,annual,annual,56,15,2000,2015,google scholar,"Song, K., Wang, M., Du, J., Yuan, Y., Ma, J., Wang, M., & Mu, G. (2016). Spatiotemporal variations of lake surface temperature across the Tibetan Plateau using MODIS LST product. Remote Sensing, 8(10), 854.",Song e tal. 2016,MDPI: Remote Sensing,,https://www.mdpi.com/2072-4292/8/10/854,,,,
0.05,Lake Chaohu,31.56559281,117.6582551,point,modelled (GLM),modelled,linear regression,mean,annual,annual,1,36,1980,2016,google scholar,"Zhang, X., Wang, K., Frassl, M. A., & Boehrer, B. (2020). Reconstructing six decades of surface temperatures at a shallow lake. Water, 12(2), 405.",Zhang et al. 2020,MDPI: Water,have insitu and MODIS data which were used to calibrate GLM but do not report trends on these data,https://www.mdpi.com/2073-4441/12/2/405,MS,,,
0.03,Lake Michigan,43.36914043,-87.11931375,point,MUR (satellite),satellite,linear regression,mean,annual,annual,1,13,2003,2016,google scholar,"Crosman, E., Vazquez-Cuervo, J., & Chin, T. M. (2017). Evaluation of the multi-scale ultra-high resolution (MUR) analysis of lake surface temperature. Remote Sensing, 9(7), 723.",Crosman et al. 2017,MDPI: Remote Sensing,"not very much detail about how trends were calculated, made some assumptions",https://www.mdpi.com/2072-4292/9/7/723,,,,
-0.03,Lake Okeechobee,26.95250347,-80.81767107,point,MUR (satellite),satellite,linear regression,mean,annual,annual,1,13,2003,2016,google scholar,"Crosman, E., Vazquez-Cuervo, J., & Chin, T. M. (2017). Evaluation of the multi-scale ultra-high resolution (MUR) analysis of lake surface temperature. Remote Sensing, 9(7), 723.",Crosman et al. 2017,MDPI: Remote Sensing,"not very much detail about how trends were calculated, made some assumptions",https://www.mdpi.com/2072-4292/9/7/723,,,,
0.02,Lake Oneida,43.20754475,-75.92238612,point,MUR (satellite),satellite,linear regression,mean,annual,annual,1,13,2003,2016,google scholar,"Crosman, E., Vazquez-Cuervo, J., & Chin, T. M. (2017). Evaluation of the multi-scale ultra-high resolution (MUR) analysis of lake surface temperature. Remote Sensing, 9(7), 723.",Crosman et al. 2017,MDPI: Remote Sensing,"not very much detail about how trends were calculated, made some assumptions",https://www.mdpi.com/2072-4292/9/7/723,,,,
0.035,Europe,55.68930227,14.86411692,region,in situ sensor,in situ,linear regression,minimum,summer,summer,8,41,1973,2014,google scholar,"Woolway, R. I., Weyhenmeyer, G. A., Schmid, M., Dokulil, M. T., de Eyto, E., Maberly, S. C., ... & Merchant, C. J. (2019). Substantial increase in minimum lake surface temperatures under climate change. Climatic Change, 155, 81-94.",Woolway et al. 2019,Climate Change,,https://link-springer-com.ezproxy.waikato.ac.nz/article/10.1007/s10584-019-02465-y,,,,
0.032,Europe,55.68930227,14.86411692,region,in situ sensor,in situ,linear regression,mean,summer,summer,8,41,1973,2014,google scholar,"Woolway, R. I., Weyhenmeyer, G. A., Schmid, M., Dokulil, M. T., de Eyto, E., Maberly, S. C., ... & Merchant, C. J. (2019). Substantial increase in minimum lake surface temperatures under climate change. Climatic Change, 155, 81-94.",Woolway et al. 2019,Climate Change,,https://link-springer-com.ezproxy.waikato.ac.nz/article/10.1007/s10584-019-02465-y,,,,
0.059,Lake Taihu,31.20825164,120.1595516,point,MODIS,satellite,linear regression,mean,summer,summer,1,11,2002,2013,google scholar,"Liu, G., Ou, W., Zhang, Y., Wu, T., Zhu, G., Shi, K., & Qin, B. (2015). Validating and mapping surface water temperatures in Lake Taihu: Results from MODIS land surface temperature products. IEEE Journal of Selected Topics in Applied Earth Observations and Remote Sensing, 8(3), 1230-1244.",Liu et al. 2015,IEEE,nighttime,https://ieeexplore.ieee.org/abstract/document/7008836,,,,
0.01,Lake Giles,71.377,-75.093,point,in situ sensor,in situ,Sen's slope,none,summer,summer,1,26,1988,2014,google scholar,"Pilla, R. M., Williamson, C. E., Zhang, J., Smyth, R. L., Lenters, J. D., Brentrup, J. A., ... & Fisher, T. J. (2018). Browning?related decreases in water transparency lead to long?term increases in surface water temperature and thermal stratification in two small lakes. Journal of Geophysical Research: Biogeosciences, 123(5), 1651-1665.",Pilla et al. 2015,JGR Biogeosciences,"one profile taken per year in July, temperature taken from 2m depth",https://agupubs.onlinelibrary.wiley.com/doi/full/10.1029/2017JG004321,,,,
0.077,Lake Lacawac,41.382,-75.292,point,in situ sensor,in situ,Sen's slope,none,summer,summer,1,26,1988,2014,google scholar,"Pilla, R. M., Williamson, C. E., Zhang, J., Smyth, R. L., Lenters, J. D., Brentrup, J. A., ... & Fisher, T. J. (2018). Browning?related decreases in water transparency lead to long?term increases in surface water temperature and thermal stratification in two small lakes. Journal of Geophysical Research: Biogeosciences, 123(5), 1651-1665.",Pilla et al. 2015,JGR Biogeosciences,"one profile taken per year in July, temperature taken from 2m depth",https://agupubs.onlinelibrary.wiley.com/doi/full/10.1029/2017JG004321,,,,
0.032,Tibetan Plateau,34,79,region,modelled (WRF-Lake),modelled,linear regression,mean,summer,summer,81,38,1980,2018,google scholar,"Shi, Y., Huang, A., Wu, Y., Lazhu, & Wen, L. (2024). Trends of Summer Lake Surface Water Temperature on the Tibetan Plateau and Their Response to Climate Change. Earth and Space Science, 11(12), e2024EA003910.",Shi et al. 2024,Earth and Space Science,"used MODIS to validate model, assumed they took summer mean and performed linear regression but not explicitly stated",https://agupubs.onlinelibrary.wiley.com/doi/full/10.1029/2024EA003910,"OR, MS",,,
0.04,China,34.34110332,103.527215,region,modelled (FLake),modelled,Sen's slope,mean,annual,annual,91,39,1979,2018,google scholar,"Huang, L., Wang, X., Yan, Y., Jin, L., Yang, K., Chen, A., ... & Piao, S. (2023). Attribution of lake surface water temperature change in large lakes across China over past four decades. Journal of Geophysical Research: Atmospheres, 128(21), e2022JD038465.",Huang et al. 2023,JGR Atmospheres,,https://agupubs.onlinelibrary.wiley.com/doi/full/10.1029/2022JD038465,"OR, MS",,,
0.024,global,32,-35,global,modelled (FLake),modelled,linear regression,mean,annual,annual,92245,39,1981,2020,google scholar,"Tong, Y., Feng, L., Wang, X., Pi, X., Xu, W., & Woolway, R. I. (2023). Global lakes are warming slower than surface air temperature due to accelerated evaporation. Nature Water, 1(11), 929-940.",Tong et al. 2023,Nature Water,,https://www.nature.com/articles/s44221-023-00148-8,,,,
0.046,Lake Constance,47.61364325,9.398871537,point,in situ sensor,in situ,linear regression,mean,annual,annual,1,30,1981,2011,Scopus,"Fink, G., Schmid, M., Wahl, B., Wolf, T., & Wüest, A. (2014). Heat flux modifications related to climate?induced warming of large European lakes. Water Resources Research, 50(3), 2072-2085.",Fink et al. 2014,Water Resources Research,includes a table of other studies with LSWT rates,https://agupubs.onlinelibrary.wiley.com/doi/full/10.1002/2013WR014448,,,,
0.1,Tibetan Plateau,31.67525563,87.80117456,region,representative lake from thermal renalysis data (TRIMS-LST),modelled,Sen's slope,mean,annual,annual,298,22,2000,2022,Scopus,"Qiu, Y., Chen, J., & Chen, D. (2025). Changes in lake surface temperature on the Tibetan Plateau from 2000 to 2022 and their driving factors. Science China Earth Sciences, 1-15.",Qiu et al. 2025,Science China Earth Sciences,"this is for a representative lake, not actual water bodies. they provide estimates for all four seasons as well, also do a random forest approach to explain rates of change",https://link-springer-com.ezproxy.waikato.ac.nz/article/10.1007/s11430-024-1527-4,,,,
0.05,Tibetan Plateau,31.67525563,87.80117456,region,representative lake from thermal renalysis data (TRIMS-LST),modelled,Sen's slope,mean,summer,summer,298,22,2000,2022,Scopus,"Qiu, Y., Chen, J., & Chen, D. (2025). Changes in lake surface temperature on the Tibetan Plateau from 2000 to 2022 and their driving factors. Science China Earth Sciences, 1-15.",Qiu et al. 2025,Science China Earth Sciences,"this is for a representative lake, not actual water bodies. they provide estimates for all four seasons as well",https://link-springer-com.ezproxy.waikato.ac.nz/article/10.1007/s11430-024-1527-4,,,,
-0.08,Tibetan Plateau,31.67525563,87.80117456,region,representative lake from thermal renalysis data (TRIMS-LST),modelled,Sen's slope,mean,winter,winter,298,22,2000,2022,Scopus,"Qiu, Y., Chen, J., & Chen, D. (2025). Changes in lake surface temperature on the Tibetan Plateau from 2000 to 2022 and their driving factors. Science China Earth Sciences, 1-15.",Qiu et al. 2025,Science China Earth Sciences,"this is for a representative lake, not actual water bodies. they provide estimates for all four seasons as well",https://link-springer-com.ezproxy.waikato.ac.nz/article/10.1007/s11430-024-1527-4,,,,
0.19,Tibetan Plateau,31.67525563,87.80117456,region,representative lake from thermal renalysis data (TRIMS-LST),modelled,Sen's slope,mean,spring,spring,298,22,2000,2022,Scopus,"Qiu, Y., Chen, J., & Chen, D. (2025). Changes in lake surface temperature on the Tibetan Plateau from 2000 to 2022 and their driving factors. Science China Earth Sciences, 1-15.",Qiu et al. 2025,Science China Earth Sciences,"this is for a representative lake, not actual water bodies. they provide estimates for all four seasons as well",https://link-springer-com.ezproxy.waikato.ac.nz/article/10.1007/s11430-024-1527-4,,,,
0.4,Tibetan Plateau,31.67525563,87.80117456,region,representative lake from thermal renalysis data (TRIMS-LST),modelled,Sen's slope,mean,autumn,autumn,298,22,2000,2022,Scopus,"Qiu, Y., Chen, J., & Chen, D. (2025). Changes in lake surface temperature on the Tibetan Plateau from 2000 to 2022 and their driving factors. Science China Earth Sciences, 1-15.",Qiu et al. 2025,Science China Earth Sciences,"this is for a representative lake, not actual water bodies. they provide estimates for all four seasons as well",https://link-springer-com.ezproxy.waikato.ac.nz/article/10.1007/s11430-024-1527-4,,,,
0.01,Chile,-36.48730226,-71.97720515,region,MODIS,satellite,Kendall's tau,mean,annual,annual,14,16,2000,2016,Scopus,"Aranda, A. C., Rivera-Ruiz, D., Rodríguez-López, L., Pedreros, P., Arumí-Ribera, J. L., Morales-Salinas, L., ... & Urrutia, R. (2021). Evidence of climate change based on lake surface temperature trends in south central Chile. Remote Sensing, 13(22), 4535.",Aranda et al. 2021,MDPI: Remote Sensing,they do provide seasonal and monthly trends but the rates are not listed for all lakes in a complete way,https://www.mdpi.com/2072-4292/13/22/4535,,,,
0.074,Qinhai Lake,36.96164514,100.1769834,point,modelled (FLake),modelled,linear regression,mean,annual,annual,1,33,1979,2012,Scopus,"Su, D., Hu, X., Wen, L., Lyu, S., Gao, X., Zhao, L., ... & Kirillin, G. (2019). Numerical study on the response of the largest lake in China to climate change. Hydrology and Earth System Sciences, 23(4), 2093-2109.",Su et al. 2019,Hydrology and Earth System Sciences,trend methods were not directly stated,https://hess.copernicus.org/articles/23/2093/2019/hess-23-2093-2019.html,,,,
0.033,Northern Hemisphere,44.88891732,-13.5323456,region,modelled (FLake),modelled,linear regression,mean,summer,summer,422,36,1980,2016,Scopus,"Woolway, R. I., Merchant, C. J., Van Den Hoek, J., Azorin?Molina, C., Nõges, P., Laas, A., ... & Jones, I. D. (2019). Northern hemisphere atmospheric stilling accelerates lake thermal responses to a warming world. Geophysical Research Letters, 46(21), 11983-11992.",Woolway et al. 2019,Geophysical Research Letters,,https://agupubs.onlinelibrary.wiley.com/doi/full/10.1029/2019GL082752,,,,
0.004,Dianchi Lake,24.85521062,102.6957059,point,MODIS,satellite,linear regression,maximum,annual,annual,1,18,2001,2018,google scholar,"Yang, J., Yang, K., Zhang, Y., Luo, Y., & Shang, C. (2022). Maximum lake surface water temperatures changing characteristics under climate change. Environmental Science and Pollution Research, 29(2), 2547-2554.",Yang et al. 2021,Environmental Science and Pollution Research,,https://link.springer.com/article/10.1007/s11356-021-15621-8,,,,
0.058,Europe,55.68930227,14.86411692,region,observational data,in situ,non-parametric Mann-Kendall Test,maximum,annual,annual,10,49,1966,2015,google scholar,"Dokulil, M. T., de Eyto, E., Maberly, S. C., May, L., Weyhenmeyer, G. A., & Woolway, R. I. (2021). Increasing maximum lake surface temperature under climate change. Climatic Change , 165 (3), 56. https://doi.org/10.1007/s10584-021-03085-1",Dokulil et al. 2021,Climate Change,cited in another paper,Increasing maximum lake surface temperature under climate change | Climatic Change,,,,
0.111,Adirondack lakes (New York),44.1247,73.8693,region,"In situ, satellite",satellite,linear regression,mean,annual,annual,135,39,1984,2023,google scholar,"Azarderakhsh, M., Mossel, C., Bah, A. R., Malik, A., Khanom, F., Borrelli, J., ... & Rose, K. (2025). Validation and Trend Analysis of Satellite-Derived Surface Water Temperature Observations Over Adirondack Lakes. Environmental Advances, 100662.","Azarderakhsh et al., 2024",SSRN,Landsat 5 and 7 ,"Validation and Trend Analysis of Satellite-Derived Surface Water Temperature Observations Over Adirondack Lakes by Marzi Azarderakhsh, Carolien Mossel, Fahmeda Khanom, Aisha Malik, Abdou Bah, Jonathan Borrelli, Hamid Norouzi, Peter McIntyre, Kevin Rose :: SSRN",,,,
0.024,Global,0,-153.6,global,satellite,satellite,,mean,summer,summer,681,20,1996,2015,google scholar,"Woolway, R. I., Carrea, L., Merchant, C. J., Dokulil, M., de Eyto, E., DeGasperi, C., ... & Weyhenmeyer, G. (2017). Lake surface temperature [in “State of the Climate in 2016”]. Bulletin of the American Meteorological Society, 98(8), 13-14.","Woolway et al., 2017",Bulletin of the American Meteorological Society,"NOTE: WW decided to delete the northern and southern hemisphere entries, as well as great lakes and keep only the global estimate",https://centaur.reading.ac.uk/72001/1/Woolway_etal_SotC_2017.pdf,,,,
0.03,Canada,63.9880482,-111.3397898,region,satellite (Landsat),satellite,"linear regression, Mann-Kendall test",mean,open water,summer,535,37,1984,2021,google scholar,"Attiah, G., Pour, H. K., & Scott, K. A. (2023). Four decades of lake surface temperature in the Northwest Territories, Canada, using a lake-specific satellite-derived dataset. Journal of Hydrology: Regional Studies, 50, 101571.","Attiah et al., 2023",Journal of Hydrology: Regional Studies,June to September,"Four decades of lake surface temperature in the Northwest Territories, Canada, using a lake-specific satellite-derived dataset - ScienceDirect",,,,
0.05,Canada,63.9880482,-111.3397898,region,satellite (Landsat),satellite,"linear regression, Mann-Kendall test",maximum,open water,summer,535,37,1984,2021,google scholar,"Attiah, G., Pour, H. K., & Scott, K. A. (2023). Four decades of lake surface temperature in the Northwest Territories, Canada, using a lake-specific satellite-derived dataset. Journal of Hydrology: Regional Studies, 50, 101571.","Attiah et al., 2023",Journal of Hydrology: Regional Studies,,,,,,
0.03,Canada,63.9880482,-111.3397898,region,satellite (Landsat),satellite,"linear regression, Mann-Kendall test",mean,May,summer,535,37,1984,2021,google scholar,"Attiah, G., Pour, H. K., & Scott, K. A. (2023). Four decades of lake surface temperature in the Northwest Territories, Canada, using a lake-specific satellite-derived dataset. Journal of Hydrology: Regional Studies, 50, 101571.","Attiah et al., 2023",Journal of Hydrology: Regional Studies,,"Four decades of lake surface temperature in the Northwest Territories, Canada, using a lake-specific satellite-derived dataset - ScienceDirect",,,,
0.06,Canada,63.9880482,-111.3397898,region,satellite (Landsat),satellite,"linear regression, Mann-Kendall test",maximum,May,summer,535,37,1984,2021,google scholar,"Attiah, G., Pour, H. K., & Scott, K. A. (2023). Four decades of lake surface temperature in the Northwest Territories, Canada, using a lake-specific satellite-derived dataset. Journal of Hydrology: Regional Studies, 50, 101571.","Attiah et al., 2023",Journal of Hydrology: Regional Studies,,,,,,
0.13,Canada,63.9880482,-111.3397898,region,satellite (Landsat),satellite,"linear regression, Mann-Kendall test",mean,October,autumn,535,37,1984,2021,google scholar,"Attiah, G., Pour, H. K., & Scott, K. A. (2023). Four decades of lake surface temperature in the Northwest Territories, Canada, using a lake-specific satellite-derived dataset. Journal of Hydrology: Regional Studies, 50, 101571.","Attiah et al., 2023",Journal of Hydrology: Regional Studies,,"Four decades of lake surface temperature in the Northwest Territories, Canada, using a lake-specific satellite-derived dataset - ScienceDirect",,,,
0.27,Canada,63.9880482,-111.3397898,region,satellite (Landsat),satellite,"linear regression, Mann-Kendall test",maximum,October,autumn,535,37,1984,2021,google scholar,"Attiah, G., Pour, H. K., & Scott, K. A. (2023). Four decades of lake surface temperature in the Northwest Territories, Canada, using a lake-specific satellite-derived dataset. Journal of Hydrology: Regional Studies, 50, 101571.","Attiah et al., 2023",Journal of Hydrology: Regional Studies,,,,,,
0.106,Italy,42.12966129,12.22750328,point,satellite (Landsat),satellite,linear regression,mean,annual,annual,1,35,1984,2019,google scholar,"De Santis, D., Del Frate, F., & Schiavon, G. (2021). Analysis of climate change effects on surface temperature in central-Italy lakes using satellite data time-series. Remote Sensing, 14(1), 117.","De Santis et al., 2021",Remote Sensing,Lake Bracciano,,,,,
0.053,Italy,42.12966129,12.22750328,point,satellite (Landsat),satellite,linear regression,mean,annual,annual,1,35,1984,2019,google scholar,"De Santis, D., Del Frate, F., & Schiavon, G. (2021). Analysis of climate change effects on surface temperature in central-Italy lakes using satellite data time-series. Remote Sensing, 14(1), 117.","De Santis et al., 2021",Remote Sensing,Lake Martignano,,,,,
0.018,Southeast Asia,16.37239748,103.0765376,region,satellite,satellite,"Mann-Kendall, Sen's approach",mean,annual (day),annual,80,34,1986,2020,Scopuis,"Virdis, S. G. P., Kongwarakom, S., Juneng, L., Padedda, B. M., & Shrestha, S. (2024). Historical and projected response of Southeast Asian lakes surface water temperature to warming climate. Environmental Research, 247, 118412.","Virdis et al., 2024",Environmental Research,,Historical and projected response of Southeast Asian lakes surface water temperature to warming climate - ScienceDirect,,,,
0.013,Southeast Asia,16.37239748,103.0765376,region,satellite,satellite,"Mann-Kendall, Sen's approach",mean,annual (night),annual (night),80,34,1986,2020,Scopus,"Virdis, S. G. P., Kongwarakom, S., Juneng, L., Padedda, B. M., & Shrestha, S. (2024). Historical and projected response of Southeast Asian lakes surface water temperature to warming climate. Environmental Research, 247, 118412.","Virdis et al., 2024",Environmental Research,,Historical and projected response of Southeast Asian lakes surface water temperature to warming climate - ScienceDirect,,,,
0.04,Europe,55.68930227,14.86411692,region,satellite,satellite,"Mann-Kendall, Sen's approach",mean,annual ,annual,51,38,1981,2019,google scholar,"Stefanidis, K., Varlas, G., Papaioannou, G., Papadopoulos, A., & Dimitriou, E. (2022). Trends of lake temperature, mixing depth and ice cover thickness of European lakes during the last four decades. Science of the Total Environment, 830, 154709.",Stefanidis et al. 2022,Science of the Total Environment,,"Trends of lake temperature, mixing depth and ice cover thickness of European lakes during the last four decades - ScienceDirect",,,,
0.046,Europe,55.68930227,14.86411692,region,satellite,satellite,"Mann-Kendall, Sen's approach",mean,summer,summer,51,38,1981,2019,google scholar,"Stefanidis, K., Varlas, G., Papaioannou, G., Papadopoulos, A., & Dimitriou, E. (2022). Trends of lake temperature, mixing depth and ice cover thickness of European lakes during the last four decades. Science of the Total Environment, 830, 154709.",Stefanidis et al. 2022,Science of the Total Environment,,"Trends of lake temperature, mixing depth and ice cover thickness of European lakes during the last four decades - ScienceDirect",,,,
0.037,Poland,53.70041097,18.4670487,country,satellite  ,satellite,linear regression,,annual,annual,10,34,1971,2005,google scholar,"Czernecki, B., & Ptak, M. (2018). The impact of global warming on lake surface water temperature in Poland-the application of empirical-statistical downscaling, 1971-2100. Journal of Limnology, 77(2).","Czernecki et al., 2018",Journal of Limnology,,Layout 1,,,,
0.042,Yunnan-Guizhou Plateau,27,105,region,MOD11A2 remote-sensing images,satellite,Theil-Sen slope,mean,annual (day),annual,11,17,2001,2018,GoogleScholar,"Yang, K., Yu, Z., & Luo, Y. (2020). Analysis on driving factors of lake surface water temperature for major lakes in Yunnan-Guizhou Plateau. Water Research, 184, 116018.","Yang et al., 2020",Water Research,"split into night and day temperatures, numbers are day",https://www.sciencedirect.com/science/article/pii/S0043135420305558,,,,
0.019,Yunnan-Guizhou Plateau,27,105,region,MOD11A2 remote-sensing images,satellite,Theil-Sen slope,mean,annual (night),annual (night),11,17,2001,2018,GoogleScholar,"Yang, K., Yu, Z., & Luo, Y. (2020). Analysis on driving factors of lake surface water temperature for major lakes in Yunnan-Guizhou Plateau. Water Research, 184, 116018.","Yang et al., 2020",Water Research,"split into night and day temperatures, numbers are day",https://www.sciencedirect.com/science/article/pii/S0043135420305558,,,,
0.037,Tibetan Plateau,31.67525563,87.80117456,region,MODIS,satellite,linear regression across the annual/seasonal mean,mean,annual (day),annual,374,14,2001,2015,GoogleScholar,"Wan, W., Zhao, L., Xie, H., Liu, B., Li, H., Cui, Y., ... & Hong, Y. (2018). Lake surface water temperature change over the Tibetan plateau from 2001 to 2015: A sensitive indicator of the warming climate. Geophysical Research Letters, 45(20), 11-177.","Wan et al., 2018",Geophysical Research Letters,Study conducted on occupied country by researchers from metropole. I'd argue we shouldn't consider it for ethical reasons.,https://agupubs.onlinelibrary.wiley.com/doi/full/10.1029/2018GL078601,,,,
0.031,Lake Michigan,42.66778,-87.0686,point,GLSEA,satellite,Sen's slope,annual,annual,annual,1,23,1995,2018,Scopus,"Anderson, E.J., Stow, C.A., Gronewold, A.D. et al. Seasonal overturn and stratification changes drive deep-water warming in one of Earth’s largest lakes. Nat Commun 12, 1688 (2021). https://doi.org/10.1038/s41467-021-21971-1"," Anderson et al., 2021",Nature Communications,they also report a rate using linear regressionand seasonal trend decomposition but have chosen sen's slope here,https://www.nature.com/articles/s41467-021-21971-1,,,,
0.04,China,34.34110332,103.527215,region,"Simulation, modelling",modelled,Theil-Sen method,mean,annual,annual,91,39,1979,2018,scholar/scopus,"Huang, L., Wang, X., Yan, Y., Jin, L., Yang, K., Chen, A., ... & Piao, S. (2023). Attribution of lake surface water temperature change in large lakes across China over past four decades. Journal of Geophysical Research: Atmospheres, 128(21), e2022JD038465.","Huang et al., 2023",Journal of Geophysical Research: Atmospheres,,https://agupubs.onlinelibrary.wiley.com/doi/full/10.1029/2022JD038465,,,,
0.05,China,34.34110332,103.527215,region,"Simulation, modelling",modelled,Theil-Sen method,mean,seasonal,winter,91,39,1979,2018,scholar/scopus,"Huang, L., Wang, X., Yan, Y., Jin, L., Yang, K., Chen, A., ... & Piao, S. (2023). Attribution of lake surface water temperature change in large lakes across China over past four decades. Journal of Geophysical Research: Atmospheres, 128(21), e2022JD038465.","Huang et al., 2023",Journal of Geophysical Research: Atmospheres,,https://agupubs.onlinelibrary.wiley.com/doi/full/10.1029/2022JD038465,,,,
0.041,China,34.34110332,103.527215,region,"Simulation, modelling",modelled,Theil-Sen method,mean,seasonal,spring,91,39,1979,2018,scholar/scopus,"Huang, L., Wang, X., Yan, Y., Jin, L., Yang, K., Chen, A., ... & Piao, S. (2023). Attribution of lake surface water temperature change in large lakes across China over past four decades. Journal of Geophysical Research: Atmospheres, 128(21), e2022JD038465.","Huang et al., 2023",Journal of Geophysical Research: Atmospheres,,https://agupubs.onlinelibrary.wiley.com/doi/full/10.1029/2022JD038465,,,,
0.038,China,34.34110332,103.527215,region,"Simulation, modelling",modelled,Theil-Sen method,mean,seasonal,autumn,91,39,1979,2018,scholar/scopus,"Huang, L., Wang, X., Yan, Y., Jin, L., Yang, K., Chen, A., ... & Piao, S. (2023). Attribution of lake surface water temperature change in large lakes across China over past four decades. Journal of Geophysical Research: Atmospheres, 128(21), e2022JD038465.","Huang et al., 2023",Journal of Geophysical Research: Atmospheres,,https://agupubs.onlinelibrary.wiley.com/doi/full/10.1029/2022JD038465,,,,
0.029,China,34.34110332,103.527215,region,"Simulation, modelling",modelled,Theil-Sen method,mean,seasonal,summer,91,39,1979,2018,scholar/scopus,"Huang, L., Wang, X., Yan, Y., Jin, L., Yang, K., Chen, A., ... & Piao, S. (2023). Attribution of lake surface water temperature change in large lakes across China over past four decades. Journal of Geophysical Research: Atmospheres, 128(21), e2022JD038465.","Huang et al., 2023",Journal of Geophysical Research: Atmospheres,,https://agupubs.onlinelibrary.wiley.com/doi/full/10.1029/2022JD038465,,,,
0.05,Lake Kinneret,32.833333,35.583333,point,Modis,satellite,Linear fit,mean,annual (day),annual,1,16,2003,2019,Scopus,"Kishcha, P., Starobinets, B., Lechinsky, Y., & Alpert, P. (2021). Absence of surface water temperature trends in lake kinneret despite present atmospheric warming: Comparisons with dead sea trends. Remote Sensing (Basel, Switzerland), 13(17), 3461-. https://doi.org/10.3390/rs13173461","Kishcha et al., 2021",Remote Sensing,,https://www.proquest.com/docview/2571500367?accountid=17287&parentSessionId=Nt8kVhIVr4AxkPgmZGK0CsCFas3u1AHSNsqXgNfVtSg%3D&pq-origsite=primo&sourcetype=Scholarly%20Journals,,,,
0,Dead Sea,31.5,35.5,point,Modis,satellite,Linear fit,mean,annual (day),annual,1,16,2003,2019,Scopus,"Kishcha, P., Starobinets, B., Lechinsky, Y., & Alpert, P. (2021). Absence of surface water temperature trends in lake kinneret despite present atmospheric warming: Comparisons with dead sea trends. Remote Sensing (Basel, Switzerland), 13(17), 3461-. https://doi.org/10.3390/rs13173461","Kishcha et al., 2021",Remote Sensing,,https://www.proquest.com/docview/2571500367?accountid=17287&parentSessionId=Nt8kVhIVr4AxkPgmZGK0CsCFas3u1AHSNsqXgNfVtSg%3D&pq-origsite=primo&sourcetype=Scholarly%20Journals,,,,
0.04,Europe,55.68930227,14.86411692,region,AVHRR archive,satellite,Thiel–Sen slope,mean,annual,annual,26,16,1991,2007,GoogleScholar,"Lieberherr, G., & Wunderle, S. (2018). Lake surface water temperature derived from 35 years of AVHRR sensor data for European lakes. Remote sensing, 10(7), 990.","Lieberherr and Wunderle, 2018",Remote sensing,,https://www.mdpi.com/2072-4292/10/7/990,,other entry lists different set of years than this one. also should add rows for the seasons (mean across lakes in from Table 7),,
0.059,Lake Taihu,31.23,120.13,point,MODIS,satellite,linear regression,mean,annual (night),annual (night),1,11,2002,2013,GoogleScholar,"Liu, G., Ou, W., Zhang, Y., Wu, T., Zhu, G., Shi, K., & Qin, B. (2015). Validating and mapping surface water temperatures in Lake Taihu: Results from MODIS land surface temperature products. IEEE Journal of Selected Topics in Applied Earth Observations and Remote Sensing, 8(3), 1230-1244.","Liu et al., 2015",IEEE Journal of Selected Topics in Applied Earth Observations and Remote Sensing,nihttime temperatures,https://ieeexplore.ieee.org/abstract/document/7008836,,,,
-0.05,Wular Lake,34.37,74.56,point,MODIS,satellite,"Mann-Kendall (MK), nonparametric rank based technique",mean,annual (day),annual,1,16,2001,2017,Scopus,"Mushtaq, F., Ahmed, P., & Nee Lala, M. G. (2020). Variability of lake surface water temperature: a case study during El Nino and La Nina events over the Himalayan lake region. Physical Geography, 42(3), 240–264. https://doi.org/10.1080/02723646.2020.1751386","Mushtaq et al., 2020",Physical Geography,day and night temperature show different trends,https://www.tandfonline.com/doi/full/10.1080/02723646.2020.1751386#abstract,,,,
0.01,Wular Lake,34.37,74.56,point,MODIS,satellite,"Mann-Kendall (MK), nonparametric rank based technique",mean,annual (night),annual (night),1,16,2001,2017,Scopus,"Mushtaq, F., Ahmed, P., & Nee Lala, M. G. (2020). Variability of lake surface water temperature: a case study during El Nino and La Nina events over the Himalayan lake region. Physical Geography, 42(3), 240–264. https://doi.org/10.1080/02723646.2020.1751386","Mushtaq et al., 2020",Physical Geography,day and night temperature show different trends,https://www.tandfonline.com/doi/full/10.1080/02723646.2020.1751386#abstract,,,,
0.032,Tibetan Plateau,31.67525563,87.80117456,region,"MOD11A1; Wan et al., 2015",satellite,linear regression,mean,annual,annual,81,38,1980,2018,GoogleScholar,"Shi, Y., Huang, A., Wu, Y., Lazhu, & Wen, L. (2024). Trends of Summer Lake Surface Water Temperature on the Tibetan Plateau and Their Response to Climate Change. Earth and Space Science, 11(12), e2024EA003910.","Shi et al., 2024",Earth and Space Science,Study conducted on occupied country by researchers from metropole. I'd argue we shouldn't consider it for ethical reasons.,https://agupubs.onlinelibrary.wiley.com/doi/full/10.1029/2024EA003910,"please clarify which season the rate was calculated in (summer, spring, etc.) and add a method for trend calculations (if it's not listed, it's usually a linear regression)",,,
0.024,China,34.34110332,103.527215,region,MOD11A2,satellite,linear regression equation,mean,annual,annual,6,17,2001,2018,Scopus,"Tang, Linfeng & Yang, Kun & Shang, Chunxue & Peng, Zongqi & Luo, Yi. (2022). Spatial impact of urban expansion on lake surface water temperature based on the perspective of watershed scale. Frontiers in Environmental Science. 10. 10.3389/fenvs.2022.991502. ","Tang et al., 2022",Frontiers in Environmental Science,,https://www.frontiersin.org/journals/environmental-science/articles/10.3389/fenvs.2022.991502/full,,,,
0.01,Sardinia,40.04,9,region,"MODIS, Landsat and long-term in situ temperature observations",satellite,Mann-Kendall test and Sen's slope,mean,annual,annual,24,18,2000,2018,Scopus,"Virdis, S. G. P., Soodcharoen, N., Lugliè, A., & Padedda, B. M. (2020). Estimation of satellite-derived lake water surface temperatures in the western Mediterranean: Integrating multi-source, multi-resolution imagery and a long-term field dataset using a time series approach. The Science of the total environment, 707, 135567. https://doi.org/10.1016/j.scitotenv.2019.135567","Virdis et al., 2020",Science of the Total Environment,also data for winter and summer trends reported in study,https://www.sciencedirect.com/science/article/pii/S0048969719355627?pes=vor&utm_source=scopus&getft_integrator=scopus,,,,
0.026,China,34.34110332,103.527215,region,MODIS,satellite,linear regression,mean,annual,annual,169,15,2001,2016,GoogleScholar,"Xie, C., Zhang, X., Zhuang, L., Zhu, R., & Guo, J. (2022). Analysis of surface temperature variation of lakes in China using MODIS land surface temperature data. Scientific Reports, 12(1), 2415.","Xie et al., 2022",Scientific Reports,report also diurnal data,https://www.nature.com/articles/s41598-022-06363-9,,,,
0.29,Yunnan-Guizhou Plateau,26,105,region,MOD11A2 and simulated using (BPANN),satellite,Mann-Kendall,mean,annual,annual,11,18,2001,2019,GoogleScholar,"Yu, Z., Yang, K., Luo, Y., Shang, C., & Zhu, Y. (2020). Lake surface water temperature prediction and changing characteristics analysis-A case study of 11 natural lakes in Yunnan-Guizhou Plateau. Journal of Cleaner Production, 276, 122689.","Yu et al., 2020",Journal of Cleaner Production,,https://www.sciencedirect.com/science/article/pii/S0959652620327360,,,,
0.005,Lake Chaohu,31.53,117.52,point,"MODIS, in-situ",satellite,linear regression,mean,annual,annual,1,56,1960,2016,scholar/scopus,"Zhang, X., Wang, K., Frassl, M. A., & Boehrer, B. (2020). Reconstructing six decades of surface temperatures at a shallow lake. Water, 12(2), 405.","Zhang et al., 2020",Water (Switzerland),,https://www.mdpi.com/2073-4441/12/2/405,,,,
0.038,Patagonia Ice Field,-52.7764716,-72.63186592,region,MOD11A2 and MYD11A2,satellite,linear regression,mean,annual,annual,3,20,2002,2022,Scopus,"Zhao, S., Sun, H., Cheng, J., & Zhang, G. (2025). Water Surface Temperature Dynamics of the Three Largest Ice-Contact Lakes in the Patagonia Icefield over the Last 20 Years [Article]. Water (Switzerland), 17(3), Article 385. https://doi.org/10.3390/w17030385 ","Zhao et al., 2025",Water (Switzerland),,https://www.mdpi.com/2073-4441/17/3/385,,,,
0.01,Dianchi Lake,24.83,102.69,point,"MOD11A2, ASTER GDEM V2, Landsat-8 OLI, meteorological station data, and in situ measurement data",satellite,Mann-Kendall,mean,annual (day),annual,1,17,2001,2018,Scopus,"Zhao, Y., Yang, K., Luo, Y., & Yu, Z. (2022). Spatial–temporal characteristics of surface thermal environment and its effect on Lake surface water temperature in Dianchi Lake basin. Frontiers in Ecology and Evolution, 10. https://doi.org/10.3389/fevo.2022.984692","Zhao et al., 2022",Frontiers in Ecology and Evolution,,https://www.frontiersin.org/journals/ecology-and-evolution/articles/10.3389/fevo.2022.984692/full,,,,
0.02,Dianchi Lake,24.83,102.69,point,"MOD11A2, ASTER GDEM V2, Landsat-8 OLI, meteorological station data, and in situ measurement data",satellite,Mann-Kendall,mean,annual (night),annual (night),1,17,2001,2018,Scopus,"Zhao, Y., Yang, K., Luo, Y., & Yu, Z. (2022). Spatial–temporal characteristics of surface thermal environment and its effect on Lake surface water temperature in Dianchi Lake basin. Frontiers in Ecology and Evolution, 10. https://doi.org/10.3389/fevo.2022.984692","Zhao et al., 2023",Frontiers in Ecology and Evolution,,https://www.frontiersin.org/journals/ecology-and-evolution/articles/10.3389/fevo.2022.984692/full,,,,
0.035,Poland,53.70041097,18.4670487,country,"direct measurements, Air2Water model",modelled and in situ,"Mann-Kendall, Sen's approach",mean,annual,annual,6,29,1994,2023,google scholar,"Ptak, M., Sojka, M., Szyga-Pluta, K., Baloch, M. Y. J., & Amnuaylojaroen, T. (2025). Is Everything Lost? Recreating the Surface Water Temperature of Unmonitored Lakes in Poland [Article]. Resources, 14(4), Article 67. https://doi.org/10.3390/resources14040067 ","Ptak et al., 2025",Resource (MDPI),,Is Everything Lost? Recreating the Surface Water Temperature of Unmonitored Lakes in Poland,can you clarify why there are two entries for this paper with two different rates?,,,
0.05,Poland,53.70041097,18.4670487,country,"direct measurements, Air2Water model",modelled and in situ,"Mann-Kendall, Sen's approach",mean,summer,summer,6,29,1994,2023,google scholar,"Ptak, M., Sojka, M., Szyga-Pluta, K., Baloch, M. Y. J., & Amnuaylojaroen, T. (2025). Is Everything Lost? Recreating the Surface Water Temperature of Unmonitored Lakes in Poland [Article]. Resources, 14(4), Article 67. https://doi.org/10.3390/resources14040067 ","Ptak et al., 2025",Resource (MDPI),,Is Everything Lost? Recreating the Surface Water Temperature of Unmonitored Lakes in Poland,,,,
0.041,Finland,61.9241,25.7482,country,"direct measurements, GAM model",modelled and in situ,"Mann-Kendall, Sen's approach",mean,summer,summer,1,37,1984,2021,google scholar,"Noori, R., Woolway, R. I., Jun, C., Bateni, S. M., Naderian, D., Partani, S., ... & Pulkkanen, M. (2023). Multi-decadal change in summer mean water temperature in Lake Konnevesi, Finland (1984–2021). Ecological Informatics, 78, 102331.","Noori et al., 2023",Ecological Information,"predictor variables = summer mean air temp, solar radiation, near-surface wind speed, ice departure date","Multi-decadal change in summer mean water temperature in Lake Konnevesi, Finland (1984–2021) - ScienceDirect",,,,
0.06,Tibetan Plateau,31.67525563,87.80117456,region,CLM4-LISSS model,modelled,linear regression,mean,annual,annual,2,39,1979,2018,Scopus,"Wen, L., Wang, C., Li, Z., Zhao, L., Lyu, S., Leppäranta, M., ... & Chen, S. (2022). Thermal responses of the largest freshwater lake in the Tibetan Plateau and its nearby saline lake to climate change. Remote Sensing, 14(8), 1774.","Wen et al., 2022",Remote Sensing,trend methods were not directly stated,https://www.mdpi.com/2072-4292/14/8/1774,,,,
0.045,global,0,-131.2,global,AVHRR (Advanced Very High Resolution Radiometers) and ATSR (Along-Track Scanning Radiometer) instruments.,satellite,linear regression analysis,mean,annual,annual,113,24,1985,2009,,"Schneider, P., & Hook, S. J. (2010). Space observations of inland water bodies show rapid surface warming since 1985. Geophysical Research Letters, 37(22).",Schneider & Hook  2010,Geophysical Research Letters,,https://agupubs.onlinelibrary.wiley.com/doi/full/10.1029/2009GL040846,,,,
0.11,California and Nevada,38.11785067,-118.7593739,region,"ATSR, MODIS ",satellite,Weighted Linear Regression Analysis for Mean Summer Nighttime Temperatures Between 1992 and 2008,mean,seasonal (night),summer (night),6,16,1992,2008,,"Schneider, P., Hook, S. J., Radocinski, R. G., Corlett, G. K., Hulley, G. C., Schladow, S. G., & Steissberg, T. E. (2009). Satellite observations indicate rapid warming trend for lakes in California and Nevada. Geophysical Research Letters, 36(22).",Schneider et al. 2009,Geophysical Research Letters,,https://agupubs.onlinelibrary.wiley.com/doi/full/10.1029/2010GL045059,,,,
0.031,Yunnan-Guizhou Plateau,25.97885192,104.8733531,region,MOD11A2,satellite,Theil-Sen slope,mean,annual (day),annual,11,17,2001,2018,,"Yang, K., Yu, Z., & Luo, Y. (2020). Analysis on driving factors of lake surface water temperature for major lakes in Yunnan-Guizhou Plateau. Water Research, 184, 116018.",Yang et al. 2020,,,,,,,
0.001,Yunnan-Guizhou Plateau,25.97885192,104.8733531,region,MOD11A2,satellite,Theil-Sen slope,mean,annual (night),annual (night),11,17,2001,2018,,"Yang, K., Yu, Z., & Luo, Y. (2020). Analysis on driving factors of lake surface water temperature for major lakes in Yunnan-Guizhou Plateau. Water Research, 184, 116018.",Yang et al. 2020,,,,,,,
0.004,Dianchi Lake,24.83710233,102.7108856,point,MOD11A2,satellite,least-squares linear regression model,mean,annual (day),annual,1,17,2001,2018,,"Yang, J., Yang, K., Zhang, Y., Luo, Y., & Shang, C. (2022). Maximum lake surface water temperatures changing characteristics under climate change. Environmental Science and Pollution Research, 29(2), 2547-2554.",Yang et al. 2022,,MLSWT increased so more aglea blooms,,,,,
0.0234,Dianchi Lake,24.83710233,102.7108856,point,MOD11A2,satellite,least-squares linear regression model,mean,annual (night),annual (night),1,17,2001,2018,,"Yang, J., Yang, K., Zhang, Y., Luo, Y., & Shang, C. (2022). Maximum lake surface water temperatures changing characteristics under climate change. Environmental Science and Pollution Research, 29(2), 2547-2554.",Yang et al. 2022,,MLSWT increased so more aglea blooms,,,,,
0.031,China,28.55569495,113.1711236,region,MOD11A2,satellite,Theil-Sen slope and Mann-Kendall nonparametric test method,mean,annual,annual,6,17,2001,2018,Scopus,"Peng, Z., Yang, K., Shang, C., Duan, H., Tang, L., Zhang, Y., ... & Luo, Y. (2022). Attribution analysis of lake surface water temperature changing—taking China’s six main lakes as example. Ecological Indicators, 145, 109651.",Peng et al. 2022,Ecological Indicators,,,,,,
0.037,China,28.55569495,113.1711236,region,MOD11A3,satellite,Theil-Sen slope and Mann-Kendall nonparametric test method,mean,seasonal,spring,6,17,2001,2018,Scopus,"Peng, Z., Yang, K., Shang, C., Duan, H., Tang, L., Zhang, Y., ... & Luo, Y. (2022). Attribution analysis of lake surface water temperature changing—taking China’s six main lakes as example. Ecological Indicators, 145, 109651.",Peng et al. 2022,Ecological Indicators,,,,,,
0.031,China,28.55569495,113.1711236,region,MOD11A3,satellite,Theil-Sen slope and Mann-Kendall nonparametric test method,mean,seasonal,summer,6,17,2001,2018,Scopus,"Peng, Z., Yang, K., Shang, C., Duan, H., Tang, L., Zhang, Y., ... & Luo, Y. (2022). Attribution analysis of lake surface water temperature changing—taking China’s six main lakes as example. Ecological Indicators, 145, 109651.",Peng et al. 2022,Ecological Indicators,,,,,,
0.02,China,28.55569495,113.1711236,region,MOD11A3,satellite,Theil-Sen slope and Mann-Kendall nonparametric test method,mean,seasonal,autumn,6,17,2001,2018,Scopus,"Peng, Z., Yang, K., Shang, C., Duan, H., Tang, L., Zhang, Y., ... & Luo, Y. (2022). Attribution analysis of lake surface water temperature changing—taking China’s six main lakes as example. Ecological Indicators, 145, 109651.",Peng et al. 2022,Ecological Indicators,,,,,,
0.034,China,28.55569495,113.1711236,region,MOD11A3,satellite,Theil-Sen slope and Mann-Kendall nonparametric test method,mean,seasonal,winter,6,17,2001,2018,Scopus,"Peng, Z., Yang, K., Shang, C., Duan, H., Tang, L., Zhang, Y., ... & Luo, Y. (2022). Attribution analysis of lake surface water temperature changing—taking China’s six main lakes as example. Ecological Indicators, 145, 109651.",Peng et al. 2022,Ecological Indicators,,,,,,
0.032,Tibetan Plateau,31.67525563,87.80117456,region,MOD11A1,modelled,linear interpolation,mean,seasonal,summer,81,38,1980,2018,Scopus,"Shi, Y., Huang, A., Wu, Y., Lazhu, & Wen, L. (2024). Trends of Summer Lake Surface Water Temperature on the Tibetan Plateau and Their Response to Climate Change. Earth and Space Science, 11(12), e2024EA003910.",Shi et al. 2024,Earth and Space Science,,,,,,
0.003,Dianchi Lake,24.83710233,102.7108856,point,MODIS 11A2,modelled,Air2water model combined with the Mann-Kendall mutation statistical method,mean,annual,annual,1,114,1900,2014,Google Scholar,"Duan, H., Shang, C., Yang, K., & Luo, Y. (2022). Dynamic response of surface water temperature in Urban Lakes under different climate scenarios—a case study in dianchi Lake, China. International Journal of Environmental Research and Public Health, 19(19), 12142.",Duan et al. 2022,,predictions on future lake rate change,,,,,
0.06,Yunnan-Guizhou Plateau in China,25.97885192,104.8733531,region,MODIS11A2,satellite,Theil-Sen slope,mean,annual,annual,11,22,2001,2023,Scopus,"Duan, H., Yang, K., Shang, C., Zhou, X., & Luo, Y. (2024). Anthropogenic impact of lake surface water temperature of lakes: A case study of eleven lakes on the yunnan-guizhou plateau. Ecological Indicators, 165, 112165.",Duan et al. 2024,Ecological Indicators,,https://www-sciencedirect-com.ezproxy.waikato.ac.nz/science/article/pii/S1470160X24006228,,,,
0.022,Dianchi Lake,24.83710233,102.7108856,point,MODIS,satellite,linear change rate,mean,annual (day),annual,1,17,2001,2018,Scopus,"Yu, Z., Yang, K., Luo, Y., Wang, P., & Yang, Z. (2021). Research on the lake surface water temperature downscaling based on deep learning. IEEE Journal of Selected Topics in Applied Earth Observations and Remote Sensing, 14, 5550-5558.",Yu et al. 2021,IEEE Journal of Selected Topics in Applied Earth Observations and Remote Sensing,,https://www.scopus.com/inward/record.uri?eid=2-s2.0-85105879992&doi=10.1109%2fJSTARS.2021.3079357&partnerID=40&md5=58dcd306c13ea7a86ecd9c98d695eaae,,,,
0.021,Dianchi Lake,24.83710233,102.7108856,point,MODIS,satellite,linear change rate,mean,annual (night),annual (night),1,17,2001,2018,Scopus,"Yu, Z., Yang, K., Luo, Y., Wang, P., & Yang, Z. (2021). Research on the lake surface water temperature downscaling based on deep learning. IEEE Journal of Selected Topics in Applied Earth Observations and Remote Sensing, 14, 5550-5558.",Yu et al. 2021,IEEE Journal of Selected Topics in Applied Earth Observations and Remote Sensing,,https://www.scopus.com/inward/record.uri?eid=2-s2.0-85105879992&doi=10.1109%2fJSTARS.2021.3079357&partnerID=40&md5=58dcd306c13ea7a86ecd9c98d695eaae,,,,
0.042,Yunnan-Guizhou Plateau,25.97885192,104.8733531,region,"MOD11A2, ?-SVR-AHP-BPANN combination forecasting model",satellite,Mann-Kendall,mean,annual,annual,11,17,2001,2019,Scopus,"Yu, Z., Yang, K., Luo, Y., Shang, C., & Zhu, Y. (2020). Lake surface water temperature prediction and changing characteristics analysis-A case study of 11 natural lakes in Yunnan-Guizhou Plateau. Journal of Cleaner Production, 276, 122689.",Yu et al. 2020,Journal of Cleaner Production,,https://www.scopus.com/inward/record.uri?eid=2-s2.0-85088496762&doi=10.1016%2fj.jclepro.2020.122689&partnerID=40&md5=14bfbc9a11f447337bd336333e662980,,,,
-0.012,"Lake Tana, Ethiopia",12.01276555,37.28646711,point,"MODIS, in-situ",satellite,"Sen’s slope estimator, and innovative trend analysis (ITA) ",mean,annual,annual,1,21,2001,2022,Scopus,"Bayable, G., Cai, J., Mekonnen, M., Legesse, S. A., Ishikawa, K., Sato, S., & Kuwahara, V. S. (2024). Spatiotemporal variability of lake surface water temperature and water quality parameters and its interrelationship with water hyacinth biomass in Lake Tana, Ethiopia. Environmental Science and Pollution Research, 31(33), 45929-45953.",Bayable et al. 2024,Environmental Science and Pollution Research,,https://www.scopus.com/inward/record.uri?eid=2-s2.0-85197755921&doi=10.1007%2fs11356-024-34212-x&partnerID=40&md5=f5d613c4e9dd74de59fdc00210d6f82a,"NOTE: I changed the LSWT method to 'satellite' because while they use in situ data to validate the sattelite data, only sattelite data are used in trend analysis",,,
0.001,"Lake Tana, Ethiopia",12.01276555,37.28646711,point,"MODIS, in-situ",satellite,"Sen’s slope estimator, and innovative trend analysis (ITA) ",mean,seasonal,dry season,1,21,2001,2022,Scopus,"Bayable, G., Cai, J., Mekonnen, M., Legesse, S. A., Ishikawa, K., Sato, S., & Kuwahara, V. S. (2024). Spatiotemporal variability of lake surface water temperature and water quality parameters and its interrelationship with water hyacinth biomass in Lake Tana, Ethiopia. Environmental Science and Pollution Research, 31(33), 45929-45953.",Bayable et al. 2024,Environmental Science and Pollution Research,,https://www.scopus.com/inward/record.uri?eid=2-s2.0-85197755921&doi=10.1007%2fs11356-024-34212-x&partnerID=40&md5=f5d613c4e9dd74de59fdc00210d6f82a,,,,
-0.012,"Lake Tana, Ethiopia",12.01276555,37.28646711,point,"MODIS, in-situ",satellite,"Sen’s slope estimator, and innovative trend analysis (ITA) ",mean,seasonal,pre-rainy,1,21,2001,2022,Scopus,"Bayable, G., Cai, J., Mekonnen, M., Legesse, S. A., Ishikawa, K., Sato, S., & Kuwahara, V. S. (2024). Spatiotemporal variability of lake surface water temperature and water quality parameters and its interrelationship with water hyacinth biomass in Lake Tana, Ethiopia. Environmental Science and Pollution Research, 31(33), 45929-45953.",Bayable et al. 2024,Environmental Science and Pollution Research,,https://www.scopus.com/inward/record.uri?eid=2-s2.0-85197755921&doi=10.1007%2fs11356-024-34212-x&partnerID=40&md5=f5d613c4e9dd74de59fdc00210d6f82a,,,,
-0.016,"Lake Tana, Ethiopia",12.01276555,37.28646711,point,"MODIS, in-situ",satellite,"Sen’s slope estimator, and innovative trend analysis (ITA) ",mean,seasonal,rainy,1,21,2001,2022,Scopus,"Bayable, G., Cai, J., Mekonnen, M., Legesse, S. A., Ishikawa, K., Sato, S., & Kuwahara, V. S. (2024). Spatiotemporal variability of lake surface water temperature and water quality parameters and its interrelationship with water hyacinth biomass in Lake Tana, Ethiopia. Environmental Science and Pollution Research, 31(33), 45929-45953.",Bayable et al. 2024,Environmental Science and Pollution Research,,https://www.scopus.com/inward/record.uri?eid=2-s2.0-85197755921&doi=10.1007%2fs11356-024-34212-x&partnerID=40&md5=f5d613c4e9dd74de59fdc00210d6f82a,,,,
-0.013,"Lake Tana, Ethiopia",12.01276555,37.28646711,point,"MODIS, in-situ",satellite,"Sen’s slope estimator, and innovative trend analysis (ITA) ",mean,seasonal,post-rainy,1,21,2001,2022,Scopus,"Bayable, G., Cai, J., Mekonnen, M., Legesse, S. A., Ishikawa, K., Sato, S., & Kuwahara, V. S. (2024). Spatiotemporal variability of lake surface water temperature and water quality parameters and its interrelationship with water hyacinth biomass in Lake Tana, Ethiopia. Environmental Science and Pollution Research, 31(33), 45929-45953.",Bayable et al. 2024,Environmental Science and Pollution Research,,https://www.scopus.com/inward/record.uri?eid=2-s2.0-85197755921&doi=10.1007%2fs11356-024-34212-x&partnerID=40&md5=f5d613c4e9dd74de59fdc00210d6f82a,,,,
0.01,Dianchi Lake,24.83710233,102.7108856,point,MOD11A2,satellite,Mann-Kendall,mean,annual (day),annual,1,17,2001,2018,Scopus,"Zhao, Y., Yang, K., Luo, Y., & Yu, Z. (2022). Spatial–temporal characteristics of surface thermal environment and its effect on Lake surface water temperature in Dianchi Lake basin. Frontiers in Ecology and Evolution, 10. https://doi.org/10.3389/fevo.2022.984692",Zhao et al. 2022,Frontiers in Ecology and Evolution,,https://www.scopus.com/inward/record.uri?eid=2-s2.0-85141632269&doi=10.3389%2ffevo.2022.984692&partnerID=40&md5=0adfaa30487294ecc19f7a7183eeeab8,,,,
0.02,Dianchi Lake,24.83710233,102.7108856,point,MOD11A2,satellite,Mann-Kendall,mean,annual (night),annual (night),1,17,2001,2018,Scopus,"Zhao, Y., Yang, K., Luo, Y., & Yu, Z. (2022). Spatial–temporal characteristics of surface thermal environment and its effect on Lake surface water temperature in Dianchi Lake basin. Frontiers in Ecology and Evolution, 10. https://doi.org/10.3389/fevo.2022.984692",Zhao et al. 2022,Frontiers in Ecology and Evolution,,https://www.scopus.com/inward/record.uri?eid=2-s2.0-85141632269&doi=10.3389%2ffevo.2022.984692&partnerID=40&md5=0adfaa30487294ecc19f7a7183eeeab8,,,,
0.013,global,0,-108.8,global,"Lakes_cci, GLTC, FLake model",modelled,CTL and CFT,mean,annual,annual,1260,43,1979,2022,Scopus,"Wang, X., Shi, K., Qin, B., Zhang, Y., & Woolway, R. I. (2024). Disproportionate impact of atmospheric heat events on lake surface water temperature increases. Nature Climate Change, 14(11), 1172-1177.",Wang et al. 2024,Nature Climate Change,,https://www.scopus.com/inward/record.uri?eid=2-s2.0-85204236793&doi=10.1038%2fs41558-024-02122-y&partnerID=40&md5=c61b5cf6fbdbf32e3518817d096dfc2c,,,,
0.023,global,0,-108.8,global,"Lakes_cci, GLTC, FLake model",modelled,CTL and CFT,mean,annual,summer,1260,43,1979,2022,Scopus,"Wang, X., Shi, K., Qin, B., Zhang, Y., & Woolway, R. I. (2024). Disproportionate impact of atmospheric heat events on lake surface water temperature increases. Nature Climate Change, 14(11), 1172-1177.",Wang et al. 2024,Nature Climate Change,,https://www.scopus.com/inward/record.uri?eid=2-s2.0-85204236793&doi=10.1038%2fs41558-024-02122-y&partnerID=40&md5=c61b5cf6fbdbf32e3518817d096dfc2c,,,,
0.07,"Lake Qiandaohu, China",29.59736062,118.9732215,point,"in situ, Landsat 5, 7 and 8 collection 1 Level 1 Tier 1",sallite and in situ,Sen’s slope,mean,annual,annual,1,36,1986,2021,Scopus,"Li, Y., Shi, K., Zhang, Y., Zhu, G., Guo, Y., Li, H., & Du, C. (2022). Warming lake surface water temperatures in Lake Qiandaohu, China: Spatiotemporal variations, influencing factors and implications for the thermal structure. Frontiers in Environmental Science, 10, 995862.",Li et al. 2022,Frontiers in Environmental Science,,https://www.scopus.com/inward/record.uri?eid=2-s2.0-85138079657&doi=10.3389%2ffenvs.2022.995862&partnerID=40&md5=bac11ecce5be3f0f8c9147d799930bd1,,,,
0.026,China,34.34110332,103.527215,region,MOD11A2,satellite,linear regression,mean,annual,annual,169,15,2001,2016,Google Scholar,"Xie, C., Zhang, X., Zhuang, L., Zhu, R., & Guo, J. (2022). Analysis of surface temperature variation of lakes in China using MODIS land surface temperature data. Scientific Reports, 12(1), 2415.",Xie et al. 2022,,,,,,,
0.021,China,34.34110332,103.527215,region,MOD11A2,satellite,linear regression,mean,annual (day),annual,169,15,2001,2016,Google Scholar,"Xie, C., Zhang, X., Zhuang, L., Zhu, R., & Guo, J. (2022). Analysis of surface temperature variation of lakes in China using MODIS land surface temperature data. Scientific Reports, 12(1), 2415.",Xie et al. 2022,,,,,,,
0.031,China,34.34110332,103.527215,region,MOD11A2,satellite,linear regression,mean,annual (night),annual (night),169,15,2001,2016,Google Scholar,"Xie, C., Zhang, X., Zhuang, L., Zhu, R., & Guo, J. (2022). Analysis of surface temperature variation of lakes in China using MODIS land surface temperature data. Scientific Reports, 12(1), 2415.",Xie et al. 2022,,,,,,,
0.058,Europe,55.68930227,14.86411692,region,in situ,in situ,Mann-Kendall,max,annual,annual,10,50,1966,2015,Google Scholar,"Dokulil, M. T., de Eyto, E., Maberly, S. C., May, L., Weyhenmeyer, G. A., & Woolway, R. I. (2021). Increasing maximum lake surface temperature under climate change. Climatic Change , 165 (3), 56. https://doi.org/10.1007/s10584-021-03085-1",Dokulil et al. 2021,,,,,,,
0.02,Dianchi Lake,24.83710233,102.7108856,point,MODIS ,satellite,Manner-Kendall ,mean,annual,annual,1,18,2001,2018,Google Scholar,"Yang, K., Zhang, Y., Luo, Y., & Shang, C. (2021). Precipitation events impact on urban lake surface water temperature under the perspective of macroscopic scale. Environmental Science and Pollution Research, 28, 16767-16780.",Yang et al. 2021,,,,,,,
0.037,Poland,53.49888069,18.26177769,region,CMIP5,satellite,linear regression,mean,annual,annual,10,44,1971,2015,Google Scholar,"Czernecki, B., & Ptak, M. (2018). The impact of global warming on lake surface water temperature in Poland-the application of empirical-statistical downscaling, 1971-2100. Journal of Limnology, 77(2).",Czernecki & Ptak 2018,,,,,,,
0.12,Dianchi Lake,24.83710233,102.7108856,point,MODIS ,satellite,polynomial regression,mean,annual (day),annual,1,17,2001,2017,Google Scholar,"Luo, Y., Zhang, Y., Yang, K., Yu, Z., & Zhu, Y. (2019). Spatiotemporal variations in Dianchi lake’s surface water temperature from 2001 to 2017 under the influence of climate warming. Ieee Access, 7, 115378-115387.",Luo et al. 2019,,,,,,,
0.09,Dianchi Lake,24.83710233,102.7108856,point,MODIS ,satellite,polynomial regression,mean,annual (night),annual (night),1,17,2001,2017,Google Scholar,"Luo, Y., Zhang, Y., Yang, K., Yu, Z., & Zhu, Y. (2019). Spatiotemporal variations in Dianchi lake’s surface water temperature from 2001 to 2017 under the influence of climate warming. Ieee Access, 7, 115378-115387.",Luo et al. 2019,,,,,,,
0.0331,global but mostly US,0,-86.4,global,MOD11L1,satellite,"Linear trend, Mann-Kendal",mean,annual,annual,10,17,2003,2020,Google Scholar,"Sobrino, J. A., García-Monteiro, S., & Julien, Y. (2024). An analysis of the Lake Surface Water Temperature evolution of the world’s largest lakes during the years 2003-2020 using MODIS data. Recent Adv. Remote Sens, 1, 1-9.",Sobrino et al. 2024,,show trends for each of the 10 lakes individual,,,,,
0.0388,global but mostly US,0,-86.4,global,MOD11L2,satellite,"Sen’s slope, Mann-Kendal",mean,annual,annual,10,17,2003,2020,Google Scholar,"Sobrino, J. A., García-Monteiro, S., & Julien, Y. (2024). An analysis of the Lake Surface Water Temperature evolution of the world’s largest lakes during the years 2003-2020 using MODIS data. Recent Adv. Remote Sens, 1, 1-9.",Sobrino et al. 2024,,show trends for each of the 10 lakes individual,,,,,
0.035,Europe,55.68930227,14.86411692,region,HadISD,modelled,Linear trend,min,annual,annual,8,41,1973,2014,Google Scholar,"Woolway, R. I., Weyhenmeyer, G. A., Schmid, M., Dokulil, M. T., de Eyto, E., Maberly, S. C., ... & Merchant, C. J. (2019). Substantial increase in minimum lake surface temperatures under climate change. Climatic Change, 155, 81-94.",Woolway et al. 2019,,,,,,,
0.032,Europe,55.68930227,14.86411692,region,HadISD,modelled,Linear trend,min,seasonal,summer,8,41,1973,2014,Google Scholar,"Woolway, R. I., Weyhenmeyer, G. A., Schmid, M., Dokulil, M. T., de Eyto, E., Maberly, S. C., ... & Merchant, C. J. (2019). Substantial increase in minimum lake surface temperatures under climate change. Climatic Change, 155, 81-94.",Woolway et al. 2019,,,,,,,
0.03,Peru,-15.769496,-69.400798,point,MOD11A2,satellite,Theil-Sens slope,mean,winter (day),winter,1,21,2000,2020,google scholar,"Aguilar-Lome, J., Soca-Flores, R., & Gómez, D. (2021). Evaluation of the Lake Titicaca's surface water temperature using LST MODIS time series (2000–2020). Journal of South American Earth Sciences, 112, 103609.","Aguilar-Lome et al., 2021",Journal of South American Earth Sciences,Lake Titicaca - Major Lake,Evaluation of the Lake Titicaca's surface water temperature using LST MODIS time series (2000–2020) - ScienceDirect,,,,
0.034,Peru,-15.769496,-69.400798,point,MOD11A2,satellite,Theil-Sens slope,mean,winter (night),winter (night),1,21,2000,2020,google scholar,"Aguilar-Lome, J., Soca-Flores, R., & Gómez, D. (2021). Evaluation of the Lake Titicaca's surface water temperature using LST MODIS time series (2000–2020). Journal of South American Earth Sciences, 112, 103609.","Aguilar-Lome et al., 2021",Journal of South American Earth Sciences,Lake Titicaca - Major Lake,Evaluation of the Lake Titicaca's surface water temperature using LST MODIS time series (2000–2020) - ScienceDirect,,,,
0.04,Peru,-16.352795,-68.80479,point,MOD11A2,satellite,Theil-Sens slope,mean,winter (day),winter,1,21,2000,2020,google scholar,"Aguilar-Lome, J., Soca-Flores, R., & Gómez, D. (2021). Evaluation of the Lake Titicaca's surface water temperature using LST MODIS time series (2000–2020). Journal of South American Earth Sciences, 112, 103609.","Aguilar-Lome et al., 2021",Journal of South American Earth Sciences,Lake Titicaca - Minor Lake,Evaluation of the Lake Titicaca's surface water temperature using LST MODIS time series (2000–2020) - ScienceDirect,,,,
0.03,Peru,-16.352795,-68.80479,point,MOD11A2,satellite,Theil-Sens slope,mean,winter (night),winter (night),1,21,2000,2020,google scholar,"Aguilar-Lome, J., Soca-Flores, R., & Gómez, D. (2021). Evaluation of the Lake Titicaca's surface water temperature using LST MODIS time series (2000–2020). Journal of South American Earth Sciences, 112, 103609.","Aguilar-Lome et al., 2021",Journal of South American Earth Sciences,Lake Titicaca - Minor Lake,Evaluation of the Lake Titicaca's surface water temperature using LST MODIS time series (2000–2020) - ScienceDirect,,,,
0.078,United States,43.3802,-72.0527,point,Landsat,satellite,Deming regression,mean,summer,summer,1,35,1985,2020,google scholar,"Herrick, C., Steele, B. G., Brentrup, J. A., Cottingham, K. L., Ducey, M. J., Lutz, D. A., ... & Weathers, K. C. (2023). lakeCoSTR: A tool to facilitate use of Landsat Collection 2 to estimate lake surface water temperatures. Ecosphere, 14(1), e4357.","Herrick et al., 2022",Ecosphere,"Reports of average summer surface water temperature trends (typically averaged across July through September) across lakes globally range between 0.02 and 0.34C year1 for both in situ and remote sensing data (e.g., Carrea et al., 2020; Mason et al., 2016; O’Reilly et al., 2015; Pareeth et al., 2017; Piccolroaz et al., 2020; Schneider et al., 2009; Schneider & Hook, 2010)",lakeCoSTR: A tool to facilitate use of Landsat Collection 2 to estimate lake surface water temperatures,,,,
0.0235,Poland,54.01719751,18.53307838,region,in situ,in situ,"Mann-Kendall, Sen's approach",minimum,winter,winter,10,49,1972,2021,google scholar,"Olowoyeye, T., Ptak, M., & Sojka, M. (2023). How Do Extreme Lake Water Temperatures in Poland Respond to Climate Change?. Resources, 12(9), 107.","Olowoyeye et al., 2023",Resource (MDPI),study reported monthly and annual values - seasonal was self-calculated,How Do Extreme Lake Water Temperatures in Poland Respond to Climate Change?,,,,
0.0385,Poland,54.01719751,18.53307838,region,in situ,in situ,"Mann-Kendall, Sen's approach",maximum,winter,winter,10,49,1972,2021,google scholar,"Olowoyeye, T., Ptak, M., & Sojka, M. (2023). How Do Extreme Lake Water Temperatures in Poland Respond to Climate Change?. Resources, 12(9), 107.","Olowoyeye et al., 2023",Resource (MDPI),study reported monthly and annual values - seasonal was self-calculated,How Do Extreme Lake Water Temperatures in Poland Respond to Climate Change?,,,,
0.072,Poland,54.01719751,18.53307838,region,in situ,in situ,"Mann-Kendall, Sen's approach",minimum,spring,spring,10,49,1972,2021,google scholar,"Olowoyeye, T., Ptak, M., & Sojka, M. (2023). How Do Extreme Lake Water Temperatures in Poland Respond to Climate Change?. Resources, 12(9), 107.","Olowoyeye et al., 2023",Resource (MDPI),study reported monthly and annual values - seasonal was self-calculated,How Do Extreme Lake Water Temperatures in Poland Respond to Climate Change?,,,,
0.0775,Poland,54.01719751,18.53307838,region,in situ,in situ,"Mann-Kendall, Sen's approach",maximum,spring,spring,10,49,1972,2021,google scholar,"Olowoyeye, T., Ptak, M., & Sojka, M. (2023). How Do Extreme Lake Water Temperatures in Poland Respond to Climate Change?. Resources, 12(9), 107.","Olowoyeye et al., 2023",Resource (MDPI),study reported monthly and annual values - seasonal was self-calculated,How Do Extreme Lake Water Temperatures in Poland Respond to Climate Change?,,,,
0.09,Poland,54.01719751,18.53307838,region,in situ,in situ,"Mann-Kendall, Sen's approach",minimum,summer,summer,10,49,1972,2021,google scholar,"Olowoyeye, T., Ptak, M., & Sojka, M. (2023). How Do Extreme Lake Water Temperatures in Poland Respond to Climate Change?. Resources, 12(9), 107.","Olowoyeye et al., 2023",Resource (MDPI),study reported monthly and annual values - seasonal was self-calculated,How Do Extreme Lake Water Temperatures in Poland Respond to Climate Change?,,,,
0.0815,Poland,54.01719751,18.53307838,region,in situ,in situ,"Mann-Kendall, Sen's approach",maximum,summer,summer,10,49,1972,2021,google scholar,"Olowoyeye, T., Ptak, M., & Sojka, M. (2023). How Do Extreme Lake Water Temperatures in Poland Respond to Climate Change?. Resources, 12(9), 107.","Olowoyeye et al., 2023",Resource (MDPI),study reported monthly and annual values - seasonal was self-calculated,How Do Extreme Lake Water Temperatures in Poland Respond to Climate Change?,,,,
0.0655,Poland,54.01719751,18.53307838,region,in situ,in situ,"Mann-Kendall, Sen's approach",minimum,autumn,autumn,10,49,1972,2021,google scholar,"Olowoyeye, T., Ptak, M., & Sojka, M. (2023). How Do Extreme Lake Water Temperatures in Poland Respond to Climate Change?. Resources, 12(9), 107.","Olowoyeye et al., 2023",Resource (MDPI),study reported monthly and annual values - seasonal was self-calculated,How Do Extreme Lake Water Temperatures in Poland Respond to Climate Change?,,,,
0.059,Poland,54.01719751,18.53307838,region,in situ,in situ,"Mann-Kendall, Sen's approach",maximum,autumn,autumn,10,49,1972,2021,google scholar,"Olowoyeye, T., Ptak, M., & Sojka, M. (2023). How Do Extreme Lake Water Temperatures in Poland Respond to Climate Change?. Resources, 12(9), 107.","Olowoyeye et al., 2023",Resource (MDPI),study reported monthly and annual values - seasonal was self-calculated,How Do Extreme Lake Water Temperatures in Poland Respond to Climate Change?,,,,
0.037,Poland (Noethern),54,19,country,observational data (0.4 m below surface),in situ,linear regression,Average,annual,annual,10,44,1971,2015,google scholar,"Czernecki, B., & Ptak, M. (2018). The impact of global warming on lake surface water temperature in Poland-the application of empirical-statistical downscaling, 1971-2100. Journal of Limnology, 77(2).","Czernecki et al., 2018",Journal of Limnology,,,,,MP,
0.058,Europe,56,15,region,observational data,in situ,non-parametric Mann-Kendall Test,maximum,annual,annual,10,49,1966,2015,google scholar,"Dokulil, M. T., de Eyto, E., Maberly, S. C., May, L., Weyhenmeyer, G. A., & Woolway, R. I. (2021). Increasing maximum lake surface temperature under climate change. Climatic Change , 165 (3), 56. https://doi.org/10.1007/s10584-021-03085-1",Dokulil et al. 2021,Climate Change,,,,,MP,
0.04,China,35,105,country,modelled (FLake),modelled,Theil-Sen,Mean,annual,annual,91,39,1979,2018,google scholar,"Huang, L., Wang, X., Yan, Y., Jin, L., Yang, K., Chen, A., ... & Piao, S. (2023). Attribution of lake surface water temperature change in large lakes across China over past four decades. Journal of Geophysical Research: Atmospheres, 128(21), e2022JD038465.",Huang et al. 2023,Journal of Geophysical Research: Atmospheres,The simulated warming rates of LSWTs in spring and winter are more significant than those in summer and atumn.,,,,MP,
0.07,"Lake Qiandaohu, China",30,119,point,Satellite (calibrated to profiler),satellite,Sen’s slope,mean,annual,annual,1,35,1986,2021,google scholar,"Li, Y., Shi, K., Zhang, Y., Zhu, G., Guo, Y., Li, H., & Du, C. (2022). Warming lake surface water temperatures in Lake Qiandaohu, China: Spatiotemporal variations, influencing factors and implications for the thermal structure. Frontiers in Environmental Science, 10, 995862.","Li et al., 2024",Frontiers in Environmental Science,,,,,MP,
0.04,Europe,56,15,region,Satellite (calibrated to in situ),satellite,Thiel–Sen,mean,annual,annual,26,35,1981,2016,google scholar,"Lieberherr, G., & Wunderle, S. (2018). Lake surface water temperature derived from 35 years of AVHRR sensor data for European lakes. Remote sensing, 10(7), 990.",Lieberherr and Wunderle 2018,Remote Sensing (MDPI),Demosnstrates relationship by latuitude (fig 11),,,,MP,
0.12,Dianchi Lake,25,103,point,MODIS ,satellite,?,mean,annual,annual,1,16,2001,2017,google scholar,"Luo, Y., Zhang, Y., Yang, K., Yu, Z., & Zhu, Y. (2019). Spatiotemporal variations in Dianchi lake’s surface water temperature from 2001 to 2017 under the influence of climate warming. Ieee Access, 7, 115378-115387.",Luo et al. 2019,Ieee Access,,,,,MP,
0.09,Dianchi Lake,25,103,point,MODIS ,satellite,?,mean,annual,annual,1,16,2001,2017,google scholar,"Luo, Y., Zhang, Y., Yang, K., Yu, Z., & Zhu, Y. (2019). Spatiotemporal variations in Dianchi lake’s surface water temperature from 2001 to 2017 under the influence of climate warming. Ieee Access, 7, 115378-115387.",Luo et al. 2019,Ieee Access,,,,,MP,
0.038,Piburger See,47,11,point,Observational (thermister chain),in situ,Regression slope,mean,?,?,1,43,1972,2015,google scholar,"Niedrist, G. H., Psenner, R., & Sommaruga, R. (2018). Climate warming increases vertical and seasonal water temperature differences and inter-annual variability in a mountain lake. Climatic Change, 151(3), 473-490.",Niedrist et al 2018,Climatic Change,,,,,MP,
0.021,Lake Dianchi,25,103,point,MODIS (error corrected to observed),satellite,?,Mean,Annual,annual,1,23,2000,2023,google scholar,"Peng, J., Chen, J., Liu, S., Liu, T., Deng, F., Fan, Y., & De Maeyer, P. (2024). Dynamics of the risk of algal blooms induced by surface water temperature in an alpine eutrophic lake under climate warming: Insights from Lake Dianchi. Journal of Hydrology, 643, 131949.",Peng et al 2024,Journal of Hydrology,,,,,MP,
0.031,China,29,113,region,MOD11A2,satellite,Theil-Sen slope and Mann-Kendall nonparametric test method,mean,annual,annual,6,17,2001,2018,google scholar,"Peng, Z., Yang, K., Shang, C., Duan, H., Tang, L., Zhang, Y., ... & Luo, Y. (2022). Attribution analysis of lake surface water temperature changing—taking China’s six main lakes as example. Ecological Indicators, 145, 109651.",Peng et al. 2022,Ecological Indicators,,,,,MP,
0.104,Lake Giles,71,-75,point,in situ sensor (at 2m),in situ,Sen's slope,?,annual,summer,1,26,1988,2014,google scholar,"Pilla, R. M., Williamson, C. E., Zhang, J., Smyth, R. L., Lenters, J. D., Brentrup, J. A., ... & Fisher, T. J. (2018). Browning?related decreases in water transparency lead to long?term increases in surface water temperature and thermal stratification in two small lakes. Journal of Geophysical Research: Biogeosciences, 123(5), 1651-1665.",Pilla et al. 2018,Journal of Geophysical Research: Biogeosciences,,,,,MP,
0.077,Lake Lacawac,41,-75,point,in situ sensor (at 2m),in situ,Sen's slope,?,annual,summer,1,26,1988,2014,google scholar,"Pilla, R. M., Williamson, C. E., Zhang, J., Smyth, R. L., Lenters, J. D., Brentrup, J. A., ... & Fisher, T. J. (2018). Browning?related decreases in water transparency lead to long?term increases in surface water temperature and thermal stratification in two small lakes. Journal of Geophysical Research: Biogeosciences, 123(5), 1651-1665.",Pilla et al. 2018,Journal of Geophysical Research: Biogeosciences,,,,,MP,
0.032,Tibetan Plateau,32,88,region,MOD11A1,satellite,regression,mean,"Ice free summer (July, Aug, Spet)",summer,81,38,1980,2018,google scholar,"Shi, Y., Huang, A., Wu, Y., Lazhu, & Wen, L. (2024). Trends of Summer Lake Surface Water Temperature on the Tibetan Plateau and Their Response to Climate Change. Earth and Space Science, 11(12), e2024EA003910.","Shi et al., 2024",Earth and Space Science,,,,,MP,
0.025,China,34,104,region,MOD11A1 and MYD11A1,satellite,linear regression,mean,annual,annual,1451,20,2001,2021,google scholar,"Song, S., Yang, J., Liu, L., Bai, G., Zhou, J., & McKay, D. (2024). Lake surface water temperature in China from 2001 to 2021 based on GEE and HANTS. Ecological Informatics, 84, 102903.",Song et al. 2024,Ecological Informatics,,,,,MP,
0.024,global,32,-35,global,"modelled (FLake), calibrated by landsat",modelled,linear regression,mean,annual - ice free (<1degC),annual,92245,39,1981,2020,google scholar,"Tong, Y., Feng, L., Wang, X., Pi, X., Xu, W., & Woolway, R. I. (2023). Global lakes are warming slower than surface air temperature due to accelerated evaporation. Nature Water, 1(11), 929-940.",Tong et al. 2023,Nature Water,,,,,MP,
0.037,Tibetan Plateau,32,88,region,MODIS,satellite,linear regression across the annual/seasonal mean,mean,annual,annual,374,14,2001,2015,google scholar,"Wan, W., Zhao, L., Xie, H., Liu, B., Li, H., Cui, Y., ... & Hong, Y. (2018). Lake surface water temperature change over the Tibetan plateau from 2001 to 2015: A sensitive indicator of the warming climate. Geophysical Research Letters, 45(20), 11-177.","Wan et al., 2018",Geophysical Research Letters,"With the vast majority of the lakes (70%, with 28% of which are significant) showing warming (0.076 °C/year) and the rest (30%, with 37% of which are significant) showing cooling (0.053 °C/year). This astonishing contrast was controlled by different water sources recharging these lakes: (1) warming LSWT due to increased precipitation (central and northern TP) or permafrost degradation (northwestern TP) and (2) cooling LSWT due to increased glacier meltwater (southwestern TP), revealing LSWT a sensitive indicator to climate change that triggered different regional responses in precipitation, permafrost, and glacier changes over the TP.",,,,MP,
0.019,Tibetan Plateau,32,88,region,MODIS,satellite,linear regression across the annual/seasonal mean,mean,seasonal,spring,374,14,2001,2015,google scholar,"Wan, W., Zhao, L., Xie, H., Liu, B., Li, H., Cui, Y., ... & Hong, Y. (2018). Lake surface water temperature change over the Tibetan plateau from 2001 to 2015: A sensitive indicator of the warming climate. Geophysical Research Letters, 45(20), 11-177.","Wan et al., 2018",Geophysical Research Letters,,,,,MP,
0.023,Tibetan Plateau,32,88,region,MODIS,satellite,linear regression across the annual/seasonal mean,mean,seasonal,summer,374,14,2001,2015,google scholar,"Wan, W., Zhao, L., Xie, H., Liu, B., Li, H., Cui, Y., ... & Hong, Y. (2018). Lake surface water temperature change over the Tibetan plateau from 2001 to 2015: A sensitive indicator of the warming climate. Geophysical Research Letters, 45(20), 11-177.","Wan et al., 2018",Geophysical Research Letters,,,,,MP,
0.072,Tibetan Plateau,32,88,region,MODIS,satellite,linear regression across the annual/seasonal mean,mean,seasonal,autumn,374,14,2001,2015,google scholar,"Wan, W., Zhao, L., Xie, H., Liu, B., Li, H., Cui, Y., ... & Hong, Y. (2018). Lake surface water temperature change over the Tibetan plateau from 2001 to 2015: A sensitive indicator of the warming climate. Geophysical Research Letters, 45(20), 11-177.","Wan et al., 2018",Geophysical Research Letters,,,,,MP,
0.037,Tibetan Plateau,32,88,region,MODIS,satellite,linear regression across the annual/seasonal mean,mean,seasonal,winter,374,14,2001,2015,google scholar,"Wan, W., Zhao, L., Xie, H., Liu, B., Li, H., Cui, Y., ... & Hong, Y. (2018). Lake surface water temperature change over the Tibetan plateau from 2001 to 2015: A sensitive indicator of the warming climate. Geophysical Research Letters, 45(20), 11-177.","Wan et al., 2018",Geophysical Research Letters,,,,,MP,
0.035,Europe,56,15,region,Observed,in situ,linear trend model,min,annual,annual,8,41,1973,2014,google scholar,"Woolway, R. I., Weyhenmeyer, G. A., Schmid, M., Dokulil, M. T., de Eyto, E., Maberly, S. C., ... & Merchant, C. J. (2019). Substantial increase in minimum lake surface temperatures under climate change. Climatic Change, 155, 81-94.",Woolway et al. 2019,Climatic Change,,,,,MP,
0.032,Europe,56,15,region,Observed,in situ,linear trend model,min,July-Aug-Sept,summer,8,41,1973,2014,google scholar,"Woolway, R. I., Weyhenmeyer, G. A., Schmid, M., Dokulil, M. T., de Eyto, E., Maberly, S. C., ... & Merchant, C. J. (2019). Substantial increase in minimum lake surface temperatures under climate change. Climatic Change, 155, 81-94.",Woolway et al. 2019,Climatic Change,,,,,MP,
0.042,Yunnan-Guizhou Plateau,27,105,region,MOD11A2 remote-sensing images,satellite,Theil-Sen slope,mean,annual (excluding lakes that cooled),annual,8,17,2001,2018,google scholar,"Yang, K., Yu, Z., & Luo, Y. (2020). Analysis on driving factors of lake surface water temperature for major lakes in Yunnan-Guizhou Plateau. Water Research, 184, 116018.","Yang et al., 2020",Water Research,,,,,MP,
0.019,Yunnan-Guizhou Plateau,27,105,region,MOD11A2 remote-sensing images,satellite,Theil-Sen slope,mean,annual (excluding lakes that cooled),annual,8,17,2001,2018,google scholar,"Yang, K., Yu, Z., & Luo, Y. (2020). Analysis on driving factors of lake surface water temperature for major lakes in Yunnan-Guizhou Plateau. Water Research, 184, 116018.","Yang et al., 2020",Water Research,,,,,MP,
0.031,Yunnan-Guizhou Plateau,27,105,region,MOD11A2 remote-sensing images,satellite,Theil-Sen slope,mean,annual,annual,8,17,2001,2018,google scholar,"Yang, K., Yu, Z., & Luo, Y. (2020). Analysis on driving factors of lake surface water temperature for major lakes in Yunnan-Guizhou Plateau. Water Research, 184, 116018.","Yang et al., 2020",Water Research,,,,,MP,
0.01,Yunnan-Guizhou Plateau,27,105,region,MOD11A2 remote-sensing images,satellite,Theil-Sen slope,mean,annual,annual,8,17,2001,2018,google scholar,"Yang, K., Yu, Z., & Luo, Y. (2020). Analysis on driving factors of lake surface water temperature for major lakes in Yunnan-Guizhou Plateau. Water Research, 184, 116018.","Yang et al., 2020",Water Research,,,,,MP,
0.1,Yunnan-Guizhou Plateau,27,105,region,MOD11A2,satellite,Not stated (linear regression?),mean,annual (day),annual,11,16,2001,2017,google scholar,"Yang, K., Yu, Z., Luo, Y., Zhou, X., & Shang, C. (2019). Spatial?temporal variation of lake surface water temperature and its driving factors in Yunnan?Guizhou Plateau. Water Resources Research, 55(6), 4688-4703.","Yang et al., 2019",Water Resources Research,,,,,MP,
0.058,Yunnan-Guizhou Plateau,27,105,region,MOD11A2,satellite,Not stated (linear regression?),mean,annual (night),annual (night),11,16,2001,2017,google scholar,"Yang, K., Yu, Z., Luo, Y., Zhou, X., & Shang, C. (2019). Spatial?temporal variation of lake surface water temperature and its driving factors in Yunnan?Guizhou Plateau. Water Resources Research, 55(6), 4688-4703.","Yang et al., 2019",Water Resources Research,,,,,MP,
0.02,Dianchi Lake,25,103,point,MOD11A2,satellite,Not stated (linear regression?),mean,annual,annual,1,17,2001,2018,google scholar,"Yang, K., Zhang, Y., Luo, Y., & Shang, C. (2021). Precipitation events impact on urban lake surface water temperature under the perspective of macroscopic scale. Environmental Science and Pollution Research, 28, 16767-16780.",Yang et al. 2021,Environmental Science and Pollution Research,,,,,MP,
0.03,Dianchi Lake,25,103,point,MOD11A2,satellite,Not stated (linear regression?),mean,annual (day),annual,1,17,2001,2018,google scholar,"Yang, K., Zhang, Y., Luo, Y., & Shang, C. (2021). Precipitation events impact on urban lake surface water temperature under the perspective of macroscopic scale. Environmental Science and Pollution Research, 28, 16767-16780.",Yang et al. 2021,Environmental Science and Pollution Research,,,,,MP,
0.02,Dianchi Lake,25,103,point,MOD11A2,satellite,Not stated (linear regression?),mean,annual (day),annual,1,17,2001,2018,google scholar,"Yang, K., Zhang, Y., Luo, Y., & Shang, C. (2021). Precipitation events impact on urban lake surface water temperature under the perspective of macroscopic scale. Environmental Science and Pollution Research, 28, 16767-16780.",Yang et al. 2021,Environmental Science and Pollution Research,,,,,MP,
0.04143,Yunnan Province,25,101,region,Various,satellite,Theil-Sen,?,?,?,7,20,2000,2020,Scopus,"Li, D., Luo, Y., Yang, K., Shang, C., Zhu, S., Peng, S., Li, A., Chen, R., Peng, Z., Pei, X., Yin, Y., Wang, Q., Peng, C., & Wei, H. (2024). Effects of Climate Change and Urbanization on Spatiotemporal Variations of Lake Surface Water Temperature [Article]. IEEE Journal of Selected Topics in Applied Earth Observations and Remote Sensing, 17, 19955-19971. https://doi.org/10.1109/JSTARS.2024.3487623 ",Li et al 2024,IEEE Journal of Selected Topics in Applied Earth Observations and Remote Sensing,,,,,MP,
0.016,China,36,104,region,Air2Water,modelled,Theil-Sen,mean,?,?,2260,37,1985,2022,Scopus,"Wang, W., Shi, K., Wang, X., Zhang, Y., Qin, B., Zhang, Y., & Woolway, R. I. (2024). The impact of extreme heat on lake warming in China [Article]. Nature Communications, 15(1), Article 70. https://doi.org/10.1038/s41467-023-44404-7 ",Wang et al. 2024,Nature Communications,,,,,MP,
0.026,Lake Dianchi,25,103,point,Random Forest,modelled,Linear regression,mean,annual,annual,1,69,1951,2020,Scopus,"Duan, Z., Gao, W., Cheng, G., Zhang, Y., & Chang, X. (2024). Warming surface and Lake heatwaves as key drivers to harmful algal Blooms: A case study of Lake Dianchi, China [Article]. Journal of Hydrology, 632, Article 130971. https://doi.org/10.1016/j.jhydrol.2024.130971 ",Duan et al. 2024,Journal of Hydrology,,,,,MP,
0.007,Tibetan Plateau,32,88,region,Air2Water,modelled,?,mean,summer (not clear if 3-months or based on their criteria),summer,96,22,2000,2022,Scopus,"Gan, F., Gao, Y., & Wei, Z. (2025). Changes in the summer seasonal cycle of lakes in the Inner Tibetan Plateau since the 21st century [Article]. Climatic Change, 178(4), Article 70. https://doi.org/10.1007/s10584-025-03911-w ",Gan et al 2025,Climatic Change,,,,,MP,
0.023,Lake Inari,69,28,point,Machine Learning,modelled,Sen Slope,? (appears to be mean),Annual (exluding ice period; Nov-Jun),annual,1,63,1960,2023,Scopus,"Kim, H. I., Kim, D., Salamattalab, M. M., Mahdian, M., Bateni, S. M., & Noori, R. (2024). Machine learning-based modeling of surface water temperature dynamics in arctic lakes. Environmental Science and Pollution Research, 31(49), 59642-59655.","Kim et al., 2024",Environmental Science and Pollution Research,,,,,MP,
0.035,Poland,52,19,region,Air2Water,modelled,Sen Test,Mean,Annual,annual,6,29,1994,2023,Scopus,"Ptak, M., Sojka, M., Szyga-Pluta, K., Baloch, M. Y. J., & Amnuaylojaroen, T. (2025). Is Everything Lost? Recreating the Surface Water Temperature of Unmonitored Lakes in Poland [Article]. Resources, 14(4), Article 67. https://doi.org/10.3390/resources14040067 ",Ptak et al. 2025,Resources,,,,,MP,
0.03,Brazil,-32,-52,region,MODIS,satellite,Sens slope,Mean,Annual,annual,3,20,2002,2022,Scopus,"Tavares, M. H., Cardoso, M. A., Motta Marques, D., Bonnet, M. P., & Fragoso, C. R. (2024). High Spring Warming Rates in an Extensive Subtropical Shallow Lakes System Detected Using MODIS Imagery [Article]. ACS ES and T Water, 4(4), 1518-1530. https://doi.org/10.1021/acsestwater.3c00622 ",Tavares et al. 2024,ACS ES and T Water,,,,,MP,
0.04,Brazil,-32,-52,region,MODIS,satellite,Sens slope,Mean,Seasonal,spring,3,20,2002,2022,Scopus,"Tavares, M. H., Cardoso, M. A., Motta Marques, D., Bonnet, M. P., & Fragoso, C. R. (2024). High Spring Warming Rates in an Extensive Subtropical Shallow Lakes System Detected Using MODIS Imagery [Article]. ACS ES and T Water, 4(4), 1518-1530. https://doi.org/10.1021/acsestwater.3c00622 ",Tavares et al. 2024,ACS ES and T Water,,,,,MP,
0.03,Brazil,-32,-52,region,MODIS,satellite,Sens slope,Mean,Seasonal,summer,3,20,2002,2022,Scopus,"Tavares, M. H., Cardoso, M. A., Motta Marques, D., Bonnet, M. P., & Fragoso, C. R. (2024). High Spring Warming Rates in an Extensive Subtropical Shallow Lakes System Detected Using MODIS Imagery [Article]. ACS ES and T Water, 4(4), 1518-1530. https://doi.org/10.1021/acsestwater.3c00622 ",Tavares et al. 2024,ACS ES and T Water,,,,,MP,
0.018,Southeast Asia,16,103,region,MODIS-derived,satellite,Sen's approach,mean,annual (day),annual,80,34,1986,2020,Scopus,"Virdis, S. G. P., Kongwarakom, S., Juneng, L., Padedda, B. M., & Shrestha, S. (2024). Historical and projected response of Southeast Asian lakes surface water temperature to warming climate. Environmental Research, 247, 118412.","Virdis et al., 2024",Environmental Research,,,,,MP,
0.013,Southeast Asia,16,103,region,MODIS-derived,satellite,Sen's approach,mean,annual (night),annual (night),80,34,1986,2020,Scopus,"Virdis, S. G. P., Kongwarakom, S., Juneng, L., Padedda, B. M., & Shrestha, S. (2024). Historical and projected response of Southeast Asian lakes surface water temperature to warming climate. Environmental Research, 247, 118412.","Virdis et al., 2024",Environmental Research,,,,,MP,
0.044,Poland,54,19,region,daily observed,in situ,Sen's,mean,annual,annual,25,29,1987,2016,Scopus,"Wang, R., Dong, W., Sun, J., Sojka, M., Ptak, M., & Zhu, S. (2025). Long-Term Trends of Lake Surface Water Temperatures in Lowland Polish Temperate Lakes [Article]. Atmosphere, 16(2), Article 120. https://doi.org/10.3390/atmos16020120 ","Wang et al., 2025",Atmosphere,,,,,MP,
0.056,Poland,54,19,region,daily observed,in situ,Sen's,mean,seasonal,summer,25,29,1987,2016,Scopus,"Wang, R., Dong, W., Sun, J., Sojka, M., Ptak, M., & Zhu, S. (2025). Long-Term Trends of Lake Surface Water Temperatures in Lowland Polish Temperate Lakes [Article]. Atmosphere, 16(2), Article 120. https://doi.org/10.3390/atmos16020120 ","Wang et al., 2025",Atmosphere,,,,,MP,
0.013,global,0,-108.8,global,"Lakes_cci, GLTC, FLake model",modelled,Thiel-sen,mean,annual (ice; <=1deg C excluded),annual,1260,43,1979,2022,Scopus,"Wang, X., Shi, K., Qin, B., Zhang, Y., & Woolway, R. I. (2024). Disproportionate impact of atmospheric heat events on lake surface water temperature increases. Nature Climate Change, 14(11), 1172-1177.",Wang et al. 2024b,Nature Climate Change,,,,,MP,
0.023,global,0,-108.8,global,"Lakes_cci, GLTC, FLake model",modelled,Thiel-sen,mean,seasonal (ice; <=1deg C excluded),summer,1260,43,1979,2022,Scopus,"Wang, X., Shi, K., Qin, B., Zhang, Y., & Woolway, R. I. (2024). Disproportionate impact of atmospheric heat events on lake surface water temperature increases. Nature Climate Change, 14(11), 1172-1177.",Wang et al. 2024b,Nature Climate Change,,,,,MP,
0.066,Dongting Lake,29,113,point,Landsat satellite images,satellite,least squares linear regression,mean,annual,annual,1,34,1988,2022,Scopus,"Wang, Y., Tao, J., Zhao, L., Qin, S., Xiao, H., Wang, Y., Sheng, D., & Zhang, Y. (2024). Investigating long-term changes in surface water temperature of Dongting Lake using Landsat imagery, China [Article]. Environmental Science and Pollution Research, 31(28), 41167-41181. https://doi.org/10.1007/s11356-024-33878-7 ",Wang et al. 2024a,Environmental Science and Pollution Research,,,,,MP,
0.15,Dongting Lake,29,113,point,Landsat satellite images,satellite,least squares linear regression,mean,annual,spring,1,34,1988,2022,Scopus,"Wang, Y., Tao, J., Zhao, L., Qin, S., Xiao, H., Wang, Y., Sheng, D., & Zhang, Y. (2024). Investigating long-term changes in surface water temperature of Dongting Lake using Landsat imagery, China [Article]. Environmental Science and Pollution Research, 31(28), 41167-41181. https://doi.org/10.1007/s11356-024-33878-7 ",Wang et al. 2024a,Environmental Science and Pollution Research,,,,,MP,
0.026,Dongting Lake,29,113,point,Landsat satellite images,satellite,least squares linear regression,mean,annual,summer,1,34,1988,2022,Scopus,"Wang, Y., Tao, J., Zhao, L., Qin, S., Xiao, H., Wang, Y., Sheng, D., & Zhang, Y. (2024). Investigating long-term changes in surface water temperature of Dongting Lake using Landsat imagery, China [Article]. Environmental Science and Pollution Research, 31(28), 41167-41181. https://doi.org/10.1007/s11356-024-33878-7 ",Wang et al. 2024a,Environmental Science and Pollution Research,,,,,MP,
0.045,Dongting Lake,29,113,point,Landsat satellite images,satellite,least squares linear regression,mean,annual,autumn,1,34,1988,2022,Scopus,"Wang, Y., Tao, J., Zhao, L., Qin, S., Xiao, H., Wang, Y., Sheng, D., & Zhang, Y. (2024). Investigating long-term changes in surface water temperature of Dongting Lake using Landsat imagery, China [Article]. Environmental Science and Pollution Research, 31(28), 41167-41181. https://doi.org/10.1007/s11356-024-33878-7 ",Wang et al. 2024a,Environmental Science and Pollution Research,,,,,MP,
0.043,Dongting Lake,29,113,point,Landsat satellite images,satellite,least squares linear regression,mean,annual,winter,1,34,1988,2022,Scopus,"Wang, Y., Tao, J., Zhao, L., Qin, S., Xiao, H., Wang, Y., Sheng, D., & Zhang, Y. (2024). Investigating long-term changes in surface water temperature of Dongting Lake using Landsat imagery, China [Article]. Environmental Science and Pollution Research, 31(28), 41167-41181. https://doi.org/10.1007/s11356-024-33878-7 ",Wang et al. 2024a,Environmental Science and Pollution Research,,,,,MP,
0.012,China,36,104,region,Air2Water,modelled,? (assuming linear regression),?,Seasonal (summer; Jul-Sep),summer,?,70,1950,2020,Scopus,"Wu, Y., Ji, F., Wang, S., He, Y., & Hu, S. (2024). Increased Warming Efficiencies of Lake Heatwaves Enhance Dryland Lake Warming over China [Article]. Remote Sensing, 16(3), Article 588. https://doi.org/10.3390/rs16030588 ",Wu et al. 2024,Remote Sensing,,,,,MP,
0.007,China - Arid lakes,36,104,region,Air2Water,modelled,? (assuming linear regression),?,Seasonal (summer; Jul-Sep),summer,?,70,1950,2020,Scopus,"Wu, Y., Ji, F., Wang, S., He, Y., & Hu, S. (2024). Increased Warming Efficiencies of Lake Heatwaves Enhance Dryland Lake Warming over China [Article]. Remote Sensing, 16(3), Article 588. https://doi.org/10.3390/rs16030588 ",Wu et al. 2024,Remote Sensing,,,,,MP,
0.021,China - Semi arid lakes,36,104,region,Air2Water,modelled,? (assuming linear regression),?,Seasonal (summer; Jul-Sep),summer,?,70,1950,2020,Scopus,"Wu, Y., Ji, F., Wang, S., He, Y., & Hu, S. (2024). Increased Warming Efficiencies of Lake Heatwaves Enhance Dryland Lake Warming over China [Article]. Remote Sensing, 16(3), Article 588. https://doi.org/10.3390/rs16030588 ",Wu et al. 2024,Remote Sensing,,,,,MP,
0.013,China - Semi humid lakes,36,104,region,Air2Water,modelled,? (assuming linear regression),?,Seasonal (summer; Jul-Sep),summer,?,70,1950,2020,Scopus,"Wu, Y., Ji, F., Wang, S., He, Y., & Hu, S. (2024). Increased Warming Efficiencies of Lake Heatwaves Enhance Dryland Lake Warming over China [Article]. Remote Sensing, 16(3), Article 588. https://doi.org/10.3390/rs16030588 ",Wu et al. 2024,Remote Sensing,,,,,MP,
0.006,China - Humid lakes,36,104,region,Air2Water,modelled,? (assuming linear regression),?,Seasonal (summer; Jul-Sep),summer,?,70,1950,2020,Scopus,"Wu, Y., Ji, F., Wang, S., He, Y., & Hu, S. (2024). Increased Warming Efficiencies of Lake Heatwaves Enhance Dryland Lake Warming over China [Article]. Remote Sensing, 16(3), Article 588. https://doi.org/10.3390/rs16030588 ",Wu et al. 2024,Remote Sensing,,,,,MP,
0.03283,Patagonia Icefield,-48,-73,region,MOD11A2 and MYD11A2,satellite,? (assuming linear regression),?,seasonal,annual,6,20,2002,2022,Scopus,"Zhao, S., Sun, H., Cheng, J., & Zhang, G. (2025). Water Surface Temperature Dynamics of the Three Largest Ice-Contact Lakes in the Patagonia Icefield over the Last 20 Years [Article]. Water (Switzerland), 17(3), Article 385. https://doi.org/10.3390/w17030385 ",Zhao et al. 2025,Water (Switzerland),,,,,MP,
0.03183,Patagonia Icefield,-48,-73,region,MOD11A2 and MYD11A2,satellite,? (assuming linear regression),?,seasonal,autumn,6,20,2002,2022,Scopus,"Zhao, S., Sun, H., Cheng, J., & Zhang, G. (2025). Water Surface Temperature Dynamics of the Three Largest Ice-Contact Lakes in the Patagonia Icefield over the Last 20 Years [Article]. Water (Switzerland), 17(3), Article 385. https://doi.org/10.3390/w17030385 ",Zhao et al. 2025,Water (Switzerland),,,,,MP,
0.026,Patagonia Icefield,-48,-73,region,MOD11A2 and MYD11A2,satellite,? (assuming linear regression),?,seasonal,winter,6,20,2002,2022,Scopus,"Zhao, S., Sun, H., Cheng, J., & Zhang, G. (2025). Water Surface Temperature Dynamics of the Three Largest Ice-Contact Lakes in the Patagonia Icefield over the Last 20 Years [Article]. Water (Switzerland), 17(3), Article 385. https://doi.org/10.3390/w17030385 ",Zhao et al. 2025,Water (Switzerland),,,,,MP,
0.04033,Patagonia Icefield,-48,-73,region,MOD11A2 and MYD11A2,satellite,? (assuming linear regression),?,seasonal,spring,6,20,2002,2022,Scopus,"Zhao, S., Sun, H., Cheng, J., & Zhang, G. (2025). Water Surface Temperature Dynamics of the Three Largest Ice-Contact Lakes in the Patagonia Icefield over the Last 20 Years [Article]. Water (Switzerland), 17(3), Article 385. https://doi.org/10.3390/w17030385 ",Zhao et al. 2025,Water (Switzerland),,,,,MP,
0.02538,Patagonia Icefield,-48,-73,region,MOD11A2 and MYD11A2,satellite,? (assuming linear regression),?,seasonal,summer,6,20,2002,2022,Scopus,"Zhao, S., Sun, H., Cheng, J., & Zhang, G. (2025). Water Surface Temperature Dynamics of the Three Largest Ice-Contact Lakes in the Patagonia Icefield over the Last 20 Years [Article]. Water (Switzerland), 17(3), Article 385. https://doi.org/10.3390/w17030385 ",Zhao et al. 2025,Water (Switzerland),,,,,MP,
