search_term,search_engine,reviewer,citation,
"""lake surface temperature"" ""cooling""",google scholar,WW,"Zhang, G., Yao, T., Xie, H., Qin, J., Ye, Q., Dai, Y., & Guo, R. (2014). Estimating surface temperature changes of lakes in the Tibetan Plateau using MODIS LST data. Journal of Geophysical Research: Atmospheres, 119(14), 8552-8567.",
"""lake surface temperature"" ""cooling""",google scholar,WW,"Xie, C., Zhang, X., Zhuang, L., Zhu, R., & Guo, J. (2022). Analysis of surface temperature variation of lakes in China using MODIS land surface temperature data. Scientific Reports, 12(1), 2415.",
"""lake surface temperature"" ""cooling""",google scholar,WW,"Song, K., Wang, M., Du, J., Yuan, Y., Ma, J., Wang, M., & Mu, G. (2016). Spatiotemporal variations of lake surface temperature across the Tibetan Plateau using MODIS LST product. Remote Sensing, 8(10), 854.",
"""lake surface temperature"" ""cooling""",google scholar,WW,"Zhang, X., Wang, K., Frassl, M. A., & Boehrer, B. (2020). Reconstructing six decades of surface temperatures at a shallow lake. Water, 12(2), 405.",
"""lake surface temperature"" ""cooling""",google scholar,WW,"Jia, T., Yang, K., Peng, Z., Tang, L., Duan, H., & Luo, Y. (2022). Review on the change trend, attribution analysis, retrieval, simulation, and prediction of lake surface water temperature. IEEE Journal of Selected Topics in Applied Earth Observations and Remote Sensing, 15, 6324-6355.",
"""lake surface temperature"" ""cooling""",google scholar,WW,"Shi, Q., & Xue, P. (2019). Impact of lake surface temperature variations on lake effect snow over the Great Lakes region. Journal of Geophysical Research: Atmospheres, 124(23), 12553-12567.",
"""lake surface temperature"" ""cooling""",google scholar,WW,"Sima, S., Ahmadalipour, A., & Tajrishy, M. (2013). Mapping surface temperature in a hyper-saline lake and investigating the effect of temperature distribution on the lake evaporation. Remote Sensing of Environment, 136, 374-385.",
"""lake surface temperature"" ""cooling""",google scholar,WW,"Phillips, R. C., Saylor, J. R., Kaye, N. B., & Gibert, J. M. (2016). A multi-lake study of seasonal variation in lake surface evaporation using MODIS satellite-derived surface temperature. Limnology, 17, 273-289.",
"""lake surface temperature"" ""cooling""",google scholar,WW,"Crosman, E., Vazquez-Cuervo, J., & Chin, T. M. (2017). Evaluation of the multi-scale ultra-high resolution (MUR) analysis of lake surface temperature. Remote Sensing, 9(7), 723.",
"""lake surface temperature"" ""cooling""",google scholar,WW,"Woolway, R. I., Weyhenmeyer, G. A., Schmid, M., Dokulil, M. T., de Eyto, E., Maberly, S. C., ... & Merchant, C. J. (2019). Substantial increase in minimum lake surface temperatures under climate change. Climatic Change, 155, 81-94.",
"""lake surface temperature"" ""cooling""",google scholar,WW,"Liu, G., Ou, W., Zhang, Y., Wu, T., Zhu, G., Shi, K., & Qin, B. (2015). Validating and mapping surface water temperatures in Lake Taihu: Results from MODIS land surface temperature products. IEEE Journal of Selected Topics in Applied Earth Observations and Remote Sensing, 8(3), 1230-1244.",
"""lake surface temperature"" ""cooling""",google scholar,WW,"Layden, A., MacCallum, S. N., & Merchant, C. J. (2016). Determining lake surface water temperatures worldwide using a tuned one-dimensional lake model (FLake, v1). Geoscientific Model Development, 9(6), 2167-2189.",
"""lake surface temperature"" ""cooling""",google scholar,WW,"Huang, L., Wang, X., Sang, Y., Tang, S., Jin, L., Yang, H., ... & Zhang, Y. (2021). Optimizing lake surface water temperature simulations over large lakes in China with FLake model. Earth and Space Science, 8(8), e2021EA001737.",
"""lake surface temperature"" ""cooling""",google scholar,WW,"Pilla, R. M., Williamson, C. E., Zhang, J., Smyth, R. L., Lenters, J. D., Brentrup, J. A., ... & Fisher, T. J. (2018). Browning‐related decreases in water transparency lead to long‐term increases in surface water temperature and thermal stratification in two small lakes. Journal of Geophysical Research: Biogeosciences, 123(5), 1651-1665.",
"""lake surface temperature"" ""cooling""",google scholar,WW,"Woolway, R. I., Cinque, K., de Eyto, E., DeGasperi, C., Dokulil, M., Korhonen, J., ... & Weyhenmeyer, G. (2016). Lake surface temperature [in"" State of the climate in 2015""]. Bulletin of the American Meteorological Society, 97(8), S17-S18.",
"""lake surface temperature"" ""cooling""",google scholar,WW,"Dyba, K., Ermida, S., Ptak, M., Piekarczyk, J., & Sojka, M. (2022). Evaluation of methods for estimating lake surface water temperature using Landsat 8. Remote Sensing, 14(15), 3839.",
"""lake surface temperature"" ""cooling""",google scholar,WW,"Gu, H., Jin, J., Wu, Y., Ek, M. B., & Subin, Z. M. (2015). Calibration and validation of lake surface temperature simulations with the coupled WRF-lake model. Climatic Change, 129, 471-483.",
"""lake surface temperature"" ""cooling""",google scholar,WW,"Kettle, H., Thompson, R., Anderson, N. J., & Livingstone, D. M. (2004). Empirical modeling of summer lake surface temperatures in southwest Greenland. Limnology and oceanography, 49(1), 271-282.",
"""lake surface temperature"" ""cooling""",google scholar,WW,"Shi, Y., Huang, A., Wu, Y., Lazhu, & Wen, L. (2024). Trends of Summer Lake Surface Water Temperature on the Tibetan Plateau and Their Response to Climate Change. Earth and Space Science, 11(12), e2024EA003910.",
"""lake surface temperature"" ""cooling""",google scholar,WW,"Kourzeneva, E. (2014). Assimilation of lake water surface temperature observations using an extended Kalman filter. Tellus A: Dynamic Meteorology and Oceanography, 66(1), 21510.",
"""lake surface temperature"" ""cooling""",google scholar,WW,"Huang, L., Wang, X., Yan, Y., Jin, L., Yang, K., Chen, A., ... & Piao, S. (2023). Attribution of lake surface water temperature change in large lakes across China over past four decades. Journal of Geophysical Research: Atmospheres, 128(21), e2022JD038465.",
"""lake surface temperature"" ""cooling""",google scholar,WW,"Balsamo, G., Salgado, R., Dutra, E., Boussetta, S., Stockdale, T., & Potes, M. (2012). On the contribution of lakes in predicting near-surface temperature in a global weather forecasting model. Tellus A: Dynamic Meteorology and Oceanography, 64(1), 15829.",
"""lake surface temperature"" ""cooling""",google scholar,WW,"Tong, Y., Feng, L., Wang, X., Pi, X., Xu, W., & Woolway, R. I. (2023). Global lakes are warming slower than surface air temperature due to accelerated evaporation. Nature Water, 1(11), 929-940.",
"""lake surface temperature"" ""cooling""",google scholar,WW,"Prats, J., Reynaud, N., Rebière, D., Peroux, T., Tormos, T., & Danis, P. A. (2018). LakeSST: Lake Skin Surface Temperature in French inland water bodies for 1999–2016 from Landsat archives. Earth System Science Data, 10(2), 727-743.",
"""lake surface temperature"" ""cooling""",google scholar,WW,"Ma, X., Yang, K., Wang, B., Li, Z., Lazhu, Lu, H., ... & Chen, X. (2024). Strong Skin Cooling and Its Impacts on Lake Thermal Processes in a Large Lake on the Tibetan Plateau. Journal of Hydrometeorology, 25(6), 937-946.",
"""lake surface temperature"" ""warming""",google scholar,WW,"Dokulil, M. T., de Eyto, E., Maberly, S. C., May, L., Weyhenmeyer, G. A., & Woolway, R. I. (2021). Increasing maximum lake surface temperature under climate change. Climatic Change, 165(3), 56.",
"""lake surface temperature"" ""warming""",google scholar,WW,"Woolway, R. I., Weyhenmeyer, G. A., Schmid, M., Dokulil, M. T., de Eyto, E., Maberly, S. C., ... & Merchant, C. J. (2019). Substantial increase in minimum lake surface temperatures under climate change. Climatic Change, 155, 81-94.",
"""lake surface temperature"" ""warming""",google scholar,WW,"Woolway, R. I., Carrea, L., Merchant, C. J., Dokulil, M., de Eyto, E., DeGasperi, C., ... & Weyhenmeyer, G. (2017). Lake surface temperature [in “State of the Climate in 2016”]. Bulletin of the American Meteorological Society, 98(8), 13-14.",
"""lake surface temperature"" ""warming""",google scholar,WW,"Czernecki, B., & Ptak, M. (2018). The impact of global warming on lake surface water temperature in Poland-the application of empirical-statistical downscaling, 1971-2100. Journal of Limnology, 77(2).",
"""lake surface temperature"" ""warming""",google scholar,WW,"Jia, T., Yang, K., Peng, Z., Tang, L., Duan, H., & Luo, Y. (2022). Review on the change trend, attribution analysis, retrieval, simulation, and prediction of lake surface water temperature. IEEE Journal of Selected Topics in Applied Earth Observations and Remote Sensing, 15, 6324-6355.",
"""lake surface temperature"" ""warming""",google scholar,WW,"Zhang, G., Yao, T., Xie, H., Qin, J., Ye, Q., Dai, Y., & Guo, R. (2014). Estimating surface temperature changes of lakes in the Tibetan Plateau using MODIS LST data. Journal of Geophysical Research: Atmospheres, 119(14), 8552-8567.",
"""lake surface temperature"" ""warming""",google scholar,WW,"Peng, Z., Yang, J., Luo, Y., Yang, K., & Shang, C. (2021). Impact of climate warming on the surface water temperature of plateau lake. Acta Geophysica, 69, 895-907.",
"""lake surface temperature"" ""warming""",google scholar,WW,"Piccolroaz, S., Healey, N. C., Lenters, J. D., Schladow, S. G., Hook, S. J., Sahoo, G. B., & Toffolon, M. (2018). On the predictability of lake surface temperature using air temperature in a changing climate: A case study for Lake Tahoe (USA). Limnology and oceanography, 63(1), 243-261.",
"""lake surface temperature"" ""warming""",google scholar,WW,"Tong, Y., Feng, L., Wang, X., Pi, X., Xu, W., & Woolway, R. I. (2023). Global lakes are warming slower than surface air temperature due to accelerated evaporation. Nature Water, 1(11), 929-940.",
"""lake surface temperature"" ""warming""",google scholar,WW,"Brkić, Ž. (2023). Increasing water temperature of the largest freshwater lake on the Mediterranean islands as an indicator of global warming. Heliyon, 9(8).",
"""lake surface temperature"" ""warming""",google scholar,WW,"Xie, C., Zhang, X., Zhuang, L., Zhu, R., & Guo, J. (2022). Analysis of surface temperature variation of lakes in China using MODIS land surface temperature data. Scientific Reports, 12(1), 2415.",
"""lake surface temperature"" ""warming""",google scholar,WW,"Shi, Y., Huang, A., Wu, Y., Lazhu, & Wen, L. (2024). Trends of Summer Lake Surface Water Temperature on the Tibetan Plateau and Their Response to Climate Change. Earth and Space Science, 11(12), e2024EA003910.",
"""lake surface temperature"" ""warming""",google scholar,WW,"Kraemer, B. M., Chandra, S., Dell, A. I., Dix, M., Kuusisto, E., Livingstone, D. M., ... & McIntyre, P. B. (2017). Global patterns in lake ecosystem responses to warming based on the temperature dependence of metabolism. Global Change Biology, 23(5), 1881-1890.",
"""lake surface temperature"" ""warming""",google scholar,WW,"Wang, X., Shi, K., Zhang, Y., Qin, B., Zhang, Y., Wang, W., ... & Jeppesen, E. (2023). Climate change drives rapid warming and increasing heatwaves of lakes. Science bulletin, 68(14), 1574-1584.",
"""lake surface temperature"" ""warming""",google scholar,WW,"Winslow, L. A., Leach, T. H., & Rose, K. C. (2018). Global lake response to the recent warming hiatus. Environmental Research Letters, 13(5), 054005.",
"""lake surface temperature"" ""warming""",google scholar,WW,"Wang, W., Shi, K., Wang, X., Zhang, Y., Qin, B., Zhang, Y., & Woolway, R. I. (2024). The impact of extreme heat on lake warming in China. nature communications, 15(1), 70.",
"""lake surface temperature"" ""warming""",google scholar,WW,"Li, Y., Shi, K., Zhang, Y., Zhu, G., Guo, Y., Li, H., & Du, C. (2022). Warming lake surface water temperatures in Lake Qiandaohu, China: Spatiotemporal variations, influencing factors and implications for the thermal structure. Frontiers in Environmental Science, 10, 995862.",
"""lake surface temperature"" ""warming""",google scholar,WW,"Schmid, M., Hunziker, S., & Wüest, A. (2014). Lake surface temperatures in a changing climate: a global sensitivity analysis. Climatic change, 124, 301-315.",
"""lake surface temperature"" ""warming""",google scholar,WW,"Huang, L., Wang, X., Yan, Y., Jin, L., Yang, K., Chen, A., ... & Piao, S. (2023). Attribution of lake surface water temperature change in large lakes across China over past four decades. Journal of Geophysical Research: Atmospheres, 128(21), e2022JD038465.",
"""lake surface temperature"" ""warming""",google scholar,WW,"Song, S., Yang, J., Liu, L., Bai, G., Zhou, J., & McKay, D. (2024). Lake surface water temperature in China from 2001 to 2021 based on GEE and HANTS. Ecological Informatics, 84, 102903.",
"""lake surface temperature"" ""warming""",google scholar,WW,"Woolway, R. I., Cinque, K., de Eyto, E., DeGasperi, C., Dokulil, M., Korhonen, J., ... & Weyhenmeyer, G. (2016). Lake surface temperature [in"" State of the climate in 2015""]. Bulletin of the American Meteorological Society, 97(8), S17-S18.",
"""lake surface temperature"" ""warming""",google scholar,WW,"Lang, J., Ma, Y., Li, Z., & Su, D. (2021). The impact of climate warming on lake surface heat exchange and ice phenology of different types of lakes on the Tibetan Plateau. Water, 13(5), 634.",
"""lake surface temperature"" ""warming""",google scholar,WW,"Luo, Y., Tang, L., Yang, K., Zhou, X., Liu, J., Zhang, Y., & Peng, Z. (2023). Investigating the warming effect of urban expansion on lake surface water temperature in the Dianchi lake watershed. Journal of Hydrology: Regional Studies, 49, 101516.",
"""lake surface temperature"" ""warming""",google scholar,WW,"Woolway, R. I., & Merchant, C. J. (2017). Amplified surface temperature response of cold, deep lakes to inter-annual air temperature variability. Scientific Reports, 7(1), 4130.",
"""lake surface temperature"" ""warming""",google scholar,WW,"Winslow, L. A., Read, J. S., Hansen, G. J., Rose, K. C., & Robertson, D. M. (2017). Seasonality of change: Summer warming rates do not fully represent effects of climate change on lake temperatures. Limnology and Oceanography, 62(5), 2168-2178.",
"""lake surface temperature"" ""cooling""",scopus,WW,"Braig, E., Welzl, G., Stichler, W., Raeder, U., & Melzer, A. (2010). Entrainment, annual circulation and groundwater inflow in a chain of lakes as inferred by stable 18O isotopic signatures in the water column. Journal of Limnology, 69(2), 278.",
"""lake surface temperature"" ""cooling""",scopus,WW,"Wegwerth, A., Kaiser, J., Dellwig, O., & Arz, H. W. (2020). Impact of Eurasian ice sheet and North Atlantic climate dynamics on Black Sea temperature variability during the penultimate glacial (MIS 6, 130–184 ka BP). Paleoceanography and Paleoclimatology, 35(8), e2020PA003882.",
"""lake surface temperature"" ""cooling""",scopus,WW,"Ito, Y., & Momii, K. (2021). Potential effects of climate changes on evaporation from a temperate deep lake. Journal of Hydrology: Regional Studies, 35, 100816.",
"""lake surface temperature"" ""cooling""",scopus,WW,"Kirillin, G., Shatwell, T., & Kasprzak, P. (2013). Consequences of thermal pollution from a nuclear plant on lake temperature and mixing regime. Journal of Hydrology, 496, 47-56.",
"""lake surface temperature"" ""cooling""",scopus,WW,"Nagarajan, B., Yau, M. K., & Schuepp, P. H. (2004). The effects of small water bodies on the atmospheric heat and water budgets over the MacKenzie River Basin. Hydrological Processes, 18(5), 913-938.",
"""lake surface temperature"" ""cooling""",scopus,WW,"Olsson, F., Mackay, E. B., Spears, B. M., Barker, P., & Jones, I. D. (2025). Interacting impacts of hydrological changes and air temperature warming on lake temperatures highlight the potential for adaptive management. Ambio, 54(3), 402-415.",
"""lake surface temperature"" ""cooling""",scopus,WW,"Rooney, G. G., Van Lipzig, N., & Thiery, W. (2018). Estimating the effect of rainfall on the surface temperature of a tropical lake. Hydrology and Earth System Sciences, 22(12), 6357-6369.",
"""lake surface temperature"" ""cooling""",scopus,WW,"Hondzo, M., You, J., Taylor, J., Bartlet, G., & Voller, V. R. (2022). Measurement and scaling of lake surface skin temperatures. Geophysical Research Letters, 49(6), e2021GL093226.",
"""lake surface temperature"" ""cooling""",scopus,WW,"Šarauskienė, D. (2002). Thermal regime database of Ignalina nuclear power plant cooler–Lake Druksiai. Environmental monitoring and assessment, 79(1), 1-12.",
"""lake surface temperature"" ""cooling""",scopus,WW,"Zhang, X., Wang, K., Frassl, M. A., & Boehrer, B. (2020). Reconstructing six decades of surface temperatures at a shallow lake. Water, 12(2), 405.",
"""lake surface temperature"" ""cooling""",scopus,WW,"Wu, Y., Huang, A., Yang, B., Dong, G., Wen, L., Lazhu, ... & Cai, S. (2019). Numerical study on the climatic effect of the lake clusters over Tibetan Plateau in summer. Climate Dynamics, 53(9), 5215-5236.",
"""lake surface temperature"" ""cooling""",scopus,WW,"Lofgren, B. M., & Zhu, Y. (2000). Surface energy fluxes on the Great Lakes based on satellite-observed surface temperatures 1992 to 1995. Journal of Great Lakes Research, 26(3), 305-314.",
"""lake surface temperature"" ""cooling""",scopus,WW,"Carmack, E., Vagle, S., & Kheyrollah Pour, H. (2024). Seasonal temperature and circulation patterns in a hybrid Polar Lake, Great Bear Lake, Canada. Journal of Geophysical Research: Earth Surface, 129(9), e2024JF007650.",
"""lake surface temperature"" ""cooling""",scopus,WW,"Fink, G., Schmid, M., Wahl, B., Wolf, T., & Wüest, A. (2014). Heat flux modifications related to climate‐induced warming of large European lakes. Water Resources Research, 50(3), 2072-2085.",
"""lake surface temperature"" ""cooling""",scopus,WW,"Wang, J., Hu, H., Schwab, D., Leshkevich, G., Beletsky, D., Hawley, N., & Clites, A. (2010). Development of the Great Lakes ice-circulation model (GLIM): application to Lake Erie in 2003–2004. Journal of Great Lakes Research, 36(3), 425-436.",
"""lake surface temperature"" ""cooling""",scopus,WW,"Gowan, T. M., Steenburgh, W. J., & Minder, J. R. (2021). Downstream evolution and coastal-to-inland transition of landfalling lake-effect systems. Monthly Weather Review, 149(4), 1023-1040.",
"""lake surface temperature"" ""cooling""",scopus,WW,"Bah, A. R., Jean-Soverall, C., Arunyavikul, P., Chen, R., Norouzi, H., & Blake, R. (2021). Analyzing Lakes Surface Temperature Variability at the Global Scale. In 2021 IEEE International Geoscience and Remote Sensing Symposium IGARSS (pp. 6840-6842). IEEE.",
"""lake surface temperature"" ""cooling""",scopus,WW,"Xiao, C., Lofgren, B. M., Wang, J., & Chu, P. Y. (2016). Improving the lake scheme within a coupled WRF‐lake model in the L aurentian G reat L akes. Journal of Advances in Modeling Earth Systems, 8(4), 1969-1985.",
"""lake surface temperature"" ""cooling""",scopus,WW,"Song, K., Wang, M., Du, J., Yuan, Y., Ma, J., Wang, M., & Mu, G. (2016). Spatiotemporal variations of lake surface temperature across the Tibetan Plateau using MODIS LST product. Remote Sensing, 8(10), 854.",
"""lake surface temperature"" ""cooling""",scopus,WW,"Thiery, W., Davin, E. L., Panitz, H. J., Demuzere, M., Lhermitte, S., & Van Lipzig, N. (2015). The impact of the African Great Lakes on the regional climate. Journal of climate, 28(10), 4061-4085.",
"""lake surface temperature"" ""cooling""",scopus,WW,"Qiao, J., Littke, R., Grohmann, S., Zhang, C., Jiang, Z., Strauss, H., & Zieger, L. (2022). Climatic and environmental conditions during the Pleistocene in the Central Qaidam Basin, NE Tibetan Plateau: Evidence from GDGTs, stable isotopes and major and trace elements of the Qigequan Formation. International Journal of Coal Geology, 254, 103958.",
"""lake surface temperature"" ""cooling""",scopus,WW,"Smit, P. J., & Hecker, G. E. (1973). Hydrothermal Model Study Lake Cooling Water Structures: Donald C. Cook Nuclear Plant: American Electric Power Service Corporation. Alden Research Laboratories, Worcester Polytechnic Institute.",
"""lake surface temperature"" ""cooling""",scopus,WW,"Qiu, Y., Chen, J., & Chen, D. (2025). Changes in lake surface temperature on the Tibetan Plateau from 2000 to 2022 and their driving factors. Science China Earth Sciences, 68(5), 1641-1655.",
"""lake surface temperature"" ""cooling""",scopus,WW,"Wu, Y., Huang, A., Lu, Y., Lazhu, Yang, X., Qiu, B., ... & Zhang, X. (2021). Numerical study of the thermal structure and circulation in a large and deep dimictic lake over Tibetan Plateau. Journal of Geophysical Research: Oceans, 126(10), e2021JC017517.",
"""lake surface temperature"" ""cooling""",scopus,WW,"Zhu, L., Jin, J., & Liu, Y. (2020). Modeling the effects of lakes in the Tibetan Plateau on diurnal variations of regional climate and their seasonality. Journal of Hydrometeorology, 21(11), 2523-2536.",
"""lake surface temperature"" ""cooling""",scopus,WW,"Lesht, B. M., & Brandner, D. J. (1992). Functional Representation of Great Lakes Surface Temperatures1. Journal of Great Lakes Research, 18(1), 98-107.",
"""lake surface temperature"" ""cooling""",scopus,WW,"Hofstetter, G. (1954). Der Einfluss meteorologischer Faktoren auf die Temperatur alpiner Seen. Archiv für Meteorologie, Geophysik und Bioklimatologie, Serie B, 5(2), 146-181.",
"""lake surface temperature"" ""warming""",scopus,WW,"Aranda, A. C., Rivera-Ruiz, D., Rodríguez-López, L., Pedreros, P., Arumí-Ribera, J. L., Morales-Salinas, L., ... & Urrutia, R. (2021). Evidence of climate change based on lake surface temperature trends in south central Chile. Remote Sensing, 13(22), 4535.",
"""lake surface temperature"" ""warming""",scopus,WW,"Dokulil, M. T., de Eyto, E., Maberly, S. C., May, L., Weyhenmeyer, G. A., & Woolway, R. I. (2021). Increasing maximum lake surface temperature under climate change. Climatic Change, 165(3), 56.",
"""lake surface temperature"" ""warming""",scopus,WW,"Debnath, M., Syiemlieh, H. J., Sharma, M. C., Kumar, R., Chowdhury, A., & Lal, U. (2018). Glacial lake dynamics and lake surface temperature assessment along the Kangchengayo-Pauhunri Massif, Sikkim Himalaya, 1988–2014. Remote Sensing Applications: Society and Environment, 9, 26-41.",
"""lake surface temperature"" ""warming""",scopus,WW,"Sun, W., Zhang, E., Chang, J., Shulmeister, J., Bird, M. I., Zhao, C., ... & Shen, J. (2020). Archaeal lipid-inferred paleohydrology and paleotemperature of Lake Chenghai during the Pleistocene–Holocene transition. Climate of the Past, 16(3), 833-845.",
"""lake surface temperature"" ""warming""",scopus,WW,"Eugster, W., DelSontro, T., & Sobek, S. (2011). Eddy covariance flux measurements confirm extreme CH 4 emissions from a Swiss hydropower reservoir and resolve their short-term variability. Biogeosciences, 8(9), 2815-2831.",
"""lake surface temperature"" ""warming""",scopus,WW,"Kayastha, M. B., Huang, C., Wang, J., Pringle, W. J., Chakraborty, T. C., Yang, Z., ... & Xue, P. (2023). Insights on simulating summer warming of the Great Lakes: Understanding the behavior of a newly developed coupled lake‐atmosphere modeling system. Journal of Advances in Modeling Earth Systems, 15(7), e2023MS003620.",
"""lake surface temperature"" ""warming""",scopus,WW,"Piccolroaz, S., & Toffolon, M. (2018). The fate of Lake Baikal: how climate change may alter deep ventilation in the largest lake on Earth. Climatic Change, 150(3), 181-194.",
"""lake surface temperature"" ""warming""",scopus,WW,"Czymzik, M., Nowaczyk, N. R., Dellwig, O., Wegwerth, A., Muscheler, R., Christl, M., & Arz, H. W. (2020). Lagged atmospheric circulation response in the Black Sea region to Greenland Interstadial 10. Proceedings of the National Academy of Sciences, 117(46), 28649-28654.",
"""lake surface temperature"" ""warming""",scopus,WW,"Wegwerth, A., Kaiser, J., Dellwig, O., & Arz, H. W. (2020). Impact of Eurasian ice sheet and North Atlantic climate dynamics on Black Sea temperature variability during the penultimate glacial (MIS 6, 130–184 ka BP). Paleoceanography and Paleoclimatology, 35(8), e2020PA003882.",
"""lake surface temperature"" ""warming""",scopus,WW,"Guo, L., Zheng, H., Wu, Y., Zhang, T., Wen, M., Fan, L., & Zhang, B. (2020). Responses of lake ice phenology to climate change at Tibetan Plateau. IEEE Journal of Selected Topics in Applied Earth Observations and Remote Sensing, 13, 3856-3861.",
"""lake surface temperature"" ""warming""",scopus,WW,"Lang, J., Ma, Y., Li, Z., & Su, D. (2021). The impact of climate warming on lake surface heat exchange and ice phenology of different types of lakes on the Tibetan Plateau. Water, 13(5), 634.",
"""lake surface temperature"" ""warming""",scopus,WW,"Stetler, J. T., Girdner, S., Mack, J., Winslow, L. A., Leach, T. H., & Rose, K. C. (2021). Atmospheric stilling and warming air temperatures drive long‐term changes in lake stratification in a large oligotrophic lake. Limnology and Oceanography, 66(3), 954-964.",
"""lake surface temperature"" ""warming""",scopus,WW,"Wang, J., Kessler, J., Bai, X., Clites, A., Lofgren, B., Assuncao, A., ... & Leshkevich, G. (2018). Decadal variability of Great Lakes ice cover in response to AMO and PDO, 1963–2017. Journal of Climate, 31(18), 7249-7268.",
"""lake surface temperature"" ""warming""",scopus,WW,"Pringle, W. J., Huang, C., Xue, P., Wang, J., Sargsyan, K., Kayastha, M. B., ... & Hetland, R. D. (2024). Coupled Lake-Atmosphere-Land Physics Uncertainties in a Great Lakes Regional Climate Model. Authorea Preprints.",
"""lake surface temperature"" ""warming""",scopus,WW,"Safaie, A., Litchman, E., & Phanikumar, M. S. (2017). Evaluating the role of groundwater in circulation and thermal structure within a deep inland lake. Advances in Water Resources, 108, 310-327.",
"""lake surface temperature"" ""warming""",scopus,WW,"Kirillin, G., Shatwell, T., & Kasprzak, P. (2013). Consequences of thermal pollution from a nuclear plant on lake temperature and mixing regime. Journal of Hydrology, 496, 47-56.",
"""lake surface temperature"" ""warming""",scopus,WW,"Wang, X., Shi, K., Zhang, Y., Qin, B., Zhang, Y., Wang, W., ... & Jeppesen, E. (2023). Climate change drives rapid warming and increasing heatwaves of lakes. Science bulletin, 68(14), 1574-1584.",
"""lake surface temperature"" ""warming""",scopus,WW,"Su, D., Hu, X., Wen, L., Lyu, S., Gao, X., Zhao, L., ... & Kirillin, G. (2019). Numerical study on the response of the largest lake in China to climate change. Hydrology and Earth System Sciences, 23(4), 2093-2109.",
"""lake surface temperature"" ""warming""",scopus,WW,"Woolway, R. I., Merchant, C. J., Van Den Hoek, J., Azorin‐Molina, C., Nõges, P., Laas, A., ... & Jones, I. D. (2019). Northern Hemisphere atmospheric stilling accelerates lake thermal responses to a warming world. Geophysical Research Letters, 46(21), 11983-11992.",
"""lake surface temperature"" ""warming""",scopus,WW,"Olsson, F., Mackay, E. B., Spears, B. M., Barker, P., & Jones, I. D. (2025). Interacting impacts of hydrological changes and air temperature warming on lake temperatures highlight the potential for adaptive management. Ambio, 54(3), 402-415.",
"""lake surface temperature"" ""warming""",scopus,WW,"Gray, D. K., Hampton, S. E., O'Reilly, C. M., Sharma, S., & Cohen, R. S. (2018). How do data collection and processing methods impact the accuracy of long‐term trend estimation in lake surface‐water temperatures?. Limnology and Oceanography: Methods, 16(8), 504-515.",
"""lake surface temperature"" ""warming""",scopus,WW,"Kraemer, B. M., Mehner, T., & Adrian, R. (2017). Reconciling the opposing effects of warming on phytoplankton biomass in 188 large lakes. Scientific reports, 7(1), 10762.",
"""lake surface temperature"" ""warming""",scopus,WW,"Dee, S. G., Morrill, C., Kim, S. H., & Russell, J. M. (2021). Hot air, hot lakes, or both? Exploring mid‐Holocene African temperatures using proxy system modeling. Journal of Geophysical Research: Atmospheres, 126(10), e2020JD033269.",
"""lake surface temperature"" ""warming""",scopus,WW,"Wang, W., Shi, K., Wang, X., Zhang, Y., Qin, B., Zhang, Y., & Woolway, R. I. (2024). The impact of extreme heat on lake warming in China. nature communications, 15(1), 70.",
"""lake surface temperature"" ""warming""",scopus,WW,"Schneider, P., Hook, S. J., Radocinski, R. G., Corlett, G. K., Hulley, G. C., Schladow, S. G., & Steissberg, T. E. (2009). Satellite observations indicate rapid warming trend for lakes in California and Nevada. Geophysical Research Letters, 36(22).",
"""lake surface water temperature""  ""trend""",scopus,OR,"Wang, R., Dong, W., Sun, J., Sojka, M., Ptak, M., & Zhu, S. (2025). Long-Term Trends of Lake Surface Water Temperatures in Lowland Polish Temperate Lakes. Atmosphere, 16(2), 120.",
"""lake surface water temperature""  ""trend""",scopus,OR,"Lieberherr, G., & Wunderle, S. (2018). Lake surface water temperature derived from 35 years of AVHRR sensor data for European lakes. Remote sensing, 10(7), 990.",
"""lake surface water temperature""  ""trend""",scopus,OR,"Kun, Y., Zhenyu, Y., Luo, Y., Chunxue, S., & Yang, Y. (2018). Lake surface water temperature prediction and visualization. Chinese Journal of Scientific Instrument, 38(12), 3090-3099.",
"""lake surface water temperature""  ""trend""",scopus,OR,"Yang, J., Yang, K., Zhang, Y., Luo, Y., & Shang, C. (2022). Maximum lake surface water temperatures changing characteristics under climate change. Environmental Science and Pollution Research, 29(2), 2547-2554.",
"""lake surface water temperature""  ""trend""",scopus,OR,"Yang, K., Yu, Z., & Luo, Y. (2020). Analysis on driving factors of lake surface water temperature for major lakes in Yunnan-Guizhou Plateau. Water Research, 184, 116018.",
"""lake surface water temperature""  ""trend""",scopus,OR,"Yang, K., Yu, Z., Luo, Y., Zhou, X., & Shang, C. (2019). Spatial‐temporal variation of lake surface water temperature and its driving factors in Yunnan‐Guizhou Plateau. Water Resources Research, 55(6), 4688-4703.",
"""lake surface water temperature""  ""trend""",scopus,OR,"Peng, Z., Yang, K., Shang, C., Duan, H., Tang, L., Zhang, Y., ... & Luo, Y. (2022). Attribution analysis of lake surface water temperature changing—taking China’s six main lakes as example. Ecological Indicators, 145, 109651.",
"""lake surface water temperature""  ""trend""",scopus,OR,"Jia, T., Yang, K., Peng, Z., Tang, L., Duan, H., & Luo, Y. (2022). Review on the change trend, attribution analysis, retrieval, simulation, and prediction of lake surface water temperature. IEEE Journal of Selected Topics in Applied Earth Observations and Remote Sensing, 15, 6324-6355.",
"""lake surface water temperature""  ""trend""",scopus,OR,"Shi, Y., Huang, A., Wu, Y., Lazhu, & Wen, L. (2024). Trends of Summer Lake Surface Water Temperature on the Tibetan Plateau and Their Response to Climate Change. Earth and Space Science, 11(12), e2024EA003910.",
"""lake surface water temperature""  ""trend""",scopus,OR,"Duan, H., Yang, K., Shang, C., Zhou, X., & Luo, Y. (2024). Anthropogenic impact of lake surface water temperature of lakes: A case study of eleven lakes on the yunnan-guizhou plateau. Ecological Indicators, 165, 112165.",
"""lake surface water temperature""  ""trend""",scopus,OR,"Jungkeit-Milla, K., Pérez-Cabello, F., de Vera-García, A. V., Galofré, M., & Valero-Garcés, B. (2024). Lake Surface Water Temperature in high altitude lakes in the Pyrenees: Combining satellite with monitoring data to assess recent trends. Science of the Total Environment, 933, 173181.",
"""lake surface water temperature""  ""trend""",scopus,OR,"Yao, T., Lu, H., Yu, Q., Feng, W., Xue, Y., Feng, S., & Xiao, S. (2022). Temporal and spatial heterogeneity of recent lake surface water temperature trends in the Qinghai-Tibet Plateau. Geocarto International, 37(25), 9002-9020.",
"""lake surface water temperature""  ""trend""",scopus,OR,"Fichot, C. G., Matsumoto, K., Holt, B., Gierach, M. M., & Tokos, K. S. (2019). Assessing change in the overturning behavior of the Laurentian Great Lakes using remotely sensed lake surface water temperatures. Remote Sensing of Environment, 235, 111427.",
"""lake surface water temperature""  ""trend""",scopus,OR,"Brkić, Ž., & Larva, O. (2024). Impact of climate change on the Vrana Lake surface water temperature in Croatia using support vector regression. Journal of Hydrology: Regional Studies, 54, 101858.",
"""lake surface water temperature""  ""trend""",scopus,OR,"Piccolroaz, S., Woolway, R. I., & Merchant, C. J. (2020). Global reconstruction of twentieth century lake surface water temperature reveals different warming trends depending on the climatic zone. Climatic Change, 160(3), 427-442.",
"""lake surface water temperature""  ""trend""",scopus,OR,"Yu, Z., Yang, K., Luo, Y., Wang, P., & Yang, Z. (2021). Research on the lake surface water temperature downscaling based on deep learning. IEEE Journal of Selected Topics in Applied Earth Observations and Remote Sensing, 14, 5550-5558.",
"""lake surface water temperature""  ""trend""",scopus,OR,"Li, D., Luo, Y., Yang, K., Shang, C., Zhu, S., Peng, S., ... & Wei, H. (2024). Effects of climate change and urbanization on spatiotemporal variations of lake surface water temperature. IEEE Journal of Selected Topics in Applied Earth Observations and Remote Sensing.",
"""lake surface water temperature""  ""trend""",scopus,OR,"Yu, Z., Yang, K., Luo, Y., Shang, C., & Zhu, Y. (2020). Lake surface water temperature prediction and changing characteristics analysis-A case study of 11 natural lakes in Yunnan-Guizhou Plateau. Journal of Cleaner Production, 276, 122689.",
"""lake surface water temperature""  ""trend""",scopus,OR,"Huang, L., Wang, X., Yan, Y., Jin, L., Yang, K., Chen, A., ... & Piao, S. (2023). Attribution of lake surface water temperature change in large lakes across China over past four decades. Journal of Geophysical Research: Atmospheres, 128(21), e2022JD038465.",
"""lake surface water temperature""  ""trend""",scopus,OR,"Bayable, G., Cai, J., Mekonnen, M., Legesse, S. A., Ishikawa, K., Sato, S., & Kuwahara, V. S. (2024). Spatiotemporal variability of lake surface water temperature and water quality parameters and its interrelationship with water hyacinth biomass in Lake Tana, Ethiopia. Environmental Science and Pollution Research, 31(33), 45929-45953.",
"""lake surface water temperature""  ""trend""",scopus,OR,"Zhao, Y., Yang, K., Luo, Y., & Yu, Z. (2022). Spatial–temporal characteristics of surface thermal environment and its effect on Lake surface water temperature in Dianchi Lake basin. Frontiers in Ecology and Evolution, 10, 984692.",
"""lake surface water temperature""  ""trend""",scopus,OR,"Herrick, C., Steele, B. G., Brentrup, J. A., Cottingham, K. L., Ducey, M. J., Lutz, D. A., ... & Weathers, K. C. (2023). lakeCoSTR: A tool to facilitate use of Landsat Collection 2 to estimate lake surface water temperatures. Ecosphere, 14(1), e4357.",
"""lake surface water temperature""  ""trend""",scopus,OR,"Wang, X., Shi, K., Qin, B., Zhang, Y., & Woolway, R. I. (2024). Disproportionate impact of atmospheric heat events on lake surface water temperature increases. Nature Climate Change, 14(11), 1172-1177.",
"""lake surface water temperature""  ""trend""",scopus,OR,"Li, Y., Shi, K., Zhang, Y., Zhu, G., Guo, Y., Li, H., & Du, C. (2022). Warming lake surface water temperatures in Lake Qiandaohu, China: Spatiotemporal variations, influencing factors and implications for the thermal structure. Frontiers in Environmental Science, 10, 995862.",
"""lake surface water temperature""  ""trend""",scopus,OR,"Wan, W., Zhao, L., Xie, H., Liu, B., Li, H., Cui, Y., ... & Hong, Y. (2018). Lake surface water temperature change over the Tibetan plateau from 2001 to 2015: A sensitive indicator of the warming climate. Geophysical Research Letters, 45(20), 11-177.",
"""lake surface water temperature""  ""trend""",google scholar,OR,"Jia, T., Yang, K., Peng, Z., Tang, L., Duan, H., & Luo, Y. (2022). Review on the change trend, attribution analysis, retrieval, simulation, and prediction of lake surface water temperature. IEEE Journal of Selected Topics in Applied Earth Observations and Remote Sensing, 15, 6324-6355.",
"""lake surface water temperature""  ""trend""",google scholar,OR,"Lieberherr, G., & Wunderle, S. (2018). Lake surface water temperature derived from 35 years of AVHRR sensor data for European lakes. Remote sensing, 10(7), 990.",
"""lake surface water temperature""  ""trend""",google scholar,OR,"Yang, K., Yu, Z., & Luo, Y. (2020). Analysis on driving factors of lake surface water temperature for major lakes in Yunnan-Guizhou Plateau. Water Research, 184, 116018.",
"""lake surface water temperature""  ""trend""",google scholar,OR,"Yu, Z., Yang, K., Luo, Y., Shang, C., & Zhu, Y. (2020). Lake surface water temperature prediction and changing characteristics analysis-A case study of 11 natural lakes in Yunnan-Guizhou Plateau. Journal of Cleaner Production, 276, 122689.",
"""lake surface water temperature""  ""trend""",google scholar,OR,"Yang, K., Yu, Z., Luo, Y., Yang, Y., Zhao, L., & Zhou, X. (2018). Spatial and temporal variations in the relationship between lake water surface temperatures and water quality-A case study of Dianchi Lake. Science of the total environment, 624, 859-871.",
"""lake surface water temperature""  ""trend""",google scholar,OR,"Yang, K., Yu, Z., Luo, Y., Zhou, X., & Shang, C. (2019). Spatial‐temporal variation of lake surface water temperature and its driving factors in Yunnan‐Guizhou Plateau. Water Resources Research, 55(6), 4688-4703.",
"""lake surface water temperature""  ""trend""",google scholar,OR,"Xie, C., Zhang, X., Zhuang, L., Zhu, R., & Guo, J. (2022). Analysis of surface temperature variation of lakes in China using MODIS land surface temperature data. Scientific Reports, 12(1), 2415.",
"""lake surface water temperature""  ""trend""",google scholar,OR,"Wan, W., Zhao, L., Xie, H., Liu, B., Li, H., Cui, Y., ... & Hong, Y. (2018). Lake surface water temperature change over the Tibetan plateau from 2001 to 2015: A sensitive indicator of the warming climate. Geophysical Research Letters, 45(20), 11-177.",
"""lake surface water temperature""  ""trend""",google scholar,OR,"Huang, L., Wang, X., Yan, Y., Jin, L., Yang, K., Chen, A., ... & Piao, S. (2023). Attribution of lake surface water temperature change in large lakes across China over past four decades. Journal of Geophysical Research: Atmospheres, 128(21), e2022JD038465.",
"""lake surface water temperature""  ""trend""",google scholar,OR,"Song, S., Yang, J., Liu, L., Bai, G., Zhou, J., & McKay, D. (2024). Lake surface water temperature in China from 2001 to 2021 based on GEE and HANTS. Ecological Informatics, 84, 102903.",
"""lake surface water temperature""  ""trend""",google scholar,OR,"Shi, Y., Huang, A., Wu, Y., Lazhu, & Wen, L. (2024). Trends of Summer Lake Surface Water Temperature on the Tibetan Plateau and Their Response to Climate Change. Earth and Space Science, 11(12), e2024EA003910.",
"""lake surface water temperature""  ""trend""",google scholar,OR,"Peng, Z., Yang, K., Shang, C., Duan, H., Tang, L., Zhang, Y., ... & Luo, Y. (2022). Attribution analysis of lake surface water temperature changing—taking China’s six main lakes as example. Ecological Indicators, 145, 109651.",
"""lake surface water temperature""  ""trend""",google scholar,OR,"Dokulil, M. T., de Eyto, E., Maberly, S. C., May, L., Weyhenmeyer, G. A., & Woolway, R. I. (2021). Increasing maximum lake surface temperature under climate change. Climatic Change, 165(3), 56.",
"""lake surface water temperature""  ""trend""",google scholar,OR,"Yang, K., Zhang, Y., Luo, Y., & Shang, C. (2021). Precipitation events impact on urban lake surface water temperature under the perspective of macroscopic scale. Environmental Science and Pollution Research, 28, 16767-16780.",
"""lake surface water temperature""  ""trend""",google scholar,OR,"MacCallum, S. N., & Merchant, C. J. (2012). Surface water temperature observations of large lakes by optimal estimation. Canadian Journal of Remote Sensing, 38(1), 25-45.",
"""lake surface water temperature""  ""trend""",google scholar,OR,"Zhao, Y., Yang, K., Luo, Y., & Yu, Z. (2022). Spatial–temporal characteristics of surface thermal environment and its effect on Lake surface water temperature in Dianchi Lake basin. Frontiers in Ecology and Evolution, 10, 984692.",
"""lake surface water temperature""  ""trend""",google scholar,OR,"Senyshen, M. D., & Chen, D. (2023). The impact of land cover change on surface water temperature of small lakes in Eastern Ontario from 1985 to 2020. Land, 12(3), 547.",
"""lake surface water temperature""  ""trend""",google scholar,OR,"Yang, J., Yang, K., Zhang, Y., Luo, Y., & Shang, C. (2022). Maximum lake surface water temperatures changing characteristics under climate change. Environmental Science and Pollution Research, 29(2), 2547-2554.",
"""lake surface water temperature""  ""trend""",google scholar,OR,"Czernecki, B., & Ptak, M. (2018). The impact of global warming on lake surface water temperature in Poland-the application of empirical-statistical downscaling, 1971-2100. Journal of Limnology, 77(2).",
"""lake surface water temperature""  ""trend""",google scholar,OR,"Sojka, M., & Ptak, M. (2024). Reconstruction of Surface Water Temperature in Lakes as a Source for Long-Term Analysis of Its Changes. Water, 16(23), 3347.",
"""lake surface water temperature""  ""trend""",google scholar,OR,"Luo, Y., Zhang, Y., Yang, K., Yu, Z., & Zhu, Y. (2019). Spatiotemporal variations in Dianchi lake’s surface water temperature from 2001 to 2017 under the influence of climate warming. Ieee Access, 7, 115378-115387.",
"""lake surface water temperature""  ""trend""",google scholar,OR,"Dyba, K., Ermida, S., Ptak, M., Piekarczyk, J., & Sojka, M. (2022). Evaluation of methods for estimating lake surface water temperature using Landsat 8. Remote Sensing, 14(15), 3839.",
"""lake surface water temperature""  ""trend""",google scholar,OR,"Sobrino, J. A., García-Monteiro, S., & Julien, Y. (2024). An analysis of the Lake Surface Water Temperature evolution of the world’s largest lakes during the years 2003-2020 using MODIS data. Recent Adv. Remote Sens, 1, 1-9.",
"""lake surface water temperature""  ""trend""",google scholar,OR,"Duan, H., Shang, C., Yang, K., & Luo, Y. (2022). Dynamic response of surface water temperature in Urban Lakes under different climate scenarios—a case study in dianchi Lake, China. International Journal of Environmental Research and Public Health, 19(19), 12142.",
"""lake surface water temperature""  ""trend""",google scholar,OR,"Fiedler, E. K., Martin, M. J., & Roberts-Jones, J. (2014). An operational analysis of lake surface water temperature. Tellus A: Dynamic Meteorology and Oceanography, 66(1), 21247.",
"""lake surface water temperature""  ""trend""",google scholar,OR,"Wang, R., Dong, W., Sun, J., Sojka, M., Ptak, M., & Zhu, S. (2025). Long-Term Trends of Lake Surface Water Temperatures in Lowland Polish Temperate Lakes. Atmosphere, 16(2), 120.",
"""lake surface water temperature""  ""trend""",google scholar,OR,"Brkić, Ž., & Larva, O. (2024). Impact of climate change on the Vrana Lake surface water temperature in Croatia using support vector regression. Journal of Hydrology: Regional Studies, 54, 101858.",
"""lake surface water temperature""  ""trend""",google scholar,OR,"Woolway, R. I., Weyhenmeyer, G. A., Schmid, M., Dokulil, M. T., de Eyto, E., Maberly, S. C., ... & Merchant, C. J. (2019). Substantial increase in minimum lake surface temperatures under climate change. Climatic Change, 155, 81-94.",
"""lake surface water temperature""  ""trend""",google scholar,OR,"Jungkeit-Milla, K., Pérez-Cabello, F., de Vera-García, A. V., Galofré, M., & Valero-Garcés, B. (2024). Lake Surface Water Temperature in high altitude lakes in the Pyrenees: Combining satellite with monitoring data to assess recent trends. Science of the Total Environment, 933, 173181.",
"""lake surface water temperature"" ""cooling""",scopus,MS,"Anderson, E. J., Stow, C. A., Gronewold, A. D., Mason, L. A., McCormick, M. J., Qian, S. S., ... & Hawley, N. (2021). Seasonal overturn and stratification changes drive deep-water warming in one of Earth’s largest lakes. Nature communications, 12(1), 1688.",
"""lake surface water temperature"" ""cooling""",google scholar,MS,"Dyba, K., Ermida, S., Ptak, M., Piekarczyk, J., & Sojka, M. (2022). Evaluation of methods for estimating lake surface water temperature using Landsat 8. Remote Sensing, 14(15), 3839.",
"""lake surface water temperature"" ""cooling""",scopus,MS,"Foroughan, M., Lemmin, U., & Barry, D. A. (2022). Effects of natural surfactants on the spatial variability of surface water temperature under intermittent light winds on Lake Geneva. Journal of Limnology, 81(1).",
"""lake surface water temperature"" ""cooling""",google scholar,MS,"Huang, L., Wang, X., Sang, Y., Tang, S., Jin, L., Yang, H., ... & Zhang, Y. (2021). Optimizing lake surface water temperature simulations over large lakes in China with FLake model. Earth and Space Science, 8(8), e2021EA001737.",
"""lake surface water temperature"" ""cooling""",google scholar,MS,"Huang, L., Wang, X., Yan, Y., Jin, L., Yang, K., Chen, A., ... & Piao, S. (2023). Attribution of lake surface water temperature change in large lakes across China over past four decades. Journal of Geophysical Research: Atmospheres, 128(21), e2022JD038465.",
"""lake surface water temperature"" ""cooling""",scopus,MS,"Huang, L., Wang, X., Yan, Y., Jin, L., Yang, K., Chen, A., ... & Piao, S. (2023). Attribution of lake surface water temperature change in large lakes across China over past four decades. Journal of Geophysical Research: Atmospheres, 128(21), e2022JD038465.",
"""lake surface water temperature"" ""cooling""",scopus,MS,"Irani Rahaghi, A., Lemmin, U., & Barry, D. A. (2019). Surface water temperature heterogeneity at subpixel satellite scales and its effect on the surface cooling estimates of a large lake: Airborne remote sensing results from Lake Geneva. Journal of Geophysical Research: Oceans, 124(1), 635-651.",
"""lake surface water temperature"" ""cooling""",google scholar,MS,"Irani Rahaghi, A., Lemmin, U., & Barry, D. A. (2019). Surface water temperature heterogeneity at subpixel satellite scales and its effect on the surface cooling estimates of a large lake: Airborne remote sensing results from Lake Geneva. Journal of Geophysical Research: Oceans, 124(1), 635-651.",
"""lake surface water temperature"" ""cooling""",google scholar,MS,"Jia, T., Yang, K., Peng, Z., Tang, L., Duan, H., & Luo, Y. (2022). Review on the change trend, attribution analysis, retrieval, simulation, and prediction of lake surface water temperature. IEEE Journal of Selected Topics in Applied Earth Observations and Remote Sensing, 15, 6324-6355.",
"""lake surface water temperature"" ""cooling""",scopus,MS,"Kishcha, P., Starobinets, B., Lechinsky, Y., & Alpert, P. (2021). Absence of surface water temperature trends in Lake Kinneret despite present atmospheric warming: Comparisons with Dead Sea trends. Remote Sensing, 13(17), 3461.",
"""lake surface water temperature"" ""cooling""",google scholar,MS,"Layden, A., MacCallum, S. N., & Merchant, C. J. (2016). Determining lake surface water temperatures worldwide using a tuned one-dimensional lake model (FLake, v1). Geoscientific Model Development, 9(6), 2167-2189.",
"""lake surface water temperature"" ""cooling""",google scholar,MS,"Layden, A., Merchant, C., & MacCallum, S. (2015). Global climatology of surface water temperatures of large lakes by remote sensing. International Journal of Climatology, 35(15), 4464-4479.",
"""lake surface water temperature"" ""cooling""",google scholar,MS,"Lieberherr, G., & Wunderle, S. (2018). Lake surface water temperature derived from 35 years of AVHRR sensor data for European lakes. Remote sensing, 10(7), 990.",
"""lake surface water temperature"" ""cooling""",google scholar,MS,"Liu, G., Ou, W., Zhang, Y., Wu, T., Zhu, G., Shi, K., & Qin, B. (2015). Validating and mapping surface water temperatures in Lake Taihu: Results from MODIS land surface temperature products. IEEE Journal of Selected Topics in Applied Earth Observations and Remote Sensing, 8(3), 1230-1244.",
"""lake surface water temperature"" ""cooling""",scopus,MS,"Luz, G. A. D., Guasselli, L. A., & Rocha, D. (2017). Temperature Surface of Guaíba Lake, RS, from time series of MODIS images. RBRH, 22, e17.",
"""lake surface water temperature"" ""cooling""",scopus,MS,"Mushtaq, F., Ahmed, P., & Nee Lala, M. G. (2021). Variability of lake surface water temperature: a case study during El Nino and La Nina events over the Himalayan lake region. Physical Geography, 42(3), 240-264.",
"""lake surface water temperature"" ""cooling""",scopus,MS,"Pan, H. M., Cai, H. Y., Wang, B. Z., Zhang, P., & Yao, Y. (2023). Evolution characteristics of water temperature in Lake Dongting from 1973 to 2020. J Lake Sci, 35(1), 326-337.",
"""lake surface water temperature"" ""cooling""",google scholar,MS,"Pilla, R. M., Williamson, C. E., Zhang, J., Smyth, R. L., Lenters, J. D., Brentrup, J. A., ... & Fisher, T. J. (2018). Browning‐related decreases in water transparency lead to long‐term increases in surface water temperature and thermal stratification in two small lakes. Journal of Geophysical Research: Biogeosciences, 123(5), 1651-1665.",
"""lake surface water temperature"" ""cooling""",scopus,MS,"Richardson, D. C., Melles, S. J., Pilla, R. M., Hetherington, A. L., Knoll, L. B., Williamson, C. E., ... & Wigdahl-Perry, C. R. (2017). Transparency, geomorphology and mixing regime explain variability in trends in lake temperature and stratification across Northeastern North America (1975–2014). Water, 9(6), 442.",
"""lake surface water temperature"" ""cooling""",google scholar,MS,"Senyshen, M. D., & Chen, D. (2023). The impact of land cover change on surface water temperature of small lakes in Eastern Ontario from 1985 to 2020. Land, 12(3), 547.",
"""lake surface water temperature"" ""cooling""",scopus,MS,"Senyshen, M. D., & Chen, D. (2023). The impact of land cover change on surface water temperature of small lakes in Eastern Ontario from 1985 to 2020. Land, 12(3), 547.",
"""lake surface water temperature"" ""cooling""",google scholar,MS,"Shi, Y., Huang, A., Wu, Y., Lazhu, & Wen, L. (2024). Trends of Summer Lake Surface Water Temperature on the Tibetan Plateau and Their Response to Climate Change. Earth and Space Science, 11(12), e2024EA003910.",
"""lake surface water temperature"" ""cooling""",scopus,MS,"Tang, L., Yang, K., Shang, C., Peng, Z., & Luo, Y. (2022). Spatial impact of urban expansion on lake surface water temperature based on the perspective of watershed scale. Frontiers in Environmental Science, 10, 991502.",
"""lake surface water temperature"" ""cooling""",scopus,MS,"Toffolon, M., Cortese, L., & Bouffard, D. (2021). SELF v1. 0: a minimal physical model for predicting time of freeze-up in lakes. Geoscientific Model Development Discussions, 2021, 1-26.",
"""lake surface water temperature"" ""cooling""",scopus,MS,"Toffolon, M., Yousefi, A., & Piccolroaz, S. (2022). Estimation of the thermally reactive layer in lakes based on surface water temperature. Water Resources Research, 58(6), e2021WR031755.",
"""lake surface water temperature"" ""cooling""",scopus,MS,"Virdis, S. G., Soodcharoen, N., Lugliè, A., & Padedda, B. M. (2020). Estimation of satellite-derived lake water surface temperatures in the western Mediterranean: Integrating multi-source, multi-resolution imagery and a long-term field dataset using a time series approach. Science of the total environment, 707, 135567.",
"""lake surface water temperature"" ""cooling""",google scholar,MS,"Wan, W., Zhao, L., Xie, H., Liu, B., Li, H., Cui, Y., ... & Hong, Y. (2018). Lake surface water temperature change over the Tibetan plateau from 2001 to 2015: A sensitive indicator of the warming climate. Geophysical Research Letters, 45(20), 11-177.",
"""lake surface water temperature"" ""cooling""",scopus,MS,"Wan, W., Zhao, L., Xie, H., Liu, B., Li, H., Cui, Y., ... & Hong, Y. (2018). Lake surface water temperature change over the Tibetan plateau from 2001 to 2015: A sensitive indicator of the warming climate. Geophysical Research Letters, 45(20), 11-177.",
"""lake surface water temperature"" ""cooling""",scopus,MS,"Wang, X., Wang, W., He, Y., Zhang, S., Huang, W., Woolway, R. I., ... & Yang, X. (2023). Numerical simulation of thermal stratification in Lake Qiandaohu using an improved WRF-Lake model. Journal of Hydrology, 618, 129184.",
"""lake surface water temperature"" ""cooling""",google scholar,MS,"Xie, C., Zhang, X., Zhuang, L., Zhu, R., & Guo, J. (2022). Analysis of surface temperature variation of lakes in China using MODIS land surface temperature data. Scientific Reports, 12(1), 2415.",
"""lake surface water temperature"" ""cooling""",google scholar,MS,"Yang, K., Yu, Z., & Luo, Y. (2020). Analysis on driving factors of lake surface water temperature for major lakes in Yunnan-Guizhou Plateau. Water Research, 184, 116018.",
"""lake surface water temperature"" ""cooling""",google scholar,MS,"Yang, K., Zhang, Y., Luo, Y., & Shang, C. (2021). Precipitation events impact on urban lake surface water temperature under the perspective of macroscopic scale. Environmental Science and Pollution Research, 28, 16767-16780.",
"""lake surface water temperature"" ""cooling""",google scholar,MS,"Yu, Z., Yang, K., Luo, Y., Shang, C., & Zhu, Y. (2020). Lake surface water temperature prediction and changing characteristics analysis-A case study of 11 natural lakes in Yunnan-Guizhou Plateau. Journal of Cleaner Production, 276, 122689.",
"""lake surface water temperature"" ""cooling""",google scholar,MS,"Yu, Z., Yang, K., Luo, Y., Wang, P., & Yang, Z. (2021). Research on the lake surface water temperature downscaling based on deep learning. IEEE Journal of Selected Topics in Applied Earth Observations and Remote Sensing, 14, 5550-5558.",
"""lake surface water temperature"" ""cooling""",scopus,MS,"Yue, J., Xiao, J., Wang, X., Meckler, A. N., Modestou, S. E., & Fan, J. (2022). “Cold and wet” and “warm and dry” climate transitions at the East Asian summer monsoon boundary during the last deglaciation. Quaternary Science Reviews, 295, 107767.",
"""lake surface water temperature"" ""cooling""",google scholar,MS,"Zhang, X., Wang, K., Frassl, M. A., & Boehrer, B. (2020). Reconstructing six decades of surface temperatures at a shallow lake. Water, 12(2), 405.",
"""lake surface water temperature"" ""cooling""",scopus,MS,"Zhang, X., Wang, K., Frassl, M. A., & Boehrer, B. (2020). Reconstructing six decades of surface temperatures at a shallow lake. Water, 12(2), 405.",
"""lake surface water temperature"" ""cooling""",scopus,MS,"Zhao, S., Sun, H., Cheng, J., & Zhang, G. (2025). Water Surface Temperature Dynamics of the Three Largest Ice-Contact Lakes in the Patagonia Icefield over the Last 20 Years. Water (20734441), 17(3).",
"""lake surface water temperature"" ""cooling""",google scholar,MS,"Zhao, Y., Yang, K., Luo, Y., & Yu, Z. (2022). Spatial–temporal characteristics of surface thermal environment and its effect on Lake surface water temperature in Dianchi Lake basin. Frontiers in Ecology and Evolution, 10, 984692.",
"""lake surface water temperature"" ""cooling""",scopus,MS,"Zhao, Y., Yang, K., Luo, Y., & Yu, Z. (2022). Spatial–temporal characteristics of surface thermal environment and its effect on Lake surface water temperature in Dianchi Lake basin. Frontiers in Ecology and Evolution, 10, 984692.",
"""lake surface water temperature"" ""cooling""",google scholar,MS,"Luo, Y., Tang, L., Yang, K., Zhou, X., Liu, J., Zhang, Y., & Peng, Z. (2023). Investigating the warming effect of urban expansion on lake surface water temperature in the Dianchi lake watershed. Journal of Hydrology: Regional Studies, 49, 101516.",
"""lake surface water temperature"" ""cooling""",google scholar,MS,"Czernecki, B., & Ptak, M. (2018). The impact of global warming on lake surface water temperature in Poland-the application of empirical-statistical downscaling, 1971-2100. Journal of Limnology, 77(2).",
"""lake surface water temperature"" ""cooling""",google scholar,MS,"Duan, H., Yang, K., Zhou, X., & Luo, Y. (2025). Temporal and spatial dynamics of surface water temperature changes in China's major lakes. Water Resources Research, 61(7), e2024WR038855.",
"""lake surface water temperature"" ""cooling""",google scholar,MS,"Toffolon, M., Yousefi, A., & Piccolroaz, S. (2022). Estimation of the thermally reactive layer in lakes based on surface water temperature. Water Resources Research, 58(6), e2021WR031755.",
"""lake surface water temperature"" ""cooling""",google scholar,MS,"Yang, K., Yu, Z., Luo, Y., Zhou, X., & Shang, C. (2019). Spatial‐temporal variation of lake surface water temperature and its driving factors in Yunnan‐Guizhou Plateau. Water Resources Research, 55(6), 4688-4703.",
"""lake surface water temperature"" ""cooling""",scopus,MS,"Mayle, F. E., & Cwynar, L. C. (1995). A review of multi-proxy data for the Younger Dryas in Atlantic Canada. Quaternary Science Reviews, 14(9), 813-821.",
"""lake surface water temperature"" ""cooling""",scopus,MS,"Trumpickas, J., Shuter, B. J., & Minns, C. K. (2009). Forecasting impacts of climate change on Great Lakes surface water temperatures. Journal of Great Lakes Research, 35(3), 454-463.",
"""lake surface water temperature"" ""cooling""",scopus,MS,"Lamaro, A. A., Mariñelarena, A., Torrusio, S. E., & Sala, S. E. (2013). Water surface temperature estimation from Landsat 7 ETM+ thermal infrared data using the generalized single-channel method: Case study of Embalse del Río Tercero (Córdoba, Argentina). Advances in Space Research, 51(3), 492-500.",
"""lake surface water temperature"" ""cooling""",scopus,MS,"Bah, A. R., Jean-Soverall, C., Arunyavikul, P., Chen, R., Norouzi, H., & Blake, R. (2021). Analyzing Lakes Surface Temperature Variability at the Global Scale. In 2021 IEEE International Geoscience and Remote Sensing Symposium IGARSS (pp. 6840-6842). IEEE.",
"""pond surface temperature"" ""cooling""",google scholar,MS,"Nguyen, Q. V., & Thi, V. H. D. (2025). Influence of Pond System on Surface Temperature and Urban Cooling. Ecohydrology, 18(1), e2760.",
"""pond surface temperature"" ""cooling""",scopus,MS,"Nguyen, Q. V., & Thi, V. H. D. (2025). Influence of Pond System on Surface Temperature and Urban Cooling. Ecohydrology, 18(1), e2760.",
"""pond surface temperature"" ""cooling""",google scholar,MS,"Herb, W. R., Mohseni, O., & Stefan, H. G. (2009). Simulation of temperature mitigation by a stormwater detention pond 1. JAWRA Journal of the American Water Resources Association, 45(5), 1164-1178.",
"""pond surface temperature"" ""cooling""",scopus,MS,"Herb, W. R., Mohseni, O., & Stefan, H. G. (2009). Simulation of temperature mitigation by a stormwater detention pond 1. JAWRA Journal of the American Water Resources Association, 45(5), 1164-1178.",
"""pond surface temperature"" ""cooling""",google scholar,MS,"Stajkowski, S., Laleva, A., Farghaly, H., Bonakdari, H., & Gharabaghi, B. (2021). Modelling dry-weather temperature profiles in urban stormwater management ponds. Journal of Hydrology, 598, 126206.",
"""pond surface temperature"" ""cooling""",google scholar,MS,"Bärenbold, F., Bouffard, D., & Schmid, M. (2024). Significant bias in pond surface temperature measurements caused by solar radiation.",
"""pond surface temperature"" ""cooling""",google scholar,MS,"Herb, W. R., Janke, B., Mohseni, O., & Stefan, H. G. (2007). Estimation of runoff temperatures and heat export from different land and water surfaces.",
"""pond surface temperature"" ""cooling""",google scholar,MS,"Herb, W. R., Weiss, M. P., & Stefan, H. G. (2011). Stormwater detention pond water temperature data collection and interpretation.",
"""pond surface temperature"" ""cooling""",google scholar,MS,"Hung, Y. T., Eldridge, J., Taricska, J. R., Li, K. H., & Shuster, W. W. (2021). Cooling and reuse of thermal discharges. Environmental and Natural Resources Engineering, 195-228.",
"""pond surface temperature"" ""cooling""",google scholar,MS,"West, R. E. (1978). Field investigation of cooling tower and cooling pond plumes (Vol. 1). Environmental Protection Agency, Office of Research and Development, Corvallis Environmental Research Laboratory.",
"""pond surface temperature"" ""cooling""",google scholar,MS,"Cerco, C. F. (1977). Experimental and analytical study of the design of shallow cooling ponds (Doctoral dissertation, Massachusetts Institute of Technology).",
"""pond surface temperature"" ""cooling""",google scholar,MS,"Gosai, P. (2014). Viability assessment of enhancing dry cooling systems using thermal storage ponds.",
"""pond surface temperature"" ""cooling""",google scholar,MS,"Verma, S., & Das, R. (2021). Transient study of a solar pond under heat extraction from non-convective and lower convective zones considering finite effectiveness of exchangers. Solar Energy, 223, 437-448.",
"""pond surface temperature"" ""cooling""",google scholar,MS,"Codell, R., & Nuttle, W. K. (1980). Analysis of Ultimate Heat Sink Cooling Ponds (Vol. 88). Division of Engineering, Office of Nuclear Reactor Regulation, US Nuclear Regulatory Commission.",
"""pond surface temperature"" ""cooling""",google scholar,MS,"Adams, E. E. (1982). The transient response of cooling ponds. Water Resources Research, 18(5), 1469-1478.",
"""pond surface temperature"" ""cooling""",google scholar,MS,"Tsilingiris, P. T. (1992). The absorption chiller in large scale solar pond cooling design with condenser heat rejection in the upper convecting zone. Solar energy, 49(1), 19-27.",
"""pond surface temperature"" ""cooling""",google scholar,MS,"Saleh, A. (2022). Modeling and performance analysis of a solar pond integrated with an absorption cooling system. Energies, 15(22), 8327.",
"""pond surface temperature"" ""cooling""",google scholar,MS,"Jirka, G. H., & Watanabe, M. (1980). Steady-state estimation of cooling pond performance. Journal of the Hydraulics Division, 106(6), 1116-1123.",
"""pond surface temperature"" ""cooling""",google scholar,MS,"Tichenor, B. A., & Christianson, A. G. (1973). Closure to “Cooling Pond Temperature Versus Size and Water Loss”. Journal of the Power Division, 99(1), 252-252.",
"""pond surface temperature"" ""cooling""",google scholar,MS,"Jeong, S. J., Choi, D. H., & Lee, B. Y. (2008). Evaluation of Passive Cooling Effect on Roof Pond through Field Observation. 한국태양에너지학회: 학술대회논문집, 85-89.",
"""pond surface temperature"" ""cooling""",google scholar,MS,"Hicks, B. B. (1977). The prediction of fog over cooling ponds. Journal of the Air Pollution Control Association, 27(2), 140-142.",
"""pond surface temperature"" ""cooling""",google scholar,MS,"Cathcart, T. P., & Wheaton, F. W. (1987). Modeling temperature distribution in freshwater ponds. Aquacultural Engineering, 6(4), 237-257.",
"""pond surface temperature"" ""cooling""",scopus,MS,"Cathcart, T. P., & Wheaton, F. W. (1987). Modeling temperature distribution in freshwater ponds. Aquacultural Engineering, 6(4), 237-257.",
"""pond surface temperature"" ""cooling""",google scholar,MS,"Li, Y. L., Tsutsumi, J. I. G., & Nakamatsu, R. (2014). Field Tests of 4 Types of Cool Roof System to Reduce Cooling Load. Advanced Materials Research, 1008, 1336-1342.",
"""pond surface temperature"" ""cooling""",google scholar,MS,"Hippler, R. R., Cohen, E., & Tranby, O. G. (1974). Development and verification of a model for predicting fog over cooling ponds. In Proceedings of the 7th conference on Winter simulation-Volume 1 (pp. 153-159).",
"""pond surface temperature"" ""cooling""",scopus,MS,"Hippler, R. R., Cohen, E., & Tranby, O. G. (1974). Development and verification of a model for predicting fog over cooling ponds. In Proceedings of the 7th conference on Winter simulation-Volume 1 (pp. 153-159).",
"""pond surface temperature"" ""cooling""",google scholar,MS,"Bornhoeft, K. W. (1996). Atmospheric Corrections for Remotely Sensed Surface Temperature Determination in the 3-5 μm Wavelength Region. University of Hawai'i at Manoa.",
"""pond surface temperature"" ""cooling""",google scholar,MS,"Lu, H., Walton, J. C., & Swift, A. H. (2001). Desalination coupled with salinity-gradient solar ponds. Desalination, 136(1-3), 13-23.",
"""pond surface temperature"" ""cooling""",google scholar,MS,"Sun, F. Z., Zhao, Y. B., Gao, M., Chen, Y. L., & Shi, Y. T. (2011). Performance Deterioration Mechanism Analysis of Natural Draft Cooling Towers Under Crosswind Conditions. In ASME Power Conference (Vol. 44601, pp. 287-291).",
"""pond surface water temperature"" ""warming""",google scholar,MA,"Ali, S., Mishra, P. K., Islam, A., & Alam, N. M. (2016). Simulation of water temperature in a small pond using parametric statistical models: implications of climate warming. Journal of Environmental Engineering, 142(3), 04015085.",
"""pond surface water temperature"" ""warming""",google scholar,MA,"Stajkowski, S., Laleva, A., Farghaly, H., Bonakdari, H., & Gharabaghi, B. (2021). Modelling dry-weather temperature profiles in urban stormwater management ponds. Journal of Hydrology, 598, 126206.",
"""pond surface water temperature"" ""warming""",google scholar,MA,"Stajkowski, S., Hotson, E., Zorica, M., Farghaly, H., Bonakdari, H., McBean, E., & Gharabaghi, B. (2023). Modeling stormwater management pond thermal impacts during storm events. Journal of Hydrology, 620, 129413.",
"""pond surface water temperature"" ""warming""",google scholar,MA,"Smith, S. M., Fox, S. E., & Lee, K. D. (2016). Changes in air temperature and precipitation chemistry linked to water temperature and acidity trends in freshwater lakes of Cape Cod National Seashore (Massachusetts, USA). Water, Air, & Soil Pollution, 227(7), 237.",
"""pond surface water temperature"" ""warming""",google scholar,MA,"Fuller, M. R., & Peckarsky, B. L. (2011). Ecosystem engineering by beavers affects mayfly life histories. Freshwater Biology, 56(5), 969-979.",
"""pond surface water temperature"" ""warming""",google scholar,MA,"Ragush, C. M., Schmidt, J. J., Krkosek, W. H., Gagnon, G. A., Truelstrup-Hansen, L., & Jamieson, R. C. (2015). Performance of municipal waste stabilization ponds in the Canadian Arctic. Ecological Engineering, 83, 413-421.",
"""pond surface water temperature"" ""warming""",google scholar,MA,"Smith, S. M., Fox, S. E., & Lee, K. D. (2016). Changes in air temperature and precipitation chemistry linked to water temperature and acidity trends in freshwater lakes of Cape Cod National Seashore (Massachusetts, USA). Water, Air, & Soil Pollution, 227(7), 237.",
"""pond surface water temperature"" ""warming""",google scholar,MA,"Stajkowski, S. (2023). Machine Learning Modelling of the Thermal Impacts of Urban Stormwater Ponds on Receiving Streams (Doctoral dissertation, University of Guelph).",
"""pond surface water temperature"" ""warming""",google scholar,MA,"Anderson, D. M., & Wall, D. (1978). Potential importance of benthic cysts of Gonyaulax tamarensis and G. excavata in initiating toxic dinoflagellate blooms 1, 2, 3. Journal of phycology, 14(2), 224-234.",
"""pond surface water temperature"" ""warming""",google scholar,MA,"Lim, D. S. (1999). An examination of the limnology and freshwater diatom autoecology of Bathurst Island, Northwest Territories, Canadian High Arctic (Doctoral dissertation).",
"""pond surface water temperature"" ""warming""",google scholar,MA,"Shakir Ali, S. A. (2013). Estimation of surface water temperature in small recharge pond from air temperature.",
"""pond surface water temperature"" ""warming""",google scholar,MA,"Ragush, C. (2016). Oxygen Dynamics and Carbon Removal in Municipal Waste Stabilization Ponds in Arctic Regions (Doctoral dissertation, Dalhousie University).",
"""pond surface water temperature"" ""warming""",google scholar,MA,"Watson, K., Wiedemann, S., & McGahan, E. (2018). Development of New Emission Reduction Fund (ERF) Methods for the Pork Industry.",
"""pond surface water temperature"" ""trend""",google scholar,MA,"Ali, S., Mishra, P. K., Islam, A., & Alam, N. M. (2016). Simulation of water temperature in a small pond using parametric statistical models: implications of climate warming. Journal of Environmental Engineering, 142(3), 04015085.",
"""pond surface water temperature"" ""trend""",google scholar,MA,"Stajkowski, S., Laleva, A., Farghaly, H., Bonakdari, H., & Gharabaghi, B. (2021). Modelling dry-weather temperature profiles in urban stormwater management ponds. Journal of Hydrology, 598, 126206.",
"""pond surface water temperature"" ""trend""",google scholar,MA,"Smith, S. M., Fox, S. E., & Lee, K. D. (2016). Changes in air temperature and precipitation chemistry linked to water temperature and acidity trends in freshwater lakes of Cape Cod National Seashore (Massachusetts, USA). Water, Air, & Soil Pollution, 227(7), 237.",
"""pond surface water temperature"" ""trend""",google scholar,MA,"Ragush, C. M., Schmidt, J. J., Krkosek, W. H., Gagnon, G. A., Truelstrup-Hansen, L., & Jamieson, R. C. (2015). Performance of municipal waste stabilization ponds in the Canadian Arctic. Ecological Engineering, 83, 413-421.",
"""pond surface water temperature"" ""trend""",google scholar,MA,"Fuller, M. R., & Peckarsky, B. L. (2011). Ecosystem engineering by beavers affects mayfly life histories. Freshwater Biology, 56(5), 969-979.",
"""pond surface water temperature"" ""trend""",google scholar,MA,"Smith, S. M., Fox, S. E., & Lee, K. D. (2016). Changes in air temperature and precipitation chemistry linked to water temperature and acidity trends in freshwater lakes of Cape Cod National Seashore (Massachusetts, USA). Water, Air, & Soil Pollution, 227(7), 237.",
"""pond surface water temperature"" ""trend""",google scholar,MA,"Stajkowski, S. (2023). Machine Learning Modelling of the Thermal Impacts of Urban Stormwater Ponds on Receiving Streams (Doctoral dissertation, University of Guelph).",
"""pond surface water temperature"" ""trend""",google scholar,MA,"Shakir Ali, S. A. (2013). Estimation of surface water temperature in small recharge pond from air temperature.",
"""pond surface water temperature"" ""trend""",google scholar,MA,"Pućko, M., Stern, G. A., Burt, A. E., Jantunen, L. M., Bidleman, T. F., Macdonald, R. W., ... & Rysgaard, S. (2017). Current use pesticide and legacy organochlorine pesticide dynamics at the ocean-sea ice-atmosphere interface in resolute passage, Canadian Arctic, during winter-summer transition. Science of the Total Environment, 580, 1460-1469.",
"""pond surface water temperature"" ""trend""",google scholar,MA,"Jiang, H., Tang, K., & He, X. (2015). Experimental studies on reduction of evaporation from plain reservoirs in drought areas by benzene board covering technology. Journal of Coastal Research, (73), 177-182.",
"""pond surface water temperature"" ""trend""",google scholar,MA,"Hua, T., Propp, V. R., Power, C., Brown, S. J., Collins, P., Smith, J. E., & Roy, J. W. (2023). Multizone aquatic ecological exposures to landfill contaminants from a groundwater plume discharging to a pond. Environmental Toxicology and Chemistry, 42(8), 1667-1684.",
"""pond surface water temperature"" ""trend""",google scholar,MA,"Hossain, Q. Z., Hossain, M. A., & Parween, S. (2007). Breeding performance and nursery practices of Labeo bata (Hamilton-Buchanan, 1822). Scientific world, 5(5), 40-45.",
"""pond surface water temperature"" ""trend""",google scholar,MA,"MeGraw, V. E., Brown, A. R., Boothman, C., Goodacre, R., Morris, K., Sigee, D., ... & Lloyd, J. R. (2018). A novel adaptation mechanism underpinning algal colonization of a nuclear fuel storage pond. MBio, 9(3), 10-1128.",
"""pond surface water temperature"" ""trend""",google scholar,MA,"James, D. B. (1986). On the incidence of the sporozoan Thelohania Prox Duorara Iversen and manning in commercially important prawns at Madras. Journal of the Marine Biological Association of India, 28(1&2), 225-228.",
"""pond surface water temperature"" ""trend""",google scholar,MA,"Huang, Y. (2017). Characterization of microbial communities, disinfection and removal of human pathogenic bacteria in Arctic wastewater stabilization ponds (Doctoral dissertation, Dalhousie University).",
"""pond surface water temperature"" ""trend""",google scholar,MA,"Wallace, J. R. (1997). Larval feeding ecology of Anopheles quadrimaculatus (Say) and Anopheles punctipennis (Say)(Diptera: Culicidae) in southcentral Michigan ponds. Michigan State University.",
"""pond surface water temperature"" ""trend""",google scholar,MA,"Ragush, C. (2016). Oxygen Dynamics and Carbon Removal in Municipal Waste Stabilization Ponds in Arctic Regions (Doctoral dissertation, Dalhousie University).",
"""pond surface water temperature"" ""trend""",google scholar,MA,"Lim, D. S. (1999). An examination of the limnology and freshwater diatom autoecology of Bathurst Island, Northwest Territories, Canadian High Arctic (Doctoral dissertation).",
"""pond surface water temperature"" ""trend""",google scholar,MA,"Yeh, T. C. J., Dong, Y., Ye, S., & Ye, S. (2023). An introduction to solute transport in heterogeneous geologic media. Cambridge University Press.",
"""pond surface water temperature"" ""trend""",google scholar,MA,"Leis, J. M., Hay, A. C., Clark, D. L., Chen, I. S., & Shao, K. T. (2006). Behavioral ontogeny in larvae and early juveniles of the giant trevally (Caranx ignobilis)(Pisces: Carangidae). Fishery Bulletin, 104(3), 401-415.",
"""pond surface water temperature"" ""trend""",google scholar,MA,"Welby, M. (1991). Small-scale Arctic charr production in man-made prairie ponds.",
"""pond surface temperature"" ""rate of change""",google scholar,MA,"Herb, W. R., Weiss, M. P., & Stefan, H. G. (2011). Stormwater detention pond water temperature data collection and interpretation.",
"""pond surface temperature"" ""rate of change""",google scholar,MA,"Herb, W. R., Weiss, M., Mohseni, O., & Stefan, H. G. (2006). Hydrothermal simulation of a stormwater detention pond or infiltration basin. St. Anthony Falls Laboratory Project Report No, 479.",
"""pond surface temperature"" ""rate of change""",google scholar,MA,"Ekwu, A. O., King, R. P., & Akpan, B. E. (2023). Dynamics of the population and biotic potentials of Aphyosemion gardneri (Boulenger, 1911)(Cyprinodontiformes: Aplocheilidae) in a Nigerian rainforest pond. World Journal of Applied Science & Technology, 15(2), 370-378.",
"""pond surface temperature"" ""rate of change""",google scholar,MA,"vR Marais, G. (1970). Dynamic behavior of oxidation ponds. In 2nd International Symposium for waste treatment lagoons (p. 15). International Symposium for Waste Treatment Lagoons, 2d, Kansas City, Mo..",
"""pond surface temperature"" ""rate of change""",google scholar,MA,"Herb, W. R., Janke, B., Mohseni, O., & Stefan, H. G. (2009). MINUHET (MINnesota Urban Heat Export Tool): A software tool for the analysis of stream thermal loading by urban stormwater runoff.",
"""pond surface temperature"" ""rate of change""",google scholar,MA,"Atkinson, J. F., Adams, E. E., Melville, W. K., & Harleman, D. R. (1984). Entrainment in diffusive thermohaline systems: application to salt gradient solar ponds.",
"""pond surface temperature"" ""rate of change""",google scholar,MA,"West, R. E. (1978). Field investigation of cooling tower and cooling pond plumes. Final report (No. PB-282993). Colorado Univ., Boulder (USA). Dept. of Chemical Engineering.",
"""pond surface temperature"" ""rate of change""",google scholar,MA,"Herb, W., Janke, B., Mohseni, O., & Stefan, H. (2009). A software tool for the analysis of stream thermal loading by urban stormwater runoff.",
"""pond surface temperature"" ""rate of change""",google scholar,MA,"Fraver, M. R. (2003). Hydrology of thermokarst ponds near Council, Alaska (Doctoral dissertation, University of Alaska, Fairbanks).",
"""pond surface temperature"" ""rate of change""",google scholar,MA,"Benedict, B. A., Anderson, J. L., & Yandell Jr, E. L. (1974). Analytical modeling of thermal discharges. A review of the state of the art.",
"""pond surface temperature"" ""rate of change""",google scholar,MA,"Kim, D. H. (2006). Simulation of agricultural drainage water concentration for the recovery of salts. University of California, Davis.",
"""pond surface temperature"" ""rate of change""",google scholar,MA,"Quinn, N. W., & Epshtein, O. (2014). Seasonally-managed wetland footprint delineation using Landsat ETM+ satellite imagery. Environmental modelling & software, 54, 9-23.",
"""pond surface temperature"" ""rate of change""",google scholar,MA,"Mcfadden, T. T. (1974). SUPPRESSION OF ICE FOG FROM POWER PLANT COOLING PONDS. University of Alaska Fairbanks.",
"""lake surface temperature"" ""trend""",google scholar,MA,"Xie, C., Zhang, X., Zhuang, L., Zhu, R., & Guo, J. (2022). Analysis of surface temperature variation of lakes in China using MODIS land surface temperature data. Scientific Reports, 12(1), 2415.",
"""lake surface temperature"" ""trend""",google scholar,MA,"Song, K., Wang, M., Du, J., Yuan, Y., Ma, J., Wang, M., & Mu, G. (2016). Spatiotemporal variations of lake surface temperature across the Tibetan Plateau using MODIS LST product. Remote Sensing, 8(10), 854.",
"""lake surface temperature"" ""trend""",google scholar,MA,"Lieberherr, G., & Wunderle, S. (2018). Lake surface water temperature derived from 35 years of AVHRR sensor data for European lakes. Remote sensing, 10(7), 990.",
"""lake surface temperature"" ""trend""",google scholar,MA,"Shi, Y., Huang, A., Wu, Y., Lazhu, & Wen, L. (2024). Trends of Summer Lake Surface Water Temperature on the Tibetan Plateau and Their Response to Climate Change. Earth and Space Science, 11(12), e2024EA003910.",
"""lake surface temperature"" ""trend""",google scholar,MA,"Woolway, R. I., Cinque, K., de Eyto, E., DeGasperi, C., Dokulil, M., Korhonen, J., ... & Weyhenmeyer, G. (2016). Lake surface temperature [in"" State of the climate in 2015""]. Bulletin of the American Meteorological Society, 97(8), S17-S18.",
"""lake surface temperature"" ""trend""",google scholar,MA,"Aranda, A. C., Rivera-Ruiz, D., Rodríguez-López, L., Pedreros, P., Arumí-Ribera, J. L., Morales-Salinas, L., ... & Urrutia, R. (2021). Evidence of climate change based on lake surface temperature trends in south central Chile. Remote Sensing, 13(22), 4535.",
"""lake surface temperature"" ""trend""",google scholar,MA,"Zhang, G., Yao, T., Xie, H., Qin, J., Ye, Q., Dai, Y., & Guo, R. (2014). Estimating surface temperature changes of lakes in the Tibetan Plateau using MODIS LST data. Journal of Geophysical Research: Atmospheres, 119(14), 8552-8567.",
"""lake surface temperature"" ""trend""",google scholar,MA,"Woolway, R. I., Weyhenmeyer, G. A., Schmid, M., Dokulil, M. T., de Eyto, E., Maberly, S. C., ... & Merchant, C. J. (2019). Substantial increase in minimum lake surface temperatures under climate change. Climatic Change, 155(1), 81-94.",
"""lake surface temperature"" ""trend""",google scholar,MA,"Woolway, R. I., Cinque, K., de Eyto, E., DeGasperi, C., Dokulil, M., Korhonen, J., ... & Weyhenmeyer, G. (2016). Lake surface temperature [in"" State of the climate in 2015""]. Bulletin of the American Meteorological Society, 97(8), S17-S18.",
"""lake surface temperature"" ""trend""",google scholar,MA,"Huang, L., Wang, X., Yan, Y., Jin, L., Yang, K., Chen, A., ... & Piao, S. (2023). Attribution of lake surface water temperature change in large lakes across China over past four decades. Journal of Geophysical Research: Atmospheres, 128(21), e2022JD038465.",
"""lake surface temperature"" ""trend""",google scholar,MA,"Stefanidis, K., Varlas, G., Papadopoulos, A., & Dimitriou, E. (2021). Four decades of surface temperature, precipitation, and wind speed trends over lakes of Greece. Sustainability, 13(17), 9908.",
"""lake surface temperature"" ""trend""",google scholar,MA,"Wang, R., Dong, W., Sun, J., Sojka, M., Ptak, M., & Zhu, S. (2025). Long-Term Trends of Lake Surface Water Temperatures in Lowland Polish Temperate Lakes. Atmosphere, 16(2), 120.",
"""lake surface temperature"" ""trend""",google scholar,MA,"Song, S., Yang, J., Liu, L., Bai, G., Zhou, J., & McKay, D. (2024). Lake surface water temperature in China from 2001 to 2021 based on GEE and HANTS. Ecological Informatics, 84, 102903.",
"""lake surface temperature"" ""trend""",google scholar,MA,"Attiah, G., Pour, H. K., & Scott, K. A. (2023). Four decades of lake surface temperature in the Northwest Territories, Canada, using a lake-specific satellite-derived dataset. Journal of Hydrology: Regional Studies, 50, 101571.",
"""lake surface temperature"" ""trend""",google scholar,MA,"De Santis, D., Del Frate, F., & Schiavon, G. (2021). Analysis of climate change effects on surface temperature in central-Italy lakes using satellite data time-series. Remote Sensing, 14(1), 117.",
"""lake surface temperature"" ""trend""",google scholar,MA,"Qiu, Y., Chen, J., & Chen, D. (2025). Changes in lake surface temperature on the Tibetan Plateau from 2000 to 2022 and their driving factors. Science China Earth Sciences, 68(5), 1641-1655.",
"""lake surface temperature"" ""trend""",google scholar,MA,"Zhang, X., Wang, K., Frassl, M. A., & Boehrer, B. (2020). Reconstructing six decades of surface temperatures at a shallow lake. Water, 12(2), 405.",
"""lake surface temperature"" ""trend""",google scholar,MA,"Ptak, M., Amnuaylojaroen, T., & Sojka, M. (2024). Seven Decades of Surface Temperature Changes in Central European Lakes: What Is Next?. Resources, 13(11), 149.",
"""lake surface temperature"" ""trend""",google scholar,MA,"Wang, R., Dong, W., Sun, J., Sojka, M., Ptak, M., & Zhu, S. (2025). Long-Term Trends of Lake Surface Water Temperatures in Lowland Polish Temperate Lakes. Atmosphere, 16(2), 120.",
"""lake surface temperature"" ""trend""",google scholar,MA,"Virdis, S. G. P., Kongwarakom, S., Juneng, L., Padedda, B. M., & Shrestha, S. (2024). Historical and projected response of Southeast Asian lakes surface water temperature to warming climate. Environmental Research, 247, 118412.",
"""lake surface temperature"" ""trend""",google scholar,MA,"Aranda, A. C., Rivera-Ruiz, D., Rodríguez-López, L., Pedreros, P., Arumí-Ribera, J. L., Morales-Salinas, L., ... & Urrutia, R. (2021). Evidence of climate change based on lake surface temperature trends in south central Chile. Remote Sensing, 13(22), 4535.",
"""lake surface temperature"" ""trend""",google scholar,MA,"Dokulil, M. T., de Eyto, E., Maberly, S. C., May, L., Weyhenmeyer, G. A., & Woolway, R. I. (2021). Increasing maximum lake surface temperature under climate change. Climatic Change, 165(3), 56.",
"""lake surface temperature"" ""trend""",google scholar,MA,"Stefanidis, K., Varlas, G., Papadopoulos, A., & Dimitriou, E. (2021). Four decades of surface temperature, precipitation, and wind speed trends over lakes of Greece. Sustainability, 13(17), 9908.",
"""lake surface temperature"" ""trend""",scopus,MA,"Xie, C., Zhang, X., Zhuang, L., Zhu, R., & Guo, J. (2022). Analysis of surface temperature variation of lakes in China using MODIS land surface temperature data. Scientific Reports, 12(1), 2415.",
"""lake surface temperature"" ""trend""",scopus,MA,"Zhao, B., Sun, Z., Wang, M., Du, J., & Song, K. (2025). Tracking global large lake surface temperature variation from space using MODIS land surface temperature product. Ecological Informatics, 103184.",
"""lake surface temperature"" ""trend""",scopus,MA,"Schmid, M., Hunziker, S., & Wüest, A. (2014). Lake surface temperatures in a changing climate: a global sensitivity analysis. Climatic change, 124(1), 301-315.",
"""lake surface temperature"" ""trend""",scopus,MA,"Sharaf, N., Fadel, A., Bresciani, M., Giardino, C., Lemaire, B. J., Slim, K., ... & Vinçon-Leite, B. (2019). Lake surface temperature retrieval from Landsat-8 and retrospective analysis in Karaoun Reservoir, Lebanon. Journal of applied remote sensing, 13(4), 044505-044505.",
"""lake surface temperature"" ""trend""",scopus,MA,"Attiah, G., Kheyrollah Pour, H., & Scott, K. A. (2023). Lake surface temperature retrieved from Landsat satellite series (1984 to 2021) for the North Slave Region. Earth System Science Data, 15(3), 1329-1355.",
"""lake surface temperature"" ""trend""",scopus,MA,"Piccolroaz, S., Healey, N. C., Lenters, J. D., Schladow, S. G., Hook, S. J., Sahoo, G. B., & Toffolon, M. (2018). On the predictability of lake surface temperature using air temperature in a changing climate: A case study for Lake Tahoe (USA). Limnology and oceanography, 63(1), 243-261.",
"""lake surface temperature"" ""trend""",scopus,MA,"Zhang, K., Zhenyu, T., & Gao, M. (2025). Spatiotemporal Analysis of Surface Temperature Changes in Large and Medium-Sized Lake of Xinjiang from 2002 to 2022. Journal of Geomatics, 50(2) 95-101.",
"""lake surface temperature"" ""trend""",scopus,MA,"Zhang, C., Gao, Z., Luo, J., Liu, W., Chen, M., Niu, F., ... & Shang, Y. (2024). Simulation and Prediction of Thermokarst Lake Surface Temperature Changes on the Qinghai–Tibet Plateau. Remote Sensing, 16(24).",
"""lake surface temperature"" ""trend""",scopus,MA,"Wang, W., Shi, K., Wang, X., Zhang, Y., Qin, B., Zhang, Y., & Woolway, R. I. (2024). The impact of extreme heat on lake warming in China. nature communications, 15(1), 70.",
"""lake surface temperature"" ""trend""",scopus,MA,"Li, Z., Zhang, Z., Xiong, S., Zhang, W., & Li, R. (2024). Lake surface temperature predictions under different climate scenarios with machine learning methods: A case study of Qinghai lake and Hulun lake, China. Remote Sensing, 16(17), 3220.",
"""lake surface temperature"" ""trend""",scopus,MA,"Kelly, P. T., Cutting, K., Supan, S., Ackerman, J., Erickson, R., & Pope, E. (2024). Existing dataset suggests lakes in agricultural watersheds are warming faster than urban or forested lakes. Aquatic Sciences, 86(3), 76.",
"""lake surface temperature"" ""trend""",scopus,MA,"Pelto, B. M., Browning, B., Bird, L., Moyer, A. N., & Moore, R. D. (2024). Lake surface and downstream river temperature response to the retreat of a lake‐terminating glacier. Hydrological Processes, 38(5), e15150.",
"""lake surface temperature"" ""trend""",scopus,MA,"Kong, X., Li, Y., Wang, L., & Liu, H. (2024). Lake Surface Temperature Retrieval Study Based on Landsat 8 Satellite Imagery—A Case Study of Poyang Lake. Atmosphere, 15(4), 428.",
"""lake surface temperature"" ""trend""",scopus,MA,"Bayable, G., Cai, J., Mekonnen, M., Legesse, S. A., Ishikawa, K., Sato, S., & Kuwahara, V. S. (2024). Impact of Water Hyacinth Infestation on Water Quality Parameters in Lake Tana, Ethiopia. In IGARSS 2024-2024 IEEE International Geoscience and Remote Sensing Symposium (pp. 5108-5112). IEEE.",
"""lake surface temperature"" ""trend""",scopus,MA,"Liu, W., Xu, H., & He, G. (2024). Long-term trends in water transparency of Tibetan Plateau lakes and the response to extreme climate events. Frontiers in Environmental Science, 12, 1450320.",
"""lake surface temperature"" ""trend""",scopus,MA,"Wang, X., Shi, K., Zhang, Y., Qin, B., Zhang, Y., Wang, W., ... & Jeppesen, E. (2023). Climate change drives rapid warming and increasing heatwaves of lakes. Science bulletin, 68(14), 1574-1584.",
"""lake surface temperature"" ""trend""",scopus,MA,"Mossel, C., Azarderakhsh, M., Bah, A., Blake, R., & Norouzi, H. (2023). Seasonal Lake Surface Temperature Trends in the Adirondacks via Remote Sensing. In IGARSS 2023-2023 IEEE International Geoscience and Remote Sensing Symposium (pp. 3758-3759). IEEE.",
"""lake surface temperature"" ""trend""",scopus,MA,"Yang, Z., Dai, X., Wang, Z., Gao, X., Qu, G., Li, W., ... & Wang, Y. (2022). The dynamics of Paiku Co lake area in response to climate change. Journal of Water and Climate Change, 13(7), 2725-2746.",
"""lake surface temperature"" ""trend""",scopus,MA,"Xue, P., Ye, X., Pal, J. S., Chu, P. Y., Kayastha, M. B., & Huang, C. (2022). Climate projections over the Great Lakes Region: using two-way coupling of a regional climate model with a 3-D lake model. Geoscientific Model Development, 15(11), 4425.",
"""lake surface temperature"" ""trend""",scopus,MA,"Tianci, Q. I., Hongtao, D. U. A. N., Zhigang, C. A. O., Ming, S. H. E. N., Qitao, X. I. A. O., Dong, L. I. U., & Jinge, M. A. (2022). Monthly average satellite-estimated dataset of Lake Taihu’s dissolved carbon dioxide concentration from 2002 to 2018. National Remote Sensing Bulletin, 26(1), 231-242.",
"""lake surface temperature"" ""trend""",scopus,MA,"Zhang, X., Wang, K., Frassl, M. A., & Boehrer, B. (2020). Reconstructing six decades of surface temperatures at a shallow lake. Water, 12(2), 405.",
"""lake surface temperature"" ""trend""",scopus,MA,"Ptak, M., Amnuaylojaroen, T., & Sojka, M. (2024). Seven Decades of Surface Temperature Changes in Central European Lakes: What Is Next?. Resources, 13(11), 149.",
"""lake surface temperature"" ""trend""",scopus,MA,"Wang, R., Dong, W., Sun, J., Sojka, M., Ptak, M., & Zhu, S. (2025). Long-Term Trends of Lake Surface Water Temperatures in Lowland Polish Temperate Lakes. Atmosphere, 16(2), 120.",
"""lake surface temperature"" ""trend""",scopus,MA,"Virdis, S. G. P., Kongwarakom, S., Juneng, L., Padedda, B. M., & Shrestha, S. (2024). Historical and projected response of Southeast Asian lakes surface water temperature to warming climate. Environmental Research, 247, 118412.",
"""lake surface temperature"" ""trend""",scopus,MA,"Aranda, A. C., Rivera-Ruiz, D., Rodríguez-López, L., Pedreros, P., Arumí-Ribera, J. L., Morales-Salinas, L., ... & Urrutia, R. (2021). Evidence of climate change based on lake surface temperature trends in south central Chile. Remote Sensing, 13(22), 4535.",
"""lake surface temperature"" ""trend""",google scholar,MA,"Aguilar-Lome, J., Soca-Flores, R., & Gómez, D. (2021). Evaluation of the Lake Titicaca's surface water temperature using LST MODIS time series (2000–2020). Journal of South American Earth Sciences, 112, 103609.",
"""lake surface temperature"" ""trend""",google scholar,MA,"Herrick, C., Steele, B. G., Brentrup, J. A., Cottingham, K. L., Ducey, M. J., Lutz, D. A., ... & Weathers, K. C. (2023). lakeCoSTR: A tool to facilitate use of Landsat Collection 2 to estimate lake surface water temperatures. Ecosphere, 14(1), e4357.",
"""lake surface temperature"" ""rate of change""",google scholar,MA,"Ptak, M., Amnuaylojaroen, T., & Sojka, M. (2024). Seven Decades of Surface Temperature Changes in Central European Lakes: What Is Next?. Resources, 13(11), 149.",
"""lake surface temperature"" ""rate of change""",google scholar,MA,"Stefanidis, K., Varlas, G., Papaioannou, G., Papadopoulos, A., & Dimitriou, E. (2022). Trends of lake temperature, mixing depth and ice cover thickness of European lakes during the last four decades. Science of the Total Environment, 830, 154709.",
"""lake surface temperature"" ""rate of change""",google scholar,MA,"Czernecki, B., & Ptak, M. (2018). The impact of global warming on lake surface water temperature in Poland-the application of empirical-statistical downscaling, 1971-2100. Journal of Limnology, 77(2).",
"""lake surface temperature"" ""rate of change""",google scholar,MA,"Ptak, M., Sojka, M., Szyga-Pluta, K., Baloch, M. Y. J., & Amnuaylojaroen, T. (2025). Is Everything Lost? Recreating the Surface Water Temperature of Unmonitored Lakes in Poland. Resources, 14(4), 67.",
"""lake surface temperature"" ""rate of change""",google scholar,MA,"Noori, R., Woolway, R. I., Jun, C., Bateni, S. M., Naderian, D., Partani, S., ... & Pulkkanen, M. (2023). Multi-decadal change in summer mean water temperature in Lake Konnevesi, Finland (1984–2021). Ecological Informatics, 78, 102331.",
"""lake surface temperature"" ""rate of change""",google scholar,MA,"Woolway, R. I., Cinque, K., de Eyto, E., DeGasperi, C., Dokulil, M., Korhonen, J., ... & Weyhenmeyer, G. (2016). Lake surface temperature [in"" State of the climate in 2015""]. Bulletin of the American Meteorological Society, 97(8), S17-S18.",
"""lake surface temperature"" ""rate of change""",google scholar,MA,"Aguilar-Lome, J., Soca-Flores, R., & Gómez, D. (2021). Evaluation of the Lake Titicaca's surface water temperature using LST MODIS time series (2000–2020). Journal of South American Earth Sciences, 112, 103609.",
"""lake surface temperature"" ""rate of change""",google scholar,MA,"Herrick, C., Steele, B. G., Brentrup, J. A., Cottingham, K. L., Ducey, M. J., Lutz, D. A., ... & Weathers, K. C. (2023). lakeCoSTR: A tool to facilitate use of Landsat Collection 2 to estimate lake surface water temperatures. Ecosphere, 14(1), e4357.",
"""lake surface temperature"" ""rate of change""",google scholar,MA,"Olowoyeye, T., Ptak, M., & Sojka, M. (2023). How Do Extreme Lake Water Temperatures in Poland Respond to Climate Change?. Resources, 12(9), 107.",
"""lake surface temperature"" ""rate of change""",google scholar,MA,"Toffolon, M., Piccolroaz, S., Majone, B., Soja, A. M., Peeters, F., Schmid, M., & Wüest, A. (2014). Prediction of surface temperature in lakes with different morphology using air temperature. Limnology and Oceanography, 59(6), 2185-2202.",
"""lake surface temperature"" ""rate of change""",google scholar,MA,"Phillips, R. C., Saylor, J. R., Kaye, N. B., & Gibert, J. M. (2016). A multi-lake study of seasonal variation in lake surface evaporation using MODIS satellite-derived surface temperature. Limnology, 17(3), 273-289.",
"""lake surface temperature"" ""rate of change""",google scholar,MA,"Senyshen, M. D., & Chen, D. (2023). The impact of land cover change on surface water temperature of small lakes in Eastern Ontario from 1985 to 2020. Land, 12(3), 547.",
"""lake surface temperature"" ""rate of change""",google scholar,MA,"Woolway, R. I., Jones, I. D., Maberly, S. C., French, J. R., Livingstone, D. M., Monteith, D. T., ... & Weyhenmeyer, G. A. (2016). Diel surface temperature range scales with lake size. Plos one, 11(3), e0152466.",
"""lake surface temperature"" ""rate of change""",google scholar,MA,"Duan, H., Shang, C., Yang, K., & Luo, Y. (2022). Dynamic response of surface water temperature in Urban Lakes under different climate scenarios—a case study in dianchi Lake, China. International Journal of Environmental Research and Public Health, 19(19), 12142.",
"""lake surface temperature"" ""rate of change""",google scholar,MA,"Magee, M. R., Wu, C. H., Robertson, D. M., Lathrop, R. C., & Hamilton, D. P. (2016). Trends and abrupt changes in 104 years of ice cover and water temperature in a dimictic lake in response to air temperature, wind speed, and water clarity drivers. Hydrology and Earth System Sciences, 20(5), 1681-1702.",
"""lake surface temperature"" ""rate of change""",google scholar,MA,"Duan, H., Yang, K., Shang, C., Zhou, X., & Luo, Y. (2024). Anthropogenic impact of lake surface water temperature of lakes: A case study of eleven lakes on the yunnan-guizhou plateau. Ecological Indicators, 165, 112165.",
"""lake surface temperature"" ""rate of change""",google scholar,MA,"Woolway, R. I. (2023). The pace of shifting seasons in lakes. Nature communications, 14(1), 2101.",
"""lake surface temperature"" ""rate of change""",google scholar,MA,"Lang, J., Ma, Y., Li, Z., & Su, D. (2021). The impact of climate warming on lake surface heat exchange and ice phenology of different types of lakes on the Tibetan Plateau. Water, 13(5), 634.",
"""lake surface temperature"" ""rate of change""",google scholar,MA,"Butcher, J. B., Nover, D., Johnson, T. E., & Clark, C. M. (2015). Sensitivity of lake thermal and mixing dynamics to climate change. Climatic Change, 129(1), 295-305.",
"""lake surface temperature"" ""rate of change""",google scholar,MA,"Tang, L., Yang, K., Shang, C., Peng, Z., & Luo, Y. (2022). Spatial impact of urban expansion on lake surface water temperature based on the perspective of watershed scale. Frontiers in Environmental Science, 10, 991502.",
"""lake surface temperature"" ""rate of change""",scopus,MA,"Moe, S. J., Hobæk, A., Persson, J., Skjelbred, B., & Løvik, J. E. (2022). Shifted dynamics of plankton communities in a restored lake: exploring the effects of climate change on phenology through four decades. Climate Research, 86, 125-143.",
"""lake surface temperature"" ""rate of change""",google scholar,MA,"Woolway, R. I., Cinque, K., de Eyto, E., DeGasperi, C., Dokulil, M., Korhonen, J., ... & Weyhenmeyer, G. (2016). Lake surface temperature [in"" State of the climate in 2015""]. Bulletin of the American Meteorological Society, 97(8), S17-S18.",
"""lake surface temperature"" ""rate of change""",google scholar,MA,"Huang, L., Wang, X., Yan, Y., Jin, L., Yang, K., Chen, A., ... & Piao, S. (2023). Attribution of lake surface water temperature change in large lakes across China over past four decades. Journal of Geophysical Research: Atmospheres, 128(21), e2022JD038465.",
"""lake surface temperature"" ""rate of change""",google scholar,MA,"Stefanidis, K., Varlas, G., Papadopoulos, A., & Dimitriou, E. (2021). Four decades of surface temperature, precipitation, and wind speed trends over lakes of Greece. Sustainability, 13(17), 9908.",
"""lake surface temperature"" ""rate of change""",google scholar,MA,"Song, K., Wang, M., Du, J., Yuan, Y., Ma, J., Wang, M., & Mu, G. (2016). Spatiotemporal variations of lake surface temperature across the Tibetan Plateau using MODIS LST product. Remote Sensing, 8(10), 854.",
"""lake surface temperature"" ""rate of change""",google scholar,MA,"Lieberherr, G., & Wunderle, S. (2018). Lake surface water temperature derived from 35 years of AVHRR sensor data for European lakes. Remote sensing, 10(7), 990.",
"pond surface water temperature ""rate of change""",google scholar,BM,"Ali, S., Mishra, P. K., Islam, A., & Alam, N. M. (2016). Simulation of water temperature in a small pond using parametric statistical models: implications of climate warming. Journal of Environmental Engineering, 142(3), 04015085.",
"pond surface water temperature ""rate of change""",google scholar,BM,"Yeh, T. C. J., Dong, Y., Ye, S., & Ye, S. (2023). An introduction to solute transport in heterogeneous geologic media. Cambridge University Press.",
"""pond surface water temperature"" ""cooling""",google scholar,BM,"Ali, S., Mishra, P. K., Islam, A., & Alam, N. M. (2016). Simulation of water temperature in a small pond using parametric statistical models: implications of climate warming. Journal of Environmental Engineering, 142(3), 04015085.",
"""pond surface water temperature"" ""cooling""",google scholar,BM,"Stajkowski, S., Laleva, A., Farghaly, H., Bonakdari, H., & Gharabaghi, B. (2021). Modelling dry-weather temperature profiles in urban stormwater management ponds. Journal of Hydrology, 598, 126206.",
"""pond surface water temperature"" ""cooling""",google scholar,BM,"Stajkowski, S., Hotson, E., Zorica, M., Farghaly, H., Bonakdari, H., McBean, E., & Gharabaghi, B. (2023). Modeling stormwater management pond thermal impacts during storm events. Journal of Hydrology, 620, 129413.",
"""pond surface water temperature"" ""cooling""",google scholar,BM,"Sun, F. Z., Zhao, Y. B., Gao, M., Chen, Y. L., & Shi, Y. T. (2011). Performance Deterioration Mechanism Analysis of Natural Draft Cooling Towers Under Crosswind Conditions. In ASME Power Conference (Vol. 44601, pp. 287-291).",
"""pond surface water temperature"" ""cooling""",google scholar,BM,"Fuller, M. R., & Peckarsky, B. L. (2011). Ecosystem engineering by beavers affects mayfly life histories. Freshwater Biology, 56(5), 969-979.",
"""pond surface water temperature"" ""cooling""",google scholar,BM,"Stajkowski, S. (2023). Machine Learning Modelling of the Thermal Impacts of Urban Stormwater Ponds on Receiving Streams (Doctoral dissertation, University of Guelph).",
"""pond surface water temperature"" ""cooling""",google scholar,BM,"Gratziou, M., Kopasakis, K., & Chalatsi, M. (2016). Study of the hydrodynamic characteristics of a Mediterranean stabilization ponds system using a 3D hydrodynamic model. Eur Water, 53, 55-70.",
"""pond surface water temperature"" ""cooling""",google scholar,BM,"MeGraw, V. E., Brown, A. R., Boothman, C., Goodacre, R., Morris, K., Sigee, D., ... & Lloyd, J. R. (2018). A novel adaptation mechanism underpinning algal colonization of a nuclear fuel storage pond. MBio, 9(3), 10-1128.",
"""pond surface water temperature"" ""cooling""",google scholar,BM,"Yeh, T. C. J., Dong, Y., Ye, S., & Ye, S. (2023). An introduction to solute transport in heterogeneous geologic media. Cambridge University Press.",
"""lake surface water temperature"" ""warming""",google scholar,MP,"Brkić, Ž. (2023). Increasing water temperature of the largest freshwater lake on the Mediterranean islands as an indicator of global warming. Heliyon, 9(8).",
"lake surface water temperature ""warming""",google scholar,MP,"Carrea, L., Merchant, C., Woolway, I., Cretaux, J. F., Dokulil, T. M., Dugan, H., ... & Verburg, P. (2024). Lake surface water temperature. Bulletin of the American Meteorological Society, 105(8), S33-S34.",
"lake surface water temperature ""warming""",google scholar,MP,"Czernecki, B., & Ptak, M. (2018). The impact of global warming on lake surface water temperature in Poland-the application of empirical-statistical downscaling, 1971-2100. Journal of Limnology, 77(2).",
"lake surface water temperature ""warming""",google scholar,MP,"Dokulil, M. T., de Eyto, E., Maberly, S. C., May, L., Weyhenmeyer, G. A., & Woolway, R. I. (2021). Increasing maximum lake surface temperature under climate change. Climatic Change, 165(3), 56.",
"lake surface water temperature ""warming""",google scholar,MP,"Huang, L., Wang, X., Yan, Y., Jin, L., Yang, K., Chen, A., ... & Piao, S. (2023). Attribution of lake surface water temperature change in large lakes across China over past four decades. Journal of Geophysical Research: Atmospheres, 128(21), e2022JD038465.",
"lake surface water temperature ""warming""",google scholar,MP,"Jia, T., Yang, K., Peng, Z., Tang, L., Duan, H., & Luo, Y. (2022). Review on the change trend, attribution analysis, retrieval, simulation, and prediction of lake surface water temperature. IEEE Journal of Selected Topics in Applied Earth Observations and Remote Sensing, 15, 6324-6355.",
"lake surface water temperature ""warming""",google scholar,MP,"Li, Y., Shi, K., Zhang, Y., Zhu, G., Guo, Y., Li, H., & Du, C. (2022). Warming lake surface water temperatures in Lake Qiandaohu, China: Spatiotemporal variations, influencing factors and implications for the thermal structure. Frontiers in Environmental Science, 10, 995862.",
"lake surface water temperature ""warming""",google scholar,MP,"Lieberherr, G., & Wunderle, S. (2018). Lake surface water temperature derived from 35 years of AVHRR sensor data for European lakes. Remote sensing, 10(7), 990.",
"lake surface water temperature ""warming""",google scholar,MP,"Luo, Y., Tang, L., Yang, K., Zhou, X., Liu, J., Zhang, Y., & Peng, Z. (2023). Investigating the warming effect of urban expansion on lake surface water temperature in the Dianchi lake watershed. Journal of Hydrology: Regional Studies, 49, 101516.",
"lake surface water temperature ""warming""",google scholar,MP,"Luo, Y., Zhang, Y., Yang, K., Yu, Z., & Zhu, Y. (2019). Spatiotemporal variations in Dianchi lake’s surface water temperature from 2001 to 2017 under the influence of climate warming. Ieee Access, 7, 115378-115387.",
"lake surface water temperature ""warming""",google scholar,MP,"Niedrist, G. H., Psenner, R., & Sommaruga, R. (2018). Climate warming increases vertical and seasonal water temperature differences and inter-annual variability in a mountain lake. Climatic Change, 151(3), 473-490.",
"lake surface water temperature ""warming""",google scholar,MP,"Peng, J., Chen, J., Liu, S., Liu, T., Deng, F., Fan, Y., & De Maeyer, P. (2024). Dynamics of the risk of algal blooms induced by surface water temperature in an alpine eutrophic lake under climate warming: Insights from Lake Dianchi. Journal of Hydrology, 643, 131949.",
"lake surface water temperature ""warming""",google scholar,MP,"Peng, Z., Yang, J., Luo, Y., Yang, K., & Shang, C. (2021). Impact of climate warming on the surface water temperature of plateau lake. Acta Geophysica, 69, 895-907.",
"lake surface water temperature ""warming""",google scholar,MP,"Peng, Z., Yang, K., Shang, C., Duan, H., Tang, L., Zhang, Y., ... & Luo, Y. (2022). Attribution analysis of lake surface water temperature changing—taking China’s six main lakes as example. Ecological Indicators, 145, 109651.",
"lake surface water temperature ""warming""",google scholar,MP,"Piccolroaz, S., Woolway, R. I., & Merchant, C. J. (2020). Global reconstruction of twentieth century lake surface water temperature reveals different warming trends depending on the climatic zone. Climatic Change, 160(3), 427-442.",
"lake surface water temperature ""warming""",google scholar,MP,"Pilla, R. M., Williamson, C. E., Zhang, J., Smyth, R. L., Lenters, J. D., Brentrup, J. A., ... & Fisher, T. J. (2018). Browning‐related decreases in water transparency lead to long‐term increases in surface water temperature and thermal stratification in two small lakes. Journal of Geophysical Research: Biogeosciences, 123(5), 1651-1665.",
"lake surface water temperature ""warming""",google scholar,MP,"Shi, Y., Huang, A., Wu, Y., Lazhu, & Wen, L. (2024). Trends of Summer Lake Surface Water Temperature on the Tibetan Plateau and Their Response to Climate Change. Earth and Space Science, 11(12), e2024EA003910.",
"lake surface water temperature ""warming""",google scholar,MP,"Song, S., Yang, J., Liu, L., Bai, G., Zhou, J., & McKay, D. (2024). Lake surface water temperature in China from 2001 to 2021 based on GEE and HANTS. Ecological Informatics, 84, 102903.",
"lake surface water temperature ""warming""",google scholar,MP,"Tong, Y., Feng, L., Wang, X., Pi, X., Xu, W., & Woolway, R. I. (2023). Global lakes are warming slower than surface air temperature due to accelerated evaporation. Nature Water, 1(11), 929-940.",
"lake surface water temperature ""warming""",google scholar,MP,"Wan, W., Zhao, L., Xie, H., Liu, B., Li, H., Cui, Y., ... & Hong, Y. (2018). Lake surface water temperature change over the Tibetan plateau from 2001 to 2015: A sensitive indicator of the warming climate. Geophysical Research Letters, 45(20), 11-177.",
"lake surface water temperature ""warming""",google scholar,MP,"Woolway, R. I., Weyhenmeyer, G. A., Schmid, M., Dokulil, M. T., de Eyto, E., Maberly, S. C., ... & Merchant, C. J. (2019). Substantial increase in minimum lake surface temperatures under climate change. Climatic Change, 155, 81-94.",
"lake surface water temperature ""warming""",google scholar,MP,"Yang, K., Yu, Z., & Luo, Y. (2020). Analysis on driving factors of lake surface water temperature for major lakes in Yunnan-Guizhou Plateau. Water Research, 184, 116018.",
"lake surface water temperature ""warming""",google scholar,MP,"Yang, K., Yu, Z., Luo, Y., Yang, Y., Zhao, L., & Zhou, X. (2018). Spatial and temporal variations in the relationship between lake water surface temperatures and water quality-A case study of Dianchi Lake. Science of the total environment, 624, 859-871.",
"lake surface water temperature ""warming""",google scholar,MP,"Yang, K., Yu, Z., Luo, Y., Zhou, X., & Shang, C. (2019). Spatial‐temporal variation of lake surface water temperature and its driving factors in Yunnan‐Guizhou Plateau. Water Resources Research, 55(6), 4688-4703.",
"lake surface water temperature ""warming""",google scholar,MP,"Yang, K., Zhang, Y., Luo, Y., & Shang, C. (2021). Precipitation events impact on urban lake surface water temperature under the perspective of macroscopic scale. Environmental Science and Pollution Research, 28, 16767-16780.",
"lake surface water temperature ""warming""",scopus,MP,"Brkić, Z., & Larva, O. (2024). Impact of climate change on the Vrana Lake surface water temperature in Croatia using support vector regression [Article]. Journal of Hydrology: Regional Studies, 54, Article 101858. https://doi.org/10.1016/j.ejrh.2024.101858 ",
"lake surface water temperature ""warming""",scopus,MP,"Caroni, R., Greife, A. J., Bresciani, M., Giardino, C., Tellina, G., Carrea, L., Liu, X., Simis, S., Albergel, C., & Pinardi, M. (2025). Examining global trends of satellite-derived water quality variables in shallow lakes [Article]. Remote Sensing Applications: Society and Environment, 38, Article 101565. https://doi.org/10.1016/j.rsase.2025.101565 ",
"lake surface water temperature ""warming""",scopus,MP,"Duan, Z., Gao, W., Cheng, G., Zhang, Y., & Chang, X. (2024). Warming surface and Lake heatwaves as key drivers to harmful algal Blooms: A case study of Lake Dianchi, China [Article]. Journal of Hydrology, 632, Article 130971. https://doi.org/10.1016/j.jhydrol.2024.130971 ",
"lake surface water temperature ""warming""",scopus,MP,"Gan, F., Gao, Y., & Wei, Z. (2025). Changes in the summer seasonal cycle of lakes in the Inner Tibetan Plateau since the 21st century [Article]. Climatic Change, 178(4), Article 70. https://doi.org/10.1007/s10584-025-03911-w ",
"lake surface water temperature ""warming""",scopus,MP,"Giardino, C., Pinardi, M., Bresciani, M., Caroni, R., Amadori, M., Greife, A. J., Crétaux, J. F., Simis, S., Duguay, C., Merchant, C. J., Carrea, L., Yesou, H., & Andral, A. (2024). Exploring the Satellite-Derived Lakes Variables for Climate Studies. International Geoscience and Remote Sensing Symposium (IGARSS), ",
"lake surface water temperature ""warming""",scopus,MP,"Jiao, Y., Lu, Z., & Wang, M. (2025). Satellite Data Revealed That the Expansion of China’s Lakes Is Accompanied by Rising Temperatures and Wider Temperature Differences [Article]. Remote Sensing, 17(9), Article 1546. https://doi.org/10.3390/rs17091546 ",
"lake surface water temperature ""warming""",scopus,MP,"Jungkeit-Milla, K., Pérez-Cabello, F., de Vera-García, A. V., Galofré, M., & Valero-Garcés, B. (2024). Lake Surface Water Temperature in high altitude lakes in the Pyrenees: Combining satellite with monitoring data to assess recent trends [Article]. Science of the Total Environment, 933, Article 173181. https://doi.org/10.1016/j.scitotenv.2024.173181 ",
"lake surface water temperature ""warming""",scopus,MP,"Kim, H. I., Kim, D., Salamattalab, M. M., Mahdian, M., Bateni, S. M., & Noori, R. (2024). Machine learning-based modeling of surface water temperature dynamics in arctic lakes [Article]. Environmental Science and Pollution Research, 31(49), 59642-59655. https://doi.org/10.1007/s11356-024-35173-x ",
"lake surface water temperature ""warming""",scopus,MP,"Li, D., Luo, Y., Yang, K., Shang, C., Zhu, S., Peng, S., Li, A., Chen, R., Peng, Z., Pei, X., Yin, Y., Wang, Q., Peng, C., & Wei, H. (2024). Effects of Climate Change and Urbanization on Spatiotemporal Variations of Lake Surface Water Temperature [Article]. IEEE Journal of Selected Topics in Applied Earth Observations and Remote Sensing, 17, 19955-19971. https://doi.org/10.1109/JSTARS.2024.3487623 ",
"lake surface water temperature ""warming""",scopus,MP,"Li, Z., Zhang, Z., Xiong, S., Zhang, W., & Li, R. (2024). Lake Surface Temperature Predictions under Different Climate Scenarios with Machine Learning Methods: A Case Study of Qinghai Lake and Hulun Lake, China [Article]. Remote Sensing, 16(17), Article 3220. https://doi.org/10.3390/rs16173220 ",
"lake surface water temperature ""warming""",scopus,MP,"Peng, J., Chen, J., Liu, S., Liu, T., Deng, F., Fan, Y., & De Maeyer, P. (2024). Dynamics of the risk of algal blooms induced by surface water temperature in an alpine eutrophic lake under climate warming: Insights from Lake Dianchi [Article]. Journal of Hydrology, 643, Article 131949. https://doi.org/10.1016/j.jhydrol.2024.131949 ",
"lake surface water temperature ""warming""",scopus,MP,"Ptak, M., Sojka, M., Szyga-Pluta, K., Baloch, M. Y. J., & Amnuaylojaroen, T. (2025). Is Everything Lost? Recreating the Surface Water Temperature of Unmonitored Lakes in Poland [Article]. Resources, 14(4), Article 67. https://doi.org/10.3390/resources14040067 ",
"lake surface water temperature ""warming""",scopus,MP,"Shi, Y., Huang, A., Wu, Y., & Wen, L. (2024). Trends of Summer Lake Surface Water Temperature on the Tibetan Plateau and Their Response to Climate Change [Article]. Earth and Space Science, 11(12), Article e2024EA003910. https://doi.org/10.1029/2024EA003910 ",
"lake surface water temperature ""warming""",scopus,MP,"Song, S., Yang, J., Liu, L., Bai, G., Zhou, J., & McKay, D. (2024). Lake surface water temperature in China from 2001 to 2021 based on GEE and HANTS [Article]. Ecological Informatics, 84, Article 102903. https://doi.org/10.1016/j.ecoinf.2024.102903 ",
"lake surface water temperature ""warming""",scopus,MP,"Tavares, M. H., Cardoso, M. A., Motta Marques, D., Bonnet, M. P., & Fragoso, C. R. (2024). High Spring Warming Rates in an Extensive Subtropical Shallow Lakes System Detected Using MODIS Imagery [Article]. ACS ES and T Water, 4(4), 1518-1530. https://doi.org/10.1021/acsestwater.3c00622 ",
"lake surface water temperature ""warming""",scopus,MP,"Virdis, S. G. P., Kongwarakom, S., Juneng, L., Padedda, B. M., & Shrestha, S. (2024). Historical and projected response of Southeast Asian lakes surface water temperature to warming climate [Article]. Environmental Research, 247, Article 118412. https://doi.org/10.1016/j.envres.2024.118412 ",
"lake surface water temperature ""warming""",scopus,MP,"Wang, R., Dong, W., Sun, J., Sojka, M., Ptak, M., & Zhu, S. (2025). Long-Term Trends of Lake Surface Water Temperatures in Lowland Polish Temperate Lakes [Article]. Atmosphere, 16(2), Article 120. https://doi.org/10.3390/atmos16020120 ",
"lake surface water temperature ""warming""",scopus,MP,"Wang, W., Shi, K., Wang, X., Zhang, Y., Qin, B., Zhang, Y., & Woolway, R. I. (2024). The impact of extreme heat on lake warming in China [Article]. Nature Communications, 15(1), Article 70. https://doi.org/10.1038/s41467-023-44404-7 ",
"lake surface water temperature ""warming""",scopus,MP,"Wang, X., Shi, K., Qin, B., Zhang, Y., & Woolway, R. I. (2024). Disproportionate impact of atmospheric heat events on lake surface water temperature increases [Article]. Nature Climate Change, 14(11), 1172-1177. https://doi.org/10.1038/s41558-024-02122-y ",
"lake surface water temperature ""warming""",scopus,MP,"Wang, Y., Tao, J., Zhao, L., Qin, S., Xiao, H., Wang, Y., Sheng, D., & Zhang, Y. (2024). Investigating long-term changes in surface water temperature of Dongting Lake using Landsat imagery, China [Article]. Environmental Science and Pollution Research, 31(28), 41167-41181. https://doi.org/10.1007/s11356-024-33878-7 ",
"lake surface water temperature ""warming""",scopus,MP,"Wu, Y., Ji, F., Wang, S., He, Y., & Hu, S. (2024). Increased Warming Efficiencies of Lake Heatwaves Enhance Dryland Lake Warming over China [Article]. Remote Sensing, 16(3), Article 588. https://doi.org/10.3390/rs16030588 ",
"lake surface water temperature ""warming""",scopus,MP,"Xu, S., Yang, K., Zhou, X., Zhang, J., Yang, C., & Luo, Y. (2024). Prediction of Surface Water Temperature and Its Spatial-Temporal Variation Characteristics of 11 Main Lakes in Yunnan-Guizhou Plateau [Article]. IEEE Journal of Selected Topics in Applied Earth Observations and Remote Sensing, 17, 2189-2200. https://doi.org/10.1109/JSTARS.2023.3335291 ",
"lake surface water temperature ""warming""",scopus,MP,"Zhang, C., Gao, Z., Luo, J., Liu, W., Chen, M., Niu, F., Wang, Y., & Shang, Y. (2024). Simulation and Prediction of Thermokarst Lake Surface Temperature Changes on the Qinghai–Tibet Plateau [Article]. Remote Sensing, 16(24), Article 4645. https://doi.org/10.3390/rs16244645 ",
"lake surface water temperature ""warming""",scopus,MP,"Zhang, M., Leppäranta, M., Korhola, A., Kirchner, N., Granebeck, A., Schenk, F., Weckström, K., Heikkilä, M., & Weckström, J. (2024). Drivers of spatio-temporal variations in summer surface water temperatures of Arctic Fennoscandian lakes (2000–21) [Article]. Polar Research, 43, Article 9580. https://doi.org/10.33265/polar.v43.9580 ",
"lake surface water temperature ""warming""",scopus,MP,"Zhao, S., Sun, H., Cheng, J., & Zhang, G. (2025). Water Surface Temperature Dynamics of the Three Largest Ice-Contact Lakes in the Patagonia Icefield over the Last 20 Years [Article]. Water (Switzerland), 17(3), Article 385. https://doi.org/10.3390/w17030385 ",
"""lake surface water temperature"" ""rate of change""",google scholar,CB,"Dokulil, M. T., de Eyto, E., Maberly, S. C., May, L., Weyhenmeyer, G. A., & Woolway, R. I. (2021). Increasing maximum lake surface temperature under climate change. Climatic Change, 165(3), 56.",
"""lake surface water temperature"" ""rate of change""",google scholar,CB,"Yang, K., Yu, Z., & Luo, Y. (2020). Analysis on driving factors of lake surface water temperature for major lakes in Yunnan-Guizhou Plateau. Water Research, 184, 116018.",
"""lake surface water temperature"" ""rate of change""",google scholar,CB,"Woolway, R. I., Weyhenmeyer, G. A., Schmid, M., Dokulil, M. T., de Eyto, E., Maberly, S. C., ... & Merchant, C. J. (2019). Substantial increase in minimum lake surface temperatures under climate change. Climatic Change, 155(1), 81-94.",
"""lake surface water temperature"" ""rate of change""",google scholar,CB,"Jia, T., Yang, K., Peng, Z., Tang, L., Duan, H., & Luo, Y. (2022). Review on the change trend, attribution analysis, retrieval, simulation, and prediction of lake surface water temperature. IEEE Journal of Selected Topics in Applied Earth Observations and Remote Sensing, 15, 6324-6355.",
"""lake surface water temperature"" ""rate of change""",google scholar,CB,"Wan, W., Zhao, L., Xie, H., Liu, B., Li, H., Cui, Y., ... & Hong, Y. (2018). Lake surface water temperature change over the Tibetan plateau from 2001 to 2015: A sensitive indicator of the warming climate. Geophysical Research Letters, 45(20), 11-177.",
"""lake surface water temperature"" ""rate of change""",google scholar,CB,"Duan, H., Yang, K., Zhou, X., & Luo, Y. (2025). Temporal and spatial dynamics of surface water temperature changes in China's major lakes. Water Resources Research, 61(7), e2024WR038855.",
"""lake surface water temperature"" ""rate of change""",google scholar,CB,"Senyshen, M. D., & Chen, D. (2023). The impact of land cover change on surface water temperature of small lakes in Eastern Ontario from 1985 to 2020. Land, 12(3), 547.",
"""lake surface water temperature"" ""rate of change""",google scholar,CB,"Duan, H., Shang, C., Yang, K., & Luo, Y. (2022). Dynamic response of surface water temperature in Urban Lakes under different climate scenarios—a case study in dianchi Lake, China. International Journal of Environmental Research and Public Health, 19(19), 12142.",
"""lake surface water temperature"" ""rate of change""",google scholar,CB,"Czernecki, B., & Ptak, M. (2018). The impact of global warming on lake surface water temperature in Poland-the application of empirical-statistical downscaling, 1971-2100. Journal of Limnology, 77(2).",
"""lake surface water temperature"" ""rate of change""",google scholar,CB,"Duan, H., Yang, K., Shang, C., Zhou, X., & Luo, Y. (2024). Anthropogenic impact of lake surface water temperature of lakes: A case study of eleven lakes on the yunnan-guizhou plateau. Ecological Indicators, 165, 112165.",
"""lake surface water temperature"" ""rate of change""",google scholar,CB,"Layden, A., Merchant, C., & MacCallum, S. (2015). Global climatology of surface water temperatures of large lakes by remote sensing. International Journal of Climatology, 35(15), 4464-4479.",
"""lake surface water temperature"" ""rate of change""",google scholar,CB,"Shinohara, R., Tanaka, Y., Kanno, A., & Matsushige, K. (2021). Relative impacts of increases of solar radiation and air temperature on the temperature of surface water in a shallow, eutrophic lake. Hydrology Research, 52(4), 916-926.",
"""lake surface water temperature"" ""rate of change""",google scholar,CB,"Ptak, M., Amnuaylojaroen, T., & Sojka, M. (2024). Seven Decades of Surface Temperature Changes in Central European Lakes: What Is Next?. Resources, 13(11), 149.",
"""lake surface water temperature"" ""rate of change""",google scholar,CB,"Woolway, R. I., Carrea, L., Merchant, C. J., Dokulil, M. T., de Eyto, E., DeGasperi, C. L., ... & Weyhenmeyer, G. A. (2018). Lake surface temperature [in “State of the Climate in 2017”]. Bulletin of the American Meteorological Society, 99(8), S13-15.",
"""lake surface water temperature"" ""rate of change""",google scholar,CB,"Toffolon, M., Yousefi, A., & Piccolroaz, S. (2022). Estimation of the thermally reactive layer in lakes based on surface water temperature. Water Resources Research, 58(6), e2021WR031755.",
"""lake surface water temperature"" ""rate of change""",google scholar,CB,"Tang, L., Yang, K., Shang, C., Peng, Z., & Luo, Y. (2022). Spatial impact of urban expansion on lake surface water temperature based on the perspective of watershed scale. Frontiers in Environmental Science, 10, 991502.",
"""lake surface water temperature"" ""rate of change""",google scholar,CB,"Phillips, R. C., Saylor, J. R., Kaye, N. B., & Gibert, J. M. (2016). A multi-lake study of seasonal variation in lake surface evaporation using MODIS satellite-derived surface temperature. Limnology, 17(3), 273-289.",
"""lake surface water temperature"" ""rate of change""",google scholar,CB,"Noori, R., Woolway, R. I., Jun, C., Bateni, S. M., Naderian, D., Partani, S., ... & Pulkkanen, M. (2023). Multi-decadal change in summer mean water temperature in Lake Konnevesi, Finland (1984–2021). Ecological Informatics, 78, 102331.",
"""lake surface water temperature"" ""rate of change""",google scholar,CB,"Pilla, R. M., Williamson, C. E., Zhang, J., Smyth, R. L., Lenters, J. D., Brentrup, J. A., ... & Fisher, T. J. (2018). Browning‐related decreases in water transparency lead to long‐term increases in surface water temperature and thermal stratification in two small lakes. Journal of Geophysical Research: Biogeosciences, 123(5), 1651-1665.",
"""lake surface water temperature"" ""rate of change""",google scholar,CB,"Fichot, C. G., Matsumoto, K., Holt, B., Gierach, M. M., & Tokos, K. S. (2019). Assessing change in the overturning behavior of the Laurentian Great Lakes using remotely sensed lake surface water temperatures. Remote Sensing of Environment, 235, 111427.",
"""lake surface water temperature"" ""rate of change""",google scholar,CB,"Stefanidis, K., Varlas, G., Papadopoulos, A., & Dimitriou, E. (2021). Four decades of surface temperature, precipitation, and wind speed trends over lakes of Greece. Sustainability, 13(17), 9908.",
"""lake surface water temperature"" ""rate of change""",google scholar,CB,"Yu, Z., Yang, K., Luo, Y., Wang, P., & Yang, Z. (2021). Research on the lake surface water temperature downscaling based on deep learning. IEEE Journal of Selected Topics in Applied Earth Observations and Remote Sensing, 14, 5550-5558.",
"""lake surface water temperature"" ""rate of change""",google scholar,CB,"Ptak, M., Sojka, M., Szyga-Pluta, K., Baloch, M. Y. J., & Amnuaylojaroen, T. (2025). Is Everything Lost? Recreating the Surface Water Temperature of Unmonitored Lakes in Poland. Resources, 14(4), 67.",
"""lake surface water temperature"" ""rate of change""",google scholar,CB,"Bachmann, R. W. (2025). Climate Change for Lakes in the Coterminous United States in Relation to Lake Warming from 1981 to 2023. Water, 17(14), 2138.",
"""lake surface water temperature"" ""rate of change""",google scholar,CB,"Wan, W., Li, H., Xie, H., Hong, Y., Long, D., Zhao, L., ... & Yang, W. (2017). A comprehensive data set of lake surface water temperature over the Tibetan Plateau derived from MODIS LST products 2001–2015. Scientific Data, 4(1), 1-10.",
"""lake surface water temperature"" ""rate of change""",scopus,CB,"Duan, H., Yang, K., Shang, C., Zhou, X., & Luo, Y. (2024). Anthropogenic impact of lake surface water temperature of lakes: A case study of eleven lakes on the yunnan-guizhou plateau. Ecological Indicators, 165, 112165.",
"""lake surface water temperature"" ""rate of change""",scopus,CB,"Duan, H., Shang, C., Yang, K., & Luo, Y. (2022). Dynamic response of surface water temperature in Urban Lakes under different climate scenarios—a case study in dianchi Lake, China. International Journal of Environmental Research and Public Health, 19(19), 12142.",
"""lake surface water temperature"" ""rate of change""",scopus,CB,"Toffolon, M., Yousefi, A., & Piccolroaz, S. (2022). Estimation of the thermally reactive layer in lakes based on surface water temperature. Water Resources Research, 58(6), e2021WR031755.",
"""lake surface water temperature"" ""rate of change""",scopus,CB,"Mushtaq, F., Ahmed, P., & Nee Lala, M. G. (2021). Variability of lake surface water temperature: a case study during El Nino and La Nina events over the Himalayan lake region. Physical Geography, 42(3), 240-264.",
"""lake surface water temperature"" ""rate of change""",scopus,CB,"Fichot, C. G., Matsumoto, K., Holt, B., Gierach, M. M., & Tokos, K. S. (2019). Assessing change in the overturning behavior of the Laurentian Great Lakes using remotely sensed lake surface water temperatures. Remote Sensing of Environment, 235, 111427.",
