rate_C_year,location,lat,long,spatial_extent,method_LSWT,method_LSWT_standard,method_trend,aggregation_mean_min_max_etc,annual_seasonal_data,temporal_aggregation,n_lakes,n_years,min_year,max_year,paper_source,citation,citation_short,journal,other notes?,link,comment from Whitney,comment on comparing studies,reviewer 1,reviewer 2,,,,,,
0.03,Lake Titicaca,-15.82763754,-69.41180566,point,MOD11A2,satellite,Theil-Sens slope,mean,winter (day),winter,1,21,2000,2020,google scholar,"Aguilar-Lome, J., Soca-Flores, R., & Gómez, D. (2021). Evaluation of the Lake Titicaca's surface water temperature using LST MODIS time series (2000–2020). Journal of South American Earth Sciences, 112, 103609.","Aguilar-Lome et al., 2021",Journal of South American Earth Sciences,Lake Titicaca - Major Lake,Evaluation of the Lake Titicaca's surface water temperature using LST MODIS time series (2000–2020) - ScienceDirect,,,MA,OR,,,,,,
0.034,Lake Titicaca,-15.82763754,-69.41180566,point,MOD11A2,satellite,Theil-Sens slope,mean,winter (night),winter (night),1,21,2000,2020,google scholar,"Aguilar-Lome, J., Soca-Flores, R., & Gómez, D. (2021). Evaluation of the Lake Titicaca's surface water temperature using LST MODIS time series (2000–2020). Journal of South American Earth Sciences, 112, 103609.","Aguilar-Lome et al., 2021",Journal of South American Earth Sciences,Lake Titicaca - Major Lake,Evaluation of the Lake Titicaca's surface water temperature using LST MODIS time series (2000–2020) - ScienceDirect,,,MA,OR,,,,,,
0.04,Lake Titicaca,-16.352795,-68.80479,point,MOD11A2,satellite,Theil-Sens slope,mean,winter (day),winter,1,21,2000,2020,google scholar,"Aguilar-Lome, J., Soca-Flores, R., & Gómez, D. (2021). Evaluation of the Lake Titicaca's surface water temperature using LST MODIS time series (2000–2020). Journal of South American Earth Sciences, 112, 103609.","Aguilar-Lome et al., 2021",Journal of South American Earth Sciences,Lake Titicaca - Minor Lake,Evaluation of the Lake Titicaca's surface water temperature using LST MODIS time series (2000–2020) - ScienceDirect,,,MA,OR,,,,,,
0.03,Lake Titicaca,-16.352795,-68.80479,point,MOD11A2,satellite,Theil-Sens slope,mean,winter (night),winter (night),1,21,2000,2020,google scholar,"Aguilar-Lome, J., Soca-Flores, R., & Gómez, D. (2021). Evaluation of the Lake Titicaca's surface water temperature using LST MODIS time series (2000–2020). Journal of South American Earth Sciences, 112, 103609.","Aguilar-Lome et al., 2021",Journal of South American Earth Sciences,Lake Titicaca - Minor Lake,Evaluation of the Lake Titicaca's surface water temperature using LST MODIS time series (2000–2020) - ScienceDirect,,,MA,OR,,,,,,
0.031,Lake Michigan,42.66778,-87.0686,point,GLSEA,satellite,Sen's slope,mean,annual,annual,1,23,1995,2018,Scopus,"Anderson, E.J., Stow, C.A., Gronewold, A.D. et al. Seasonal overturn and stratification changes drive deep-water warming in one of Earth’s largest lakes. Nat Commun 12, 1688 (2021). https://doi.org/10.1038/s41467-021-21971-1"," Anderson et al., 2021",Nature Communications,they also report a rate using linear regressionand seasonal trend decomposition but have chosen sen's slope here,https://www.nature.com/articles/s41467-021-21971-1,,,MS,MA,,,,,,
0.01,South Central Chilean lakes,-36.48730226,-71.97720515,region,MODIS,satellite,Mann-Kendall non-parametric test,mean,annual,annual,14,16,2000,2016,Scopus,"Aranda, A. C., Rivera-Ruiz, D., Rodríguez-López, L., Pedreros, P., Arumí-Ribera, J. L., Morales-Salinas, L., ... & Urrutia, R. (2021). Evidence of climate change based on lake surface temperature trends in south central Chile. Remote Sensing, 13(22), 4535.",Aranda et al. 2021,Remote Sensing,they do provide seasonal and monthly trends but the rates are not listed for all lakes in a complete way,https://www.mdpi.com/2072-4292/13/22/4535,,,WW,BM,,,,,,
0.03,"North Slave Region, Canada",63.9880482,-111.3397898,region,satellite (Landsat),satellite,"linear regression, Mann-Kendall test",mean (assumed),open water (June to September),summer,535,37,1984,2021,google scholar,"Attiah, G., Pour, H. K., & Scott, K. A. (2023). Four decades of lake surface temperature in the Northwest Territories, Canada, using a lake-specific satellite-derived dataset. Journal of Hydrology: Regional Studies, 50, 101571.","Attiah et al., 2023",Journal of Hydrology: Regional Studies,"June to September; rates taken from text in the paragraph above figure 7, rate for ice cover season not listed?; figure 9 shows that deeper parts of the lake had faster warming trends","Four decades of lake surface temperature in the Northwest Territories, Canada, using a lake-specific satellite-derived dataset - ScienceDirect",,"double check trend methodology (I only saw Mann-Kendall?), check the temporal aggregation, was there a mean and maximum reported (I didn't see this); ",MA,WW,,,,,,
0.03,"North Slave Region, Canada",63.9880482,-111.3397898,region,satellite (Landsat),satellite,"linear regression, Mann-Kendall test",mean (assumed),May,spring,535,37,1984,2021,google scholar,"Attiah, G., Pour, H. K., & Scott, K. A. (2023). Four decades of lake surface temperature in the Northwest Territories, Canada, using a lake-specific satellite-derived dataset. Journal of Hydrology: Regional Studies, 50, 101571.","Attiah et al., 2023",Journal of Hydrology: Regional Studies,"June to September; rates taken from text in the paragraph above figure 7, rate for ice cover season not listed?; figure 9 shows that deeper parts of the lake had faster warming trends","Four decades of lake surface temperature in the Northwest Territories, Canada, using a lake-specific satellite-derived dataset - ScienceDirect",,"double check trend methodology (I only saw Mann-Kendall?), check the temporal aggregation, was there a mean and maximum reported (I didn't see this); ",MA,WW,,,,,,
0.13,"North Slave Region, Canada",63.9880482,-111.3397898,region,satellite (Landsat),satellite,"linear regression, Mann-Kendall test",mean (assumed),October,autumn,535,37,1984,2021,google scholar,"Attiah, G., Pour, H. K., & Scott, K. A. (2023). Four decades of lake surface temperature in the Northwest Territories, Canada, using a lake-specific satellite-derived dataset. Journal of Hydrology: Regional Studies, 50, 101571.","Attiah et al., 2023",Journal of Hydrology: Regional Studies,"June to September; rates taken from text in the paragraph above figure 7, rate for ice cover season not listed?; figure 9 shows that deeper parts of the lake had faster warming trends","Four decades of lake surface temperature in the Northwest Territories, Canada, using a lake-specific satellite-derived dataset - ScienceDirect",,"double check trend methodology (I only saw Mann-Kendall?), check the temporal aggregation, was there a mean and maximum reported (I didn't see this); ",MA,WW,,,,,,
0.111,Adirondack lakes (New York),44.1247,73.8693,region,"In situ, satellite",satellite,linear regression,mean,annual,annual,135,39,1984,2023,google scholar,"Azarderakhsh, M., Mossel, C., Bah, A. R., Malik, A., Khanom, F., Borrelli, J., ... & Rose, K. (2025). Validation and Trend Analysis of Satellite-Derived Surface Water Temperature Observations Over Adirondack Lakes. Environmental Advances, 100662.","Azarderakhsh et al., 2024",SSRN,"not on top 25 list, remove??; Landsat 5 and 7 ","Validation and Trend Analysis of Satellite-Derived Surface Water Temperature Observations Over Adirondack Lakes by Marzi Azarderakhsh, Carolien Mossel, Fahmeda Khanom, Aisha Malik, Abdou Bah, Jonathan Borrelli, Hamid Norouzi, Peter McIntyre, Kevin Rose :: SSRN",,,NA,,,,,,,
0.033,USA,40,95,region,PRISM  (http://prism.oregonstate.edu) 8-day,modelled,Linear regression,mean,Summer; (June-Sep),summer,1033,42,1981,2023,google scholar,"Bachmann, R. W. (2025). Climate Change for Lakes in the Coterminous United States in Relation to Lake Warming from 1981 to 2023. Water, 17(14), 2138.",Bachmann 2025,Water,,https://www.mdpi.com/2073-4441/17/14/2138,,,CB,BM,,,,,,
-0.012,"Lake Tana, Ethiopia",12.01276555,37.28646711,point,MODIS Terra LSWT (MOD11A2.061),satellite,"Sen’s slope estimator, and innovative trend analysis (ITA) ",mean,annual,annual,1,21,2001,2022,Scopus,"Bayable, G., Cai, J., Mekonnen, M., Legesse, S. A., Ishikawa, K., Sato, S., & Kuwahara, V. S. (2024). Spatiotemporal variability of lake surface water temperature and water quality parameters and its interrelationship with water hyacinth biomass in Lake Tana, Ethiopia. Environmental Science and Pollution Research, 31(33), 45929-45953.",Bayable et al. 2024,Environmental Science and Pollution Research,,https://www.scopus.com/inward/record.uri?eid=2-s2.0-85197755921&doi=10.1007%2fs11356-024-34212-x&partnerID=40&md5=f5d613c4e9dd74de59fdc00210d6f82a,"NOTE: I changed the LSWT method to 'satellite' because while they use in situ data to validate the sattelite data, only sattelite data are used in trend analysis",,OR,MP,,,,,,
0.001,"Lake Tana, Ethiopia",12.01276555,37.28646711,point,MODIS Terra LSWT (MOD11A2.061),satellite,"Sen’s slope estimator, and innovative trend analysis (ITA) ",mean,seasonal,dry season,1,21,2001,2022,Scopus,"Bayable, G., Cai, J., Mekonnen, M., Legesse, S. A., Ishikawa, K., Sato, S., & Kuwahara, V. S. (2024). Spatiotemporal variability of lake surface water temperature and water quality parameters and its interrelationship with water hyacinth biomass in Lake Tana, Ethiopia. Environmental Science and Pollution Research, 31(33), 45929-45953.",Bayable et al. 2024,Environmental Science and Pollution Research,,https://www.scopus.com/inward/record.uri?eid=2-s2.0-85197755921&doi=10.1007%2fs11356-024-34212-x&partnerID=40&md5=f5d613c4e9dd74de59fdc00210d6f82a,,,OR,MP,,,,,,
-0.012,"Lake Tana, Ethiopia",12.01276555,37.28646711,point,MODIS Terra LSWT (MOD11A2.061),satellite,"Sen’s slope estimator, and innovative trend analysis (ITA) ",mean,seasonal,pre-rainy ,1,21,2001,2022,Scopus,"Bayable, G., Cai, J., Mekonnen, M., Legesse, S. A., Ishikawa, K., Sato, S., & Kuwahara, V. S. (2024). Spatiotemporal variability of lake surface water temperature and water quality parameters and its interrelationship with water hyacinth biomass in Lake Tana, Ethiopia. Environmental Science and Pollution Research, 31(33), 45929-45953.",Bayable et al. 2024,Environmental Science and Pollution Research,,https://www.scopus.com/inward/record.uri?eid=2-s2.0-85197755921&doi=10.1007%2fs11356-024-34212-x&partnerID=40&md5=f5d613c4e9dd74de59fdc00210d6f82a,,,OR,MP,,,,,,
-0.016,"Lake Tana, Ethiopia",12.01276555,37.28646711,point,MODIS Terra LSWT (MOD11A2.061),satellite,"Sen’s slope estimator, and innovative trend analysis (ITA) ",mean,seasonal,rainy ,1,21,2001,2022,Scopus,"Bayable, G., Cai, J., Mekonnen, M., Legesse, S. A., Ishikawa, K., Sato, S., & Kuwahara, V. S. (2024). Spatiotemporal variability of lake surface water temperature and water quality parameters and its interrelationship with water hyacinth biomass in Lake Tana, Ethiopia. Environmental Science and Pollution Research, 31(33), 45929-45953.",Bayable et al. 2024,Environmental Science and Pollution Research,,https://www.scopus.com/inward/record.uri?eid=2-s2.0-85197755921&doi=10.1007%2fs11356-024-34212-x&partnerID=40&md5=f5d613c4e9dd74de59fdc00210d6f82a,,,OR,MP,,,,,,
-0.013,"Lake Tana, Ethiopia",12.01276555,37.28646711,point,MODIS Terra LSWT (MOD11A2.061),satellite,"Sen’s slope estimator, and innovative trend analysis (ITA) ",mean,seasonal,post-rainy,1,21,2001,2022,Scopus,"Bayable, G., Cai, J., Mekonnen, M., Legesse, S. A., Ishikawa, K., Sato, S., & Kuwahara, V. S. (2024). Spatiotemporal variability of lake surface water temperature and water quality parameters and its interrelationship with water hyacinth biomass in Lake Tana, Ethiopia. Environmental Science and Pollution Research, 31(33), 45929-45953.",Bayable et al. 2024,Environmental Science and Pollution Research,,https://www.scopus.com/inward/record.uri?eid=2-s2.0-85197755921&doi=10.1007%2fs11356-024-34212-x&partnerID=40&md5=f5d613c4e9dd74de59fdc00210d6f82a,,,OR,MP,,,,,,
0.03,Lake Michigan,43.36914043,-87.11931375,point,MUR (satellite),satellite,linear regression (assumed),mean (assumed),annual,annual,1,13,2003,2016,google scholar,"Crosman, E., Vazquez-Cuervo, J., & Chin, T. M. (2017). Evaluation of the multi-scale ultra-high resolution (MUR) analysis of lake surface temperature. Remote Sensing, 9(7), 723.",Crosman et al. 2017,Remote Sensing,"not very much detail about how trends were calculated, made some assumptions",https://www.mdpi.com/2072-4292/9/7/723,,,WW,OR,,,,,,
-0.03,Lake Okeechobee,26.95250347,-80.81767107,point,MUR (satellite),satellite,linear regression (assumed),mean (assumed),annual,annual,1,13,2003,2016,google scholar,"Crosman, E., Vazquez-Cuervo, J., & Chin, T. M. (2017). Evaluation of the multi-scale ultra-high resolution (MUR) analysis of lake surface temperature. Remote Sensing, 9(7), 723.",Crosman et al. 2017,Remote Sensing,"not very much detail about how trends were calculated, made some assumptions",https://www.mdpi.com/2072-4292/9/7/723,,,WW,OR,,,,,,
0.02,Lake Oneida,43.20754475,-75.92238612,point,MUR (satellite),satellite,linear regression (assumed),mean (assumed),annual,annual,1,13,2003,2016,google scholar,"Crosman, E., Vazquez-Cuervo, J., & Chin, T. M. (2017). Evaluation of the multi-scale ultra-high resolution (MUR) analysis of lake surface temperature. Remote Sensing, 9(7), 723.",Crosman et al. 2017,Remote Sensing,"not very much detail about how trends were calculated, made some assumptions",https://www.mdpi.com/2072-4292/9/7/723,,,WW,OR,,,,,,
0.037,Poland,54,19,region,observed,in situ,linear regression,mean,annual,annual,10,44,1971,2015,google scholar,"Czernecki, B., & Ptak, M. (2018). The impact of global warming on lake surface water temperature in Poland-the application of empirical-statistical downscaling, 1971-2100. Journal of Limnology, 77(2).","Czernecki & Ptak, 2018",Journal of Limnology,,Layout 1,,"double-check if satellite or insitu data was used,  double-check aggregation (mean, min, max etc), double-check end year and total number of years",MA,"OR, MP",,,,,,
0.106,Lake Bracciano and Lake Martignano (Italy),42.11831063,12.24429507,point,satellite (Landsat),satellite,linear regression,mean,annual,annual,2,19,2000,2019,google scholar,"De Santis, D., Del Frate, F., & Schiavon, G. (2021). Analysis of climate change effects on surface temperature in central-Italy lakes using satellite data time-series. Remote Sensing, 14(1), 117.","De Santis et al., 2021",Remote Sensing,Lake Bracciano and Lake Martignano,,,,MA,OR,,,,,,
0.053,Lake Bracciano and Lake Martignano (Italy),42.11831063,12.24429507,point,satellite (Landsat),satellite,linear regression,mean,annual,annual,2,35,1984,2019,google scholar,"De Santis, D., Del Frate, F., & Schiavon, G. (2021). Analysis of climate change effects on surface temperature in central-Italy lakes using satellite data time-series. Remote Sensing, 14(1), 117.","De Santis et al., 2021",Remote Sensing,Lake Bracciano and Lake Martignano,,,,MA,OR,,,,,,
0.058,Europe,56,15,region,observational data,in situ,non-parametric Mann-Kendall Test,maximum,annual,annual,10,49,1966,2015,google scholar,"Dokulil, M. T., de Eyto, E., Maberly, S. C., May, L., Weyhenmeyer, G. A., & Woolway, R. I. (2021). Increasing maximum lake surface temperature under climate change. Climatic Change , 165 (3), 56. https://doi.org/10.1007/s10584-021-03085-1",Dokulil et al. 2021,Climate Change,cited in another paper,Increasing maximum lake surface temperature under climate change | Climatic Change,,no discrepancies to resolve,WW,"OR, MP",,,,,,
0.003,Dianchi Lake,24.83710233,102.7108856,point,Air2Water,modelled,Mann-Kendall,mean (assumed),annual,annual,1,114,1900,2014,Google Scholar,"Duan, H., Shang, C., Yang, K., & Luo, Y. (2022). Dynamic response of surface water temperature in Urban Lakes under different climate scenarios—a case study in dianchi Lake, China. International Journal of Environmental Research and Public Health, 19(19), 12142.",Duan et al. 2022,,predictions on future lake rate change,,,double check LSWT methodology (I think they used MODIS to inform development of the Air2Water model which they then used from trends),OR,WW,,,,,,
0.06,Yunnan-Guizhou Plateau in China,25.97885192,104.8733531,region,MODIS11A2,satellite,Theil-Sen slope,mean,annual,annual,11,22,2001,2023,Scopus,"Duan, H., Yang, K., Shang, C., Zhou, X., & Luo, Y. (2024). Anthropogenic impact of lake surface water temperature of lakes: A case study of eleven lakes on the yunnan-guizhou plateau. Ecological Indicators, 165, 112165.",Duan et al. 2024,Ecological Indicators,,https://www-sciencedirect-com.ezproxy.waikato.ac.nz/science/article/pii/S1470160X24006228,,"CB: Method = Ollie put only MODIS, cand put MODIS and In-situ. method standard = Ollie put  satellite Cady put satellite and observed. ",OR,CB,,,,,,
0.026,Lake Dianchi,25,103,point,Random Forest,modelled,Linear regression,mean,annual,annual,1,69,1951,2020,Scopus,"Duan, Z., Gao, W., Cheng, G., Zhang, Y., & Chang, X. (2024). Warming surface and Lake heatwaves as key drivers to harmful algal Blooms: A case study of Lake Dianchi, China. Journal of Hydrology, 632, 130971.",Duan et al. 2024,Journal of Hydrology,,,,"can you clarify how they used a random forest to generate LSWT values? Also clarify the method_LSWT_standard (modelled or satellite), and the method_trend. Buddhika, can you add what you think is the aggregation_mean_min_max_etc?",MP,,,,,,,
0.026,Lake Dianchi ,25,103,Point,Random Forest,Satellite,Mann-Kendall,,annual,annual,1,69,1951,2020,,"Duan, Z., Gao, W., Cheng, G., Zhang, Y., & Chang, X. (2024). Warming surface and Lake heatwaves as key drivers to harmful algal Blooms: A case study of Lake Dianchi, China. Journal of Hydrology, 632, 130971.",Duan et al. 2024,Journal of Hydrology ,,https://doi.org/10.1016/j.jhydrol.2024.130971,,"can you clarify how they used a random forest to generate LSWT values? Also clarify the method_LSWT_standard (modelled or satellite), and the method_trend. Buddhika, can you add what you think is the aggregation_mean_min_max_etc?",,BM,,,,,,
0.046,Lake Constance,47.61364325,9.398871537,point,in situ sensor,in situ,linear regression,mean,annual,annual,1,30,1981,2011,Scopus,"Fink, G., Schmid, M., Wahl, B., Wolf, T., & Wüest, A. (2014). Heat flux modifications related to climate‐induced warming of large European lakes. Water Resources Research, 50(3), 2072-2085.",Fink et al. 2014,Water Resources Research,includes a table of other studies with LSWT rates,https://agupubs.onlinelibrary.wiley.com/doi/full/10.1002/2013WR014448,,,WW,MS,,,,,,
0.007,Tibetan Plateau,32,88,region,Air2water,modelled,linear regression (assumed),mean,annual (assumed),annual,96,21,2000,2022,Scopus,"Gan, F., Gao, Y., & Wei, Z. (2025). Changes in the summer seasonal cycle of lakes in the Inner Tibetan Plateau since the 21st century [Article]. Climatic Change, 178(4), Article 70. https://doi.org/10.1007/s10584-025-03911-w ",Gan et al. 2025,Climatic Change,,,,,MP,CB,,,,,,
0.078,Lake Sunapee,43.39186402,-72.05432706,point,Landsat,satellite,indicator variable regression model,median,summer (July - August),summer,1,35,1985,2020,google scholar,"Herrick, C., Steele, B. G., Brentrup, J. A., Cottingham, K. L., Ducey, M. J., Lutz, D. A., ... & Weathers, K. C. (2023). lakeCoSTR: A tool to facilitate use of Landsat Collection 2 to estimate lake surface water temperatures. Ecosphere, 14(1), e4357.","Herrick et al., 2022",Ecosphere,"Reports of average summer surface water temperature trends (typically averaged across July through September) across lakes globally range between 0.02 and 0.34C year1 for both in situ and remote sensing data (e.g., Carrea et al., 2020; Mason et al., 2016; O’Reilly et al., ; for the rate, I averaged the July August and September (Landsat) values; from the text:  average summer surface water temperature trends (typically averaged across July through September) across lakes globally range between 0.02 and 0.34°C year−1 for both in situ and remote sensing data (e.g., Carrea et al., 2020; Mason et al., 2016; O'Reilly et al., 2015; Pareeth et al., 2017; Piccolroaz et al., 2020; Schneider et al., 2009; Schneider & Hook, 2010).2015; Pareeth et al., 2017; Piccolroaz et al., 2020; Schneider et al., 2009; Schneider & Hook, 2010)",lakeCoSTR: A tool to facilitate use of Landsat Collection 2 to estimate lake surface water temperatures,,"double-check the rate (for the summer rate, I avg'ed the July August and September (Landsat) values from table 1), trend methodology, and temporal aggregation (in the Case Study Methods, they specify they used the median)",MA,WW,,,,,,
0.04,China,35,105,region,modelled (FLake),modelled,Sen's slope,mean,annual,annual,91,39,1979,2018,google scholar,"Huang, L., Wang, X., Yan, Y., Jin, L., Yang, K., Chen, A., ... & Piao, S. (2023). Attribution of lake surface water temperature change in large lakes across China over past four decades. Journal of Geophysical Research: Atmospheres, 128(21), e2022JD038465.","Huang et al., 2023",JGR Atmospheres,"84% of lakes warmed, but seven lakes showed cooling higher rates in winter and spring than summer and autumn; driver analysis shows air temp, longwave, and wind speed are most important drivers",https://agupubs.onlinelibrary.wiley.com/doi/full/10.1029/2022JD038465,,double-check if there should be only annual or if seasonal rates are also reported (following MS): WW confirmed seasonal rates should also be added,WW,MP,,,,,,
0.05,China,35,105,region,modelled (FLake),modelled,Sen's slope,mean,seasonal,winter,91,39,1979,2018,google scholar,"Huang, L., Wang, X., Yan, Y., Jin, L., Yang, K., Chen, A., ... & Piao, S. (2023). Attribution of lake surface water temperature change in large lakes across China over past four decades. Journal of Geophysical Research: Atmospheres, 128(21), e2022JD038465.","Huang et al., 2023",JGR Atmospheres,"84% of lakes warmed, but seven lakes showed cooling higher rates in winter and spring than summer and autumn; driver analysis shows air temp, longwave, and wind speed are most important drivers",https://agupubs.onlinelibrary.wiley.com/doi/full/10.1029/2022JD038465,,double-check if there should be only annual or if seasonal rates are also reported (following MS): WW confirmed seasonal rates should also be added,WW,MP,,,,,,
0.041,China,35,105,region,modelled (FLake),modelled,Sen's slope,mean,seasonal,spring,91,39,1979,2018,google scholar,"Huang, L., Wang, X., Yan, Y., Jin, L., Yang, K., Chen, A., ... & Piao, S. (2023). Attribution of lake surface water temperature change in large lakes across China over past four decades. Journal of Geophysical Research: Atmospheres, 128(21), e2022JD038465.","Huang et al., 2023",JGR Atmospheres,"84% of lakes warmed, but seven lakes showed cooling higher rates in winter and spring than summer and autumn; driver analysis shows air temp, longwave, and wind speed are most important drivers",https://agupubs.onlinelibrary.wiley.com/doi/full/10.1029/2022JD038465,,double-check if there should be only annual or if seasonal rates are also reported (following MS): WW confirmed seasonal rates should also be added,WW,MP,,,,,,
0.038,China,35,105,region,modelled (FLake),modelled,Sen's slope,mean,seasonal,autumn,91,39,1979,2018,google scholar,"Huang, L., Wang, X., Yan, Y., Jin, L., Yang, K., Chen, A., ... & Piao, S. (2023). Attribution of lake surface water temperature change in large lakes across China over past four decades. Journal of Geophysical Research: Atmospheres, 128(21), e2022JD038465.","Huang et al., 2023",JGR Atmospheres,"84% of lakes warmed, but seven lakes showed cooling higher rates in winter and spring than summer and autumn; driver analysis shows air temp, longwave, and wind speed are most important drivers",https://agupubs.onlinelibrary.wiley.com/doi/full/10.1029/2022JD038465,,double-check if there should be only annual or if seasonal rates are also reported (following MS): WW confirmed seasonal rates should also be added,WW,MP,,,,,,
0.029,China,35,105,region,modelled (FLake),modelled,Sen's slope,mean,seasonal,summer,91,39,1979,2018,google scholar,"Huang, L., Wang, X., Yan, Y., Jin, L., Yang, K., Chen, A., ... & Piao, S. (2023). Attribution of lake surface water temperature change in large lakes across China over past four decades. Journal of Geophysical Research: Atmospheres, 128(21), e2022JD038465.","Huang et al., 2023",JGR Atmospheres,"84% of lakes warmed, but seven lakes showed cooling higher rates in winter and spring than summer and autumn; driver analysis shows air temp, longwave, and wind speed are most important drivers",https://agupubs.onlinelibrary.wiley.com/doi/full/10.1029/2022JD038465,,double-check if there should be only annual or if seasonal rates are also reported (following MS): WW confirmed seasonal rates should also be added,WW,MP,,,,,,
0.023,"Lake Inari, Arctic zone",69,28,point,modelled using machine learning + air temp,modelled,Pinhas's method (linear regression + ANOVA),none--daily estimates,annual (exluding ice period; Nov-Jun),annual,1,63,1960,2023,,"Kim, H. I., Kim, D., Salamattalab, M. M., Mahdian, M., Bateni, S. M., & Noori, R. (2024). Machine learning-based modeling of surface water temperature dynamics in arctic lakes. Environmental Science and Pollution Research, 31(49), 59642-59655.",Kim et al. 2004,Environmental Science and Pollution Research,they talk about Sen's slope but say Pinhas's method is better,https://link-springer-com.ezproxy.waikato.ac.nz/article/10.1007/s11356-024-35173-x,,"double-check the trend methodology, whether it was aggregated to mean (note from WW: I think they did not aggregate but ran the trend on all data)",WW,MP,,,,,,
0.06,Lake Kinneret,32.83333,35.58333,point,month-to-month observations,in situ,linear regression,None: they estimated trends on deseasonalized monthly observations,annual (day),annual,2,16,2003,2019,Scopus,"Kishcha, P., Starobinets, B., Lechinsky, Y., & Alpert, P. (2021). Absence of surface water temperature trends in lake kinneret despite present atmospheric warming: Comparisons with dead sea trends. Remote Sensing (Basel, Switzerland), 13(17), 3461-. https://doi.org/10.3390/rs13173461","Kishcha et al., 2021",Remote Sensing,,https://www.proquest.com/docview/2571500367?accountid=17287&parentSessionId=Nt8kVhIVr4AxkPgmZGK0CsCFas3u1AHSNsqXgNfVtSg%3D&pq-origsite=primo&sourcetype=Scholarly%20Journals,,,MS,WW,,,,,,
0.07,Lake Kinneret,32.83333,35.58333,point,month-to-month observations,in situ,linear regression,mean (assumed),summer (June - August),summer,2,16,2003,2019,Scopus,"Kishcha, P., Starobinets, B., Lechinsky, Y., & Alpert, P. (2021). Absence of surface water temperature trends in lake kinneret despite present atmospheric warming: Comparisons with dead sea trends. Remote Sensing (Basel, Switzerland), 13(17), 3461-. https://doi.org/10.3390/rs13173461","Kishcha et al., 2021",Remote Sensing,,https://www.proquest.com/docview/2571500367?accountid=17287&parentSessionId=Nt8kVhIVr4AxkPgmZGK0CsCFas3u1AHSNsqXgNfVtSg%3D&pq-origsite=primo&sourcetype=Scholarly%20Journals,,,MS,WW,,,,,,
0.04,Lake Kinneret,32.833333,35.583333,point,MODIS-terra,satellite,Linear fit,mean,summer  (June-August),summer,2,16,2003,2019,Scopus,"Kishcha, P., Starobinets, B., Lechinsky, Y., & Alpert, P. (2021). Absence of surface water temperature trends in lake kinneret despite present atmospheric warming: Comparisons with dead sea trends. Remote Sensing (Basel, Switzerland), 13(17), 3461-. https://doi.org/10.3390/rs13173461","Kishcha et al., 2021",Remote Sensing,,https://www.proquest.com/docview/2571500367?accountid=17287&parentSessionId=Nt8kVhIVr4AxkPgmZGK0CsCFas3u1AHSNsqXgNfVtSg%3D&pq-origsite=primo&sourcetype=Scholarly%20Journals,,,MS,WW,,,,,,
0.05,Lake Kinneret,32.833333,35.583333,point,MODIS-Terra,satellite,linear regression,None: they estimated trends on deseasonalized monthly observations,annual (day),annual,2,16,2003,2019,,"Kishcha, P., Starobinets, B., Lechinsky, Y., & Alpert, P. (2021). Absence of surface water temperature trends in lake kinneret despite present atmospheric warming: Comparisons with dead sea trends. Remote Sensing (Basel, Switzerland), 13(17), 3461-. https://doi.org/10.3390/rs13173461",Kischcha et al. 2021,Remote Sensing,,,,"I found the study also reported in situ trends and added those as separate rows (these appear to be mean monthly obs); for Lake Kinneret satellite trends, can you confirm the 0.05 trend is MODIS-Terra (they also report MODIS-Aqua with a different value); summer rates should also be added for in situ, Lake Kinneret (MODIS Terra) and Dead Sea (MODIS Terra); MODIS-Terra summer rates taken from Figure 14; I did not find the 0C/year annual trend for the Dead Sea (only a summer trend of 0.08)",MS,WW,,,,,,
0.08,Dead Sea,31.5,35.5,point,MODIS-terra,satellite,Linear fit,mean,summer  (June-August),summer,2,16,2003,2019,Scopus,"Kishcha, P., Starobinets, B., Lechinsky, Y., & Alpert, P. (2021). Absence of surface water temperature trends in lake kinneret despite present atmospheric warming: Comparisons with dead sea trends. Remote Sensing (Basel, Switzerland), 13(17), 3461-. https://doi.org/10.3390/rs13173461","Kishcha et al., 2021",Remote Sensing,,https://www.proquest.com/docview/2571500367?accountid=17287&parentSessionId=Nt8kVhIVr4AxkPgmZGK0CsCFas3u1AHSNsqXgNfVtSg%3D&pq-origsite=primo&sourcetype=Scholarly%20Journals,,,MS,WW,,,,,,
0.04143,"Yunnan Province, China",25,101,region,ubESTARFM data fusion,modelled,"Theil-Sen, Mann-Kendall",mean,annual,annual,7,20,2000,2020,Scopus,"Li, D., Luo, Y., Yang, K., Shang, C., Zhu, S., Peng, S., Li, A., Chen, R., Peng, Z., Pei, X., Yin, Y., Wang, Q., Peng, C., & Wei, H. (2024). Effects of Climate Change and Urbanization on Spatiotemporal Variations of Lake Surface Water Temperature [Article]. IEEE Journal of Selected Topics in Applied Earth Observations and Remote Sensing, 17, 19955-19971. https://doi.org/10.1109/JSTARS.2024.3487623 ",Li et al 2024,IEEE Journal of Selected Topics in Applied Earth Observations and Remote Sensing,,,,,MP,MA,,,,,,
0.07,"Lake Qiandaohu, China",30,119,point,"Landsat 5, 7 and 8 collection 1 Level 1 Tier 1",satellite,Sen’s slope,mean,annual,annual,1,35,1986,2021,Scopus,"Li, Y., Shi, K., Zhang, Y., Zhu, G., Guo, Y., Li, H., & Du, C. (2022). Warming lake surface water temperatures in Lake Qiandaohu, China: Spatiotemporal variations, influencing factors and implications for the thermal structure. Frontiers in Environmental Science, 10, 995862.",Li et al. 2022,Frontiers in Environmental Science,,https://www.scopus.com/inward/record.uri?eid=2-s2.0-85138079657&doi=10.3389%2ffenvs.2022.995862&partnerID=40&md5=bac11ecce5be3f0f8c9147d799930bd1,,double-check if satellite and insitu data were used for measuring water temp,OR,MP,,,,,,
0.04,Europe,56,15,region,"In situ, satellite, used skin validation with bulk . Included a probability cloud mask after Musial et al. ",satellite,Thiel–Sen,mean,annual,annual,26,35,1981,2016,,"Lieberherr, G., & Wunderle, S. (2018). Lake surface water temperature derived from 35 years of AVHRR sensor data for European lakes. Remote sensing, 10(7), 990.",Lieberherr and Wunderle 2018,Remote Sensing (MDPI),"also calculate seasonal trends; Increasing trends from south (Lake Trichonida 0.21 K/decade,) to north (Inarijärvi 0.50 K/decade), and west (Thingvallavatn 0.38 K/decade) to east (Lake Onega 0.76 K/decade. ""They talk about the correction methods for the skin to bulk ; difference and that it didn't improve the validation performance: ""The method, applied to LSWT, only affects the systematic bias and has no effect on the variance of the error.""  ""Schneider and Hook  mention elevated summer trends in Northern Europe of up to around 0.8 K/dec""; Demosnstrates relationship by latuitude (fig 11)",https://www.mdpi.com/2072-4292/10/7/990 ,,no discrepancies to resolve,WW,MP,,,,,,
0.059,Lake Taihu,31.23,120.13,point,MODIS,satellite,linear regression,mean,summer(night),summer (night),1,11,2002,2013,google scholar,"Liu, G., Ou, W., Zhang, Y., Wu, T., Zhu, G., Shi, K., & Qin, B. (2015). Validating and mapping surface water temperatures in Lake Taihu: Results from MODIS land surface temperature products. IEEE Journal of Selected Topics in Applied Earth Observations and Remote Sensing, 8(3), 1230-1244.",Liu et al. 2015,IEEE,nighttime,https://ieeexplore.ieee.org/abstract/document/7008836,,"double-check if this was a summer or annual rateand whether it was day or night: WW: after reading again, I think these are summer (nighttime) estimates",WW,MS,,,,,,
0.12,Dianchi Lake,25,103,point,MODIS ,satellite,polynomial regression,mean,annual (day),annual,1,16,2001,2017,Google Scholar,"Luo, Y., Zhang, Y., Yang, K., Yu, Z., & Zhu, Y. (2019). Spatiotemporal variations in Dianchi lake’s surface water temperature from 2001 to 2017 under the influence of climate warming. Ieee Access, 7, 115378-115387.",Luo et al. 2019,Ieee Access,,,,"double-check the trend methodology (see comment between OR and WW), and double-check that night rates are appropriately labelled/distinguished from day rates",OR,MP,,,,,,
0.09,Dianchi Lake,25,103,point,MODIS ,satellite,polynomial regression,mean,annual (night),annual (night),1,16,2001,2017,Google Scholar,"Luo, Y., Zhang, Y., Yang, K., Yu, Z., & Zhu, Y. (2019). Spatiotemporal variations in Dianchi lake’s surface water temperature from 2001 to 2017 under the influence of climate warming. Ieee Access, 7, 115378-115387.",Luo et al. 2019,Ieee Access,,,,"double-check the trend methodology (see comment between OR and WW), and double-check that night rates are appropriately labelled/distinguished from day rates",OR,MP,,,,,,
-0.05,Himalayan lake region - Wular lake,34.37,74.56,point,MODIS,satellite,"Mann-Kendall (MK), nonparametric rank based technique",mean,annual (day),annual,1,16,2001,2017,Scopus,"Mushtaq, F., Ahmed, P., & Nee Lala, M. G. (2020). Variability of lake surface water temperature: a case study during El Nino and La Nina events over the Himalayan lake region. Physical Geography, 42(3), 240–264. https://doi.org/10.1080/02723646.2020.1751386","Mushtaq et al., 2020",Physical Geography,day and night temperature show different trends,https://www.tandfonline.com/doi/full/10.1080/02723646.2020.1751386#abstract,,,MS,BM,,,,,,
0.01,Himalayan lake region - Wular lake,34.37,74.56,point,MODIS,satellite,"Mann-Kendall (MK), nonparametric rank based technique",mean,annual (night),annual (night),1,16,2001,2017,Scopus,"Mushtaq, F., Ahmed, P., & Nee Lala, M. G. (2020). Variability of lake surface water temperature: a case study during El Nino and La Nina events over the Himalayan lake region. Physical Geography, 42(3), 240–264. https://doi.org/10.1080/02723646.2020.1751386","Mushtaq et al., 2020",Physical Geography,day and night temperature show different trends,https://www.tandfonline.com/doi/full/10.1080/02723646.2020.1751386#abstract,,,MS,BM,,,,,,
0.038,Piburger See,47,11,point,Observational (thermister chain),in situ,Regression slope,mean,Twelve-month moving average of monthly mean water temperatures,annual,1,43,1972,2015,google scholar,"Niedrist, G. H., Psenner, R., & Sommaruga, R. (2018). Climate warming increases vertical and seasonal water temperature differences and inter-annual variability in a mountain lake. Climatic Change, 151(3), 473-490.",Niedrist et al. 2018,Climatic Change,,,CB: Annual report from monthly moving average,"NOTE TO WHITNEY : ""We resolved each time series into long-term trends (using a 12-month moving average), the annual cycle, and random (non-cyclic) variation using a classical seasonal decomposition of the time series"" unsure of this? ",MP,CB,,,,,,
0.024,Piburger See,47,11,point,Observational (thermister chain),in situ,Regression slope,mean,Seasonal,summer,1,43,1972,2015,google scholar,"Niedrist, G. H., Psenner, R., & Sommaruga, R. (2018). Climate warming increases vertical and seasonal water temperature differences and inter-annual variability in a mountain lake. Climatic Change, 151(3), 473-490.",Niedrist et al. 2018,Climatic Change,,,,,MP,CB,,,,,,
0.081,Piburger See,47,11,point,Observational (thermister chain),in situ,Regression slope,mean,Seasonal,autumn,1,43,1972,2015,google scholar,"Niedrist, G. H., Psenner, R., & Sommaruga, R. (2018). Climate warming increases vertical and seasonal water temperature differences and inter-annual variability in a mountain lake. Climatic Change, 151(3), 473-490.",Niedrist et al. 2018,Climatic Change,,,,,MP,CB,,,,,,
0.029,Piburger See,47,11,point,Observational (thermister chain),in situ,Regression slope,mean,Seasonal,winter,1,43,1972,2015,google scholar,"Niedrist, G. H., Psenner, R., & Sommaruga, R. (2018). Climate warming increases vertical and seasonal water temperature differences and inter-annual variability in a mountain lake. Climatic Change, 151(3), 473-490.",Niedrist et al. 2018,Climatic Change,,,,,MP,CB,,,,,,
0.016,Piburger See,47,11,point,Observational (thermister chain),in situ,Regression slope,mean,Seasonal,spring,1,43,1972,2015,google scholar,"Niedrist, G. H., Psenner, R., & Sommaruga, R. (2018). Climate warming increases vertical and seasonal water temperature differences and inter-annual variability in a mountain lake. Climatic Change, 151(3), 473-490.",Niedrist et al. 2018,Climatic Change,,,,,MP,CB,,,,,,
0.041,Finland,62,26,point,GAM model,modelled,"Mann-Kendall, Sen's approach",mean,seasonal,summer,1,37,1984,2021,google scholar,"Noori, R., Woolway, R. I., Jun, C., Bateni, S. M., Naderian, D., Partani, S., ... & Pulkkanen, M. (2023). Multi-decadal change in summer mean water temperature in Lake Konnevesi, Finland (1984–2021). Ecological Informatics, 78, 102331.","Noori et al., 2023",Ecological Information,"predictor variables = summer mean air temp, solar radiation, near-surface wind speed, ice departure date;  LSWT (0.41 °C decade) and LVWMT (0.32 °C decade−1)   --- Seasonal (summer; Jul-Sep) open water (ice free)","Multi-decadal change in summer mean water temperature in Lake Konnevesi, Finland (1984–2021) - ScienceDirect",,"double-check if modelled AND in situ data were used for measuring water temp, double-check for annual_seasonal_data if data were just summer or open water (check definition in paper)",MA,CB,,,,,,
0.0235,Poland,54.01719751,18.53307838,region,in situ,in situ,"Mann-Kendall, Sen's approach",minimum,winter,winter,10,49,1972,2021,google scholar,"Olowoyeye, T., Ptak, M., & Sojka, M. (2023). How Do Extreme Lake Water Temperatures in Poland Respond to Climate Change? Resources, 12(9), 107. https://doi.org/10.3390/resources12090107","Olowoyeye et al., 2023",Resources,study reported monthly and annual values - seasonal was self-calculated,How Do Extreme Lake Water Temperatures in Poland Respond to Climate Change?,,,MA,BM,,,,,,
0.0385,Poland,54.01719751,18.53307838,region,in situ,in situ,"Mann-Kendall, Sen's approach",maximum,winter,winter,10,49,1972,2021,google scholar,"Olowoyeye, T., Ptak, M., & Sojka, M. (2023). How Do Extreme Lake Water Temperatures in Poland Respond to Climate Change? Resources, 12(9), 107. https://doi.org/10.3390/resources12090107","Olowoyeye et al., 2023",Resources,study reported monthly and annual values - seasonal was self-calculated,How Do Extreme Lake Water Temperatures in Poland Respond to Climate Change?,,,MA,BM,,,,,,
0.072,Poland,54.01719751,18.53307838,region,in situ,in situ,"Mann-Kendall, Sen's approach",minimum,spring,spring,10,49,1972,2021,google scholar,"Olowoyeye, T., Ptak, M., & Sojka, M. (2023). How Do Extreme Lake Water Temperatures in Poland Respond to Climate Change? Resources, 12(9), 107. https://doi.org/10.3390/resources12090107","Olowoyeye et al., 2023",Resources,study reported monthly and annual values - seasonal was self-calculated,How Do Extreme Lake Water Temperatures in Poland Respond to Climate Change?,,,MA,BM,,,,,,
0.0775,Poland,54.01719751,18.53307838,region,in situ,in situ,"Mann-Kendall, Sen's approach",maximum,spring,spring,10,49,1972,2021,google scholar,"Olowoyeye, T., Ptak, M., & Sojka, M. (2023). How Do Extreme Lake Water Temperatures in Poland Respond to Climate Change? Resources, 12(9), 107. https://doi.org/10.3390/resources12090107","Olowoyeye et al., 2023",Resources,study reported monthly and annual values - seasonal was self-calculated,How Do Extreme Lake Water Temperatures in Poland Respond to Climate Change?,,,MA,BM,,,,,,
0.09,Poland,54.01719751,18.53307838,region,in situ,in situ,"Mann-Kendall, Sen's approach",minimum,summer,summer,10,49,1972,2021,google scholar,"Olowoyeye, T., Ptak, M., & Sojka, M. (2023). How Do Extreme Lake Water Temperatures in Poland Respond to Climate Change? Resources, 12(9), 107. https://doi.org/10.3390/resources12090107","Olowoyeye et al., 2023",Resources,study reported monthly and annual values - seasonal was self-calculated,How Do Extreme Lake Water Temperatures in Poland Respond to Climate Change?,,,MA,BM,,,,,,
0.0815,Poland,54.01719751,18.53307838,region,in situ,in situ,"Mann-Kendall, Sen's approach",maximum,summer,summer,10,49,1972,2021,google scholar,"Olowoyeye, T., Ptak, M., & Sojka, M. (2023). How Do Extreme Lake Water Temperatures in Poland Respond to Climate Change? Resources, 12(9), 107. https://doi.org/10.3390/resources12090107","Olowoyeye et al., 2023",Resources,study reported monthly and annual values - seasonal was self-calculated,How Do Extreme Lake Water Temperatures in Poland Respond to Climate Change?,,,MA,BM,,,,,,
0.0655,Poland,54.01719751,18.53307838,region,in situ,in situ,"Mann-Kendall, Sen's approach",minimum,autumn,autumn,10,49,1972,2021,google scholar,"Olowoyeye, T., Ptak, M., & Sojka, M. (2023). How Do Extreme Lake Water Temperatures in Poland Respond to Climate Change? Resources, 12(9), 107. https://doi.org/10.3390/resources12090107","Olowoyeye et al., 2023",Resources,study reported monthly and annual values - seasonal was self-calculated,How Do Extreme Lake Water Temperatures in Poland Respond to Climate Change?,,,MA,BM,,,,,,
0.059,Poland,54.01719751,18.53307838,region,in situ,in situ,"Mann-Kendall, Sen's approach",maximum,autumn,autumn,10,49,1972,2021,google scholar,"Olowoyeye, T., Ptak, M., & Sojka, M. (2023). How Do Extreme Lake Water Temperatures in Poland Respond to Climate Change? Resources, 12(9), 107. https://doi.org/10.3390/resources12090107","Olowoyeye et al., 2023",Resources,study reported monthly and annual values - seasonal was self-calculated,How Do Extreme Lake Water Temperatures in Poland Respond to Climate Change?,,,MA,BM,,,,,,
0.034,World,0,-176,global,remote sensing and in situ,satellite and in situ,Sen's slope,mean,summer,summer,235,24,1985,2009,,"O'Reilly, C. M., Sharma, S., Gray, D. K., Hampton, S. E., Read, J. S., Rowley, R. J., ... & Zhang, G. (2015). Rapid and highly variable warming of lake surface waters around the globe. Geophysical Research Letters, 42(24), 10-773.",O'Reilly et al. 2015,,not in the literature results (top 25) so maybe remove? shows up somewhere around 45-50,,,,NA,,,,,,,
0.021,Lake Dianchi,25,103,point,MODIS (error corrected to observed),satellite,not stated,mean,annual,annual,1,23,2000,2023,google scholar,"Peng, J., Chen, J., Liu, S., Liu, T., Deng, F., Fan, Y., & De Maeyer, P. (2024). Dynamics of the risk of algal blooms induced by surface water temperature in an alpine eutrophic lake under climate warming: Insights from Lake Dianchi. Journal of Hydrology, 643, 131949.",Peng et al 2024,Journal of Hydrology,,,,,MP,OR,,,,,,
0.031,China,29,113,region,MOD11A2,satellite,Theil-Sen slope and Mann-Kendall nonparametric test method,mean,annual,annual,6,17,2001,2018,Scopus,"Peng, Z., Yang, K., Shang, C., Duan, H., Tang, L., Zhang, Y., ... & Luo, Y. (2022). Attribution analysis of lake surface water temperature changing—taking China’s six main lakes as example. Ecological Indicators, 145, 109651.",Peng et al. 2022,Ecological Indicators,,,,annual rates match but double check if seasonal rates should also be added,OR,MP,,,,,,
0.035,China,29,113,region,MOD11A2,satellite,Theil-Sen slope and Mann-Kendall nonparametric test method,mean,seasonal,spring,6,17,2001,2018,Scopus,"Peng, Z., Yang, K., Shang, C., Duan, H., Tang, L., Zhang, Y., ... & Luo, Y. (2022). Attribution analysis of lake surface water temperature changing—taking China’s six main lakes as example. Ecological Indicators, 145, 109651.",Peng et al. 2022,Ecological Indicators,,,,annual rates match but double check if seasonal rates should also be added,OR,MP,,,,,,
0.032,China,29,113,region,MOD11A2,satellite,Theil-Sen slope and Mann-Kendall nonparametric test method,mean,seasonal,summer,6,17,2001,2018,Scopus,"Peng, Z., Yang, K., Shang, C., Duan, H., Tang, L., Zhang, Y., ... & Luo, Y. (2022). Attribution analysis of lake surface water temperature changing—taking China’s six main lakes as example. Ecological Indicators, 145, 109651.",Peng et al. 2022,Ecological Indicators,,,,annual rates match but double check if seasonal rates should also be added,OR,MP,,,,,,
0.018,China,29,113,region,MOD11A2,satellite,Theil-Sen slope and Mann-Kendall nonparametric test method,mean,seasonal,autumn,6,17,2001,2018,Scopus,"Peng, Z., Yang, K., Shang, C., Duan, H., Tang, L., Zhang, Y., ... & Luo, Y. (2022). Attribution analysis of lake surface water temperature changing—taking China’s six main lakes as example. Ecological Indicators, 145, 109651.",Peng et al. 2022,Ecological Indicators,,,,annual rates match but double check if seasonal rates should also be added,OR,MP,,,,,,
0.023,China,29,113,region,MOD11A2,satellite,Theil-Sen slope and Mann-Kendall nonparametric test method,mean,seasonal,winter,6,17,2001,2018,Scopus,"Peng, Z., Yang, K., Shang, C., Duan, H., Tang, L., Zhang, Y., ... & Luo, Y. (2022). Attribution analysis of lake surface water temperature changing—taking China’s six main lakes as example. Ecological Indicators, 145, 109651.",Peng et al. 2022,Ecological Indicators,,,,annual rates match but double check if seasonal rates should also be added,OR,MP,,,,,,
0.03,China,29,113,region,MOD11A2,satellite,Theil-Sen slope and Mann-Kendall nonparametric test method,mean,annual (night),annual (night),6,17,2001,2018,Scopus,"Peng, Z., Yang, K., Shang, C., Duan, H., Tang, L., Zhang, Y., ... & Luo, Y. (2022). Attribution analysis of lake surface water temperature changing—taking China’s six main lakes as example. Ecological Indicators, 145, 109651.",Peng et al. 2022,Ecological Indicators,,,,annual rates match but double check if seasonal rates should also be added,OR,MP,,,,,,
0.039,China,29,113,region,MOD11A2,satellite,Theil-Sen slope and Mann-Kendall nonparametric test method,mean,seasonal (night),spring (night),6,17,2001,2018,Scopus,"Peng, Z., Yang, K., Shang, C., Duan, H., Tang, L., Zhang, Y., ... & Luo, Y. (2022). Attribution analysis of lake surface water temperature changing—taking China’s six main lakes as example. Ecological Indicators, 145, 109651.",Peng et al. 2022,Ecological Indicators,,,,annual rates match but double check if seasonal rates should also be added,OR,MP,,,,,,
0.03,China,29,113,region,MOD11A2,satellite,Theil-Sen slope and Mann-Kendall nonparametric test method,mean,seasonal (night),summer (night),6,17,2001,2018,Scopus,"Peng, Z., Yang, K., Shang, C., Duan, H., Tang, L., Zhang, Y., ... & Luo, Y. (2022). Attribution analysis of lake surface water temperature changing—taking China’s six main lakes as example. Ecological Indicators, 145, 109651.",Peng et al. 2022,Ecological Indicators,,,,annual rates match but double check if seasonal rates should also be added,OR,MP,,,,,,
0.022,China,29,113,region,MOD11A2,satellite,Theil-Sen slope and Mann-Kendall nonparametric test method,mean,seasonal (night),autumn (night),6,17,2001,2018,Scopus,"Peng, Z., Yang, K., Shang, C., Duan, H., Tang, L., Zhang, Y., ... & Luo, Y. (2022). Attribution analysis of lake surface water temperature changing—taking China’s six main lakes as example. Ecological Indicators, 145, 109651.",Peng et al. 2022,Ecological Indicators,,,,annual rates match but double check if seasonal rates should also be added,OR,MP,,,,,,
0.045,China,29,113,region,MOD11A2,satellite,Theil-Sen slope and Mann-Kendall nonparametric test method,mean,seasonal (night),winter (night),6,17,2001,2018,Scopus,"Peng, Z., Yang, K., Shang, C., Duan, H., Tang, L., Zhang, Y., ... & Luo, Y. (2022). Attribution analysis of lake surface water temperature changing—taking China’s six main lakes as example. Ecological Indicators, 145, 109651.",Peng et al. 2022,Ecological Indicators,,,,annual rates match but double check if seasonal rates should also be added,OR,MP,,,,,,
0.104,Lake Giles,71,-75,point,in situ sensor,in situ,Sen's slope,none,summer (single value taken in July every year),summer,2,26,1988,2014,google scholar,"Pilla, R. M., Williamson, C. E., Zhang, J., Smyth, R. L., Lenters, J. D., Brentrup, J. A., ... & Fisher, T. J. (2018). Browning‐related decreases in water transparency lead to long‐term increases in surface water temperature and thermal stratification in two small lakes. Journal of Geophysical Research: Biogeosciences, 123(5), 1651-1665.",Pilla et al. 2018,Journal of Geophysical Research: Biogeosciences,"one profile taken per year in July, temperature taken from 2m depth",https://agupubs.onlinelibrary.wiley.com/doi/full/10.1029/2017JG004321,,"double-check the aggregation (mean, min, max) and whether this is summer or annual data: WW went back and looks like they calculated trends on one July estimate each year over the 27 years",WW,MP,,,,,,
0.077,Lake Lacawac,41,-75,point,in situ sensor,in situ,Sen's slope,none,summer (single value taken in July every year),summer,2,26,1988,2014,google scholar,"Pilla, R. M., Williamson, C. E., Zhang, J., Smyth, R. L., Lenters, J. D., Brentrup, J. A., ... & Fisher, T. J. (2018). Browning‐related decreases in water transparency lead to long‐term increases in surface water temperature and thermal stratification in two small lakes. Journal of Geophysical Research: Biogeosciences, 123(5), 1651-1665.",Pilla et al. 2018,Journal of Geophysical Research: Biogeosciences,"one profile taken per year in July, temperature taken from 2m depth",https://agupubs.onlinelibrary.wiley.com/doi/full/10.1029/2017JG004321,,"double-check the aggregation (mean, min, max) and whether this is summer or annual data: WW went back and looks like they calculated trends on one July estimate each year over the 27 years",WW,MP,,,,,,
0.028,Lake Biale Augustowskie (Poland),53.8608992,23.05479524,point,Observed,in situ,Mann-Kendal and Sen,mean,annual,annual,2,69,1954,2023,,"Ptak, M., Amnuaylojaroen, T., & Sojka, M. (2024). Seven Decades of Surface Temperature Changes in Central European Lakes: What Is Next?. Resources, 13(11), 149.",Ptak et al. 2024,MDPI: Resources,"Table 4 for all year-to-year configurations; The Mann–Kendall and Sen tests were performed using the modified “mk” R package developed by Patakamuri and O‘Brien;Central Europe, Studzieniczne and Białe Augustowskie",https://www.mdpi.com/2079-9276/13/11/149#B23-resources-13-00149,,"WW went back to this and confirmed historical trends (1954-2023) were done on observations, there are rates reported for each lake (Table 4) so I added a row for each lake. CB to confirm if this makes sense, as well as confirm the trend methodology",WW,CB,,,,,,
0.026,Lake Studzieniczne (Poland),53.86553753,23.11646862,point,Observed,in situ,Mann-Kendal and Sen,mean,annual,annual,2,69,1954,2023,,"Ptak, M., Amnuaylojaroen, T., & Sojka, M. (2024). Seven Decades of Surface Temperature Changes in Central European Lakes: What Is Next?. Resources, 13(11), 149.",Ptak et al. 2024,MDPI: Resources,,https://www.mdpi.com/2079-9276/13/11/149#B23-resources-13-00150,,"WW went back to this and confirmed historical trends (1954-2023) were done on observations, there are rates reported for each lake (Table 4) so I added a row for each lake. CB to confirm if this makes sense, as well as confirm the trend methodology",WW,CB,,,,,,
0.035,Poland,53.70041097,18.4670487,region,Air2Water,modelled,"Mann-Kendall, Sen's slope",mean,annual,annual,6,29,1994,2023,google scholar,"Ptak, M., Sojka, M., Szyga-Pluta, K., Baloch, M. Y. J., & Amnuaylojaroen, T. (2025). Is Everything Lost? Recreating the Surface Water Temperature of Unmonitored Lakes in Poland [Article]. Resources, 14(4), Article 67. https://doi.org/10.3390/resources14040067 ",Ptak et al. 2025,MDPI Resources,calculated based on paper's Table 3,Is Everything Lost? Recreating the Surface Water Temperature of Unmonitored Lakes in Poland,,,MA,"MP, CB",,,,,,
0.020,Poland,53.70041097,18.4670487,region,Air2Water,modelled,"Mann-Kendall, Sen's slope",mean,seasonal,spring,6,29,1994,2023,google scholar,"Ptak, M., Sojka, M., Szyga-Pluta, K., Baloch, M. Y. J., & Amnuaylojaroen, T. (2025). Is Everything Lost? Recreating the Surface Water Temperature of Unmonitored Lakes in Poland [Article]. Resources, 14(4), Article 67. https://doi.org/10.3390/resources14040067 ",Ptak et al. 2025,MDPI Resources,calculated based on paper's Table 3,Is Everything Lost? Recreating the Surface Water Temperature of Unmonitored Lakes in Poland,,,MP,"MP, CB",,,,,,
0.032,Poland,53.70041097,18.4670487,region,Air2Water,modelled,"Mann-Kendall, Sen's slope",mean,seasonal,summer,6,29,1994,2023,google scholar,"Ptak, M., Sojka, M., Szyga-Pluta, K., Baloch, M. Y. J., & Amnuaylojaroen, T. (2025). Is Everything Lost? Recreating the Surface Water Temperature of Unmonitored Lakes in Poland [Article]. Resources, 14(4), Article 67. https://doi.org/10.3390/resources14040067 ",Ptak et al. 2025,MDPI Resources,calculated based on paper's Table 3,Is Everything Lost? Recreating the Surface Water Temperature of Unmonitored Lakes in Poland,,,MP,"MP, CB",,,,,,
0.039,Poland,53.70041097,18.4670487,region,Air2Water,modelled,"Mann-Kendall, Sen's slope",mean,seasonal,autumn,6,29,1994,2023,google scholar,"Ptak, M., Sojka, M., Szyga-Pluta, K., Baloch, M. Y. J., & Amnuaylojaroen, T. (2025). Is Everything Lost? Recreating the Surface Water Temperature of Unmonitored Lakes in Poland [Article]. Resources, 14(4), Article 67. https://doi.org/10.3390/resources14040067 ",Ptak et al. 2025,MDPI Resources,calculated based on paper's Table 3,Is Everything Lost? Recreating the Surface Water Temperature of Unmonitored Lakes in Poland,,,MP,"MP, CB",,,,,,
0.021,Poland,53.70041097,18.4670487,region,Air2Water,modelled,"Mann-Kendall, Sen's slope",mean,seasonal,winter,6,29,1994,2023,google scholar,"Ptak, M., Sojka, M., Szyga-Pluta, K., Baloch, M. Y. J., & Amnuaylojaroen, T. (2025). Is Everything Lost? Recreating the Surface Water Temperature of Unmonitored Lakes in Poland [Article]. Resources, 14(4), Article 67. https://doi.org/10.3390/resources14040067 ",Ptak et al. 2025,MDPI Resources,calculated based on paper's Table 3,Is Everything Lost? Recreating the Surface Water Temperature of Unmonitored Lakes in Poland,,,MP,"MP, CB",,,,,,
0.1,Tibetan Plateau,31.67525563,87.80117456,region,representative lake from thermal renalysis data (TRIMS-LST),modelled,Sen's slope,mean,annual,annual,298,22,2000,2022,Scopus,"Qiu, Y., Chen, J., & Chen, D. (2025). Changes in lake surface temperature on the Tibetan Plateau from 2000 to 2022 and their driving factors. Science China Earth Sciences, 1-15.",Qiu et al. 2025,Science China Earth Sciences,"this is for a representative lake, not actual water bodies. they provide estimates for all four seasons as well, also do a random forest approach to explain rates of change",https://link-springer-com.ezproxy.waikato.ac.nz/article/10.1007/s11430-024-1527-4,,,WW,MA,,,,,,
0.05,Tibetan Plateau,31.67525563,87.80117456,region,representative lake from thermal renalysis data (TRIMS-LST),modelled,Sen's slope,mean,summer,summer,298,22,2000,2022,Scopus,"Qiu, Y., Chen, J., & Chen, D. (2025). Changes in lake surface temperature on the Tibetan Plateau from 2000 to 2022 and their driving factors. Science China Earth Sciences, 1-15.",Qiu et al. 2025,Science China Earth Sciences,"this is for a representative lake, not actual water bodies. they provide estimates for all four seasons as well",https://link-springer-com.ezproxy.waikato.ac.nz/article/10.1007/s11430-024-1527-4,,,WW,MA,,,,,,
-0.08,Tibetan Plateau,31.67525563,87.80117456,region,representative lake from thermal renalysis data (TRIMS-LST),modelled,Sen's slope,mean,winter,winter,298,22,2000,2022,Scopus,"Qiu, Y., Chen, J., & Chen, D. (2025). Changes in lake surface temperature on the Tibetan Plateau from 2000 to 2022 and their driving factors. Science China Earth Sciences, 1-15.",Qiu et al. 2025,Science China Earth Sciences,"this is for a representative lake, not actual water bodies. they provide estimates for all four seasons as well",https://link-springer-com.ezproxy.waikato.ac.nz/article/10.1007/s11430-024-1527-4,,,WW,MA,,,,,,
0.19,Tibetan Plateau,31.67525563,87.80117456,region,representative lake from thermal renalysis data (TRIMS-LST),modelled,Sen's slope,mean,spring,spring,298,22,2000,2022,Scopus,"Qiu, Y., Chen, J., & Chen, D. (2025). Changes in lake surface temperature on the Tibetan Plateau from 2000 to 2022 and their driving factors. Science China Earth Sciences, 1-15.",Qiu et al. 2025,Science China Earth Sciences,"this is for a representative lake, not actual water bodies. they provide estimates for all four seasons as well",https://link-springer-com.ezproxy.waikato.ac.nz/article/10.1007/s11430-024-1527-4,,,WW,MA,,,,,,
0.4,Tibetan Plateau,31.67525563,87.80117456,region,representative lake from thermal renalysis data (TRIMS-LST),modelled,Sen's slope,mean,autumn,autumn,298,22,2000,2022,Scopus,"Qiu, Y., Chen, J., & Chen, D. (2025). Changes in lake surface temperature on the Tibetan Plateau from 2000 to 2022 and their driving factors. Science China Earth Sciences, 1-15.",Qiu et al. 2025,Science China Earth Sciences,"this is for a representative lake, not actual water bodies. they provide estimates for all four seasons as well",https://link-springer-com.ezproxy.waikato.ac.nz/article/10.1007/s11430-024-1527-4,,,WW,MA,,,,,,
0.045,global,0,-131.2,global,AVHRR (Advanced Very High Resolution Radiometers) and ATSR (Along-Track Scanning Radiometer) instruments.,satellite,linear regression analysis,mean,annual,annual,113,24,1985,2009,,"Schneider, P., & Hook, S. J. (2010). Space observations of inland water bodies show rapid surface warming since 1985. Geophysical Research Letters, 37(22).",Schneider & Hook  2010,Geophysical Research Letters,,https://agupubs.onlinelibrary.wiley.com/doi/full/10.1029/2009GL040846,,,OR,MS,is this two rows (a day and night estimate) or just a duplicate of the first row?,,,,,
0.045,global,0,-131.2,global,ATSR and AVHRR,satellite,linear regression analysis,mean,annual (night),annual (night),113,24,1985,2009,,"Schneider, P., & Hook, S. J. (2010). Space observations of inland water bodies show rapid surface warming since 1985. Geophysical Research Letters, 37(22).","Schneider and Hook, 2010",Geophysical Research Letters,,https://agupubs.onlinelibrary.wiley.com/doi/full/10.1029/2009GL040846,,"only ice free period considered (Jul-Sep, Jan-Mar), only nighttime data",OR,MS,is this two rows (a day and night estimate) or just a duplicate of the first row?,,,,,
0.11,California and Nevada,38.11785067,-118.7593739,region,"ATSR, MODIS ",satellite,Weighted Linear Regression Analysis for Mean Summer Nighttime Temperatures Between 1992 and 2008, ,seasonal (night),summer (night),6,16,1992,2008,,"Schneider, P., Hook, S. J., Radocinski, R. G., Corlett, G. K., Hulley, G. C., Schladow, S. G., & Steissberg, T. E. (2009). Satellite observations indicate rapid warming trend for lakes in California and Nevada. Geophysical Research Letters, 36(22).",Schneider et al. 2009,Geophysical Research Letters,,https://agupubs.onlinelibrary.wiley.com/doi/full/10.1029/2010GL045059,,,OR,,rates are slightly different?,,,,,
0.12,California and Nevada,38.11785,-118.759,region,MODIS,satellite,weighted linear regression,mean,seasonal,summer (night),6,16,1992,2008,google scholar,"Schneider, P., Hook, S. J., Radocinski, R. G., Corlett, G. K., Hulley, G. C., Schladow, S. G., & Steissberg, T. E. (2009). Satellite observations indicate rapid warming trend for lakes in California and Nevada. Geophysical Research Letters, 36(22).","Schneider et al., 2009",Geophysical Research Letters,,https://agupubs.onlinelibrary.wiley.com/doi/pdfdirect/10.1029/2009GL040846,,,,MA,rates are slightly different?,,,,,
0.032,Tibetan Plateau,34,79,region,modelled (WRF-Lake),modelled,linear regression,mean,"Ice free summer (July, Aug, Sept)",summer,81,38,1980,2018,google scholar,"Shi, Y., Huang, A., Wu, Y., Lazhu, & Wen, L. (2024). Trends of Summer Lake Surface Water Temperature on the Tibetan Plateau and Their Response to Climate Change. Earth and Space Science, 11(12), e2024EA003910.","Shi et al., 2024",Earth and Space Science,"used MODIS to validate model, assumed they took summer mean and performed linear regression but not explicitly stated",https://agupubs.onlinelibrary.wiley.com/doi/full/10.1029/2024EA003910,,double-check if they used modelled or satellite or both for water temperature  WW: first sentence of discussion appears to confirm that this is modeled LSWT to calculate summer trends,WW,"MP, MS, OR",,,,,,
0.025,Lake Kasumigaura,36,140.22,point,in situ,in situ,linear regression,mean,"seasonal (monthly reported, seasonal calculated)",winter,1,27,1992,2019,,"Shinohara, R., Tanaka, Y., Kanno, A., & Matsushige, K. (2021). Relative impacts of increases of solar radiation and air temperature on the temperature of surface water in a shallow, eutrophic lake. Hydrology Research, 52(4), 916-926.",Shinohara et al. 2021,Hydrology Research,calculated rates for each season from 1,,,seasonal rates should be calculated from the monthly values in Table 1; did you find an annual rate for water temp reported somewhere else? ,CB,WW,,,,,,
0.056,Lake Kasumigaura,36,140.22,point,in situ,in situ,linear regression,mean,"seasonal (monthly reported, seasonal calculated)",spring,1,27,1992,2019,,"Shinohara, R., Tanaka, Y., Kanno, A., & Matsushige, K. (2021). Relative impacts of increases of solar radiation and air temperature on the temperature of surface water in a shallow, eutrophic lake. Hydrology Research, 52(4), 916-926.",Shinohara et al. 2021,Hydrology Research,,,,seasonal rates should be calculated from the monthly values in Table 1; did you find an annual rate for water temp reported somewhere else? ,CB,WW,,,,,,
0.064,Lake Kasumigaura,36,140.22,point,in situ,in situ,linear regression,mean,"seasonal (monthly reported, seasonal calculated)",summer,1,27,1992,2019,,"Shinohara, R., Tanaka, Y., Kanno, A., & Matsushige, K. (2021). Relative impacts of increases of solar radiation and air temperature on the temperature of surface water in a shallow, eutrophic lake. Hydrology Research, 52(4), 916-926.",Shinohara et al. 2021,Hydrology Research,,,,seasonal rates should be calculated from the monthly values in Table 1; did you find an annual rate for water temp reported somewhere else? ,CB,WW,,,,,,
0.041,Lake Kasumigaura,36,140.22,point,in situ,in situ,linear regression,mean,"seasonal (monthly reported, seasonal calculated)",autumn,1,27,1992,2019,,"Shinohara, R., Tanaka, Y., Kanno, A., & Matsushige, K. (2021). Relative impacts of increases of solar radiation and air temperature on the temperature of surface water in a shallow, eutrophic lake. Hydrology Research, 52(4), 916-926.",Shinohara et al. 2021,Hydrology Research,,,,seasonal rates should be calculated from the monthly values in Table 1; did you find an annual rate for water temp reported somewhere else? ,CB,WW,,,,,,
0.0331,global but mostly US,0,-86.4,global,MOD11L1,satellite,"Linear trend, Mann-Kendal",mean,annual,annual,10,17,2003,2020,Google Scholar,"Sobrino, J. A., García-Monteiro, S., & Julien, Y. (2024). An analysis of the Lake Surface Water Temperature evolution of the world’s largest lakes during the years 2003-2020 using MODIS data. Recent Adv. Remote Sens, 1, 1-9.",Sobrino et al. 2024,,show trends for each of the 10 lakes individual,,,,OR,MS,,,,,,
0.0388,global but mostly US,0,-86.4,global,MOD11L2,satellite,"Sen’s slope, Mann-Kendal",mean,annual,annual,10,17,2003,2020,Google Scholar,"Sobrino, J. A., García-Monteiro, S., & Julien, Y. (2024). An analysis of the Lake Surface Water Temperature evolution of the world’s largest lakes during the years 2003-2020 using MODIS data. Recent Adv. Remote Sens, 1, 1-9.",Sobrino et al. 2024,,show trends for each of the 10 lakes individual,,,,OR,MS,,,,,,
0.05,Poland,54.01719751,18.53307838,region,machine learning reconstruction of in situ observations,modelled and in situ,Sen's slope,mean,annual,annual,13,29,1993,2022,,"Sojka, M., & Ptak, M. (2024). Reconstruction of Surface Water Temperature in Lakes as a Source for Long-Term Analysis of Its Changes. Water, 16(23), 3347.",Sojka and Ptak 2024,Water (MDPI),,https://www.mdpi.com/2073-4441/16/23/3347,,,NA,,"remove?? doesn't show up in top 25 search;they look at monthly rates of change (November having largest, May having smallest); useful reference to World Meteorological Organization (2019) stating that 30-year trends are best practice for climatic analyses, found only warming trends in these lakes",,,,,
-0.028,Tibetan Plateau (China),31.67525563,87.80117456,region,MODIS,satellite,linear regression,mean,annual,annual,56,14,2001,2015,google scholar,"Song, K., Wang, M., Du, J., Yuan, Y., Ma, J., Wang, M., & Mu, G. (2016). Spatiotemporal variations of lake surface temperature across the Tibetan Plateau using MODIS LST product. Remote Sensing, 8(10), 854.",Song et al. 2016,Remote Sensing,rates digitized from Table 2,https://www.mdpi.com/2072-4292/8/10/854,,,WW,MP,,,,,,
-0.0057,Tibetan Plateau (China),31.67525563,87.80117456,region,MODIS,satellite,linear regression,mean,annual,annual (night),56,14,2001,2015,google scholar,"Song, K., Wang, M., Du, J., Yuan, Y., Ma, J., Wang, M., & Mu, G. (2016). Spatiotemporal variations of lake surface temperature across the Tibetan Plateau using MODIS LST product. Remote Sensing, 8(10), 854.",Song et al. 2016,Remote Sensing,rates digitized from Table 2,https://www.mdpi.com/2072-4292/8/10/854,,,WW,MP,,,,,,
0.024,China,34,104,region,remote sensing skin temp (google earth engine + time series modelling to fill gaps),satellite,linear regression,mean,annual,annual,1451,20,2001,2021,,"Song, S., Yang, J., Liu, L., Bai, G., Zhou, J., & McKay, D. (2024). Lake surface water temperature in China from 2001 to 2021 based on GEE and HANTS. Ecological Informatics, 84, 102903.",Song et al. 2024,Ecological Informatics," (726 of lakes were small, 1-5 km2); Fig 8 shows the effect of lake area and elevation LSWT change; they found nighttime temps increased more than daytime temps, looks like they use skin temperature without correcting for bulk temperature, also noted an abrupt change in the rate of LSWT change around 2010, good notes on reasons for slower rate of change in LSWT (no ice, models may exaggerate in other studies)",https://www.sciencedirect.com/science/article/pii/S157495412400445X,,no discrepancies to be resolved,WW,MP,,,,,,
0.043,Greece,40.36428348,21.90833815,region,"ERA5 skin surface temp (this is for each grid cell, not an individual lake though and therefore is sometimes representative of land-surface temps)",modelled,Generalized Additive Models,mean,presumed annual,annual,18,39,1981,2020,,"Stefanidis, K., Varlas, G., Papadopoulos, A., & Dimitriou, E. (2021). Four decades of surface temperature, precipitation, and wind speed trends over lakes of Greece. Sustainability, 13(17), 9908.",Stefanidis et al. 2021,Sustainability (MDPI),Paper uses ERA5 climate and lake skin surface temp. Uses skin surface temperature without correctionhas several references for defending this,https://www.mdpi.com/2071-1050/13/17/9908,,"double check if monthly rates are given, seasonal rates should be calculated and added as a new row: note from WW: went back to the study and they refer to monthly average temps but don't report individual monthly rates so seasonal rates cannot be calculated, based on Figure 2, this looks like annual aggregation",WW,CB,,,,,,
0.04,Europe,55.68930227,14.86411692,region,ERA5-Land,modelled,"Mann-Kendall, Sen's approach",mean,annual ,annual,51,38,1981,2019,google scholar,"Stefanidis, K., Varlas, G., Papaioannou, G., Papadopoulos, A., & Dimitriou, E. (2022). Trends of lake temperature, mixing depth and ice cover thickness of European lakes during the last four decades. Science of the Total Environment, 830, 154709.",Stefanidis et al. 2022,Science of the Total Environment,,"Trends of lake temperature, mixing depth and ice cover thickness of European lakes during the last four decades - ScienceDirect",,,MA,MS,,,,,,
0.046,Europe,55.68930227,14.86411692,region,ERA5-Land,modelled,"Mann-Kendall, Sen's approach",mean,summer,summer,51,38,1981,2019,google scholar,"Stefanidis, K., Varlas, G., Papaioannou, G., Papadopoulos, A., & Dimitriou, E. (2022). Trends of lake temperature, mixing depth and ice cover thickness of European lakes during the last four decades. Science of the Total Environment, 830, 154709.",Stefanidis et al. 2022,Science of the Total Environment,,"Trends of lake temperature, mixing depth and ice cover thickness of European lakes during the last four decades - ScienceDirect",,,MA,MS,,,,,,
0.074,Qinghai Lake,36,99,point,modelled (FLake),modelled,linear regression,mean,annual,annual,1,33,1979,2012,Scopus,"Su, D., Hu, X., Wen, L., Lyu, S., Gao, X., Zhao, L., ... & Kirillin, G. (2019). Numerical study on the response of the largest lake in China to climate change. Hydrology and Earth System Sciences, 23(4), 2093-2109.",Su et al. 2019,Hydrology and Earth System Sciences,trend methods were not directly stated,https://hess.copernicus.org/articles/23/2093/2019/hess-23-2093-2019.html,,CB: 33 or 24 years? WW: confirmed this is 33 years (simulated LSWT from 1979-2012),WW,CB,,,,,,
0.024,China,36,104,region,MOD11A2,satellite,linear regression equation,mean,annual,annual,6,17,2001,2018,Scopus,"Tang, L., Yang, K., Shang, C., Peng, Z., & Luo, Y. (2022). Spatial impact of urban expansion on lake surface water temperature based on the perspective of watershed scale. Frontiers in Environmental Science, 10, 991502.","Tang et al., 2022",Frontiers in Environmental Science,Gives per lake and per season (day/night) gives individual rates for all 6 lakes,https://www.frontiersin.org/journals/environmental-science/articles/10.3389/fenvs.2022.991502/full,,,MS,CB,,,,,,
0.03,Brazil,-32,-52,region,MODIS,satellite,Sens slope,mean,Annual,annual,3,20,2002,2022,Scopus,"Tavares, M. H., Cardoso, M. A., Motta Marques, D., Bonnet, M. P., & Fragoso, C. R. (2024). High Spring Warming Rates in an Extensive Subtropical Shallow Lakes System Detected Using MODIS Imagery [Article]. ACS ES and T Water, 4(4), 1518-1530. https://doi.org/10.1021/acsestwater.3c00622 ",Tavares et al. 2024,ACS ES and T Water,,,,,MP,OR,,,,,,
0.05,Brazil,-32,-52,region,MODIS,satellite,Sens slope,mean,Seasonal,spring,3,20,2002,2022,Scopus,"Tavares, M. H., Cardoso, M. A., Motta Marques, D., Bonnet, M. P., & Fragoso, C. R. (2024). High Spring Warming Rates in an Extensive Subtropical Shallow Lakes System Detected Using MODIS Imagery [Article]. ACS ES and T Water, 4(4), 1518-1530. https://doi.org/10.1021/acsestwater.3c00622 ",Tavares et al. 2024,ACS ES and T Water,,,,,MP,OR,,,,,,
0.03,Brazil,-32,-52,region,MODIS,satellite,Sens slope,mean,Seasonal,summer,3,20,2002,2022,Scopus,"Tavares, M. H., Cardoso, M. A., Motta Marques, D., Bonnet, M. P., & Fragoso, C. R. (2024). High Spring Warming Rates in an Extensive Subtropical Shallow Lakes System Detected Using MODIS Imagery [Article]. ACS ES and T Water, 4(4), 1518-1530. https://doi.org/10.1021/acsestwater.3c00622 ",Tavares et al. 2024,ACS ES and T Water,,,,,MP,OR,,,,,,
0.024,global,32,-35,global,modelled (FLake),modelled,linear regression,mean,annual - ice free (<1degC),annual,92245,39,1981,2020,google scholar,"Tong, Y., Feng, L., Wang, X., Pi, X., Xu, W., & Woolway, R. I. (2023). Global lakes are warming slower than surface air temperature due to accelerated evaporation. Nature Water, 1(11), 929-940.",Tong et al. 2023,Nature Water,,https://www.nature.com/articles/s44221-023-00148-8,,no discrepancies to resolve,WW,MP,,,,,,
0.018,Southeast Asia,16,103,region,satellite,satellite,"Mann-Kendall, Sen's approach",mean,annual (day),annual,80,34,1986,2020,Scopuis,"Virdis, S. G. P., Kongwarakom, S., Juneng, L., Padedda, B. M., & Shrestha, S. (2024). Historical and projected response of Southeast Asian lakes surface water temperature to warming climate. Environmental Research, 247, 118412.","Virdis et al., 2024",Remote Sensing,,Historical and projected response of Southeast Asian lakes surface water temperature to warming climate - ScienceDirect,,no discrepancies to resolve,MA,MP,,,,,,
0.013,Southeast Asia,16,103,region,satellite,satellite,"Mann-Kendall, Sen's approach",mean,annual (night),annual (night),80,34,1986,2020,Scopus,"Virdis, S. G. P., Kongwarakom, S., Juneng, L., Padedda, B. M., & Shrestha, S. (2024). Historical and projected response of Southeast Asian lakes surface water temperature to warming climate. Environmental Research, 247, 118412.","Virdis et al., 2024",Environmental Research,,Historical and projected response of Southeast Asian lakes surface water temperature to warming climate - ScienceDirect,,no discrepancies to resolve,MA,MP,,,,,,
0.01,Sardinia,40.04,9,region,"MODIS, Landsat and long-term in situ temperature observations",satellite,Mann-Kendall test and Sen's slope,mean,annual,annual,24,18,2000,2018,Scopus,"Virdis, S. G. P., Soodcharoen, N., Lugliè, A., & Padedda, B. M. (2020). Estimation of satellite-derived lake water surface temperatures in the western Mediterranean: Integrating multi-source, multi-resolution imagery and a long-term field dataset using a time series approach. The Science of the total environment, 707, 135567. https://doi.org/10.1016/j.scitotenv.2019.135567","Virdis et al., 2020",Science of the Total Environment,also data for winter and summer trends reported in study,https://www.sciencedirect.com/science/article/pii/S0048969719355627?pes=vor&utm_source=scopus&getft_integrator=scopus,,,MS,MP,,,,,,
-0.038,Sardinia,40.04,9,region,"MODIS, Landsat and long-term in situ temperature observations",satellite,Mann-Kendall test and Sen's slope,mean,seasonal,Summer,24,18,2000,2018,Scopus,"Virdis, S. G. P., Soodcharoen, N., Lugliè, A., & Padedda, B. M. (2020). Estimation of satellite-derived lake water surface temperatures in the western Mediterranean: Integrating multi-source, multi-resolution imagery and a long-term field dataset using a time series approach. The Science of the total environment, 707, 135567. https://doi.org/10.1016/j.scitotenv.2019.135567","Virdis et al., 2020",Science of the Total Environment,also data for winter and summer trends reported in study,https://www.sciencedirect.com/science/article/pii/S0048969719355627?pes=vor&utm_source=scopus&getft_integrator=scopus,,,MS,MP,,,,,,
0.013,Sardinia,40.04,9,region,"MODIS, Landsat and long-term in situ temperature observations",satellite,Mann-Kendall test and Sen's slope,mean,seasonal,Winter,24,18,2000,2018,Scopus,"Virdis, S. G. P., Soodcharoen, N., Lugliè, A., & Padedda, B. M. (2020). Estimation of satellite-derived lake water surface temperatures in the western Mediterranean: Integrating multi-source, multi-resolution imagery and a long-term field dataset using a time series approach. The Science of the total environment, 707, 135567. https://doi.org/10.1016/j.scitotenv.2019.135567","Virdis et al., 2020",Science of the Total Environment,also data for winter and summer trends reported in study,https://www.sciencedirect.com/science/article/pii/S0048969719355627?pes=vor&utm_source=scopus&getft_integrator=scopus,,,MS,MP,,,,,,
0.037,Tibetan Plateau,31.67525563,87.80117456,region,"MODIS LST day and night, Landsat (8-day)/CBERS/GaoFen-1 satellite",satellite,linear regression,mean,Annual (night),annual (night),374,14,2001,2015,google scholar,"Wan, W., Li, H., Xie, H., Hong, Y., Long, D., Zhao, L., ... & Yang, W. (2017). A comprehensive data set of lake surface water temperature over the Tibetan Plateau derived from MODIS LST products 2001–2015. Scientific Data, 4(1), 1-10.",Wan et al. 2017,Scientific Data,,https://www.nature.com/articles/sdata201795,,,CB,MP,,,,,,
−0.054,Tibetan Plateau,31.67525563,87.80117456,region,"MODIS LST day and night, Landsat (8-day)/CBERS/GaoFen-1 satellite",satellite,linear regression,mean,annual (day) ,annual,374,14,2001,2015,google scholar,"Wan, W., Li, H., Xie, H., Hong, Y., Long, D., Zhao, L., ... & Yang, W. (2017). A comprehensive data set of lake surface water temperature over the Tibetan Plateau derived from MODIS LST products 2001–2015. Scientific Data, 4(1), 1-10.",Wan et al. 2017,Scientific Data,,https://www.nature.com/articles/sdata201795,,,CB,MP,,,,,,
0.037,Tibetan Plateau,32,88,region,"In situ, Satellite, derived by MODIS and Land Surface Temperature (LST)",satellite,"Linear trend analysis, statistical significance",mean,winter,winter,374,14,2001,2015,,"Wan, W., Zhao, L., Xie, H., Liu, B., Li, H., Cui, Y., ... & Hong, Y. (2018). Lake surface water temperature change over the Tibetan plateau from 2001 to 2015: A sensitive indicator of the warming climate. Geophysical Research Letters, 45(20), 11-177.",Wan et al. 2018,Geophysical Research Letters,Has warming (0.076 °C/year) and cooling (−0.053 °C/year) lakes.  also reports seasonal means,https://agupubs.onlinelibrary.wiley.com/doi/full/10.1029/2018GL078601 ,,"annual rates match across three reviewers, but double-check whether seasonal rates should also be added (WW and MP include seasonal, which match each other, but MS did not include seasonal, confirm this should be added?)",WW,"MS, MP",,,,,,
0.072,Tibetan Plateau,32,88,region,"In situ, Satellite, derived by MODIS and Land Surface Temperature (LST)",satellite,"Linear trend analysis, statistical significance",mean,autumn,autumn,374,14,2001,2015,,"Wan, W., Zhao, L., Xie, H., Liu, B., Li, H., Cui, Y., ... & Hong, Y. (2018). Lake surface water temperature change over the Tibetan plateau from 2001 to 2015: A sensitive indicator of the warming climate. Geophysical Research Letters, 45(20), 11-177.",Wan et al. 2018,Geophysical Research Letters,Has warming (0.076 °C/year) and cooling (−0.053 °C/year) lakes.  also reports seasonal means,https://agupubs.onlinelibrary.wiley.com/doi/full/10.1029/2018GL078601 ,,"annual rates match across three reviewers, but double-check whether seasonal rates should also be added (WW and MP include seasonal, which match each other, but MS did not include seasonal, confirm this should be added?)",WW,"MS, MP",,,,,,
0.023,Tibetan Plateau,32,88,region,"In situ, Satellite, derived by MODIS and Land Surface Temperature (LST)",satellite,"Linear trend analysis, statistical significance",mean,summer,summer,374,14,2001,2015,,"Wan, W., Zhao, L., Xie, H., Liu, B., Li, H., Cui, Y., ... & Hong, Y. (2018). Lake surface water temperature change over the Tibetan plateau from 2001 to 2015: A sensitive indicator of the warming climate. Geophysical Research Letters, 45(20), 11-177.",Wan et al. 2018,Geophysical Research Letters,Has warming (0.076 °C/year) and cooling (−0.053 °C/year) lakes.  also reports seasonal means,https://agupubs.onlinelibrary.wiley.com/doi/full/10.1029/2018GL078601 ,,"annual rates match across three reviewers, but double-check whether seasonal rates should also be added (WW and MP include seasonal, which match each other, but MS did not include seasonal, confirm this should be added?)",WW,"MS, MP",,,,,,
0.019,Tibetan Plateau,32,88,region,"In situ, Satellite, derived by MODIS and Land Surface Temperature (LST)",satellite,"Linear trend analysis, statistical significance",mean,spring,spring,374,14,2001,2015,,"Wan, W., Zhao, L., Xie, H., Liu, B., Li, H., Cui, Y., ... & Hong, Y. (2018). Lake surface water temperature change over the Tibetan plateau from 2001 to 2015: A sensitive indicator of the warming climate. Geophysical Research Letters, 45(20), 11-177.",Wan et al. 2018,Geophysical Research Letters,Has warming (0.076 °C/year) and cooling (−0.053 °C/year) lakes.  also reports seasonal means,https://agupubs.onlinelibrary.wiley.com/doi/full/10.1029/2018GL078601 ,,"annual rates match across three reviewers, but double-check whether seasonal rates should also be added (WW and MP include seasonal, which match each other, but MS did not include seasonal, confirm this should be added?)",WW,"MS, MP",,,,,,
0.037,Tibetan Plateau,32,88,region,"In situ, Satellite, derived by MODIS and Land Surface Temperature (LST)",satellite,"Linear trend analysis, statistical significance",mean,annual,annual,374,14,2001,2015,,"Wan, W., Zhao, L., Xie, H., Liu, B., Li, H., Cui, Y., ... & Hong, Y. (2018). Lake surface water temperature change over the Tibetan plateau from 2001 to 2015: A sensitive indicator of the warming climate. Geophysical Research Letters, 45(20), 11-177.",Wan et al. 2018,Geophysical Research Letters,Has warming (0.076 °C/year) and cooling (−0.053 °C/year) lakes.  also reports seasonal means,https://agupubs.onlinelibrary.wiley.com/doi/full/10.1029/2018GL078601 ,,"annual rates match across three reviewers, but double-check whether seasonal rates should also be added (WW and MP include seasonal, which match each other, but MS did not include seasonal, confirm this should be added?)",WW,"MS, MP",,,,,,
0.044,Polish lowland lakes,54,19,region,daily in situ measurements,in situ,"Mann Kendall trend test and Sen's slope, correlation coefficient btw LSWT and air temp",mean,annual,annual,25,29,1987,2016,,"Wang, R., Dong, W., Sun, J., Sojka, M., Ptak, M., & Zhu, S. (2025). Long-Term Trends of Lake Surface Water Temperatures in Lowland Polish Temperate Lakes [Article]. Atmosphere, 16(2), Article 120. https://doi.org/10.3390/atmos16020120 ",Wang et al. 2025,Atmosphere (MDPI),"calculated correlation coefficients between LSWT and air temp trends in different seasons; showed different trends between annual mean and annual max, focus on differences across seasons, as well as relationship between water and air temperature",https://www.mdpi.com/2073-4433/16/2/120,,"WW: went back to this one and found that all seasonal rates should be added (digitized winter rate from table 6), as well as maximum annual and minimum annual (minimum digitized from Table 8)",WW,MP,,,,,,
0.054,Polish lowland lakes,54,19,region,daily in situ measurements,in situ,"Mann Kendall trend test and Sen's slope, correlation coefficient btw LSWT and air temp",mean,seasonal,spring,25,29,1987,2016,,"Wang, R., Dong, W., Sun, J., Sojka, M., Ptak, M., & Zhu, S. (2025). Long-Term Trends of Lake Surface Water Temperatures in Lowland Polish Temperate Lakes [Article]. Atmosphere, 16(2), Article 120. https://doi.org/10.3390/atmos16020120 ",Wang et al. 2025,Atmosphere (MDPI),"calculated correlation coefficients between LSWT and air temp trends in different seasons; showed different trends between annual mean and annual max, focus on differences across seasons, as well as relationship between water and air temperature",https://www.mdpi.com/2073-4433/16/2/121,,"WW: went back to this one and found that all seasonal rates should be added (digitized winter rate from table 6), as well as maximum annual and minimum annual (minimum digitized from Table 8)",WW,MP,,,,,,
0.056,Polish lowland lakes,54,19,region,daily in situ measurements,in situ,"Mann Kendall trend test and Sen's slope, correlation coefficient btw LSWT and air temp",mean,seasonal,summer,25,29,1987,2016,,"Wang, R., Dong, W., Sun, J., Sojka, M., Ptak, M., & Zhu, S. (2025). Long-Term Trends of Lake Surface Water Temperatures in Lowland Polish Temperate Lakes [Article]. Atmosphere, 16(2), Article 120. https://doi.org/10.3390/atmos16020120 ",Wang et al. 2025,Atmosphere (MDPI),"calculated correlation coefficients between LSWT and air temp trends in different seasons; showed different trends between annual mean and annual max, focus on differences across seasons, as well as relationship between water and air temperature",https://www.mdpi.com/2073-4433/16/2/122,,"WW: went back to this one and found that all seasonal rates should be added (digitized winter rate from table 6), as well as maximum annual and minimum annual (minimum digitized from Table 8)",WW,MP,,,,,,
0.053,Polish lowland lakes,54,19,region,daily in situ measurements,in situ,"Mann Kendall trend test and Sen's slope, correlation coefficient btw LSWT and air temp",mean,seasonal,autumn,25,29,1987,2016,,"Wang, R., Dong, W., Sun, J., Sojka, M., Ptak, M., & Zhu, S. (2025). Long-Term Trends of Lake Surface Water Temperatures in Lowland Polish Temperate Lakes [Article]. Atmosphere, 16(2), Article 120. https://doi.org/10.3390/atmos16020120 ",Wang et al. 2025,Atmosphere (MDPI),"calculated correlation coefficients between LSWT and air temp trends in different seasons; showed different trends between annual mean and annual max, focus on differences across seasons, as well as relationship between water and air temperature",https://www.mdpi.com/2073-4433/16/2/123,,"WW: went back to this one and found that all seasonal rates should be added (digitized winter rate from table 6), as well as maximum annual and minimum annual (minimum digitized from Table 8)",WW,MP,,,,,,
0.017,Polish lowland lakes,54,19,region,daily in situ measurements,in situ,"Mann Kendall trend test and Sen's slope, correlation coefficient btw LSWT and air temp",mean,seasonal,winter,25,29,1987,2016,,"Wang, R., Dong, W., Sun, J., Sojka, M., Ptak, M., & Zhu, S. (2025). Long-Term Trends of Lake Surface Water Temperatures in Lowland Polish Temperate Lakes [Article]. Atmosphere, 16(2), Article 120. https://doi.org/10.3390/atmos16020120 ",Wang et al. 2025,Atmosphere (MDPI),"calculated correlation coefficients between LSWT and air temp trends in different seasons; showed different trends between annual mean and annual max, focus on differences across seasons, as well as relationship between water and air temperature",https://www.mdpi.com/2073-4433/16/2/124,,"WW: went back to this one and found that all seasonal rates should be added (digitized winter rate from table 6), as well as maximum annual and minimum annual (minimum digitized from Table 8)",WW,MP,,,,,,
0.065,Polish lowland lakes,54,19,region,daily in situ measurements,in situ,"Mann Kendall trend test and Sen's slope, correlation coefficient btw LSWT and air temp",maximum,annual ,annual,25,29,1987,2016,,"Wang, R., Dong, W., Sun, J., Sojka, M., Ptak, M., & Zhu, S. (2025). Long-Term Trends of Lake Surface Water Temperatures in Lowland Polish Temperate Lakes [Article]. Atmosphere, 16(2), Article 120. https://doi.org/10.3390/atmos16020120 ",Wang et al. 2025,Atmosphere (MDPI),"calculated correlation coefficients between LSWT and air temp trends in different seasons; showed different trends between annual mean and annual max, focus on differences across seasons, as well as relationship between water and air temperature",https://www.mdpi.com/2073-4433/16/2/125,,"WW: went back to this one and found that all seasonal rates should be added (digitized winter rate from table 6), as well as maximum annual and minimum annual (minimum digitized from Table 8)",WW,MP,,,,,,
-0.00032,Polish lowland lakes,54,19,region,daily in situ measurements,in situ,"Mann Kendall trend test and Sen's slope, correlation coefficient btw LSWT and air temp",minimum,annual,annual,25,29,1987,2016,,"Wang, R., Dong, W., Sun, J., Sojka, M., Ptak, M., & Zhu, S. (2025). Long-Term Trends of Lake Surface Water Temperatures in Lowland Polish Temperate Lakes [Article]. Atmosphere, 16(2), Article 120. https://doi.org/10.3390/atmos16020120 ",Wang et al. 2025,Atmosphere (MDPI),"calculated correlation coefficients between LSWT and air temp trends in different seasons; showed different trends between annual mean and annual max, focus on differences across seasons, as well as relationship between water and air temperature",https://www.mdpi.com/2073-4433/16/2/126,,"WW: went back to this one and found that all seasonal rates should be added (digitized winter rate from table 6), as well as maximum annual and minimum annual (minimum digitized from Table 8)",WW,MP,,,,,,
0.016,China,36,104,region,Air2Water,modelled,Theil-Sen,mean (assumed),annual (assumed),annual,2260,37,1985,2022,Scopus,"Wang, W., Shi, K., Wang, X., Zhang, Y., Qin, B., Zhang, Y., & Woolway, R. I. (2024). The impact of extreme heat on lake warming in China [Article]. Nature Communications, 15(1), Article 70. https://doi.org/10.1038/s41467-023-44404-7 ",Wang et al. 2024,Nature Communications,,,,"for aggregation_mean_min_max, temporal aggregation, annual_seasonal_data, I don't think these methods were stated as you said as well. can we agree to put assumed values for them? ",MP,WW,,,,,,
0.013,global,0,-108.8,global,"Lakes_cci, GLTC, FLake model",modelled,Thiel-sen,mean,annual (ice; <=1deg C excluded),annual,1260,43,1979,2022,Scopus,"Wang, X., Shi, K., Qin, B., Zhang, Y., & Woolway, R. I. (2024). Disproportionate impact of atmospheric heat events on lake surface water temperature increases. Nature Climate Change, 14(11), 1172-1177.",Wang et al. 2024,Nature Climate Change,,https://www.scopus.com/inward/record.uri?eid=2-s2.0-85204236793&doi=10.1038%2fs41558-024-02122-y&partnerID=40&md5=c61b5cf6fbdbf32e3518817d096dfc2c,,"double-check the trend methodology, and should this be annual and summer for OR's annual_seasonal_data second entry? also double-check that ice-covered period is excluded",OR,MP,,,,,,
0.023,global,0,-108.8,global,"Lakes_cci, GLTC, FLake model",modelled,Thiel-sen,mean,seasonal (ice; <=1deg C excluded),summer,1260,43,1979,2022,Scopus,"Wang, X., Shi, K., Qin, B., Zhang, Y., & Woolway, R. I. (2024). Disproportionate impact of atmospheric heat events on lake surface water temperature increases. Nature Climate Change, 14(11), 1172-1177.",Wang et al. 2024b,Nature Climate Change,,https://www.scopus.com/inward/record.uri?eid=2-s2.0-85204236793&doi=10.1038%2fs41558-024-02122-y&partnerID=40&md5=c61b5cf6fbdbf32e3518817d096dfc2c,,"double-check the trend methodology, and should this be annual and summer for OR's annual_seasonal_data second entry? also double-check that ice-covered period is excluded",OR,MP,,,,,,
0.066,Dongting Lake,29,113,point,Landsat 5,satellite,least squares linear regression,mean,annual,annual,1,34,1988,2022,Scopus,"Wang, Y., Tao, J., Zhao, L., Qin, S., Xiao, H., Wang, Y., Sheng, D., & Zhang, Y. (2024). Investigating long-term changes in surface water temperature of Dongting Lake using Landsat imagery, China [Article]. Environmental Science and Pollution Research, 31(28), 41167-41181. https://doi.org/10.1007/s11356-024-33878-7 ",Wang et al. 2024a,Environmental Science and Pollution Research,,,,,MP,MS,,,,,,
0.15,Dongting Lake,29,113,point,Landsat 5,satellite,least squares linear regression,mean,annual,spring,1,34,1988,2022,Scopus,"Wang, Y., Tao, J., Zhao, L., Qin, S., Xiao, H., Wang, Y., Sheng, D., & Zhang, Y. (2024). Investigating long-term changes in surface water temperature of Dongting Lake using Landsat imagery, China [Article]. Environmental Science and Pollution Research, 31(28), 41167-41181. https://doi.org/10.1007/s11356-024-33878-7 ",Wang et al. 2024a,Environmental Science and Pollution Research,,,,,MP,MS,,,,,,
0.026,Dongting Lake,29,113,point,Landsat 5,satellite,least squares linear regression,mean,annual,summer,1,34,1988,2022,Scopus,"Wang, Y., Tao, J., Zhao, L., Qin, S., Xiao, H., Wang, Y., Sheng, D., & Zhang, Y. (2024). Investigating long-term changes in surface water temperature of Dongting Lake using Landsat imagery, China [Article]. Environmental Science and Pollution Research, 31(28), 41167-41181. https://doi.org/10.1007/s11356-024-33878-7 ",Wang et al. 2024a,Environmental Science and Pollution Research,,,,,MP,MS,,,,,,
0.045,Dongting Lake,29,113,point,Landsat 5,satellite,least squares linear regression,mean,annual,autumn,1,34,1988,2022,Scopus,"Wang, Y., Tao, J., Zhao, L., Qin, S., Xiao, H., Wang, Y., Sheng, D., & Zhang, Y. (2024). Investigating long-term changes in surface water temperature of Dongting Lake using Landsat imagery, China [Article]. Environmental Science and Pollution Research, 31(28), 41167-41181. https://doi.org/10.1007/s11356-024-33878-7 ",Wang et al. 2024a,Environmental Science and Pollution Research,,,,,MP,MS,,,,,,
0.043,Dongting Lake,29,113,point,Landsat 5,satellite,least squares linear regression,mean,annual,winter,1,34,1988,2022,Scopus,"Wang, Y., Tao, J., Zhao, L., Qin, S., Xiao, H., Wang, Y., Sheng, D., & Zhang, Y. (2024). Investigating long-term changes in surface water temperature of Dongting Lake using Landsat imagery, China [Article]. Environmental Science and Pollution Research, 31(28), 41167-41181. https://doi.org/10.1007/s11356-024-33878-7 ",Wang et al. 2024a,Environmental Science and Pollution Research,,,,,MP,MS,,,,,,
0.068,"Ngoring Lake, Tibetan Plateau",34.89389904,97.70218355,point,CLM4-LISSS model,modelled,linear regression,mean,annual,annual,1,37,1979,2016,Scopus,"Wen, L., Wang, C., Li, Z., Zhao, L., Lyu, S., Leppäranta, M., ... & Chen, S. (2022). Thermal responses of the largest freshwater lake in the Tibetan Plateau and its nearby saline lake to climate change. Remote Sensing, 14(8), 1774.",Wen et al. 2022,Remote Sensing,NOTE: this is on Maggie's original list but not in the all_literature_organized spreadsheet; trend methods were not directly stated,c,,,MA,MP,,,,,,
0.064,"Hajiang Salt Pond, Tibetan Plateau",35.04944481,97.89907769,point,CLM4-LISSS model,modelled,linear regression,,annual,annual,1,37,1979,2016,Scopus,"Wen, L., Wang, C., Li, Z., Zhao, L., Lyu, S., Leppäranta, M., ... & Chen, S. (2022). Thermal responses of the largest freshwater lake in the Tibetan Plateau and its nearby saline lake to climate change. Remote Sensing, 14(8), 1774.",Wen et al. 2022,Remote Sensing,,,,,MA,MP,,,,,,
0.024,Global,0,-153.6,global,satellite ,satellite,linear regression (assumed),mean,seasonal (July to September),summer,681,20,1996,2015,google scholar,"Woolway, R. I., Carrea, L., Merchant, C. J., Dokulil, M., de Eyto, E., DeGasperi, C., ... & Weyhenmeyer, G. (2017). Lake surface temperature [in “State of the Climate in 2016”]. Bulletin of the American Meteorological Society, 98(8), 13-14.","Woolway et al., 2017",Bulletin of the American Meteorological Society,"NOTE: WW decided to delete the northern and southern hemisphere entries, as well as great lakes and keep only the global estimate",https://centaur.reading.ac.uk/72001/1/Woolway_etal_SotC_2017.pdf,,"ouble-check the global rate, method of measuring water temperature, method of calculating trend, the time period of which trends were calculated (annual_seasonal_data column), and the number of lakes focus just on global",MA,WW,was this reviewed twice? Only one row when I went through,,,,,
0.033,Northern Hemisphere,44.88891732,-13.5323456,region,modelled (FLake),modelled,linear regression,mean,summer,summer,422,36,1980,2016,Scopus,"Woolway, R. I., Merchant, C. J., Van Den Hoek, J., Azorin‐Molina, C., Nõges, P., Laas, A., ... & Jones, I. D. (2019). Northern hemisphere atmospheric stilling accelerates lake thermal responses to a warming world. Geophysical Research Letters, 46(21), 11983-11992.",Woolway et al. 2019b,Geophysical Research Letters,"Note that they subset their trend analysis to only lakes which have experienced a reduction in wind speed, so this trend increase is likely exaggerated as it doesn't include the 228 lakes which experienced increased windspeeds, which would have potentially cooled the lakes",https://agupubs.onlinelibrary.wiley.com/doi/full/10.1029/2019GL082752,,,WW,MP,,,,,,
0.035,Europe,56,15,region,in situ sensor,in situ,linear regression,minimum,annual ,annual,8,41,1973,2014,google scholar,"Woolway, R. I., Weyhenmeyer, G. A., Schmid, M., Dokulil, M. T., de Eyto, E., Maberly, S. C., ... & Merchant, C. J. (2019). Substantial increase in minimum lake surface temperatures under climate change. Climatic Change, 155, 81-94.",Woolway et al. 2019a,Climatic Change,,https://link-springer-com.ezproxy.waikato.ac.nz/article/10.1007/s10584-019-02465-y,,"double-check if they used in situ or modelled data to measure water temp, also check if they aggregated to mean or minimum for summer and annual estimates : note from WW: I looked back and the abstract specifies that the summer estimate is a mean, not a min, the HADISD data is for air temp not LSWT, so the method should be in situ I think",WW,"OR, MP",,,,,,
0.032,Europe,56,15,region,in situ sensor,in situ,linear regression,mean,summer (July-Aug-Sept),summer,8,41,1973,2014,google scholar,"Woolway, R. I., Weyhenmeyer, G. A., Schmid, M., Dokulil, M. T., de Eyto, E., Maberly, S. C., ... & Merchant, C. J. (2019). Substantial increase in minimum lake surface temperatures under climate change. Climatic Change, 155, 81-94.",Woolway et al. 2019a,Climatic Change,,https://link-springer-com.ezproxy.waikato.ac.nz/article/10.1007/s10584-019-02465-y,,"double-check if they used in situ or modelled data to measure water temp, also check if they aggregated to mean or minimum for summer and annual estimates : note from WW: I looked back and the abstract specifies that the summer estimate is a mean, not a min, the HADISD data is for air temp not LSWT, so the method should be in situ I think",WW,"OR, MP",,,,,,
0.012,China,36,104,region,Air2Water,modelled,linear regression,mean,Seasonal (summer; Jul-Sep),summer,1242,70,1950,2020,Scopus,"Wu, Y., Ji, F., Wang, S., He, Y., & Hu, S. (2024). Increased Warming Efficiencies of Lake Heatwaves Enhance Dryland Lake Warming over China [Article]. Remote Sensing, 16(3), Article 588. https://doi.org/10.3390/rs16030588 ",Wu et al. 2024,Remote Sensing,"Note: different rates are based on different lake type categories; ""The summer LSWT trends for specific lakes range from -0.09 to 0.35C per decade.""",,,,MP,MA,,,,,,
0.007,China - Arid lakes,36,104,region,Air2Water,modelled,linear regression,mean,Seasonal (summer; Jul-Sep),summer,137,70,1950,2020,Scopus,"Wu, Y., Ji, F., Wang, S., He, Y., & Hu, S. (2024). Increased Warming Efficiencies of Lake Heatwaves Enhance Dryland Lake Warming over China [Article]. Remote Sensing, 16(3), Article 588. https://doi.org/10.3390/rs16030588 ",Wu et al. 2024,Remote Sensing,,,,,MP,MA,,,,,,
0.021,China - Semi arid lakes,36,104,region,Air2Water,modelled,linear regression,mean,Seasonal (summer; Jul-Sep),summer,482,70,1950,2020,Scopus,"Wu, Y., Ji, F., Wang, S., He, Y., & Hu, S. (2024). Increased Warming Efficiencies of Lake Heatwaves Enhance Dryland Lake Warming over China [Article]. Remote Sensing, 16(3), Article 588. https://doi.org/10.3390/rs16030588 ",Wu et al. 2024,Remote Sensing,,,,,MP,MA,,,,,,
0.013,China - Semi humid lakes,36,104,region,Air2Water,modelled,linear regression,mean,Seasonal (summer; Jul-Sep),summer,130,70,1950,2020,Scopus,"Wu, Y., Ji, F., Wang, S., He, Y., & Hu, S. (2024). Increased Warming Efficiencies of Lake Heatwaves Enhance Dryland Lake Warming over China [Article]. Remote Sensing, 16(3), Article 588. https://doi.org/10.3390/rs16030588 ",Wu et al. 2024,Remote Sensing,,,,,MP,MA,,,,,,
0.006,China - Humid lakes,36,104,region,Air2Water,modelled,linear regression,mean,Seasonal (summer; Jul-Sep),summer,493,70,1950,2020,Scopus,"Wu, Y., Ji, F., Wang, S., He, Y., & Hu, S. (2024). Increased Warming Efficiencies of Lake Heatwaves Enhance Dryland Lake Warming over China [Article]. Remote Sensing, 16(3), Article 588. https://doi.org/10.3390/rs16030588 ",Wu et al. 2024,Remote Sensing,,,,,MP,MA,,,,,,
0.021,Tibetan Plateau,34.34110332,103.527215,region,MODIS/Terra 8 day LST ,satellite,linear regression,mean,annual (day),annual,169,15,2001,2016,google scholar,"Xie, C., Zhang, X., Zhuang, L., Zhu, R., & Guo, J. (2022). Analysis of surface temperature variation of lakes in China using MODIS land surface temperature data. Scientific Reports, 12(1), 2415.",Xie et al. 2022,Scientific Reports,"also do a driver analysis: found that LSWT primarily driven by lat/long/altitude, with SA and vol as mediators",https://www.nature.com/articles/s41598-022-06363-9,,"WW: I went back and looked at this and they report daytime, nighttime, and the mean of these two. for fair comparison to other studies, let's report the day and nighttime estimates as separate rows, but not include the mean of the two. Let me know if you agree!",WW,"MS, OR",,,,,,
0.031,Tibetan Plateau,34.34110332,103.527215,region,MODIS/Terra 8 day LST ,satellite,linear regression,mean,annual (night),annual (night),169,15,2001,2016,google scholar,"Xie, C., Zhang, X., Zhuang, L., Zhu, R., & Guo, J. (2022). Analysis of surface temperature variation of lakes in China using MODIS land surface temperature data. Scientific Reports, 12(1), 2415.",Xie et al. 2023,Scientific Reports,"also do a driver analysis: found that LSWT primarily driven by lat/long/altitude, with SA and vol as mediators",https://www.nature.com/articles/s41598-022-06363-10,,"WW: I went back and looked at this and they report daytime, nighttime, and the mean of these two. for fair comparison to other studies, let's report the day and nighttime estimates as separate rows, but not include the mean of the two. Let me know if you agree!",WW,"MS, OR",,,,,,
0.004,Dianchi Lake,24.85521062,102.6957059,point,MODIS,satellite,linear regression,maximum,annual (day),annual,1,17,2001,2018,google scholar,"Yang, J., Yang, K., Zhang, Y., Luo, Y., & Shang, C. (2022). Maximum lake surface water temperatures changing characteristics under climate change. Environmental Science and Pollution Research, 29(2), 2547-2554.","Yang et al., 2022",Environmental Science and Pollution Research,,https://link.springer.com/article/10.1007/s11356-021-15621-8,,"check that these are maximum or mean aggregations. since Table 1 includes monthly rates, seasonal rates should be calculated and added",WW,OR,,,,,,
0.0234,Dianchi Lake,24.85521062,102.6957059,point,MODIS,satellite,linear regression,maximum,annual (night),annual (night),1,17,2001,2018,google scholar,"Yang, J., Yang, K., Zhang, Y., Luo, Y., & Shang, C. (2022). Maximum lake surface water temperatures changing characteristics under climate change. Environmental Science and Pollution Research, 29(2), 2547-2554.","Yang et al.,2022",Environmental Science and Pollution Research,,,,"check that these are maximum or mean aggregations. since Table 1 includes monthly rates, seasonal rates should be calculated and added",WW,OR,,,,,,
0.0261,Dianchi Lake,24.85521062,102.6957059,point,MODIS,satellite,linear regression,maximum,winter (day),winter,1,17,2001,2018,google scholar,"Yang, J., Yang, K., Zhang, Y., Luo, Y., & Shang, C. (2022). Maximum lake surface water temperatures changing characteristics under climate change. Environmental Science and Pollution Research, 29(2), 2547-2554.",Yang et al. 2022,Environmental Science and Pollution Research,,,,"check that these are maximum or mean aggregations. since Table 1 includes monthly rates, seasonal rates should be calculated and added",WW,OR,,,,,,
0.031,Dianchi Lake,24.85521062,102.6957059,point,MODIS,satellite,linear regression,maximum,winter (night),winter (night),1,17,2001,2018,google scholar,"Yang, J., Yang, K., Zhang, Y., Luo, Y., & Shang, C. (2022). Maximum lake surface water temperatures changing characteristics under climate change. Environmental Science and Pollution Research, 29(2), 2547-2554.",Yang et al. 2022,Environmental Science and Pollution Research,,,,"check that these are maximum or mean aggregations. since Table 1 includes monthly rates, seasonal rates should be calculated and added",WW,OR,,,,,,
-0.0087,Dianchi Lake,24.85521062,102.6957059,point,MODIS,satellite,linear regression,maximum,spring (day),spring,1,17,2001,2018,google scholar,"Yang, J., Yang, K., Zhang, Y., Luo, Y., & Shang, C. (2022). Maximum lake surface water temperatures changing characteristics under climate change. Environmental Science and Pollution Research, 29(2), 2547-2554.",Yang et al. 2022,Environmental Science and Pollution Research,,,,"check that these are maximum or mean aggregations. since Table 1 includes monthly rates, seasonal rates should be calculated and added",WW,OR,,,,,,
0.0272,Dianchi Lake,24.85521062,102.6957059,point,MODIS,satellite,linear regression,maximum,spring (night),spring (night),1,17,2001,2018,google scholar,"Yang, J., Yang, K., Zhang, Y., Luo, Y., & Shang, C. (2022). Maximum lake surface water temperatures changing characteristics under climate change. Environmental Science and Pollution Research, 29(2), 2547-2554.",Yang et al. 2022,Environmental Science and Pollution Research,,,,"check that these are maximum or mean aggregations. since Table 1 includes monthly rates, seasonal rates should be calculated and added",WW,OR,,,,,,
-0.0646,Dianchi Lake,24.85521062,102.6957059,point,MODIS,satellite,linear regression,maximum,summer (day),summer,1,17,2001,2018,google scholar,"Yang, J., Yang, K., Zhang, Y., Luo, Y., & Shang, C. (2022). Maximum lake surface water temperatures changing characteristics under climate change. Environmental Science and Pollution Research, 29(2), 2547-2554.",Yang et al. 2022,Environmental Science and Pollution Research,,,,"check that these are maximum or mean aggregations. since Table 1 includes monthly rates, seasonal rates should be calculated and added",WW,OR,,,,,,
-0.1101,Dianchi Lake,24.85521062,102.6957059,point,MODIS,satellite,linear regression,maximum,summer (night),summer (night),1,17,2001,2018,google scholar,"Yang, J., Yang, K., Zhang, Y., Luo, Y., & Shang, C. (2022). Maximum lake surface water temperatures changing characteristics under climate change. Environmental Science and Pollution Research, 29(2), 2547-2554.",Yang et al. 2022,Environmental Science and Pollution Research,,,,"check that these are maximum or mean aggregations. since Table 1 includes monthly rates, seasonal rates should be calculated and added",WW,OR,,,,,,
0.0633,Dianchi Lake,24.85521062,102.6957059,point,MODIS,satellite,linear regression,maximum,autumn (day),autumn,1,17,2001,2018,google scholar,"Yang, J., Yang, K., Zhang, Y., Luo, Y., & Shang, C. (2022). Maximum lake surface water temperatures changing characteristics under climate change. Environmental Science and Pollution Research, 29(2), 2547-2554.",Yang et al. 2022,Environmental Science and Pollution Research,,,,"check that these are maximum or mean aggregations. since Table 1 includes monthly rates, seasonal rates should be calculated and added",WW,OR,,,,,,
0.0396,Dianchi Lake,24.85521062,102.6957059,point,MODIS,satellite,linear regression,maximum,autumn (night),autumn (night),1,17,2001,2018,google scholar,"Yang, J., Yang, K., Zhang, Y., Luo, Y., & Shang, C. (2022). Maximum lake surface water temperatures changing characteristics under climate change. Environmental Science and Pollution Research, 29(2), 2547-2554.",Yang et al. 2022,Environmental Science and Pollution Research,,,,"check that these are maximum or mean aggregations. since Table 1 includes monthly rates, seasonal rates should be calculated and added",WW,OR,,,,,,
0.042,Yunnan-Guizhou Plateau,27,105,region,MOD11A2 remote-sensing images,satellite,Theil-Sen slope,mean,annual (excluding lakes that cooled),annual,8,17,2001,2018,GoogleScholar,"Yang, K., Yu, Z., & Luo, Y. (2020). Analysis on driving factors of lake surface water temperature for major lakes in Yunnan-Guizhou Plateau. Water Research, 184, 116018.","Yang et al., 2020",Water Research,"split into night and day temperatures, numbers are day",https://www.sciencedirect.com/science/article/pii/S0043135420305558,,"double-check why there are different rates reported here, double-check whether these are for day or night time estimates and check Matt's note that this excluded lakes that cooled, double-check the number of lakes included in this study (8 or 11)",MS,MP,,,,,,
0.019,Yunnan-Guizhou Plateau,27,105,region,MOD11A2 remote-sensing images,satellite,Theil-Sen slope,mean,annual (excluding lakes that cooled),annual (night),8,17,2001,2018,GoogleScholar,"Yang, K., Yu, Z., & Luo, Y. (2020). Analysis on driving factors of lake surface water temperature for major lakes in Yunnan-Guizhou Plateau. Water Research, 184, 116018.","Yang et al., 2020",Water Research,"split into night and day temperatures, numbers are day",https://www.sciencedirect.com/science/article/pii/S0043135420305558,,"double-check why there are different rates reported here, double-check whether these are for day or night time estimates and check Matt's note that this excluded lakes that cooled, double-check the number of lakes included in this study (8 or 11)",MS,MP,,,,,,
0.031,Yunnan-Guizhou Plateau,27,105,region,MOD11A2 remote-sensing images,satellite,Theil-Sen slope,mean,annual (all lakes),annual,11,17,2001,2018,GoogleScholar,"Yang, K., Yu, Z., & Luo, Y. (2020). Analysis on driving factors of lake surface water temperature for major lakes in Yunnan-Guizhou Plateau. Water Research, 184, 116018.","Yang et al., 2020",Water Research,"split into night and day temperatures, numbers are day",https://www.sciencedirect.com/science/article/pii/S0043135420305558,,"double-check why there are different rates reported here, double-check whether these are for day or night time estimates and check Matt's note that this excluded lakes that cooled, double-check the number of lakes included in this study (8 or 11)",MS,MP,,,,,,
0.001,Yunnan-Guizhou Plateau,27,105,region,MOD11A2 remote-sensing images,satellite,Theil-Sen slope,mean,annual (all lakes),annual (night),11,17,2001,2018,GoogleScholar,"Yang, K., Yu, Z., & Luo, Y. (2020). Analysis on driving factors of lake surface water temperature for major lakes in Yunnan-Guizhou Plateau. Water Research, 184, 116018.","Yang et al., 2020",Water Research,"split into night and day temperatures, numbers are day",https://www.sciencedirect.com/science/article/pii/S0043135420305558,,"double-check why there are different rates reported here, double-check whether these are for day or night time estimates and check Matt's note that this excluded lakes that cooled, double-check the number of lakes included in this study (8 or 11)",MS,MP,,,,,,
0.1,Yunnan-Guizhou Plateau,27,105,region,MOD11A2,satellite,linear regression (assumed),mean,annual (day),annual,11,16,2001,2017,google scholar,"Yang, K., Yu, Z., Luo, Y., Zhou, X., & Shang, C. (2019). Spatial‐temporal variation of lake surface water temperature and its driving factors in Yunnan‐Guizhou Plateau. Water Resources Research, 55(6), 4688-4703.","Yang et al., 2019",Water Resources Research,,,MS: chapter 3.2 'Univariate linear regression is used for trend analysis...',,MP,MS,,,,,,
0.058,Yunnan-Guizhou Plateau,27,105,region,MOD11A2,satellite,linear regression (assumed),mean,annual (night),annual (night),11,16,2001,2017,google scholar,"Yang, K., Yu, Z., Luo, Y., Zhou, X., & Shang, C. (2019). Spatial‐temporal variation of lake surface water temperature and its driving factors in Yunnan‐Guizhou Plateau. Water Resources Research, 55(6), 4688-4703.","Yang et al., 2019",Water Resources Research,,,MS: chapter 3.2 'Univariate linear regression is used for trend analysis...',,MP,MS,,,,,,
0.03,Dianchi Lake,25,103,point,MODIS ,satellite,"linear regression, Mann-Kendall ",mean,annual,annual,1,17,2001,2018,Google Scholar,"Yang, K., Zhang, Y., Luo, Y., & Shang, C. (2021). Precipitation events impact on urban lake surface water temperature under the perspective of macroscopic scale. Environmental Science and Pollution Research, 28, 16767-16780.",Yang et al. 2021,Environmental Science and Pollution Research,,,,"double-check why different rates are reported, double-check whether these are day or night time estimates, and check if the Mann-Kendall method is stated in the manuscript",OR,MP,,,,,,
0.02,Dianchi Lake,25,103,point,MODIS ,satellite,"linear regression, Mann-Kendall ",mean,annual (night),annual,1,17,2001,2018,Google Scholar,"Yang, K., Zhang, Y., Luo, Y., & Shang, C. (2021). Precipitation events impact on urban lake surface water temperature under the perspective of macroscopic scale. Environmental Science and Pollution Research, 28, 16767-16780.",Yang et al. 2021,Environmental Science and Pollution Research,,,,"double-check why different rates are reported, double-check whether these are day or night time estimates, and check if the Mann-Kendall method is stated in the manuscript",OR,MP,,,,,,
0.29,Yunnan-Guizhou Plateau,26,105,region,MOD11A2 and simulated using (BPANN),satellite,Mann-Kendall,mean,annual,annual,11,18,2001,2019,GoogleScholar,"Yu, Z., Yang, K., Luo, Y., Shang, C., & Zhu, Y. (2020). Lake surface water temperature prediction and changing characteristics analysis-A case study of 11 natural lakes in Yunnan-Guizhou Plateau. Journal of Cleaner Production, 276, 122689.","Yu et al., 2020",Journal of Cleaner Production,,https://www.sciencedirect.com/science/article/pii/S0959652620327360,,"double-check why rates are different, i changed my rate no idea where that one came from",MS,OR,,,,,,
0.022,Dianchi Lake,24.83710233,102.7108856,point,"MODIS, in-situ",satellite and in situ,linear change rate,mean,annual (day),annual,1,17,2001,2018,Scopus,"Yu, Z., Yang, K., Luo, Y., Wang, P., & Yang, Z. (2021). Research on the lake surface water temperature downscaling based on deep learning. IEEE Journal of Selected Topics in Applied Earth Observations and Remote Sensing, 14, 5550-5558.",Yu et al. 2021,IEEE Journal of Selected Topics in Applied Earth Observations and Remote Sensing,,https://www.scopus.com/inward/record.uri?eid=2-s2.0-85105879992&doi=10.1109%2fJSTARS.2021.3079357&partnerID=40&md5=58dcd306c13ea7a86ecd9c98d695eaae,,"CB: Method = Ollie put only MODIS, cand put MODIS and In-situ. method standard = Ollie put  satellite Cady put satellite and observed. ",OR,CB,double check that this is satellite and in situ,,,,,
0.021,Dianchi Lake,24.83710233,102.7108856,point,"MODIS, in-situ",satellite and in situ,linear change rate,mean,annual (night),annual (night),1,17,2001,2018,Scopus,"Yu, Z., Yang, K., Luo, Y., Wang, P., & Yang, Z. (2021). Research on the lake surface water temperature downscaling based on deep learning. IEEE Journal of Selected Topics in Applied Earth Observations and Remote Sensing, 14, 5550-5558.",Yu et al. 2021,IEEE Journal of Selected Topics in Applied Earth Observations and Remote Sensing,,https://www.scopus.com/inward/record.uri?eid=2-s2.0-85105879992&doi=10.1109%2fJSTARS.2021.3079357&partnerID=40&md5=58dcd306c13ea7a86ecd9c98d695eaae,,,OR,CB,,,,,,
0.012,Tibetan Plateau,31.67525563,87.80117456,region,MODIS/Terra 8 day LST (nighttime),satellite,linear regression,mean,annual,annual,52,11,2001,2012,google scholar,"Zhang, G., Yao, T., Xie, H., Qin, J., Ye, Q., Dai, Y., & Guo, R. (2014). Estimating surface temperature changes of lakes in the Tibetan Plateau using MODIS LST data. Journal of Geophysical Research: Atmospheres, 119(14), 8552-8567.",Zhang et al. 2014,JGR Atmospheres,"used nighttime MODIS estimates, 40% of lakes cooled, trends over longer time period for one lake are also provided (Nam Co); ""Lakes present a warming rate of 0.055 °C/yr and cooling rate of −0.053 °C/yr""also ""in situ measurements of Nam Co water surface temperature, and MODIS LST data""",https://agupubs.onlinelibrary.wiley.com/doi/full/10.1002/2014JD021615,,CB: 11 or 12years? ,WW,CB,,,,,,
0.05,Lake Chaohu,31.53,117.52,point,modelled (GLM),modelled,linear regression,mean,annual,annual,1,36,1980,2016,google scholar,"Zhang, X., Wang, K., Frassl, M. A., & Boehrer, B. (2020). Reconstructing six decades of surface temperatures at a shallow lake. Water, 12(2), 405.",Zhang et al. 2020,MDPI: Water,have insitu and MODIS data which were used to calibrate GLM but do not report trends on these data,https://www.mdpi.com/2073-4441/12/2/405,,"double-check units of rate in original paper, double-check if modelled or satellite data was used for water temperature, check the starting year of the study and the total number of years: WW went back and found that original units in paper are in C/year, so rate should be 0.05. from my understanding they used satellite data to calibrate GLM (process-based model) and then simulate that from 1960-2016, so the method should be GLM. then for the min year, the rate of 0.05C/year corresponds to 1980-2016 (following Figure 12)",WW,MS,,,,,,
0.033,Patagonia Ice Field,-48,-73,region,MOD11A2 and MYD11A2,satellite,pobably linear regression analysis,mean (assumed),annual,annual,6,20,2002,2022,Scopus,"Zhao, S., Sun, H., Cheng, J., & Zhang, G. (2025). Water Surface Temperature Dynamics of the Three Largest Ice-Contact Lakes in the Patagonia Icefield over the Last 20 Years [Article]. Water (Switzerland), 17(3), Article 385. https://doi.org/10.3390/w17030385 ","Zhao et al., 2025",Water (Switzerland),,https://www.mdpi.com/2073-4441/17/3/385,,"double-check whether seasonal rates are also reported (MS only included annual), check trend methodology, and aggregation (mean?), and double-check the number of lakes included. MS: Added seasonal trends to follow MP. Also added annual mean as numbers given in paper.",MS,MP,,,,,,
0.040,Patagonia Ice Field,-48,-73,region,MOD11A2 and MYD11A2,satellite,pobably linear regression analysis,mean (assumed),seasonal,spring,6,20,2002,2022,Scopus,"Zhao, S., Sun, H., Cheng, J., & Zhang, G. (2025). Water Surface Temperature Dynamics of the Three Largest Ice-Contact Lakes in the Patagonia Icefield over the Last 20 Years [Article]. Water (Switzerland), 17(3), Article 385. https://doi.org/10.3390/w17030385 ","Zhao et al., 2025",Water (Switzerland),,https://www.mdpi.com/2073-4441/17/3/385,,"double-check whether seasonal rates are also reported (MS only included annual), check trend methodology, and aggregation (mean?), and double-check the number of lakes included. MS: Added seasonal trends to follow MP. Also added annual mean as numbers given in paper.",MS,MP,,,,,,
0.025,Patagonia Ice Field,-48,-73,region,MOD11A2 and MYD11A2,satellite,pobably linear regression analysis,mean (assumed),seasonal,summer,6,20,2002,2022,Scopus,"Zhao, S., Sun, H., Cheng, J., & Zhang, G. (2025). Water Surface Temperature Dynamics of the Three Largest Ice-Contact Lakes in the Patagonia Icefield over the Last 20 Years [Article]. Water (Switzerland), 17(3), Article 385. https://doi.org/10.3390/w17030385 ","Zhao et al., 2025",Water (Switzerland),,https://www.mdpi.com/2073-4441/17/3/385,,"double-check whether seasonal rates are also reported (MS only included annual), check trend methodology, and aggregation (mean?), and double-check the number of lakes included. MS: Added seasonal trends to follow MP. Also added annual mean as numbers given in paper.",MS,MP,,,,,,
0.032,Patagonia Ice Field,-48,-73,region,MOD11A2 and MYD11A2,satellite,pobably linear regression analysis,mean (assumed),seasonal,autumn,6,20,2002,2022,Scopus,"Zhao, S., Sun, H., Cheng, J., & Zhang, G. (2025). Water Surface Temperature Dynamics of the Three Largest Ice-Contact Lakes in the Patagonia Icefield over the Last 20 Years [Article]. Water (Switzerland), 17(3), Article 385. https://doi.org/10.3390/w17030385 ","Zhao et al., 2025",Water (Switzerland),,https://www.mdpi.com/2073-4441/17/3/385,,"double-check whether seasonal rates are also reported (MS only included annual), check trend methodology, and aggregation (mean?), and double-check the number of lakes included. MS: Added seasonal trends to follow MP. Also added annual mean as numbers given in paper.",MS,MP,,,,,,
0.026,Patagonia Ice Field,-48,-73,region,MOD11A2 and MYD11A2,satellite,pobably linear regression analysis,mean (assumed),seasonal,winter,6,20,2002,2022,Scopus,"Zhao, S., Sun, H., Cheng, J., & Zhang, G. (2025). Water Surface Temperature Dynamics of the Three Largest Ice-Contact Lakes in the Patagonia Icefield over the Last 20 Years [Article]. Water (Switzerland), 17(3), Article 385. https://doi.org/10.3390/w17030385 ","Zhao et al., 2025",Water (Switzerland),,https://www.mdpi.com/2073-4441/17/3/385,,"double-check whether seasonal rates are also reported (MS only included annual), check trend methodology, and aggregation (mean?), and double-check the number of lakes included. MS: Added seasonal trends to follow MP. Also added annual mean as numbers given in paper.",MS,MP,,,,,,
0.01,Dianchi Lake,24.83,102.69,point,"MOD11A2, ASTER GDEM V2, Landsat-8 OLI, meteorological station data, and in situ measurement data",satellite,Mann-Kendall,mean,annual (day),annual,1,17,2001,2018,Scopus,"Zhao, Y., Yang, K., Luo, Y., & Yu, Z. (2022). Spatial–temporal characteristics of surface thermal environment and its effect on Lake surface water temperature in Dianchi Lake basin. Frontiers in Ecology and Evolution, 10. https://doi.org/10.3389/fevo.2022.984692","Zhao et al., 2022",Frontiers in Ecology and Evolution,,https://www.frontiersin.org/journals/ecology-and-evolution/articles/10.3389/fevo.2022.984692/full,,no discrepancies to resolve,MS,OR,,,,,,
0.02,Dianchi Lake,24.83,102.69,point,"MOD11A2, ASTER GDEM V2, Landsat-8 OLI, meteorological station data, and in situ measurement data",satellite,Mann-Kendall,mean,annual (night),annual (night),1,17,2001,2018,Scopus,"Zhao, Y., Yang, K., Luo, Y., & Yu, Z. (2022). Spatial–temporal characteristics of surface thermal environment and its effect on Lake surface water temperature in Dianchi Lake basin. Frontiers in Ecology and Evolution, 10. https://doi.org/10.3389/fevo.2022.984692","Zhao et al., 2022",Frontiers in Ecology and Evolution,,https://www.frontiersin.org/journals/ecology-and-evolution/articles/10.3389/fevo.2022.984692/full,,no discrepancies to resolve,MS,OR,,,,,,
0.044,North Temperature lakes,40.93592624,-29.12499505,region,long-term dataset (with lake characteristics,in situ,Sen's slope,mean,summer,summer,345,38,1979,2017,,"Zhou, J., Leavitt, P. R., Rose, K. C., Wang, X., Zhang, Y., Shi, K., & Qin, B. (2023). Controls of thermal response of temperate lakes to atmospheric warming. Nature Communications, 14(1), 6503.",Zhou et al. 2023,Nature Communiations,"not on top 25 list, remove?? ; Summer temperatures (July 15 to August 31); random forest to calculate variables important for explaining future trends (i.e. differences between air and water); large methods section with description of different approaches",Controls of thermal response of temperate lakes to atmospheric warming | Nature Communications,,,NA,,,,,,,
