LID,lat,MaxDepth,Catch_area,LakeAreaHa,LakeVolume,LakeElevat,SumWind,MeanWind,CatSlope,CatPhos,CatHard,lambda_dom_std,lambda_dom_median,lambda_dom_hidecile,purity_std,purity_median,chl_median,Name,TotalSUDensity,Prop_Dairy,PastureHeavy,Wetland,Forestry,PastureLight,Exotic,Native,Bare,Urban,Fetch_sqrt
1,-41.3809723667198,7.69577,3435486749.5403,622.384,15965800.0,0.18,6.06,5.90507,9.79,1.77,2.6,6.17586146143698,573.382075738878,580.466662842355,12.6771773852115,35.2122076350279,11.44936675,Lake Onoke,9.58363839727562,0.195365314426864,61.391712969000004,0.941854765,4.520107601,1.04542829,1.6054399149999998,26.842049717000002,0.483936283,0.819461492,60.473134530963414
3,-41.3609989528871,7.64958,3911948.177955,10.8217,275937.0,15.71,8.08,7.84744,11.17,1.05,3.8,30.5847329390098,559.880271164103,572.146550530424,15.9466578141497,13.3696030799015,10.92528,Lake Kohangapiripiri,0.0,0.0,0.0,5.292087275,0.0,28.42183557,48.21448333,17.832303779,0.239290052,0.0,25.495097567963924
4,-41.367965887132,7.63197,20570386.770796,21.3142,542232.0,14.27,8.18,7.99545,13.27,1.15,3.52,23.3802366168142,488.268495686559,523.691016258071,9.67252822494332,18.0117475063073,16.5215771,Lake Kohangatera,19.0687896121914,0.0267335675870568,5.424510875,3.753521982,0.165582429,9.848974998,29.97353474,50.783879325,0.049995652,0.0,30.199337741083
6,-41.2991968286146,21.9937,1825884.0583681,3.07144,225174.0,176.02,7.28,6.99112,12.34,1.0,4.0,,,,,,,Karori Reservoir low,0.0,0.0,0.0,0.0,0.0,0.0,0.0,0.0,0.0,0.0,19.235384061671343
7,-41.2925974884787,23.8519,2464377.2103272,2.22164,176635.0,156.92,6.87,6.52322,12.25,1.0,4.0,,,,,,,Karori Reservoir upp,0.0,0.0,0.0,0.0,0.0,0.0,0.0,0.0,0.0,0.0,20.0
8,-41.3562632650728,0.0,17255226.3046384,1.68928,41031.8,11.3,0.0,7.69933,0.0,0.0,0.0,,,,,,, ,22.5189150791824,0.0267335675870568,6.353884368,1.534457761,0.193951424,8.231826539,24.94255681,58.743323096,0.0,0.0,0.0
47,-41.117154030229,8.98751,1092385.6358551,1.60621,48119.3,29.9,5.3,5.28393,9.42,1.25,3.8,37.1803066118078,523.250638443753,571.21933472749,11.5914707751641,20.9227798348562,15.7871798166667, ,0.0002212011187883,0.0,14.28578281,0.0,5.805110316,5.316202367,35.18659763,3.926230161,0.0,35.48007671,15.165750888103101
70,-41.5666702265079,7.72114,175876.425251,1.11816,28778.3,13.11,5.14,5.275,18.73,2.0,4.0,,,,,,, ,5.20277479484704,0.0332803738731363,91.47765718,0.0,0.0,0.0,0.0,0.0,8.522342815,0.0,13.038404810405298
113,-41.3822080581065,0.0,670056.6209133,4.19078,59586.8,9.72,0.0,6.00253,0.0,0.0,0.0,,,,,,, ,0.0,0.0,88.03337327,5.737754372,2.224597271,0.0,3.430241077,0.0,0.574034011,0.0,0.0
119,-41.3629860215803,8.48124999999999,1027109.82895,41.8774,1183910.0,2.71,6.05,5.87439,0.66,1.39,0.69,6.96685822144,576.047069087945,578.979289138771,14.8415245987939,37.8357450866897,25.0449616666667, ,0.0,0.0,4.956901844,95.04309816,0.0,0.0,0.0,0.0,0.0,0.0,31.606961258558215
195,-41.3558473096266,6.99996,1775107.1609855,3.09701,72263.0,19.91,5.84,5.64676,2.65,2.09,1.19,21.7121462124893,552.878606145213,569.940816653304,15.5411415171553,29.9226652903021,,Lake Nganoke,24.7059807147448,0.0308963682286454,88.09012328,0.986423127,7.751120562,0.0,0.0,3.172333027,0.0,0.0,19.235384061671343
229,-41.3446284947345,16.2534999999999,7638349.198279,45.9534,2489670.0,14.08,6.12,5.95195,11.25,1.0,3.97,32.3247654079753,558.180211794185,571.577259710054,24.1242212588289,28.773549740625,16.8674202575758,Lake Pounui,1.95516084017955,0.265067640736371,6.065301465,2.829705392,0.030190339,0.048583862,0.817858061,90.20836088,0.0,0.0,35.6931365951495
298,-41.1820010460101,0.0,45588.2890768999,1.94841,18962.0,4.51,0.0,5.29117,0.0,0.0,0.0,,,,,,, ,1.22829727877664,0.996195966542398,4.999616888,0.0,0.0,0.0,0.0,95.00038311,0.0,0.0,0.0
299,-41.1746511209591,0.0,205071.1070097,9.16512,103709.0,4.93,0.0,5.30361,0.0,0.0,0.0,,,,,,, ,0.484802845694865,1.0,1.915158142,0.0,0.0,0.0,0.0,98.08484186,0.0,0.0,0.0
300,-41.1711183807253,3.10272,144997.7548994,6.57837,68036.1,4.76,5.85,5.33935,0.06,1.77,1.0,,,,,,, ,0.0,0.0,0.0,70.80930603,0.0,0.0,0.0,29.19069397,0.0,0.0,22.135943621178654
301,-41.1680593263397,0.0,9561485.103576,10.5858,103304.0,4.58,0.0,5.37675,0.0,0.0,0.0,35.1521739183938,525.818085806348,567.670889991085,12.6965048044803,16.5714238975606,, ,17.5967127353314,0.71034119539353,94.17633641,1.958763845,0.823560476,0.0,0.0,3.041339274,0.0,0.0,0.0
325,-41.1925927986576,3.22926,958315.568192,2.75804,29688.1,15.77,4.83,4.50545,0.58,2.0,1.0,,,,,,,Horseshoe Lagoon,24.5217923630487,0.477897988951173,100.0,0.0,0.0,0.0,0.0,0.0,0.0,0.0,23.065125189341593
332,-41.1441365514719,5.98038,193370.3853536,1.50791,30059.5,6.65,6.54,6.5172,1.17,2.77,2.54,30.6276654653935,484.682813096729,557.004722897368,11.6422998290021,25.3968624660857,, ,27.0852829919861,0.0027537218977883,100.0,0.0,0.0,0.0,0.0,0.0,0.0,0.0,14.832396974191326
337,-41.1234979930345,2.89438,48000.4330483,1.01771,9818.76,24.24,6.45,6.43765,1.68,3.0,3.0,,,,,,, ,21.4282487098965,0.0027537218977883,100.0,0.0,0.0,0.0,0.0,0.0,0.0,0.0,13.784048752090222
338,-41.1227330420981,3.03669,78346.6110374999,1.62083,16406.5,27.25,6.5,6.49801,1.43,2.91,2.82,,,,,,, ,18.8770925895363,0.0027537218977883,65.17519435,34.82480565,0.0,0.0,0.0,0.0,0.0,0.0,17.320508075688775
345,-41.1215321435096,7.2437,366385.7446754,2.68997,64951.1,16.66,6.73,6.71353,3.51,3.0,3.01,,,,,,, ,25.0864839293632,0.0027537218977883,92.53935682,0.0,7.46064318,0.0,0.0,0.0,0.0,0.0,16.1245154965971
349,-41.0961637881332,11.4696,190995.7216026,2.35185,89916.0,215.37,4.88,5.03914,2.12,2.57,2.15,,,,,,, ,11.8750809115106,0.0,100.0,0.0,0.0,0.0,0.0,0.0,0.0,0.0,17.88854381999832
352,-41.0885948392358,11.6184999999999,65614.8327599,1.51877,58819.5,229.56,4.9,5.0728,4.53,3.0,3.0,,,,,,, ,10.438059827414,0.0,100.0,0.0,0.0,0.0,0.0,0.0,0.0,0.0,15.165750888103101
380,-40.9492089146074,8.64551,57563.8781033999,2.60423,75049.7,113.86,4.0,3.45277,0.42,2.0,1.0,,,,,,, ,0.0,0.0,0.0,0.0,0.0,0.0,0.0,0.0,0.0,100.0,15.165750888103101
381,-40.9504214853335,9.02365,2513116.158381,12.2647,368908.0,108.11,3.91,3.36803,1.67,2.17,1.34,27.1496139338379,485.275242868055,544.574520065656,10.2608516330511,19.7933847276529,,Henley Lake,0.865809627267456,0.167625105964166,39.75627958,0.058438148,0.9105734,0.0,0.0,0.693360733,0.0,58.58134814,24.24871130596428
402,-40.9491761464644,23.3442,134850.652263,1.14919,89423.5,179.73,4.19,3.86862,9.17,2.45,1.9,,,,,,, ,25.1481385895904,0.0,100.0,0.0,0.0,0.0,0.0,0.0,0.0,0.0,20.248456731316587
465,-40.5106084955535,3.20151,5713601942.82896,1.69481,18086.4,10.0,3.88,3.34218,7.94,1.76,2.57,,,,,,, ,12.343959029215,0.306249680914393,55.90293235,0.7567177700000001,5.284600955,2.73905054,0.943339512,28.50251162,0.42509856199999996,2.134562295,21.166010488516726
468,-40.5094166629986,2.93051,647016.2210859,1.22836,11999.0,10.0,3.92,3.3775,0.0,1.86,1.0,,,,,,, ,36.062069287486,0.866606344068207,99.95604086,0.0,0.043959144,0.0,0.0,0.0,0.0,0.0,20.73644135332772
476,-40.5876271255145,23.7493,5349022.3695733,9.53631,754935.0,357.59,5.95,5.47405,11.14,1.0,4.0,26.4004971306301,499.802381211867,555.011678152463,7.50859362790698,9.43947022553896,7.971777000000005,Tokomaru No 3 Reservoir,0.087390167485264,0.0,0.0,0.0,9.193875876,1.483876758,0.0,89.322247367,0.0,0.0,23.748684174075834
477,-40.5302152492914,0.0,194188.7048061,2.67161,26097.2,10.0,0.0,3.61048,0.0,0.0,0.0,,,,,,, ,6.87761360224198,0.676282809174746,83.26344753,1.226755751,0.0,0.0,15.50979672,0.0,0.0,0.0,0.0
484,-40.5119597026745,2.93051,316699.4032754,1.14771,11211.3,10.0,4.26,3.63863,0.0,2.0,1.0,,,,,,, ,50.448204841627,0.386132372805043,82.24137526,0.360797581,0.0,0.0,0.0,17.39782716,0.0,0.0,15.165750888103101
491,-40.5200821458047,6.44428,1375242.7723963,1.02603,22040.0,19.68,4.82,4.166,2.89,2.0,1.0,,,,,,, ,19.711856619808,0.460796889951132,84.42692849,1.981790183,0.0,1.587205069,0.625431326,11.37864493,0.0,0.0,15.491933384829668
501,-41.2942781615361,2.96447,22820.1778307,1.11205,10988.8,0.56,5.81,5.50216,0.06,2.0,1.0,,,,,,, ,22.5221165283074,0.148596791608384,100.0,0.0,0.0,0.0,0.0,0.0,0.0,0.0,14.142135623730951
505,-41.2681210051103,2.98677,10874589.2590054,6.98528,69544.8,3.73,5.61,5.20653,0.04,1.72,1.82,1.41563391129852,581.051461066708,582.869468946887,6.36897775970619,39.4444714885414,, ,19.8500479470449,0.532756805924436,93.74439542,2.190263007,0.338192167,0.0,0.0,3.727149408,0.0,0.0,24.535688292770594
506,-41.2662111584042,0.0,260806.1918879,3.21991,31336.4,3.65,0.0,5.19409,0.0,0.0,0.0,,,,,,, ,0.0,0.0,0.0,29.55241296,0.0,0.0,0.0,70.44758704,0.0,0.0,0.0
507,-41.2641771376013,2.91962,984493.333221,10.697,104104.0,3.18,5.64,5.22834,0.02,1.98,1.03,28.7446711844291,555.393584431282,570.222927658148,7.67269616900018,10.8604437055645,17.5527536666667, ,15.861573661062,0.447828937414897,76.63028278,3.967456076,0.0,0.0,0.0,19.40226114,0.0,0.0,21.6794833886788
508,-41.2616043048121,0.0,81706.2437268,1.24039,12071.6,3.27,0.0,5.23467,0.0,0.0,0.0,,,,,,, ,0.0,0.0,0.0,49.42137312,0.0,0.0,0.0,50.57862688,0.0,0.0,0.0
509,-41.2608033765175,2.91962,184098.4674823,2.56934,25005.1,3.06,5.63,5.21089,0.03,2.0,1.0,,,,,,, ,6.61508475121624,0.447828937414897,28.9083609,21.03734754,0.0,0.0,0.0,50.05429156,0.0,0.0,18.16590212458495
511,-41.2596677231292,3.08532,14001503.289658,37.3374,383993.0,3.52,5.62,5.19212,0.03,1.73,1.79,23.9438933310043,485.552153671845,518.730346062903,11.2275235183983,20.5991961235022,15.06312553333335, ,17.8862499560646,0.525950015081763,86.33951275,4.747617657,0.276411031,0.263326215,0.0,8.373132348,0.0,0.0,30.822070014844883
512,-41.2552898151957,2.92699,834513.3657639,5.32911,51994.2,2.67,5.65,5.22369,0.05,1.14,3.22,,,,,,, ,20.3153590205515,0.447828937414897,93.13066072,6.869339277,0.0,0.0,0.0,0.0,0.0,0.0,21.447610589527216
515,-41.2487995591401,3.42916,3408363.797203,58.225,665544.0,2.83,5.63,5.19311,0.05,1.14,2.42,6.76597575872784,571.096574484814,577.530521227426,17.5634186593361,40.871523985686,19.357954833333302,Boggy Pond Lagoon,10.491946684211,0.447828937414897,50.34901946,40.05404709,0.0,3.522123967,0.0,6.074809484,0.0,0.0,36.0
524,-41.4070246653623,21.7552999999999,537329.9092264,2.96926,215324.0,51.48,5.26,5.24467,12.04,1.07,3.76,,,,,,, ,0.0,0.0,0.0,7.912771972,85.67139776,0.0,0.0,6.415830272,0.0,0.0,20.248456731316587
583,-41.350615748003,23.7149,296174.8644321,1.26445,99954.5,218.32,5.42,5.45475,10.11,1.13,3.93,43.7559672805081,565.36733393415,574.670582369631,5.7991915206691,10.9356209961784,, ,2.58148199570785,0.0,15.42623126,0.0,84.57376874,0.0,0.0,0.0,0.0,0.0,12.649110640673518
656,-41.2790334623037,2.99473,2608863.2643403,2.12454,21208.0,4.06,5.5,5.08358,4.66,1.69,1.91,,,,,,, ,17.4571376203654,0.0999527523642767,93.62702967,0.0,2.604250399,0.0,0.0,3.768719933,0.0,0.0,19.493588689617926
664,-41.2716706312122,2.99701,163822.245058,2.34129,23389.6,4.22,5.45,5.00348,0.15,1.6,2.2,,,,,,, ,16.1066747725063,0.935109253411882,100.0,0.0,0.0,0.0,0.0,0.0,0.0,0.0,15.165750888103101
667,-41.2654873203166,3.20778,38754218.1224068,3.59936,38486.5,3.92,5.56,5.11963,1.26,1.89,1.25,,,,,,, ,16.6027392774014,0.726899001297953,97.786983771,0.085622698,1.03326538,0.0,0.0,1.0405402590000001,0.0,0.053587892,22.360679774997898
671,-41.2566568519281,2.92583,471939.9531304,4.35058,42430.2,6.6,5.36,4.85534,0.07,2.0,1.0,,,,,,, ,15.4948660785439,0.935109253411882,100.0,0.0,0.0,0.0,0.0,0.0,0.0,0.0,19.078784028338912
672,-41.247762652746,2.93051,28221377.877254,3.37644,32982.3,9.07,5.46,4.95599,1.72,1.87,1.29,,,,,,, ,16.7500057809037,0.660974817696,97.30806272699999,0.117661442,1.148744987,0.0,0.0,1.351891155,0.0,0.073639686,19.05255888325765
690,-41.2695451834623,3.62112,470142.0504626,2.46061,29700.5,10.53,5.27,4.78675,0.22,2.0,1.0,,,,,,, ,18.6454071622129,0.0999527523642767,100.0,0.0,0.0,0.0,0.0,0.0,0.0,0.0,16.431676725154983
791,-40.8351995078157,11.39,43506.6628124,1.19849,45502.7,273.79,5.34,4.84046,3.69,3.0,3.0,31.4434461051382,574.311962047324,580.622483999033,19.0247038233712,41.7875695799149,, ,10.2609451249091,0.0,100.0,0.0,0.0,0.0,0.0,0.0,0.0,0.0,12.649110640673518
831,-40.724587362067,11.2224,2590976.580982,15.7779,590221.0,19.64,3.95,3.82953,1.88,1.77,1.62,36.4248780601985,495.731274792026,570.456783965161,9.78029284337496,14.1595925087357,13.000487841963553,Lake Waitawa,4.11715901662342,0.244855411794441,90.800090735,3.721237606,0.442706402,0.987179879,0.0,3.298378619,0.0,0.750406763,27.910571473905726
841,-40.7119174389047,2.94014,3144226.6280889,5.84816,57314.8,10.93,3.91,3.87768,0.77,2.88,3.82,9.01429255850287,489.106592915481,496.270304008785,6.81233517804474,25.6042483816598,34.4402273333333,Lake Waiorongomai,3.36185391645431,0.650704621237484,78.35749308,2.048281269,7.185576452,11.99607328,0.41257592,0.0,0.0,0.0,20.493901531919196
843,-40.7037258134485,3.03983,51047.7556388,2.58384,26181.4,18.36,3.78,3.74141,1.02,0.0,0.0,,,,,,,Lake Huritini,1.72400141139731,0.759319390546279,17.33459806,82.66540194,0.0,0.0,0.0,0.0,0.0,0.0,18.16590212458495
847,-40.7186393959642,6.31987,137496.9191122,6.90709,145506.0,20.0,3.91,3.79775,0.65,0.0,0.0,26.2339144930079,512.968634338278,563.254590147048,8.92164688233611,10.81507471655,13.68066813780665,Lake Kopureherehere,3.33765939282672,0.759319390546279,64.88571107,9.114964531,0.0,0.0,0.0,25.9993244,0.0,0.0,24.979991993593593
855,-40.6742325110683,0.0,401015.1531014,1.21358,11810.6,7.12,0.0,3.42685,0.0,0.0,0.0,,,,,,, ,11.0658268214891,0.998111989271803,91.27427184,5.360120304,2.73453989,0.631067961,0.0,0.0,0.0,0.0,0.0
856,-40.6715733819802,0.0,268244.7533997,1.61921,15758.3,6.87,0.0,3.41171,0.0,0.0,0.0,,,,,,, ,4.59646768779332,1.0,0.558377105,30.04681427,28.83030551,36.38516017,0.0,0.0,4.179342945,0.0,0.0
869,-40.4237959220792,2.93051,10771080.7753067,5.31051,51875.0,10.0,4.05,3.70464,0.51,2.98,3.97,11.9428574558435,491.462187600855,514.013846520908,6.16229801737408,14.1110623914373,13.0796166666667, ,12.9595476803495,0.686812338570319,75.17497712,0.470094653,9.537682317,7.345031642,0.125265868,0.427099108,6.919849294,0.0,17.60681686165901
870,-40.4049150915478,2.93051,11903183.6778855,3.6958,36101.9,10.0,4.14,3.78472,0.16,2.95,3.93,,,,,,21.77484, ,30.5408366534492,0.979455298657472,81.13660249,3.6186496900000003,8.743312890999999,3.414918374,0.888014197,1.3834482,0.815054155,0.0,20.0
871,-40.4014811284573,2.93051,11484595.7384606,3.97091,38789.3,10.0,4.14,3.78472,0.17,2.95,3.93,28.0614667833255,494.59340966301,561.352026812732,6.57829752433737,18.3225205226987,, ,31.2645632415639,0.97983634332682,81.96882126,2.3759747669999998,9.016098861,3.521461721,0.9157196919999999,1.361440355,0.840483341,0.0,20.0
877,-40.4455925881727,2.9848,1218601.2914333,2.38313,23710.5,18.68,4.19,3.6315,0.59,3.0,4.0,8.33020978997497,485.323402976229,492.4082903481,8.30254100834331,31.7513405786207,, ,8.62117427812946,0.995049438395915,96.40754147,0.0,3.0442975,0.0,0.548161029,0.0,0.0,0.0,16.431676725154983
885,-40.4898126217052,2.93051,2053836.9280437,3.61346,35297.6,10.0,4.18,3.58931,0.0,2.0,1.0,,,,,,, ,49.9062761787883,0.386132372805043,98.41891013,0.0,0.0,0.0,0.0,1.581089875,0.0,0.0,18.708286933869708
886,-40.4662420204759,3.22383,461101.623043,2.17158,23336.0,10.09,4.26,3.6784,0.03,2.0,1.0,,,,,,, ,0.953942498723415,0.0,99.99733015000001,0.0,0.0,0.0,0.0,0.002669845,0.0,0.0,17.88854381999832
1416,-40.6967780548391,21.2399999999999,281877.0431108,1.35086,95641.2,180.26,5.62,4.93407,6.62,2.92,3.03,,,,,,, ,17.5977211787356,0.0128634090398553,99.24205054,0.0,0.757949465,0.0,0.0,0.0,0.0,0.0,15.165750888103101
1420,-40.6630031080661,23.6582,1260987.7747746,1.28418,101271.0,198.38,5.82,5.19214,10.13,2.98,3.0,,,,,,, ,18.1863992446668,0.0,92.57013247,0.0,0.0,0.0,0.0,7.429867531,0.0,0.0,16.431676725154983
1491,-45.5782041326663,23.3124,471094.1527688,3.57216,277585.0,77.69,2.35,2.26213,5.82,3.52,3.04,,,,,,,Pinders Pond,11.7887849993546,0.113413987145255,33.16190783,0.0,0.0,49.56544263,0.0,17.27264954,0.0,0.0,18.973665961010276
1492,-45.5744624248361,22.7029,111923.5348913,1.09636,82968.4,87.43,2.35,2.27628,2.77,3.9,3.79,,,,,,, ,13.7665101091905,0.113413987145255,68.35909456,0.0,0.0,25.68837366,0.0,5.952531779,0.0,0.0,13.038404810405298
1509,-45.5406608073945,12.9756,89185.6440349999,1.16593,50428.9,284.28,2.66,2.80987,6.13,3.0,4.0,,,,,,, ,10.9475254234962,0.113413987145255,0.0,0.0,13.96779704,86.03220296,0.0,0.0,0.0,0.0,13.416407864998739
1548,-45.5713659066056,17.4315,3094730.1396441,2.83415,164679.0,663.52,3.48,3.81564,6.96,3.0,4.0,23.5392868231211,560.75783429519,569.50580565294,12.6521470745023,27.5814645672613,, ,0.173294627748727,0.0364616285038094,1.237365016,1.720463,91.23078644,0.0,0.0,0.0,0.0,0.0,17.60681686165901
1553,-45.550723928647,3.69,188254325.284954,1158.21,14246000.0,690.33,3.52,3.79617,5.5,2.79,3.69,20.417503777222,562.307107166178,571.825261556953,16.760909558953,36.1826847988273,8.686815250000006,Lake Onslow,0.0203229840399695,0.0394803643422428,18.16670223,6.333213046,5.524304251,0.006759265,0.0,0.0,0.026398233,0.0,73.60706487831179
1566,-45.472471329701,7.56474,129402.3389374,1.31678,33203.7,817.09,3.56,3.9048,0.97,3.0,4.0,,,,,,, ,0.0,0.0,0.0,63.03507972,0.0,0.0,0.0,0.0,0.0,0.0,18.708286933869708
1682,-41.2757617241249,0.0,64409.4390355,1.84894,79651.7,340.83,0.0,6.81983,0.0,0.0,0.0,,,,,,, ,1.95316271054937,0.0,49.76695561,50.12414514,0.108899246,0.0,0.0,0.0,0.0,0.0,0.0
1708,-41.2195908518681,2.5,731870125.457649,7737.1,64475900.0,1.26,5.67,5.28051,8.76,1.49,2.42,26.9239757132693,504.349825811413,556.951844063095,13.9443630859827,11.3129193013104,38.3203468666666,Lake Wairarapa,7.2764176814713,0.500534886448495,50.515751673,3.0182473940000003,0.650470102,0.23233542,6.288280236,37.697760583,0.225346405,0.472117758,133.7460279784039
1717,-41.2365280977313,2.92013,320594.6808688,5.14798,50109.3,3.83,5.63,5.16432,0.06,2.0,1.0,,,,,,, ,22.8831217115849,0.447828937414897,100.0,0.0,0.0,0.0,0.0,0.0,0.0,0.0,23.021728866442675
1720,-41.2235980077716,2.91962,272851.7257829,1.18349,11517.9,4.75,5.66,5.17148,0.12,1.89,1.32,,,,,,, ,21.2786424871262,0.447828937414897,92.98855243,1.833220952,5.178226622,0.0,0.0,0.0,0.0,0.0,17.60681686165901
1721,-41.2266047327121,2.92583,3021577.3947528,5.04806,49232.5,5.12,5.62,5.12343,0.12,1.88,1.33,,,,,,, ,22.4184027652059,0.450739698442986,98.21537117,1.761842607,0.022786219,0.0,0.0,0.0,0.0,0.0,22.22611077089287
1726,-41.2195011959215,0.0,4796380.191013,9.98287,144125.0,6.67,0.0,5.11529,0.0,0.0,0.0,,,,,,, ,14.0593832270014,0.67146409114899,93.86318831,2.775445684,1.21600079,0.0,0.0,2.1453652180000002,0.0,0.0,0.0
1729,-41.209192721735,0.0,169287.4111375,1.17749,11459.5,4.37,0.0,5.19838,0.0,0.0,0.0,,,,,,, ,0.0,0.0,0.0,100.0,0.0,0.0,0.0,0.0,0.0,0.0,0.0
1730,-41.2070025295181,0.0,474940.5987723,2.4905,24237.7,4.18,0.0,5.20645,0.0,0.0,0.0,,,,,,, ,0.008449135996889,0.557618693938182,0.0,99.83618906,0.0,0.163810936,0.0,0.0,0.0,0.0,0.0
1731,-41.2088394317187,0.0,267501.276190999,12.0781,117545.0,4.5,0.0,5.1906,0.0,0.0,0.0,27.3667817393544,561.220477842655,574.746520169937,12.7011617116783,16.9882959328313,, ,0.0,0.0,0.0,100.0,0.0,0.0,0.0,0.0,0.0,0.0,0.0
1735,-41.2041129585417,0.0,531789.0011307,1.33491,12991.4,4.06,0.0,5.22258,0.0,0.0,0.0,,,,,,, ,0.0073343187797511,0.557618693938182,0.0,99.85921861,0.0,0.140781388,0.0,0.0,0.0,0.0,0.0
1738,-41.1997609791683,0.0,363113.132871,2.28843,22271.2,4.26,0.0,5.22332,0.0,0.0,0.0,,,,,,, ,0.0,0.0,0.0,100.0,0.0,0.0,0.0,0.0,0.0,0.0,0.0
1739,-41.1969679037879,0.0,78887.2830133,1.13808,11075.8,4.24,0.0,5.23632,0.0,0.0,0.0,,,,,,, ,0.0,0.0,0.0,100.0,0.0,0.0,0.0,0.0,0.0,0.0,0.0
1742,-41.2042907463648,0.0,300953.335238,11.7329,114186.0,4.57,0.0,5.19543,0.0,0.0,0.0,6.23470467653632,575.236167707833,580.460086916687,15.5168353159417,36.2500721799748,, ,0.0,0.0,0.0,100.0,0.0,0.0,0.0,0.0,0.0,0.0,0.0
1744,-41.2152107055858,2.88907,598202.5334164,6.17494,59466.1,19.25,5.5,5.01166,0.26,1.05,3.82,11.2866716589604,567.10473354838,575.594859295923,15.9764952168983,26.8892004241838,14.8693026666667, ,4.76730684091409,0.557618693938182,94.77463882,0.0,0.007401361,0.0,0.0,5.217959815,0.0,0.0,18.16590212458495
1814,-40.8241929395094,24.6246,90388.4457964,1.56511,128467.0,256.77,5.72,4.93682,14.88,2.41,2.25,36.6772956319135,570.912684693436,575.997510411181,18.1788417753542,27.2578630255903,, ,21.7368287429773,0.146466790465978,63.10368233,8.779908366,0.0,0.0,0.349567283,27.766842009999998,0.0,0.0,17.029386365926403
1868,-40.8654120589361,11.3987,244172.5939269,1.99429,75774.4,138.93,5.09,4.64031,2.01,2.0,1.0,,,,,,, ,6.33503088262794,0.0,81.072076858,0.0,0.0,0.0,0.0,18.927923145,0.0,0.0,17.029386365926403
1957,-40.6596915237382,2.95043,888886.6316829,3.82031,37571.8,11.47,3.3,3.27347,0.4,3.0,4.0,,,,,,, ,11.3188112507895,0.841161220713884,92.83793125,0.218061871,5.8237213699999995,0.0,1.120285514,0.0,0.0,0.0,15.427248620541512
1962,-40.6146926406286,2.83354,3351252.5671609,4.29666,40582.5,15.19,3.09,3.02751,1.37,3.0,4.0,9.68922372548406,577.881546402779,581.892140149545,22.0516732006654,31.1227451222006,27.0750016666667, ,4.41865498959564,0.609446317346638,75.80158036,3.56978249,7.445859287999999,11.6712439,0.0,1.133827384,0.377706574,0.0,17.320508075688775
1972,-40.6412104456868,7.6319,518660.3155251,1.99424,50732.7,20.0,3.05,3.00702,1.31,3.0,4.0,22.0575237485204,561.693361480008,578.448078813557,16.1215879954689,14.7938775309398,, ,11.0629424931639,0.877720127076417,94.18359682,2.317202654,3.079321647,0.0,0.0,0.419878884,0.0,0.0,14.142135623730951
1974,-40.6441581320796,6.75579,3737722.577005,51.4817,1159330.0,19.74,2.86,2.77403,1.16,2.03,1.12,3.71948331003055,577.249783461448,581.37683288305,13.2234739569718,33.8369486642018,66.9660466666666,Lake Papaitonga,6.79491387102555,0.863742241374061,70.773626918,7.726977071,0.75404772,0.0,0.0,20.745348290000003,0.0,0.0,35.7211421989835
1978,-40.6353850516766,5.67254,52425.9218572,1.37133,25929.8,39.19,2.87,2.77782,3.66,2.5,2.5,,,,,,, ,14.518234449283,0.629040038591413,68.78245369,31.21754631,0.0,0.0,0.0,0.0,0.0,0.0,20.0
1992,-40.7886410758026,25.7285,264914.3886475,1.45837,125072.0,386.56,5.89,5.3272,5.31,1.97,4.0,,,,,,, ,21.3628522148193,0.0042779921381209,99.99917819,0.0,0.000821807,0.0,0.0,0.0,0.0,0.0,19.235384061671343
1993,-40.7833584022758,25.6497999999999,1731503.2958498,1.97568,168919.0,376.03,6.04,5.50835,7.87,1.64,4.0,,,,,,, ,10.7452839076725,0.0013611028539446,96.94467225,0.0,0.000119028,0.0,0.0,3.055208721,0.0,0.0,19.235384061671343
2069,-41.2020403289791,7.07393,6298807.0878351,1.85855,43824.2,15.05,5.0,4.6045,2.85,1.8,1.39,,,,,,, ,20.6153096506862,0.430445033844597,94.81850677,0.529148477,1.950823458,0.0,0.0,2.701521294,0.0,0.0,18.973665961010276
2073,-41.1989604757865,6.25294,5863513.9756943,3.78468,78884.5,11.82,4.95,4.57667,2.82,1.83,1.33,,,,,,, ,19.9489273122156,0.403903748424226,94.62988512999999,0.354402976,2.103190747,0.0,0.0,2.912521153,0.0,0.0,17.146428199482248
2078,-41.1885369772526,0.0,84497.8382352,3.67901,35804.4,4.67,0.0,5.2343,0.0,0.0,0.0,4.79932344752212,571.397229990889,575.822619180344,23.1767171521325,44.3933684527535,, ,0.0,0.0,0.0,100.0,0.0,0.0,0.0,0.0,0.0,0.0,0.0
2106,-41.1596215118143,9.88468,341264.1997768,1.09058,35933.5,35.37,4.68,4.42658,6.21,1.7,1.59,,,,,,, ,21.9058379379466,0.0,83.32162879,0.0,0.0,0.0,0.0,16.678371208,0.0,0.0,17.60681686165901
2137,-41.0966648723398,22.1998,1743327.6278376,1.60094,118468.0,136.96,6.01,5.45642,20.06,1.0,4.0,,,,,,, ,0.0,0.0,0.0,0.0,0.0,0.0,38.28831542,61.711684580000004,0.0,0.0,16.1245154965971
2165,-41.0923434222637,0.0,394884.2388324,1.94919,31764.9,48.04,0.0,4.08617,0.0,0.0,0.0,,,,,,, ,6.74638914302112,0.892766181679792,80.25158037,19.74841963,0.0,0.0,0.0,0.0,0.0,0.0,0.0
2199,-40.8796776686505,2.91962,219661.7837385,1.53515,14940.2,0.04,4.78,4.67418,0.02,3.0,4.0,,,,,,, ,0.0,0.0,0.0,0.0,0.0,0.0,8.495943872,0.0,0.0,91.504056125,14.832396974191326
2205,-40.872243295143,5.70427,125865.2828481,1.51587,28823.1,-0.00208776,4.81,4.74327,1.29,3.0,4.0,30.8971153794305,548.323043150691,570.458155017023,13.6107749134485,11.1410492050781,, ,0.0,0.0,0.0,2.106785737,0.0,4.651699055,0.0,0.0,0.0,93.24151521,15.165750888103101
2206,-40.8699648972484,2.90324,919043.981449,1.25396,12135.1,0.01,4.79,4.72663,1.38,3.0,4.0,,,,,,, ,0.0,0.0,2.47072459,4.984912383,0.0,0.0,0.0,0.0,1.849676177,90.69468684899999,14.491376746189438
2366,-41.1879069176475,11.6161999999999,168162.7714911,2.14162,82924.6,176.56,4.95,5.0994,10.36,1.0,4.0,,,,,,, ,5.9963625048494,0.0,86.64714357,0.0,0.0,0.0,0.0,13.35285643,0.0,0.0,18.439088914585774
2409,-41.1759594752611,19.2965,354320.775389,2.3027,148113.0,431.24,5.08,5.36975,13.67,3.41,3.41,30.1524193723668,506.758545786856,566.612702328283,5.4495832359234,7.65203797859023,, ,21.1428092904803,0.0057441775005038,100.0,0.0,0.0,0.0,0.0,0.0,0.0,0.0,16.431676725154983
2446,-41.2172017294016,20.9913999999999,69700.2138106,1.02768,71908.2,173.91,6.04,6.16534,4.31,3.0,3.0,,,,,,, ,0.0,0.0,0.0,0.0,100.0,0.0,0.0,0.0,0.0,0.0,15.491933384829668
2549,-41.0924544091236,26.2128,15383658.5273356,6.73416,588403.0,310.94,4.48,4.71128,6.25,3.0,3.01,21.4311828206724,570.028083024731,578.806316845102,16.1197395264043,29.8588725857421,40.7867827333333,Kourarau Dam,17.3764760725635,0.0029571624196187,96.53622025,0.26440372,0.814687702,0.0,0.197721679,2.186966646,0.0,0.0,24.596747752497688
2578,-41.052469175548,0.0,71093.6619815,1.3469,54107.1,211.9,0.0,4.21502,0.0,0.0,0.0,,,,,,, ,13.2178255876324,0.0110107950985528,100.0,0.0,0.0,0.0,0.0,0.0,0.0,0.0,0.0
2591,-41.0502414407684,24.0264999999999,1485862.6805264,1.02172,81827.8,200.43,4.24,4.3739,10.93,2.81,2.63,,,,,,, ,15.3747290446862,0.0109360030481382,86.70950455,0.0,10.025744744,0.0,0.0,3.2647507080000002,0.0,0.0,14.142135623730951
2612,-41.028244928212,21.8473,285979.3409876,2.84736,207357.0,157.33,4.07,4.07457,11.28,3.0,3.0,,,,,,, ,15.8816726788615,0.0110107950985528,100.0,0.0,0.0,0.0,0.0,0.0,0.0,0.0,21.213203435596427
2640,-41.055884905479,22.3721999999999,359392.9400893,1.81549,135388.0,219.91,4.25,4.34537,8.27,2.6,2.2,,,,,,, ,17.8847387504914,0.0057728198585003,98.19577783,0.0,1.804222172,0.0,0.0,0.0,0.0,0.0,15.491933384829668
2684,-41.0353839736583,22.4876,185103.0798303,1.40291,105160.0,218.59,4.25,4.3201,1.91,2.05,1.1,,,,,,, ,17.9732632053635,0.0057728198585003,100.0,0.0,0.0,0.0,0.0,0.0,0.0,0.0,13.784048752090222
2690,-41.0413844813293,22.3095,1580995.5190717,1.97645,146979.0,196.29,4.24,4.31353,5.16,2.62,2.25,,,,,,, ,18.6893468638757,0.0057728198585003,99.069895846,0.0,0.930104156,0.0,0.0,0.0,0.0,0.0,16.1245154965971
2718,-41.1594247946782,25.3726999999999,86117.5764217,1.22828,103882.0,81.9,6.08,6.18339,13.83,1.0,4.0,,,,,,, ,3.93475743319301,0.0,40.59731816,0.0,0.0,0.0,0.0,59.40268184,0.0,0.0,15.811388300841896
2738,-41.1301515764675,7.20001,537718.0583732,1.00623,24149.6,19.99,6.43,6.40962,5.32,3.0,3.0,,,,,,, ,25.7123917262898,0.0027537218977883,89.74577586,0.0,0.037552137,0.0,0.0,10.216672,0.0,0.0,14.142135623730951
2836,-41.1089780218573,8.08053999999999,549169.855539,1.15926,31224.7,15.42,6.51,6.52467,5.03,3.0,3.0,,,,,,, ,26.6407944983096,0.0027537218977883,96.83369661,0.0,1.602343785,0.0,1.563959603,0.0,0.0,0.0,13.416407864998739
2863,-41.115127399272,7.60665,94838.4229264999,1.10901,28119.6,22.14,6.71,6.70597,3.26,3.0,3.0,,,,,,, ,26.8501808136122,0.0027537218977883,100.0,0.0,0.0,0.0,0.0,0.0,0.0,0.0,13.784048752090222
2868,-41.105026463393,9.31668,541638.8868678,2.47605,76895.2,21.79,6.64,6.62858,2.32,3.0,3.0,,,,,,, ,12.7735328718662,0.0027537218977883,43.56850148,0.0,27.45674629,2.311426708,26.66332552,0.0,0.0,0.0,17.029386365926403
2923,-41.0524319885119,14.7834,399385.2980585,3.19709,157546.0,58.69,6.36,6.36125,4.2,2.96,3.01,,,,,,, ,10.3488122286588,0.0265134532760225,90.36178304,0.0,4.494816994,0.0,0.0,5.143399968,0.0,0.0,18.708286933869708
3007,-41.0068743912434,11.6214,198449.5048701,3.54702,137404.0,120.42,4.0,3.8752,6.52,2.0,1.0,34.4678643908562,494.09568682303,562.42104364634,13.2004555468105,17.3945099777077,, ,15.6903906319344,0.0057728198585003,100.0,0.0,0.0,0.0,0.0,0.0,0.0,0.0,19.493588689617926
3028,-41.0132168721514,20.7502999999999,457236.5358834,3.94394,272793.0,208.94,4.24,4.24922,3.25,3.0,3.0,,,,,,, ,16.3044749701137,0.0685731383739401,78.95088625,0.0,0.0,0.0,0.0,21.049113753,0.0,0.0,19.748417658131498
3129,-40.8890898210584,8.55213,861733.5399104,2.25992,64423.8,158.87,4.81,4.10203,0.43,2.0,1.0,,,,,,, ,9.73897987692912,0.0028336229946106,97.88603489,0.0,0.0,0.0,0.0,2.113965111,0.0,0.0,15.165750888103101
3146,-41.0018422905616,21.507,2133130.6959481,1.08923,78086.9,159.15,4.28,4.24925,8.34,2.76,2.54,,,,,,, ,21.6410712466475,0.0684220917016731,98.55850794,0.0,0.897928348,0.0,0.0,0.543563714,0.0,0.0,13.784048752090222
3221,-40.9347836854133,16.3956,250215.0990918,1.79071,97866.2,119.91,4.13,3.63252,0.85,2.0,1.0,,,,,,, ,1.43099998966848,0.0,94.55025483,0.0,0.0,5.449745167,0.0,0.0,0.0,0.0,17.88854381999832
3689,-40.9813120035519,3.70572,83134.6194183,1.01865,12582.8,26.01,6.24,6.07422,3.71,2.87,2.75,,,,,,, ,10.7472714477387,0.0265134532760225,100.0,0.0,0.0,0.0,0.0,0.0,0.0,0.0,14.142135623730951
3694,-40.9863250597164,6.06676,251726.3183297,2.29784,46468.2,19.3,6.49,6.36514,2.17,1.19,3.41,,,,,,, ,13.7643721312585,0.0116835647711634,100.0,0.0,0.0,0.0,0.0,0.0,0.0,0.0,16.431676725154983
3704,-40.9530712708398,5.30958,153459.2683042,1.02693,18175.1,33.98,6.12,5.92175,2.65,2.39,1.79,,,,,,, ,16.9814456594035,0.0,89.73628313,0.0,0.0,0.0,0.0,10.26371687,0.0,0.0,14.142135623730951
3708,-40.9441619172061,8.70768,385111.5110453,2.12838,61777.3,32.73,6.16,5.95183,4.39,1.82,2.65,,,,,,, ,17.763763159531,0.0,92.63598205,0.0,7.364017952,0.0,0.0,0.0,0.0,0.0,14.491376746189438
3905,-40.9039457345467,17.6399,811818.9629532,1.21378,71370.0,64.74,6.0,5.74668,7.92,1.02,3.91,,,,,,, ,15.0349792229968,0.0108156846146366,72.71877583,0.0,12.705761907,0.494325193,0.0,14.081137071,0.0,0.0,13.784048752090222
4278,-40.826652250396,6.31546,1144788.8407943,7.79533,164104.0,3.48,5.3,5.70039,9.42,1.27,3.56,39.5411507162547,497.277742841299,573.221648097068,11.4165599975937,22.331604730654,129.860652,Okupe Lagoon,0.0,0.0,0.0,0.0,0.0,17.92489976,0.0,82.075100238,0.0,0.0,24.819347291981714
4290,-40.8154642152847,8.26892,682628.7832209,2.55538,70434.1,13.94,4.81,4.69745,1.02,2.06,2.6,,,,,,, ,0.0700290924451206,0.499424115631585,64.77255719,18.54809539,13.07437573,0.0,0.0,3.604971687,0.0,0.0,17.029386365926403
4342,-40.6294549937138,35.215,73234031.364046,19.5208,2291420.0,373.37,6.42,5.8467,23.29,1.03,3.89,28.1580703264118,536.531219097657,565.295501413053,15.0640304459957,16.9674410686696,8.05546939999999,Mangahao Upper No 1 Reservior,0.0156902684890497,0.0,0.0,0.074056584,0.0,0.008802177,0.0,74.247146847,1.175002375,0.0,27.349588662354687
4343,-40.6066037380787,36.8911999999999,82316796.17667,11.1488,1370980.0,362.66,6.33,5.84303,22.27,1.02,3.9,,,,,,9.51447173333333,Mangahao Lower No 2 Reservoir,0.0367901823979851,0.0,0.0,0.354622068,0.786093231,1.215559656,0.061768552,74.736298516,1.046687254,0.0,26.981475126464083
4345,-40.6093052902355,1.8,65592645.627197,304.004,1824030.0,19.93,2.92,2.68035,1.05,2.14,2.05,32.7445041413352,561.788708592774,571.259391105213,17.5595881075532,20.4181872413407,36.0166360666667,Lake Horowhenua,8.44445748530635,0.465793310797505,75.47331342100001,2.128419751,3.891774804,0.436286922,0.002030536,1.319190528,0.071775392,16.67720864,55.47972602672079
4358,-40.5708732840006,2.89494,416028.8330843,2.53204,24433.6,20.0,3.15,2.91502,0.00114788,3.0,4.0,39.1072476217326,572.754896431668,574.933407932929,22.7030439613418,49.9277020745194,, ,7.9911091522191,0.325980300363282,69.97183853,28.51576529,0.0,1.512396176,0.0,0.0,0.0,0.0,19.748417658131498
4362,-40.552572453296,2.85914,8207032.9650569,3.19041,30406.2,17.23,3.25,2.99816,0.06,3.0,4.0,,,,,,, ,16.566703949761,0.878179319599854,90.916375098,2.066448326,4.435366988,2.373590019,0.0,0.208059762,0.0,0.00015981,19.235384061671343
4365,-40.5509577859792,2.89494,167450.3012367,1.89029,18240.9,20.0,3.31,2.98495,0.000603709,3.0,4.0,18.6158244912039,566.478947996007,575.326175544881,18.9973839777493,31.7520263937193,, ,6.33661835082891,0.994935819728777,63.725698120000004,35.39908095,0.875220926,0.0,0.0,0.0,0.0,0.0,16.1245154965971
4380,-40.4490981428428,0.0,31450862.1853085,9.98084,97734.7,11.27,0.0,3.55166,0.0,0.0,0.0,38.0703909978884,566.994221103597,578.911514246513,12.9097549948975,26.6290814899082,, ,9.61561823755717,0.7204084790048,72.25576070800001,2.498039307,11.60873544,3.703522621,1.25878679,1.0948073969999998,3.415969329,4.164378411,0.0
4381,-40.4443620052681,2.95043,22854591.9088444,2.21483,21782.3,11.74,3.93,3.59494,0.33,2.96,3.95,,,,,,, ,10.6371111395131,0.724862292083348,77.43722654899999,2.900974706,9.394644659,3.851225744,0.13214834,1.498348444,4.684656213,0.100775343,18.973665961010276
4401,-40.5802245993749,2.88764,529552.7508622,2.35965,22712.7,19.89,3.26,2.90321,0.99,1.26,3.2,,,,,,, ,11.9216093088291,0.321856787303244,93.17165512199999,1.83879538,2.343458069,0.0,0.0,0.043526644,0.0,2.602564787,18.708286933869708
4435,-40.5296308576549,3.55071,566915.6602897,1.32472,15679.0,20.19,3.46,3.11315,0.99,3.0,4.0,,,,,,, ,17.5261451205219,0.994935819728777,89.221621782,0.0,10.36422812,0.0,0.414150098,0.0,0.0,0.0,17.88854381999832
4436,-40.5278356593546,2.82336,209430.9247165,1.40685,13240.2,20.32,3.46,3.11315,0.31,3.0,4.0,,,,,,, ,17.8499332598425,0.994935819728777,87.4768374,0.0,11.34942004,0.0,1.173742565,0.0,0.0,0.0,14.142135623730951
4442,-40.5085914770186,2.93051,209408.5850504,1.22423,11958.7,10.0,3.59,3.16951,0.0,1.0,1.0,,,,,,, ,24.4174964294758,0.981104487684175,100.0,0.0,0.0,0.0,0.0,0.0,0.0,0.0,20.493901531919196
4443,-40.5129792476171,2.46253,5725992347.94287,7.22385,59296.5,10.0,3.65,3.1861,7.92,1.76,2.57,,,,,,, ,12.3713507356935,0.30907620144458,56.059717487,0.753950607,5.268542321999999,2.72944752,0.940123325,28.398839975,0.423544062,2.126756636,19.79898987322333
4444,-40.5066452093895,2.93051,250693.1587152,1.03126,10073.8,10.0,3.64,3.1802,0.0,1.04,1.0,,,,,,, ,26.6015557853283,0.981104487684175,100.0,0.0,0.0,0.0,0.0,0.0,0.0,0.0,17.88854381999832
4447,-40.5095129158469,2.93051,253612.2151437,1.05283,10284.4,10.0,3.67,3.19917,0.0,1.13,1.0,,,,,,, ,23.9124988570454,0.981104487684175,100.0,0.0,0.0,0.0,0.0,0.0,0.0,0.0,19.748417658131498
4448,-40.5086578357818,2.93051,101484.8809464,1.14511,11185.9,10.0,3.7,3.21046,0.0,1.0,1.0,,,,,,, ,22.2483386966285,0.981104487684175,100.0,0.0,0.0,0.0,0.0,0.0,0.0,0.0,19.493588689617926
4451,-40.5385924648277,0.0,11129625.9200013,3.58119,35056.7,10.0,0.0,3.54527,0.0,0.0,0.0,,,,,,, ,8.08365233028703,0.421605449398199,91.366088535,0.745973729,2.968016203,0.38898772,0.6252231389999999,3.834152421,0.0,0.071558251,0.0
4452,-40.5122079351075,3.07262,5723032173.31439,4.43249,45397.8,10.0,3.78,3.274,7.92,1.76,2.57,,,,,,, ,12.3641786052594,0.308341852939335,56.022922832,0.75458195,5.2729540859999995,2.731733101,0.9409105630000001,28.422620561,0.42389872900000003,2.1285375369999997,21.354156504062622
4467,-40.4669719638007,2.89738,56915.10928,1.1894,11487.1,20.0,4.03,3.49785,0.9,3.0,4.0,,,,,,, ,8.55747327610039,0.993249735462606,67.14130217,0.0,0.0,32.85869783,0.0,0.0,0.0,0.0,15.165750888103101
4484,-40.4358061580014,2.93767,362803.0833558,2.15869,21138.4,10.49,3.99,3.63443,0.21,3.0,4.0,,,,,,, ,11.7714007715868,0.62160520485515,82.60252543,17.39747457,0.0,0.0,0.0,0.0,0.0,0.0,15.811388300841896
4486,-40.4293391251966,2.93767,948329.5090689,9.66281,94620.4,10.38,4.02,3.68082,0.09,2.46,3.28,28.4836346389254,551.565306792443,565.693742978625,15.0745522130883,16.6223514215434,14.7752473333333, ,6.61786990855156,0.621605204855149,51.80016146,0.956840749,23.419204702,0.0,0.0,0.0,23.8237931,0.0,23.45207879911715
4493,-40.4469806989886,7.02416,344155.2216578,1.10154,25791.3,10.0,4.27,3.69426,1.02,2.72,3.18,,,,,,, ,2.07751172642776,1.0,57.78697201,9.729278741,0.0,32.48374925,0.0,0.0,0.0,0.0,21.213203435596427
4506,-40.4147969084422,2.98889,1029160.2024017,5.21732,51979.9,10.56,4.6,4.04677,0.1,2.0,1.0,,,,,,, ,18.3222142698081,1.0,96.53071924,0.0,2.293266343,0.0,0.0,1.176014418,0.0,0.0,21.02379604162864
4509,-40.4031929363825,7.6837,874011.5862704,3.56791,91382.5,12.62,4.72,4.19631,0.51,2.0,1.0,,,,,,,Karere Lagoon,22.0544596936703,0.71970811054675,84.67334866,0.0,13.28473935,0.0,0.0,0.0,0.0,2.041911995,18.027756377319946
4513,-40.7956263172304,0.0,1628325.9609327,1.22014,105381.0,277.37,0.0,5.56357,0.0,0.0,0.0,28.5483564730199,573.062410400718,578.404082607103,11.6734187240288,21.6168866408222,, ,13.470487716613,0.0548261192969553,83.37490045,1.589037266,0.0,0.0,0.0,15.036062285,0.0,0.0,0.0
4521,-40.7521488648921,23.6553,397870.7909715,2.95856,233285.0,277.79,6.12,5.40215,6.2,2.39,1.79,29.0833403985982,564.767595520687,578.567323988998,14.3986661564357,19.9084766487032,9.35880953333333, ,7.8757356149012,0.215236098778949,93.16363959,0.0,6.836360409,0.0,0.0,0.0,0.0,0.0,17.320508075688775
4554,-40.6330702883018,23.9706,220261.7556638,1.22568,97934.3,262.78,6.3,5.63518,4.24,1.0,4.0,,,,,,, ,20.2261814520431,0.912461771357477,100.0,0.0,0.0,0.0,0.0,0.0,0.0,0.0,14.832396974191326
4556,-40.6218679089268,24.0203999999999,407655.0366201,1.23655,99008.2,254.99,6.22,5.54883,6.64,1.32,3.02,,,,,,, ,3.69071593994132,0.745182511497933,97.46259536,0.0,0.0,0.0,0.0,2.537404643,0.0,0.0,14.832396974191326
4560,-40.6825253182566,26.2038,302547.393094,1.88868,164968.0,290.69,6.13,5.5011,6.25,2.18,3.4,19.0737696541816,568.906931747177,577.75865355471,7.78974433983283,22.1785201088457,, ,26.4722813692201,0.0495950637933151,93.21313868,0.0,0.0,0.0,0.0,6.786861319,0.0,0.0,16.1245154965971
4670,-40.7647354376971,24.1048,219534.5210628,1.59882,128464.0,275.69,6.05,5.72612,6.47,1.0,4.0,25.3233410924067,580.164614784185,582.653889488711,17.3744014910843,33.9442089605342,14.2718631854126, ,0.0,0.0,27.79047023,1.792728371,70.4168014,0.0,0.0,0.0,0.0,0.0,14.832396974191326
4684,-40.7977485322745,24.0016,102435.9644041,1.05665,84537.6,71.25,6.03,5.62068,6.71,3.0,3.0,,,,,,, ,10.3645667415713,0.0,100.0,0.0,0.0,0.0,0.0,0.0,0.0,0.0,14.832396974191326
4747,-40.7354691813783,13.1125,185437.4924088,1.34089,58608.0,324.69,5.9,5.51745,9.12,1.41,3.79,,,,,,, ,22.8042788446069,0.0,85.79388425,0.0,14.20611575,0.0,0.0,0.0,0.0,0.0,14.832396974191326
4911,-40.4047597261495,5.26884,334867.4434776,1.33997,23533.6,17.3,4.82,4.29588,0.36,2.0,1.0,,,,,,, ,19.5668303056562,0.966807569591018,89.64664454,5.727911006,0.041373604,0.0,0.0,4.584070852,0.0,0.0,15.905973720586866
4913,-40.4057105378135,3.33391,214367.5505631,2.0758,23068.4,19.23,4.92,4.40318,0.12,1.88,0.94,5.8815137263864,570.257993257871,573.738580788132,23.9677904435847,28.3430860879286,, ,15.5771220358966,0.999237356117215,93.65376627,0.0,1.938227363,0.0,0.0,0.118983082,4.289023283,0.0,14.832396974191326
4915,-40.3961395315956,2.88764,187571.7009159,1.37759,13259.9,19.94,4.87,4.33273,0.01,2.0,1.0,,,,,,, ,19.0873219568403,1.0,95.64078342,0.0,0.0,0.0,0.0,0.0,0.0,4.359216575,13.416407864998739
4917,-40.4088574673577,5.0956,345657.3669466,2.68738,45646.0,43.07,5.19,4.689,0.74,2.0,1.0,,,,,,, ,5.12055951024252,0.994888510260019,26.27897427,0.0,10.04096169,0.0,0.0,0.0,0.0,63.68006405,16.1245154965971
4922,-40.4685230349644,21.7283,4274369.6615936,1.93641,140250.0,158.83,5.81,5.25572,8.36,1.58,2.23,,,,,,, ,22.2850803430828,0.184451774465785,76.11991197,0.0,1.274616351,1.571882873,0.0,21.0335888,0.0,0.0,15.491933384829668
4925,-40.4336025444957,20.7991999999999,23295878.133264,2.10438,145898.0,146.07,5.73,5.31737,12.72,1.33,3.0,,,,,,,Turitea Dams a,3.2040716946597,0.0010227660336719,5.646746147,0.0,3.8948326410000003,11.71088066,0.0,78.69616888,0.051371675,0.0,15.491933384829668
4926,-40.4323847080232,27.1098,21773777.544554,11.4431,1034070.0,185.28,5.88,5.50941,12.92,1.34,2.95,3.96348881236811,574.745608258046,578.213237083159,15.9071239009515,45.0323184254017,,Turitea Dams b,1.72634135832392,0.0020398311292462,1.630114418,0.0,3.3599254469999997,12.49550694,0.0,82.51445319999999,0.0,0.0,23.979157616563597
4968,-40.5154802659327,22.8945,379322.9847305,1.00354,76585.0,396.38,5.86,5.42097,11.34,3.0,4.0,,,,,,, ,16.1195440586192,0.0088568636794569,87.89640401,0.0,0.0,0.0,0.0,12.10359599,0.0,0.0,14.832396974191326
5007,-40.2984157752369,2.72676,294075.6723972,1.49744,13610.6,24.78,4.59,4.17754,0.54,2.6,2.82,,,,,,, ,4.86389203965661,0.602775096111552,12.21980967,26.63850431,9.321882076,26.26228968,15.924269785,0.0,0.784317941,8.848926534,20.0
5008,-40.3987282611468,2.93051,10753121.1685789,9.41759,91994.5,10.0,4.17,3.80002,0.19,2.97,3.96,32.1348639266934,548.180126218504,570.883901568795,21.3047298760744,16.7736731544086,24.032723700000048,Lake Koputara,32.6040737839881,0.980728535687513,86.50463085,1.343885736,8.968857336,0.793277001,0.9787610569999999,1.410588019,0.0,0.0,23.68543856465402
5014,-40.3755243781666,2.98241,8984578.68159,14.7214,146351.0,10.22,4.24,3.86318,0.74,2.99,3.99,28.5268111844221,520.965151940671,565.413062488774,11.0418046327993,14.3343250309981,,Lake Kaikokopu,1.46215254953727,0.974430924830464,9.366163515,0.812063858,63.33738119,13.55152983,2.8523096089999997,0.158169016,3.139654397,6.782728583000001,26.0
5042,-40.3415643685482,2.97898,86949912.344961,17.8759,177507.0,10.15,4.38,3.96282,0.33,2.99,3.99,2.7956927962094,575.940954697772,578.512839673986,15.0861788786986,51.1719699032938,25.89865,Pukepuke Lagoon,10.6343636728133,0.857363935357234,77.780127213,0.925816692,14.050741392,4.816892779,0.623315123,0.176331752,0.861933798,0.7648412499999999,25.475478405713993
5045,-40.3380430098223,0.0,150212.4506308,1.69598,16607.4,10.48,0.0,3.97184,0.0,0.0,0.0,,,,,,, ,7.13777942092815,0.602775096111552,0.0,24.78476727,17.17083364,58.04439909,0.0,0.0,0.0,0.0,0.0
5049,-40.366592613196,6.37437,5071379.2033098,5.01893,106642.0,63.48,5.76,5.03179,0.22,2.0,1.0,,,,,,, ,33.446404139759,0.687616876736074,98.24519735,0.0,1.754802653,0.0,0.0,0.0,0.0,0.0,20.12461179749811
5054,-40.3596634890656,5.21007,363438.8413748,1.12799,19589.6,63.48,5.77,5.03332,0.0,2.0,1.0,,,,,,, ,32.7163940155002,0.967373237244433,99.07760731,0.0,0.922392691,0.0,0.0,0.0,0.0,0.0,15.491933384829668
5068,-40.3108952798543,21.2143,168066.4718234,1.76385,124729.0,132.84,5.97,5.28058,4.96,2.0,1.0,,,,,,, ,4.85009758440478,0.854043412520423,100.0,0.0,0.0,0.0,0.0,0.0,0.0,0.0,14.491376746189438
5146,-40.3518350583302,22.4742,601464.4560346,1.67728,125652.0,414.47,5.01,4.76425,7.24,2.96,3.65,,,,,,, ,26.422022728437,0.0,99.88010433,0.0,0.119895669,0.0,0.0,0.0,0.0,0.0,15.165750888103101
5217,-45.5931865166935,16.8162999999999,43444.927419,1.10197,61770.1,420.66,3.34,3.22038,2.91,3.0,4.0,,,,,,, ,11.1904609940769,0.0,0.0,0.0,0.0,100.0,0.0,0.0,0.0,0.0,12.24744871391589
5223,-45.5721660914954,9.10497,159281.5062113,1.24886,37902.7,425.22,3.33,3.2143,1.67,3.0,4.0,,,,,,, ,9.9831425967982,0.0,0.0,10.78856831,0.0,89.21143169,0.0,0.0,0.0,0.0,13.416407864998739
5232,-45.5140125678034,0.0,3096422.6649669,2.28565,141407.0,574.99,0.0,3.5192,0.0,0.0,0.0,,,,,,, ,4.30859630134162,0.0923570488680181,6.584934795,2.712014071,0.0,44.93292113,0.0,1.229264179,0.0,0.0,0.0
5233,-45.5118241541666,0.0,72788.4260119999,1.06225,62925.9,568.01,0.0,3.43328,0.0,0.0,0.0,,,,,,, ,6.49688352254385,0.0923570488680182,0.0,7.101354471,0.0,92.89864553,0.0,0.0,0.0,0.0,0.0
5241,-45.5040908733409,18.596,387861.511233,4.19139,259810.0,558.11,3.27,3.32197,2.78,3.0,1.28,29.5451736781963,573.940857449371,579.087639334877,27.6091013612864,34.2836774892066,, ,6.17860935656173,0.0923570488680181,11.38342728,18.24649856,0.0,70.37007416,0.0,0.0,0.0,0.0,17.320508075688775
5249,-45.4479214108539,0.0,183449.794876,1.22975,32037.0,515.21,0.0,3.12575,0.0,0.0,0.0,,,,,,, ,1.48792552680169,0.0923570488680181,25.24060979,74.75939021,0.0,0.0,0.0,0.0,0.0,0.0,0.0
5264,-45.5443156706981,32.5193,100039187.290617,623.45,67580600.0,825.19,3.94,4.16723,3.99,2.81,3.72,33.7310581508306,504.528494061418,566.782836552243,9.1665941584063,14.5153210117985,11.0274316666667, ,0.388266979323956,0.0922861113899322,5.374960515,8.690536282,0.0,0.031278958,0.0,0.0,0.0,0.0,65.0384501660364
5272,-45.4702164196758,17.8368,70965.5934709,1.7821,105956.0,1238.65,4.65,5.16528,0.48,3.0,4.0,,,,,,, ,0.0,0.0,0.0,0.0,0.0,0.0,0.0,0.0,0.0,0.0,17.029386365926403
5306,-40.3283180761665,3.40857,6925690.984882,10.9916,124886.0,28.95,4.41,3.94535,0.41,3.0,4.0,36.7664059648118,565.843379984767,576.090544184916,6.33140548709966,11.4076691066625,,Omanuka Lagoon,12.0653925964406,0.573531332376141,92.38880245,3.615441081,2.834255524,0.299909503,0.360503736,0.501087709,0.0,0.0,29.154759474226502
5313,-40.319111272983,3.89202,140305.7218241,1.06514,13818.6,32.29,4.44,3.97579,0.41,3.0,4.0,,,,,,, ,10.9334913187247,0.602775096111552,82.38873891,0.0,0.0,0.0,17.61126109,0.0,0.0,0.0,15.491933384829668
5316,-40.2952659704914,5.62412,2668611.8137856,1.34248,25167.5,37.92,4.52,4.04065,0.15,3.0,4.0,,,,,,, ,21.6599002602162,0.0960986027701418,95.87044929000001,1.579797279,2.549753429,0.0,0.0,0.0,0.0,0.0,17.320508075688775
5321,-40.3954840432584,6.97722,1509645.9515859,1.05143,24453.6,19.85,4.26,3.72952,0.63,3.0,4.0,,,,,,, ,8.98873413825853,0.821648054433582,92.67933938,0.0,7.320660624,0.0,0.0,0.0,0.0,0.0,14.491376746189438
5340,-40.3086200503699,7.01868,170136.8552211,1.97491,46204.3,22.89,4.38,3.92066,0.3,2.0,1.0,,,,,,, ,14.7586125793291,0.151002495281172,100.0,0.0,0.0,0.0,0.0,0.0,0.0,0.0,17.029386365926403
5341,-40.3001996883758,6.69243,244556.1020276,1.22278,27277.8,27.96,4.41,3.95558,0.33,2.0,1.0,,,,,,, ,15.4709988729099,0.151002495281172,90.03581236,0.0,9.964187636,0.0,0.0,0.0,0.0,0.0,13.784048752090222
5363,-40.3678737855025,4.17957,491548.659553,4.48648,62505.2,33.37,5.21,4.7006,0.02,2.0,1.0,,,,,,, ,0.0,0.0,0.0,0.0,0.0,0.0,0.0,0.256196584,0.0,99.74380341,19.078784028338912
5397,-40.3308764978474,10.5359,1413691.5146773,1.41996,49868.8,38.23,5.19,4.67041,1.19,2.0,1.0,,,,,,, ,2.8475821491001,0.271160813874892,97.015666934,0.0,1.315745827,0.0,0.0,1.668587235,0.0,0.0,16.1245154965971
5411,-40.4680302296196,23.9698999999999,423809.0839825,1.47734,118039.0,99.12,4.66,4.23877,9.88,3.0,3.0,,,,,,, ,15.2197313353346,0.0358207109835044,97.29549339,0.0,0.0,0.0,0.0,2.704506615,0.0,0.0,13.038404810405298
5446,-40.6677184526136,20.6391999999999,59666.7369971,1.28197,88196.0,250.26,5.72,5.33182,5.65,3.0,3.0,,,,,,, ,14.6366934628768,0.0,100.0,0.0,0.0,0.0,0.0,0.0,0.0,0.0,14.142135623730951
5492,-40.3083059552711,24.8301,3590193.573117,1.37019,113406.0,279.21,6.19,5.67457,5.5,2.77,2.59,,,,,,, ,4.78140701832748,0.190662933627475,86.54444835,0.0,0.182063347,6.082056324,0.0,7.191431982999999,0.0,0.0,13.784048752090222
5610,-40.6030507170166,21.4656999999999,860967.4758066,1.60217,114639.0,119.64,5.39,4.93815,5.82,1.09,3.72,33.1376845458161,484.532638834891,567.968946332287,9.25667437333232,27.0820856218933,, ,21.4839414486075,0.0,76.1760841,0.0,0.0,19.51801709,0.0,4.305898805,0.0,0.0,13.416407864998739
5661,-40.5638915547201,22.8548,104357.6624066,1.06683,81274.2,219.62,5.19,4.72645,5.15,3.0,3.0,,,,,,, ,13.5641922637822,0.195057185357598,100.0,0.0,0.0,0.0,0.0,0.0,0.0,0.0,12.649110640673518
5831,-40.3228028464814,13.0797,207088.1946381,1.51711,66144.5,272.41,4.68,4.33273,1.82,3.0,3.0,,,,,,, ,11.6341283985914,0.27406442635261,100.0,0.0,0.0,0.0,0.0,0.0,0.0,0.0,14.491376746189438
5946,-40.3551450252774,13.2042,246545.0768834,1.41251,62170.2,369.4,5.36,5.01918,9.95,3.0,3.0,,,,,,22.84054, ,5.39310082918766,0.0,100.0,0.0,0.0,0.0,0.0,0.0,0.0,0.0,13.416407864998739
5955,-40.3454549924031,29.9727,222523.7380893,2.70105,269859.0,336.27,5.05,4.76555,13.75,1.75,3.68,39.0920993680023,491.305764484384,570.814030938428,12.0224666901059,14.6964814390063,,Rotoataha Lake,20.6176814642782,0.0,89.54872988,5.116314608,5.334955508,0.0,0.0,0.0,0.0,0.0,16.73320053068151
5970,-40.3149706009507,12.8729,114993.1734829,1.04728,44938.4,267.57,4.72,4.3525,2.05,3.0,3.0,,,,,,, ,11.6339758414061,0.27406442635261,100.0,0.0,0.0,0.0,0.0,0.0,0.0,0.0,13.416407864998739
6112,-45.0242175449739,13.557,499839.0050392,1.06384,48075.2,393.54,3.64,2.96308,3.07,3.51,4.0,,,,,,, ,7.48929275926823,0.0474815974033501,74.15429474,0.0,0.0,25.84570526,0.0,0.0,0.0,0.0,12.649110640673518
6132,-45.4445525299831,0.0,188720.5089202,1.57645,41103.7,519.88,0.0,3.1483,0.0,0.0,0.0,,,,,,, ,1.20054614278208,0.0923570488680182,22.51280889,77.48719111,0.0,0.0,0.0,0.0,0.0,0.0,0.0
6299,-40.4017082547087,6.27562,14335440.4006237,1.18326,24752.3,4.19,5.74,5.50066,9.63,2.28,2.59,,,,,,, ,13.9051507048084,0.0,81.34608227,0.0,6.642395761,1.944672138,0.0,9.809281845,0.152440759,0.105127225,14.832396974191326
6394,-45.5487741593998,17.9736,2265227.0617767,1.40586,84227.5,510.36,3.17,3.47552,5.66,3.0,2.0,,,,,,, ,13.3339220891792,0.0394803643422428,92.96689068,0.0,7.033109321,0.0,0.0,0.0,0.0,0.0,14.491376746189438
6396,-45.5431000671617,18.7399999999999,4145946.0901241,1.41007,88082.2,520.28,3.19,3.48485,6.39,3.0,2.0,,,,,,, ,13.253786787771,0.0394803643422428,92.27313011,0.0,5.435056217,0.0,0.0,0.0,0.0,0.0,16.73320053068151
6413,-45.5333119895166,22.1872,92943.1396571,2.62096,193839.0,103.38,2.44,2.54693,2.0,3.0,2.0,,,,,,, ,1.27825916310862,0.0,23.146781697999998,0.0,72.24429561,0.0,0.0,0.0,4.608922693,0.0,17.320508075688775
6757,-45.6666203383407,23.7887999999999,96957.4229816,1.04986,83249.5,355.03,3.48,3.32032,0.86,3.0,1.0,,,,,,, ,16.1598146575488,0.131864577814704,0.0,0.0,0.0,100.0,0.0,0.0,0.0,0.0,15.165750888103101
6867,-45.0053419088558,24.059,5641494.4539376,3.13036,251044.0,376.17,3.76,3.08435,1.5,3.02,2.04,2.8387008543546,481.572444378183,486.561866244591,7.73673507649572,33.0906058952289,, ,15.2692612177863,0.098615041846653,100.000000003,0.0,0.0,0.0,0.0,0.0,0.0,0.0,16.431676725154983
6870,-44.9954804771663,18.4636999999999,90128.1696503999,1.17353,72225.7,398.98,3.83,3.12058,0.67,3.28,4.0,,,,,,, ,13.815134459115,0.098615041846653,100.0,0.0,0.0,0.0,0.0,0.0,0.0,0.0,13.784048752090222
6885,-44.9886858372927,20.1435,531604.6465265,2.52614,169618.0,392.7,3.83,3.12542,1.55,3.0,2.93,,,,,,, ,14.5023885695356,0.098615041846653,98.46422042,0.0,1.535779581,0.0,0.0,0.0,0.0,0.0,16.431676725154983
6886,-44.9741631806004,9.3714,409944.1808322,1.44334,45087.1,405.18,3.92,3.21732,0.86,3.47,2.0,,,,,,, ,9.82181647057271,0.09162665080737,100.0,0.0,0.0,0.0,0.0,0.0,0.0,0.0,13.038404810405298
6914,-44.8664243948161,18.4106999999999,2507168.5250206,8.01606,491938.0,539.88,4.76,4.1358,9.78,3.0,3.63,33.2436280731848,531.126539112043,569.30193620111,19.411756105236,22.609412482439,6.85683416531481,Blue Lake,0.270547459008093,0.0916265847702062,22.50686694,0.0,4.203961355,49.61285656,13.55846939,4.260517663,5.8573280940000005,0.0,26.19160170741759
6926,-44.8577352582733,18.5326999999999,711982.2392038,2.64037,163110.0,578.75,4.78,4.18432,8.98,3.0,3.3,31.7476404924542,549.998638891805,566.80988521702,14.0907733334017,18.2158781166434,8.56307046666666, ,0.0,0.0,0.0,0.0,0.0,73.1926529,0.006770387,0.0,26.80057671,0.0,15.165750888103101
6937,-45.1470609378322,22.8903,4604225.4344087,1.42213,108509.0,86.57,3.3,3.10498,7.29,3.0,2.0,,,,,,, ,0.805012431659167,0.140291575198635,9.939163558,0.0,84.83392341,0.0,0.0,5.226913036,0.0,0.0,12.649110640673518
6957,-45.1410366560207,8.42319,887851.5375934,1.58839,44597.8,35.78,3.83,3.65662,1.7,4.98,3.01,34.3252182554874,518.056147664694,566.322433158982,13.9161579531848,15.136697046997,, ,0.0,0.0,99.18541481,0.0,0.814585193,0.0,0.0,0.0,0.0,0.0,14.142135623730951
6964,-38.9216540926611,20.8882,2866285.2689906,1.16826,81342.6,191.75,2.02,2.05518,5.73,2.0,2.77,,,,,,, ,21.3666602800063,0.525634286279108,99.64986289,0.0,0.014222678,0.335914434,0.0,0.0,0.0,0.0,13.416407864998739
7001,-45.4947197939689,7.69085,132537.2021984,1.27205,32610.5,550.64,3.25,3.28683,0.92,3.0,1.0,,,,,,, ,0.0,0.0,0.0,100.0,0.0,0.0,0.0,0.0,0.0,0.0,12.649110640673518
7004,-45.4911879338573,7.66001,122114.3680692,1.13063,28868.7,554.35,3.23,3.27802,1.07,3.0,1.0,,,,,,, ,5.76204137529368,0.0923570488680181,68.89655048,31.10344952,0.0,0.0,0.0,0.0,0.0,0.0,14.491376746189438
7012,-45.4814187009731,0.0,374086.7786999,1.46671,37600.7,538.02,0.0,3.24501,0.0,0.0,0.0,,,,,,, ,1.44501257858004,0.0923570488680182,17.27790499,82.722095011,0.0,0.0,0.0,0.0,0.0,0.0,0.0
7015,-45.4774160263081,0.0,874263.5232004,1.67001,43180.7,553.13,0.0,3.23012,0.0,0.0,0.0,,,,,,, ,5.41438697250106,0.0923570488680181,91.93814556999999,8.061854439,0.0,0.0,0.0,0.0,0.0,0.0,0.0
7031,-45.4708331270229,10.1468,149397.4720756,1.15744,39147.7,542.38,3.21,3.20277,1.84,3.0,1.0,,,,,,, ,7.98994431283469,0.0923570488680182,100.0,0.0,0.0,0.0,0.0,0.0,0.0,0.0,13.416407864998739
7034,-45.4551185977223,15.5435,138523.2089575,1.33054,68937.4,520.63,3.16,3.13115,1.2,3.0,1.0,,,,,,, ,8.36330845552303,0.0923570488680181,100.0,0.0,0.0,0.0,0.0,0.0,0.0,0.0,13.038404810405298
7113,-45.5115533341239,12.0863,3947461.0871986,3.06083,123313.0,198.39,2.91,2.54608,2.34,3.0,3.41,,,,,,, ,6.82556210432214,0.0580207780032067,30.80612204,0.0,1.55890205,67.63497591,0.0,0.0,0.0,0.0,19.4164878389476
7123,-45.4911376630897,12.0863,11833934.8305985,1.07558,43332.5,199.5,2.88,2.51307,4.58,3.23,2.29,,,,,,, ,5.58929130685529,0.042411218881625,81.83143007,0.0,0.286944895,11.17987248,0.457880353,1.18414037,0.0,0.0,16.73320053068151
7203,-45.587903353321,11.4621999999999,153591.8988809,1.22148,46669.4,245.14,3.12,2.88405,2.52,3.0,4.0,,,,,,, ,5.7366353474267,0.0,0.0,0.0,0.0,100.0,0.0,0.0,0.0,0.0,12.24744871391589
7219,-45.57649811762,8.6431,433446.5448051,3.81178,109819.0,253.76,3.09,2.86866,0.95,3.0,4.0,,,,,,,Salt Lake,1.4120731404914,0.0,0.0,86.18139106,0.0,13.81860894,0.0,0.0,0.0,0.0,18.439088914585774
7222,-45.5708217449465,9.58133,114858.314219,1.48987,47583.1,248.58,3.07,2.81587,2.29,3.0,4.0,,,,,,, ,11.106288381141,0.0,0.0,0.752361133,0.0,99.24763887,0.0,0.0,0.0,0.0,13.416407864998739
7223,-45.582788661836,9.99868,220944.1094702,2.64325,88096.7,254.82,3.14,2.90243,2.09,3.0,4.0,,,,,,, ,9.49583769068157,0.0,0.0,11.20262829,0.0,88.79737171,0.0,0.0,0.0,0.0,17.88854381999832
7256,-45.5669026391658,17.6085999999999,384588.9712925,1.63032,95692.3,191.73,3.01,2.72018,0.22,4.0,4.0,,,,,,, ,5.53759509543493,0.0,99.68556362,0.0,0.314436377,0.0,0.0,0.0,0.0,0.0,14.142135623730951
7289,-45.5687666584885,9.64673,141804.8124367,3.73484,120097.0,309.4,3.38,3.19382,1.61,3.0,4.0,,,,,,, ,3.80869346409417,0.0,0.0,0.0,0.0,100.0,0.0,0.0,0.0,0.0,16.431676725154983
7366,-44.3115039985745,0.0,729102.3798849,1.09653,64323.4,693.53,0.0,3.52502,0.0,0.0,0.0,,,,,,, ,0.168995040991309,0.0,6.822139988,14.96388378,0.0,0.0,1.532575161,17.67408185,4.759747426000001,0.0,0.0
7370,-44.309803646606,0.0,2403149.2701163,1.08671,63143.2,710.35,0.0,3.52502,0.0,0.0,0.0,,,,,,, ,0.41483928167889,0.0,12.11983268,5.992302705,0.0,5.499841364,0.669197319,4.573858542,15.583698986000002,0.0,0.0
7372,-44.3101106095081,17.2882,115624.6885185,1.82936,105421.0,697.6,3.84,3.49015,3.71,4.0,2.0,,,,,,, ,1.98861598306053,0.0,6.596376566,12.32851373,0.0,81.0751097,0.0,0.0,0.0,0.0,17.88854381999832
7378,-44.3803051251078,18.5761,430787.0130567,1.27196,78759.9,831.83,4.05,3.71132,16.43,3.05,3.89,,,,,,, ,0.0,0.0,0.0,0.0,0.0,14.54620695,0.0,24.15836232,0.0,0.0,15.165750888103101
7382,-44.3776909962189,17.1675,1517025.9433133,3.22011,184271.0,812.32,4.1,3.80362,23.04,3.0,4.0,,,,,,, ,0.0,0.0,0.0,0.0,0.0,0.0,0.0,4.095622028,0.792111052,0.0,18.16590212458495
7386,-44.3620145435072,17.5139,3580140.58798,15.1953,887097.0,1173.39,4.5,4.4505,17.9,3.0,4.0,15.546770428582,485.226331453012,517.384268048775,11.3891348000655,22.3555078967826,, ,0.0,0.0,0.0,0.0,0.0,0.0,0.504565318,0.0,7.458258300000001,0.0,27.49545416973504
7388,-44.3396501870357,19.2626999999999,1118704.83656,4.19958,269651.0,833.53,4.15,3.93433,19.77,3.5,2.98,31.7496002141993,514.927556350108,565.747121411959,9.95944431178331,19.7434685225518,17.3733243953269, ,0.0,0.0,0.0,0.0,0.0,0.0,6.879690194,13.8745942,0.0,0.0,20.0
7408,-44.6187368242042,222.200999999999,9597807241.2267,2834.43,2099380000.0,238.26,5.86,5.40781,16.19,3.06,3.16,45.1440746350221,558.832545047324,573.790093185708,10.1464453531626,12.011579148761,2.68708175689223,Lake Aviemore,1.1563821349801,0.0947905659753131,6.906902068,0.853145921,1.015709052,19.25208576,12.880961828999999,4.432105115000001,20.231594165,0.079763292,95.49869109050658
7409,-44.4596557123195,120.0,8504069337.73639,7585.3,3034120000.0,346.51,4.74,4.51235,16.06,3.07,3.04,42.8121702533627,567.691445607458,571.942552076409,11.936042830064,9.49359524691184,1.59278163333333,Lake Benmore,1.16928993275571,0.0968363845228218,7.426635723,0.9096116270000001,1.135438064,20.1686891,13.077591791,4.274753233,22.107134819,0.080093184,126.47529403009902
7415,-44.3736325699051,10.1328999999999,705079.96758,13.7459,464288.0,598.73,3.35,2.83503,0.49,4.0,2.0,,,,,,95.89761569999996, ,3.75553332172767,0.0,0.0,0.0,0.0,100.0,0.0,0.0,0.0,0.0,25.45584412271571
7416,-44.3778545378824,7.56474,331101.7779936,1.04118,26254.2,600.0,3.35,2.84023,0.25,4.0,2.0,,,,,,, ,3.77501621081775,0.0,0.0,15.84908367,0.0,84.15091633,0.0,0.0,0.0,0.0,19.748417658131498
7417,-44.3688145608158,15.0749,938929.8779041,4.98039,250262.0,596.19,3.33,2.82023,0.7,4.0,2.0,,,,,,, ,3.84316835778598,0.0,0.0,0.761024497,0.0,99.2389755,0.0,0.0,0.0,0.0,19.235384061671343
7445,-38.9002027678087,8.80924,237136.6038891,1.39198,40874.1,160.51,3.69,3.7015,9.51,4.39,2.3,,,,,,, ,6.12526780158433,0.210273015038599,85.29971479,0.0,0.0,0.0,0.0,14.700285209999999,0.0,0.0,18.16590212458495
7506,-39.5078766206775,161.420999999999,880111879.605584,625.929,336793000.0,79.33,3.78,3.73856,9.79,3.16,2.42,33.5862880188697,540.272841640177,569.355621224456,8.00568757549578,12.4930609916426,8.394831547619045,Lake Rotorangi,10.1042847380806,0.394328840615779,54.569972817,0.45634476700000004,6.533482132,5.472698228,0.070392949,32.258052684,0.01286382,0.6261926,63.46652661048972
7512,-39.4514978053311,24.4845,2195692.856952,15.6616,1278220.0,192.22,3.74,3.77488,10.27,3.45,2.73,45.0272341152331,566.037355495224,572.345428705293,13.1813430491133,10.917997548873,11.8073903333333,Lake Rotokare,0.938865246315121,0.08307766809102,5.400012534,4.539090939,1.583862049,0.0,0.0,88.47703448200001,0.0,0.0,28.0
7537,-39.8979155585114,20.9798,1693694.3663074,1.03707,72525.0,255.15,3.95,3.54776,5.71,1.02,3.92,,,,,,, ,69.7362670390293,0.0067219869453043,99.57530041,0.0,0.424699593,0.0,0.0,0.0,0.0,0.0,19.748417658131498
7549,-39.9595258181563,27.573,397039.1463121,1.24359,114298.0,335.2,4.63,4.28143,11.19,3.0,3.0,,,,,,, ,13.3848769132171,0.0,100.0,0.0,0.0,0.0,0.0,0.0,0.0,0.0,19.235384061671343
7604,-45.4621679526722,20.6737,4117242.413425,1.37357,94655.8,368.29,3.58,3.26675,4.78,3.0,1.65,,,,,,, ,3.2770010331761,0.0,64.44389472,0.0,1.162787559,11.49726721,22.6488468,0.247203712,0.0,0.0,19.235384061671343
7605,-45.4588877028349,20.6737,6761825.9358606,3.75876,259025.0,362.44,3.56,3.21539,5.45,3.0,1.65,,,,,,, ,3.74872896304891,0.0,63.96839508,0.0,0.939641057,19.2166714,13.94084,1.934452457,0.0,0.0,18.439088914585774
7633,-45.3971121071384,148.877,15857615754.0217,520.648,258375000.0,132.83,2.71,2.84689,18.34,2.97,3.6,37.6883746807523,566.869911558083,572.606040314056,4.33974311143993,9.50638879141636,3.09595593514088,Lake Roxburgh,1.84875028094326,0.0712353376130942,10.149917259999999,0.666564941,0.38667385000000004,22.20982624,2.885610374,12.606097333000001,7.383628946,0.34935938,96.38983348880731
7640,-45.3738435894368,19.0589,22116779.101962,21.8975,1391140.0,654.07,3.22,3.56604,8.75,3.0,3.53,33.3998518638424,502.933672780565,562.00712131301,8.71644002511538,15.3838054660705,17.035503, ,0.300615825831676,0.0,15.57613112,0.0,0.0,66.95056818,0.0,0.361295462,0.0,0.0,35.77708763999664
7657,-45.4262341356182,32.2886,79972222.932405,448.299,48249800.0,746.97,3.4,3.6832,5.3,2.99,3.76,31.7489579979927,504.83206548657,570.124156230733,5.25296268591508,16.7857001488893,8.73834166666666,Greenland Reservoir,0.0,0.0,0.01502646,3.130566416,0.0,21.41104576,0.0,0.310809149,0.039380217,0.0,61.48170459575759
7660,-45.3848925038376,33.2543999999999,99508119.028272,214.808,23811000.0,755.45,3.34,3.60128,5.12,2.99,3.8,39.0748307672842,486.27050426452,567.025432358871,9.6071687117178,29.1803654009811,5.994153736145215,Manorburn Reservoir,0.0,0.0,0.011780637,2.669901405,0.013302762,35.08718365,0.0,0.243672144,0.030873808,0.0,58.65151319446072
7683,-45.3108509193186,17.3735,1335988.0521548,2.21958,128539.0,653.86,3.01,3.09228,2.28,3.0,2.32,,,,,,, ,0.0,0.0,0.0,0.0,0.0,98.91723488,0.0,0.0,0.0,0.0,19.235384061671343
7688,-45.2941573749149,26.1474,33087243.908484,32.0701,2795160.0,294.2,2.48,2.38693,10.08,3.0,3.91,30.2466458494007,496.060591857157,565.529193874346,10.171252434633,16.0931861252902,13.362601038961,Butchers Dam,0.633259990778226,0.344936452211801,7.932451435,0.352908285,0.037870498,67.22202358,2.533621395,2.800909557,0.0,0.0,33.2264954516723
7689,-45.2815471055554,26.2712,26605039.38444,13.3894,1172520.0,275.36,2.38,2.24287,10.81,3.0,3.99,13.2320755601341,489.205237340942,513.87282328135,16.9297374733069,12.8335136602767,9.468784999999995,Conroys Dam,0.0223709318552951,0.0,0.0,0.723900804,0.0,60.98560824,2.741695181,1.638388942,0.0,0.0,28.61817604250837
7725,-45.2442437456444,8.60577999999999,486323.1258796,1.13352,32516.0,139.21,2.06,1.63168,0.72,2.59,3.2,,,,,,, ,0.0,0.0,0.0,0.0,19.11035421,0.0,0.01263884,13.55440592,17.3841886,49.93841243,17.88854381999832
7730,-45.2383637394519,20.5570999999999,411400.3508683,1.39119,95329.4,138.6,2.0,1.55755,2.44,2.0,2.0,,,,,,, ,0.0,0.0,0.0,0.0,0.0,0.0,0.0,1.417634794,98.58236521,0.0,15.491933384829668
7738,-45.2302038886685,16.843,999262.9947769,1.14297,64169.9,139.39,2.03,1.58383,1.11,2.1,2.0,,,,,,, ,1.03466647760111,0.273831486383006,15.493861718,0.0,0.0,11.7589594,0.0,3.651688521,69.09549036,0.0,16.73320053068151
7748,-45.2399567159108,43.9482,499922267.295617,17.9692,2632380.0,157.15,2.32,1.86336,6.54,2.99,3.85,40.8214165836986,481.847299291784,569.824582355756,8.3106991321848,15.7246526237147,7.65307487718633,Lower Manorburn Dam,2.13478487077294,0.0091563953440896,2.5268557560000002,1.797569848,0.013705484,56.13526712,1.87120899,1.166652158,0.020709888,0.006159272,29.79932885150268
7777,-45.3110602184402,49.4086,49276702.888929,510.52,84080100.0,836.35,3.49,3.67234,4.57,2.99,3.83,20.2944303575822,478.921535169651,518.215138183371,10.1828196634262,28.4246291896447,,Poolburn Reservoir,0.086308396061814,0.061133276597765,0.0,6.443910275,0.0,56.159147,0.0,0.096659522,0.0,0.0,59.033888572581766
7886,-45.2421138151922,18.3692999999999,57245280.3907309,2.77103,169673.0,470.86,2.48,2.27023,6.88,3.0,4.0,,,,,,,Moa Creek Reservoir,0.579239335313944,0.0544968858922347,0.0,1.427415421,0.0,86.34257669,3.4880945170000004,2.398919815,0.0,0.0,20.248456731316587
7900,-45.2307549881186,18.3929,87159205.4831089,1.77839,109032.0,457.17,2.54,2.27263,4.72,2.99,3.92,,,,,,, ,2.6390017203964,0.0747597557126092,0.0,3.097372859,0.144655381,74.78405272,0.471069667,2.051491155,0.0,0.0,19.339079605813716
7901,-45.2113595556601,18.8348,123795334.417476,46.3597,2910580.0,549.56,3.43,3.38142,9.38,2.98,3.97,4.05602922715372,584.405314260107,585.660658160275,16.9500300566246,52.197140796181,8.785681031746035,Fraser Dam,0.0035683633046137,0.0,0.0,6.290431712,0.0,23.13919506,0.561613532,0.075339265,0.152392987,0.0,35.6931365951495
7916,-45.1898839517691,16.4175,199780034.273854,1.18888,65061.7,438.24,3.31,3.14919,10.38,2.99,3.96,,,,,,, ,0.818696601545273,0.0,0.589383107,4.089333456,0.011151587,44.12479873,1.451258471,0.871006097,0.125863089,0.0,21.447610589527216
7934,-45.2010246179652,11.2312999999999,392872.218655,2.33154,87287.5,227.44,2.47,2.02615,2.09,3.0,2.0,,,,,,, ,0.509697155539922,0.0,97.89415064,0.0,0.0,0.0,0.0,2.105849358,0.0,0.0,16.431676725154983
7938,-45.1998983355735,8.75489999999999,243510.1257136,1.63713,47776.2,236.82,2.47,1.99902,1.05,3.0,2.0,,,,,,, ,1.1646948791609,0.0,68.9152613,0.0,0.0,0.0,31.0847387,0.0,0.0,0.0,15.165750888103101
7939,-45.1987887099659,17.9674,1152866.4644848,1.81533,108722.0,234.19,2.48,2.01097,1.81,3.0,2.0,,,,,,, ,0.744899635987087,0.0,86.42747217,0.0,0.0,0.445671236,13.12685659,0.0,0.0,0.0,16.1245154965971
7952,-45.1045615445028,25.7386,2831695.025155,1.08152,92789.2,367.13,3.43,2.80417,12.32,3.0,3.44,,,,,,, ,5.37775435913669,0.0710961302532092,18.04824135,0.0,0.258433263,77.72392861,0.0,3.969396773,0.0,0.0,15.165750888103101
7968,-45.1934166425179,20.0721999999999,203136.807319,1.47825,98905.9,256.52,2.45,1.9177,1.89,3.0,2.0,,,,,,, ,13.349551601145,0.0001985974058213,13.25419411,0.0,0.0,86.74580589,0.0,0.0,0.0,0.0,15.165750888103101
8001,-45.2170226045043,7.7171,68810.0089412,1.02313,26318.7,460.0,2.39,2.08675,1.56,3.0,2.0,,,,,,, ,4.422538276791,0.0011315225223238,100.0,0.0,0.0,0.0,0.0,0.0,0.0,0.0,15.165750888103101
8033,-45.1811740919612,12.3436,255464.6901695,2.56899,105702.0,418.32,2.35,1.8833,0.28,3.0,1.9,43.0855803259751,493.193105894322,569.873336197036,16.2248789983884,25.8519293489191,, ,16.3893366717726,0.0002449074555952,100.0,0.0,0.0,0.0,0.0,0.0,0.0,0.0,16.431676725154983
8104,-45.084542962009,8.05739,1967627.1141355,1.10472,29670.5,467.11,3.6,3.13676,1.48,3.25,2.51,,,,,,, ,11.9486885744731,0.0646200080928575,95.60586616,0.0,4.394133837,0.0,0.0,0.0,0.0,0.0,15.165750888103101
8116,-44.9030847768458,12.499,70643.3957266999,1.29332,53883.9,323.55,4.95,3.9715,2.42,3.0,2.0,,,,,,, ,3.92508551667676,0.0233592487288086,100.0,0.0,0.0,0.0,0.0,0.0,0.0,0.0,15.165750888103101
8138,-44.8502469201945,12.8287,1083362.5599172,2.86135,122358.0,1695.19,7.23,7.40806,11.38,3.0,4.0,32.9571567804406,494.476531327275,566.551499069618,11.405558548441,19.5510264318034,,Lake Mckay,0.0,0.0,0.0,0.0,0.0,0.0,0.0,0.0,12.09681136,0.0,15.811388300841896
8142,-44.8977468692217,12.2202,13204514.0805976,2.79859,113998.0,357.26,5.01,4.05519,22.02,2.98,3.93,31.0836697560643,547.179960956995,572.41138882648,16.0836027825149,13.6290364415195,, ,2.06108619944586,0.0233592487288086,1.424153697,0.0,0.0,40.90365513,1.983041039,5.079727542,5.468263543,0.0,17.88854381999832
8158,-45.3874908326226,6.32539,5900522.2676709,5.25211,110739.0,15.21,4.61,3.68224,4.48,3.08,2.46,42.6897845022555,523.293011956396,569.774461525131,15.16526837029,28.5164710468311,, ,1.98527914384643,0.336587566743155,93.11137898,0.0,1.318540014,1.081148479,0.0,4.488932525,0.0,0.0,21.02379604162864
8262,-45.2985182187378,3.90805,18614738.9768461,1.6243,21159.5,16.43,3.84,3.11645,8.57,3.0,2.21,,,,,,, ,3.71401436875229,0.0650958933975969,39.47792224,0.190337992,43.139664966999995,0.001779714,3.268522709,13.844793025,0.076979351,0.0,15.491933384829668
8265,-37.7203589969015,6.84206,36027252.5286323,2.11359,48204.5,13.23,3.93,3.81961,7.0,2.66,2.86,,,,,,, ,5.5626085345983,0.143558036057951,83.82449124,0.824983321,7.377197463,0.05892083,0.614960283,7.250788483,0.020085825,0.028572559,18.973665961010276
8266,-37.7167744199094,15.7973,403655.0888112,1.84289,97042.3,48.22,3.92,3.80522,8.35,3.0,3.12,,,,,,, ,7.54896783863675,0.176805621233466,98.52690775,1.473092252,0.0,0.0,0.0,0.0,0.0,0.0,15.491933384829668
8302,-38.1652616785314,7.2438,465355.4932576,1.33394,32209.4,24.18,2.55,2.5622,4.6,1.42,2.83,,,,,,, ,12.3482924601945,0.728658542071142,84.43017728000001,0.0,2.64530131,0.0,0.0,12.924521412,0.0,0.0,13.784048752090222
8442,-45.1407307837665,13.494,153391.3013752,1.10273,49600.7,405.04,2.68,2.02728,0.75,3.0,1.69,,,,,,, ,20.6190711148653,0.0011803440672602,100.0,0.0,0.0,0.0,0.0,0.0,0.0,0.0,13.784048752090222
8558,-45.0439596895648,23.9241999999999,6388562.0363885,1.89018,150737.0,362.18,3.72,2.92583,13.35,3.0,3.72,,,,,,, ,0.991267109526698,0.157755273914919,3.176738099,0.0,0.0,45.29904894,0.0,1.689992169,1.806558014,0.0,14.142135623730951
8720,-45.0646116984404,9.51298,24874.5586415,1.0446,33124.2,348.38,3.32,2.50224,1.07,3.0,2.0,,,,,,, ,5.11697981916173,0.147500936926389,100.0,0.0,0.0,0.0,0.0,0.0,0.0,0.0,13.038404810405298
8724,-45.0606629727616,24.1633999999999,873802.2517729,2.14017,172379.0,337.94,3.35,2.54957,2.53,3.0,3.38,25.9599805362516,541.401817445856,567.996847799262,17.4606157391724,17.1991236761183,10.39286786666665, ,10.9853343235934,0.160340515796244,83.88204556,0.0,0.0,16.11795444,0.0,0.0,0.0,0.0,18.973665961010276
8737,-45.0482189225159,20.5196,272966.8409111,1.43558,98191.9,353.46,3.46,2.66693,1.38,3.0,2.75,,,,,,, ,16.1384004973713,0.288349237772161,100.0,0.0,0.0,0.0,0.0,0.0,0.0,0.0,14.142135623730951
8745,-45.0553549264976,9.59448,41517.7363205,1.26712,40524.5,352.81,3.41,2.63429,0.85,3.0,2.0,,,,,,, ,6.08481616901179,0.147500936926389,100.0,0.0,0.0,0.0,0.0,0.0,0.0,0.0,13.784048752090222
8816,-45.4432693092904,0.0,403676282.081075,1.69647,54860.4,532.04,0.0,3.17906,0.0,0.0,0.0,,,,,,, ,1.66283157525876,0.0813619094337786,11.72405119,5.325554846,0.153224904,13.13279433,0.017271812,0.6023820659999999,0.028886664,0.0,0.0
8852,-45.3434526390061,7.57112,191515.9121489,1.67394,42245.3,1016.57,3.94,4.29545,1.8,3.0,4.0,,,,,,, ,0.0,0.0,0.0,1.440638996,0.0,0.0,0.0,0.0,0.0,0.0,13.416407864998739
8860,-45.342283405932,7.56474,276375.1373853,1.33291,33610.5,987.13,3.91,4.22498,1.23,3.0,4.0,,,,,,, ,3.25606388412751,0.142099188752715,0.0,0.0,0.0,44.7732365,0.0,0.0,0.0,0.0,13.038404810405298
8884,-45.4283732546157,0.0,607446.869178,5.61862,348651.0,552.44,0.0,3.42557,0.0,0.0,0.0,23.659493757192,490.074232665495,549.891942364215,9.88713101863989,17.0041107738802,, ,0.0,0.0,0.254377374,51.39641656,0.0,46.3662591,0.0,1.968544066,0.0,0.0,0.0
8889,-45.4216433155255,0.0,628518.2781647,1.78481,45533.9,559.17,0.0,3.38836,0.0,0.0,0.0,,,,,,, ,2.3301693505222,0.0,31.51782257,19.265832253,0.0,49.21634518,0.0,0.0,0.0,0.0,0.0
8890,-45.4126888290021,18.6010999999999,643756337.361069,22.9706,1424260.0,557.28,3.42,3.39231,5.63,2.97,3.56,11.1478688901319,485.771045812027,489.080302278067,5.16749928939537,34.2871190578947,10.51435333333335, ,1.33706676006977,0.0759523461637952,12.02322155,5.19400623,0.116216479,12.55580883,0.154802522,0.7724353479999999,0.10973698200000001,0.0,35.31288716601915
8909,-45.3656692104992,9.72537,210121.7892474,1.64678,53385.2,552.69,3.38,3.31079,1.7,3.0,4.0,17.9927238006841,501.947053237437,534.817842982039,5.15663527434355,15.9928764335869,9.715422068408106, ,5.18248816412354,0.142099188752715,29.47019624,0.0,0.0,70.52980376,0.0,0.0,0.0,0.0,15.491933384829668
8925,-45.3362205585379,9.39758,1446152.2203813,3.19894,100208.0,410.68,3.07,2.89758,2.9,3.0,2.53,26.6971180485332,499.330197150796,557.953187018586,6.7906951901563,13.8084274738601,, ,7.08487062047919,0.142099188752715,23.941866968,0.0,0.0,75.94088617,0.0,0.117246861,0.0,0.0,17.029386365926403
8929,-45.3340936130191,19.5314,1538465.4080853,3.78284,246280.0,407.03,3.08,2.91642,2.82,3.0,2.57,5.8353604570967,570.341694277443,574.930544819076,17.4437379460974,33.8061150514406,, ,6.88417367878105,0.142099188752715,26.148325456,0.166564126,0.0,73.57152167,0.0,0.113588746,0.0,0.0,18.973665961010276
8932,-45.3269309636371,18.8921999999999,162435.7944054,1.20033,75589.8,417.85,3.09,2.93882,0.77,3.0,2.85,,,,,,, ,7.3896025754448,0.142099188752715,100.0,0.0,0.0,0.0,0.0,0.0,0.0,0.0,15.165750888103101
9007,-45.2715051461143,0.0,8161210.6010208,1.45549,47037.1,374.89,0.0,2.84847,0.0,0.0,0.0,,,,,,, ,8.45600626116858,0.269421853021956,92.18504495,6.431151769,1.148586171,0.0,0.0,0.235217112,0.0,0.0,0.0
9071,-45.3261740994977,20.7201999999999,12800319.2495885,3.32503,229652.0,379.84,3.13,2.9147,3.84,3.0,3.36,,,,,,, ,7.04579832452417,0.142099188752715,38.684961889,0.0,0.184128599,60.80725243,0.081467199,0.242189889,0.0,0.0,19.493588689617926
9072,-45.3246466778368,11.4931,721057751.141469,1.45672,55807.6,379.96,3.14,2.9328,6.18,2.97,3.59,,,,,,, ,1.36747613928967,0.0843685856194855,10.957525253,4.647276542,0.103469071,15.27141033,0.137822737,1.098905426,0.126473569,0.0,17.60681686165901
9073,-45.3220090312604,19.0324999999999,13137772.0221937,1.04468,66275.9,379.51,3.14,2.91072,3.76,3.0,3.37,,,,,,, ,7.05523387601647,0.142099188752715,40.393436873,0.0,0.178998061,59.11292632,0.079197206,0.235441539,0.0,0.0,14.832396974191326
9100,-45.3091583367945,20.7201999999999,55719211.6883947,3.96972,274179.0,375.08,3.13,2.89653,6.18,2.99,3.6,,,,,,, ,4.38797048121854,0.155243617156323,24.155089259,2.981512363,0.072494923,34.23583027,0.072727192,2.293927831,0.0,0.0,18.439088914585774
9101,-45.3087508522919,20.7201999999999,115035.9356452,1.14496,79079.3,375.41,3.13,2.89037,0.19,3.0,1.0,,,,,,, ,9.06416303960061,0.269421853021956,97.21562494,0.042480063,0.0,0.0,0.0,2.741894997,0.0,0.0,15.165750888103101
9116,-45.2926195587871,0.0,93642.0170264,1.16729,37723.2,374.46,0.0,2.87335,0.0,0.0,0.0,,,,,,, ,0.010823781936325,0.269421853021956,0.1159102,82.43045388,0.0,0.0,0.0,17.45363592,0.0,0.0,0.0
9185,-45.2693578684366,0.0,935358512.89507,2.31583,74840.4,375.15,0.0,2.85076,0.0,0.0,0.0,,,,,,, ,2.22779959808608,0.157156065497927,15.716769085000001,4.338993873,0.106972981,21.51167018,0.159280527,1.175736887,0.097147309,0.0,0.0
9224,-45.2613672027786,0.0,240456.938013,1.61809,52284.6,374.47,0.0,2.84392,0.0,0.0,0.0,,,,,,, ,1.27615021312312,0.269421853021956,14.75288497,85.24711503,0.0,0.0,0.0,0.0,0.0,0.0,0.0
9264,-45.2756872712685,10.7897,123128.0209472,1.14397,41143.6,377.67,3.21,2.90793,0.5,3.0,3.11,,,,,,, ,18.7993547243718,0.573508160279416,100.0,0.0,0.0,0.0,0.0,0.0,0.0,0.0,12.24744871391589
9285,-45.2664274104045,9.9296,922882.6260658,1.23223,40785.0,375.76,3.17,2.85103,0.69,3.0,2.48,,,,,,, ,12.9789983680296,0.573508160279416,63.77592933,36.22407067,0.0,0.0,0.0,0.0,0.0,0.0,11.40175425099138
9317,-45.2586787148837,0.0,952244421.299684,2.28301,85241.2,375.97,0.0,2.85914,0.0,0.0,0.0,,,,,,, ,2.33122046760603,0.172536273895842,16.703480754,4.423503276,0.117742687,21.32388918,0.156431406,1.156718949,0.095409591,0.0,0.0
9323,-45.2561999201094,10.7897,77745.9764002,1.739,62544.3,376.88,3.2,2.86237,0.29,3.0,2.4,,,,,,, ,3.31241780789619,0.573508160279416,19.2471243,80.7528757,0.0,0.0,0.0,0.0,0.0,0.0,13.416407864998739
9334,-45.251705193574,0.0,954963541.032806,2.65036,86879.3,376.29,0.0,2.84499,0.0,0.0,0.0,,,,,,, ,2.35764630812287,0.17810031131456,16.823741088000002,4.523799383999999,0.117407641,21.26321043,0.155986268,1.157310131,0.095138096,0.0,0.0
9354,-45.2407818132917,0.0,3733819.007702,4.54998,147788.0,376.87,0.0,2.83171,0.0,0.0,0.0,,,,,,, ,8.59602165071384,0.269421853021956,92.19393507,6.847543818,0.0,0.0,0.0,0.958521113,0.0,0.0,0.0
9412,-45.3650114255388,11.8947,66789.7607493999,1.18622,47032.4,284.89,3.22,2.79533,1.96,3.0,4.0,,,,,,, ,4.44501457328887,0.0,0.0,0.0,0.0,100.0,0.0,0.0,0.0,0.0,16.73320053068151
9416,-45.3628547472278,9.42752,64102.2442033,1.09759,34491.8,286.14,3.22,2.78937,1.44,3.0,4.0,,,,,,, ,3.77348165281952,0.0,0.0,0.0,0.0,100.0,0.0,0.0,0.0,0.0,16.73320053068151
9460,-45.2517627236168,9.57452,134465.5574551,1.37913,44014.9,634.95,3.85,3.67787,9.77,2.0,2.0,,,,,,, ,3.34264809581757,0.0115605164573148,27.91190589,0.0,0.0,35.53420193,0.0,0.0,36.553892192999996,0.0,16.73320053068151
9489,-45.2555754153127,25.8009999999999,4182654.6330335,1.04066,89500.4,346.89,3.41,3.01757,7.35,3.18,2.13,,,,,,, ,2.66795473772776,0.0,0.0,0.0,1.315632305,98.36967706,0.0,0.0,0.0,0.0,12.649110640673518
9547,-45.2361227502928,20.5269,175545.8929098,2.24125,153353.0,387.66,3.16,2.82185,1.17,3.0,2.5,24.0131063349021,571.137965632648,579.432685418052,21.284541857076,40.2869851799043,, ,7.54511478623407,0.269421853021956,100.0,0.0,0.0,0.0,0.0,0.0,0.0,0.0,15.811388300841896
9602,-45.2377137193972,0.0,100548.4553626,1.04756,33854.0,377.04,0.0,2.83267,0.0,0.0,0.0,,,,,,, ,7.34663272338256,0.269421853021956,78.79332934,19.95980725,0.0,0.0,0.0,1.246863411,0.0,0.0,0.0
9645,-45.2093269394746,9.66516,2302082.9021007,2.44125,78650.2,368.51,3.3,2.88163,0.35,3.0,1.96,,,,,,, ,19.6703247368351,0.573508160279416,96.65563631,3.101130857,0.0,0.0,0.0,0.243232837,0.0,0.0,14.832396974191326
9959,-45.1572189346396,18.2526,2268009.1326456,8.75688,532787.0,403.83,3.35,2.86947,0.63,3.85,4.0,13.0573906676105,580.519996259395,584.617237577621,19.3922056094013,41.9117437614637,, ,14.4041476923643,0.0592448698880014,100.0,0.0,0.0,0.0,0.0,0.0,0.0,0.0,23.916521486202797
10097,-45.0751823494489,11.526,6290172.2117763,1.7731,68122.8,431.61,3.37,2.79248,7.59,3.0,3.98,,,,,,, ,3.01619172045821,0.0,20.5645705,0.0,0.0,58.76336427,0.0,3.0572904889999997,0.0,0.0,17.60681686165901
10124,-45.0657816477169,11.3117,738081.9168143,1.737,65494.9,414.51,3.4,2.78722,2.11,3.04,2.56,,,,,,, ,6.92730132717795,0.0,100.0,0.0,0.0,0.0,0.0,0.0,0.0,0.0,15.491933384829668
10174,-45.0510427371105,9.8428,237961.5403718,2.71628,89119.2,895.23,4.25,4.03504,4.72,3.0,4.0,,,,,,, ,0.0,0.0,0.0,0.0,0.0,0.0,0.0,0.0,0.0,0.0,20.248456731316587
10250,-45.1124182366574,18.8763,467405.6695257,2.06626,130011.0,420.0,3.33,2.82514,1.54,3.0,4.0,,,,,,, ,7.7750793768182,0.0443727692521023,100.0,0.0,0.0,0.0,0.0,0.0,0.0,0.0,18.16590212458495
10407,-45.0681790005016,15.6547,2484192.028944,3.68383,192231.0,524.33,3.57,3.11212,8.53,3.0,3.67,24.0055541712242,569.516136588107,577.612706393122,16.0038668816318,19.8112050239617,, ,13.272647253869,0.0585613259277734,41.508677,0.0,0.0,48.73720978,0.0,0.0,0.0,0.0,17.88854381999832
10418,-45.0614612992751,7.8155,187923.2324391,4.19761,109355.0,519.04,3.55,3.1014,0.65,3.0,2.0,,,,,,, ,13.1687985772224,0.0562784088742882,0.0,0.0,0.0,100.0,0.0,0.0,0.0,0.0,17.60681686165901
10419,-45.0586169749661,8.625,97893.4849688,1.50176,43175.5,523.52,3.54,3.09545,1.29,3.0,2.0,37.4084423083446,572.860507315843,579.665839458763,18.5919808958024,20.6494724531247,, ,9.72891925754897,0.0536892400075511,0.0,0.0,0.0,100.0,0.0,0.0,0.0,0.0,15.165750888103101
10425,-45.0688488286619,16.1485999999999,114963.0356022,1.85791,100008.0,463.54,3.4,2.92558,1.84,3.0,4.0,,,,,,, ,9.9479689281572,0.0857593722555075,100.0,0.0,0.0,0.0,0.0,0.0,0.0,0.0,16.431676725154983
10431,-45.064010985238,18.0716,1319577.6312398,4.33101,260895.0,474.69,3.46,2.99587,4.12,3.03,4.0,15.1696463744957,575.730537663982,581.919574710243,27.649775561421,49.4067852274983,, ,11.5224658177469,0.0578247117583163,99.62810193,0.0,0.371898065,0.0,0.0,0.0,0.0,0.0,20.248456731316587
10466,-45.1978497670799,15.6232,124240.9188922,1.16804,60828.2,354.16,3.34,2.84759,4.57,3.0,4.0,,,,,,, ,16.7635493313707,0.0,87.30842699,0.0,0.0,12.69157301,0.0,0.0,0.0,0.0,16.431676725154983
10469,-45.19440321565,10.5223,3892647.4839375,1.01339,35544.0,348.37,3.33,2.81025,1.6,4.0,3.33,,,,,,, ,10.0306790166693,0.0,99.59535497,0.0,0.379533946,0.0,0.0,0.025111088,0.0,0.0,13.038404810405298
10588,-45.2180455689764,20.6101999999999,1128672.0333835,3.45108,237092.0,395.72,3.39,2.96924,1.76,3.0,3.9,5.00977171778798,575.921880430733,579.065389149122,12.349570979704,35.649199890561,, ,11.5104584722487,0.0020527120819625,100.0,0.0,0.0,0.0,0.0,0.0,0.0,0.0,16.431676725154983
10605,-45.1991576176515,18.0635,1754365.3289361,3.6077,217226.0,359.19,3.3,2.83673,0.93,3.0,1.73,,,,,,, ,17.6570712872825,0.573508160279416,95.169100395,4.830899608,0.0,0.0,0.0,0.0,0.0,0.0,16.97056274847714
10706,-45.1802544254863,18.6862999999999,1848808208.60914,12.3833,771326.0,353.23,3.3,2.75636,5.36,3.09,3.44,,,,,,, ,5.55772829265069,0.136966760953169,36.727762503,3.0518646400000002,1.453076174,19.66932508,0.328018943,1.412523524,0.43043037900000003,0.14509380900000002,22.135943621178654
10718,-45.1489076374989,19.1132999999999,2479060.954308,5.57444,355154.0,406.06,3.39,2.85551,0.92,3.64,4.0,23.2822421762472,574.28460778765,578.637058006517,10.9398787444906,26.3447334206332,, ,5.49849851599951,0.0,100.0,0.0,0.0,0.0,0.0,0.0,0.0,0.0,21.447610589527216
11021,-44.7328685063104,26.2826999999999,1444802.1061408,2.33551,204612.0,293.77,4.27,3.3611,6.58,3.0,2.0,,,,,,, ,5.19590360733688,0.0,77.21683989,0.0,0.119164194,22.66399592,0.0,0.0,0.0,0.0,19.235384061671343
11030,-44.6664135548433,22.5630999999999,1195852.0700798,5.19814,390954.0,373.21,4.67,3.92557,17.29,3.0,3.26,,,,,,, ,4.0915004219344,0.0,24.9867415,0.0,0.0,58.17989136,0.380914455,16.45245268,0.0,0.0,20.73644135332772
11032,-44.6628763129308,22.5630999999999,811449.9868862,2.63496,198176.0,379.57,4.72,3.98403,18.23,3.0,3.35,,,,,,, ,4.29042376715255,0.0,16.40542418,0.0,0.0,66.83128285,0.529687195,16.23360577,0.0,0.0,21.447610589527216
11080,-38.4129405342829,9.36633,67081.2882831,1.2971,40496.9,295.82,3.6,3.29122,0.06,2.0,1.0,,,,,,, ,13.7146336633948,0.990972893305054,59.52042005,40.47957995,0.0,0.0,0.0,0.0,0.0,0.0,13.416407864998739
11084,-38.3712646728797,12.2429,4499050.3282621,4.73958,193420.0,314.91,3.63,3.36038,4.24,1.23,2.82,29.4769391302257,567.214700501965,574.61848423979,23.1361153963008,24.1105604321735,29.8742056666667,Lake Orotu,0.273085733599719,0.90834334872541,3.023688733,1.621307518,63.222391349999995,0.0,0.0,31.38420515,0.748407256,0.0,21.908902300206645
11096,-38.1923786264072,20.968,880610.5011917,1.08414,75773.9,181.1,2.93,3.08775,5.43,2.0,2.0,,,,,,, ,9.8928152245214,0.167714881142159,97.03889601,0.0,0.0,0.0,0.0,2.961103994,0.0,0.0,15.491933384829668
11120,-38.1647326292298,23.3008999999999,107483.6675577,1.01013,78456.0,390.28,3.45,3.21258,3.95,2.0,2.0,,,,,,, ,0.0,0.0,0.0,0.0,0.0,0.0,0.0,99.999999997,0.0,0.0,13.038404810405298
11132,-38.1118673441736,21.2987,1088630.3230587,6.09003,432367.0,286.85,3.62,3.3244,3.13,1.64,2.33,13.6467273735556,563.670231334726,574.214539545096,8.82325735911234,19.6437706880371,114.0737044,Lake Rotokawa,0.199476595229912,0.0,82.92124017,1.024630583,3.132548286,0.0,0.0,0.0,0.0,12.92158096,21.213203435596427
11133,-38.0790033857963,44.7999999999999,582961120.160975,8047.87,1201820000.0,270.02,3.54,3.41678,4.42,1.94,2.04,13.0020520576566,579.177605799949,582.901866879838,12.516769208054,34.2916754648649,9.816364366666663,Lake Rotorua,6.28033305145063,0.512072892081401,48.968063884,0.403777844,18.491908929,0.558474789,0.653438489,21.333606373000002,0.146280185,9.444449503,109.11920087683927
11138,-38.0725510587621,33.1700999999999,3581599.07802,51.8387,5731650.0,331.34,3.73,3.76475,9.89,1.5,2.47,4.97834424710737,570.746507174505,577.666480287743,11.4422142259307,46.7996250294278,3.95479186909582,Lake Rotokawau,1.69183603595689,0.0679405520169851,37.07280762,0.0,4.936676723,0.0,0.0,57.99051566,0.0,0.0,31.12876483254676
11139,-38.0654945432137,23.9995,492561.4801617,1.20518,96412.6,347.0,3.67,3.72335,5.18,1.62,2.37,,,,,,, ,0.0,0.0,82.65778256,1.85034435,11.91402449,0.0,0.0,3.5778486029999996,0.0,0.0,21.908902300206645
11146,-38.0565777295751,9.64742,106050.1304568,1.40772,45269.5,351.33,3.62,3.68663,2.06,2.0,3.0,,,,,,, ,0.0,0.0,0.0,0.0,100.0,0.0,0.0,0.0,0.0,0.0,21.6794833886788
11262,-44.8736887604128,8.7532,112693.551821,1.17293,34222.8,216.59,4.79,3.73422,0.39,3.0,2.0,,,,,,, ,0.0,0.0,80.52641485,0.0,0.0,0.0,0.0,19.47358515,0.0,0.0,21.6794833886788
11320,-44.9976790630423,19.5331,384264.299537,1.11977,72908.7,454.11,4.07,3.31972,12.8,3.0,3.65,,,,,,, ,1.71592000031788,0.004547529270214,0.0,0.0,3.365505851,80.56209074,16.07240341,0.0,0.0,0.0,20.73644135332772
11361,-44.9849413775422,9.02298,324667.469288,1.10991,33382.2,431.95,4.02,3.29563,1.09,3.0,2.0,,,,,,, ,2.10720228105269,0.0,98.95892204,0.0,1.041077962,0.0,0.0,0.0,0.0,0.0,20.73644135332772
11398,-44.9435213788726,18.3929,3253772.8581351,1.05394,64616.6,456.09,4.12,3.42816,5.89,3.06,3.0,,,,,,, ,9.60681941830754,0.09162665080737,58.91463587,0.0,1.86006912,39.22529501,0.0,0.0,0.0,0.0,20.73644135332772
11427,-44.8818528465221,18.7399999999999,146728.1467159,1.96803,122936.0,519.45,4.44,3.7573,8.56,3.0,2.0,,,,,,, ,8.70962032996381,0.09162665080737,1.044870556,0.0,0.0,97.94453135,1.010598098,0.0,0.0,0.0,20.73644135332772
11437,-44.7797254698856,11.3706,1197060.3921784,5.58539,211698.0,436.95,4.7,3.87106,12.01,3.0,4.0,35.936125966454,568.619111802259,579.86910630971,13.1268667056682,32.7216037577694,, ,4.54238321696892,0.51874570302335,0.0,0.0,0.0,76.01281752,0.341897825,20.160556822,0.0,0.0,20.493901531919196
11457,-44.6479747716402,26.3081999999999,1485161.585422,10.575,927363.0,1556.14,6.1,6.29712,13.82,3.0,4.0,5.75935209347011,577.645854538377,580.531257457212,11.7445601221485,36.2645570254626,, ,0.0,0.0,0.0,0.0,0.0,0.0,0.0,0.0,32.86078023,0.0,23.68543856465402
11458,-44.6399147659491,12.8287,458844.7939778,1.73803,74322.0,1579.76,5.94,6.09802,14.13,3.0,4.0,,,,,,, ,0.0,0.0,0.0,0.0,0.0,0.0,0.0,0.0,74.93010384,0.0,20.97617696340303
11476,-45.0206054665675,14.7712,10527455.4402689,2.40844,118585.0,462.89,3.71,3.1602,5.2,3.24,2.97,21.9450343304644,577.702342009571,580.403194627837,8.80006754936122,36.2687520331496,, ,22.1172832614931,0.0002736819415134,64.566436115,0.0,0.305937338,30.68694585,3.256813746,1.183866952,0.0,0.0,17.029386365926403
11479,-45.0132891032898,18.3081,7263279.6739606,2.44291,149083.0,477.36,3.78,3.23597,5.5,3.24,3.1,6.17675265237298,575.601413591721,579.743714044879,11.8384729896104,30.8476870602074,, ,20.8740295319291,0.0003189918315284,61.630869781,0.0,0.443564054,31.49658637,4.721899978,1.707079818,0.0,0.0,17.029386365926403
11490,-45.0233785382418,19.5201999999999,178048493.765296,8.20858,534111.0,495.02,3.83,3.35161,8.15,3.3,3.24,,,,,,21.29686,Idaburn Dam,5.15068943084681,0.0005926555359841,34.150977391000005,0.007597883,0.180794298,18.05505817,0.834957101,0.938793153,4.2935472930000005,0.07751123700000001,24.372115213907882
11555,-44.5355558442721,19.2186999999999,410312.7534277,3.01564,193189.0,465.47,3.54,2.89852,4.4,3.85,3.77,,,,,,, ,0.509901389252516,0.566718546073799,75.781972979,0.0,0.0,21.21361975,0.0,3.004407274,0.0,0.0,18.439088914585774
11580,-44.4691023679999,9.35932,368365.2825651,1.97754,61694.9,404.88,3.56,2.93957,0.52,0.6,0.3,,,,,,, ,6.47858422536293,0.450765097483778,29.5412165,0.0,0.0,58.34715154,0.0,0.0,12.11163196,0.0,15.811388300841896
11581,-44.9266515656197,9.70036,2773193.0770233,1.04608,33824.3,513.69,4.3,3.7008,5.08,3.0,2.25,,,,,,, ,6.32131065527508,0.0250943233624034,45.17140963,0.0,0.059209669,51.6841821,0.0,2.828344364,0.256854238,0.0,12.649110640673518
11614,-44.8631716210859,34.1482,356441949.001582,140.16,15954100.0,570.82,4.73,4.19583,15.58,3.24,3.6,4.20433298080649,572.87052644895,578.742600328776,10.0536851058571,26.65543166553,5.654924582497905,Falls Dam,0.681644866508883,5.08178036218968e-05,0.303592132,0.733288323,0.010014411,15.09910541,1.846952816,2.597358298,12.159601409,0.0,48.187135212627034
11616,-45.0233498168763,17.6829,792771.9899648,2.72733,160757.0,613.46,3.78,3.32753,5.55,3.0,3.0,,,,,,, ,0.19425693917952,0.0,3.280643992,0.0,96.71935601,0.0,0.0,0.0,0.0,0.0,17.029386365926403
11617,-45.0208013824737,17.282,413800.3037432,3.19391,183990.0,617.57,3.72,3.29487,6.23,3.0,3.0,8.05067682857372,568.266670003449,576.020988695994,10.0504413057165,32.0301947805907,12.9577750707071,Coalpit Dam,0.0,0.0,0.0,0.0,100.0,0.0,0.0,0.0,0.0,0.0,15.491933384829668
11618,-45.0231213466566,9.3568,38398.6894722,1.22749,38284.5,657.14,3.75,3.27167,5.49,3.0,3.0,,,,,,,Hoffmans Dam,0.0,0.0,0.0,0.0,100.0,0.0,0.0,0.0,0.0,0.0,14.832396974191326
11620,-45.0003059949719,18.9113,15231012.881324,24.8462,1566250.0,675.13,3.96,3.67455,16.66,3.04,3.79,3.10557254296831,574.547866210154,576.855046830499,9.28751378954619,37.657764054017,7.93850458333333,West Eweburn Dam,1.02914731258339,0.0,2.469309004,0.0,1.356086954,14.19429179,0.0,0.0,13.53504819,0.0,31.12876483254676
11622,-45.0235011772335,9.54144999999999,259373.7654158,1.26204,40139.1,622.84,3.75,3.21388,3.61,3.0,3.0,,,,,,10.385622366666649, ,4.97473758125126,0.0,85.70537585599999,0.0,14.29462414,0.0,0.0,0.0,0.0,0.0,19.748417658131498
11654,-44.7505974505935,14.8928999999999,72048216.0494217,3.05653,151735.0,715.92,5.09,4.66502,18.53,3.11,3.81,,,,,,, ,0.0023331114366582,0.0731940903985804,0.0,0.178525753,0.0,3.673945297,1.348081187,1.752995979,10.18934102,0.0,22.978250586152114
11656,-44.742145624437,14.8928999999999,1338090.7758621,2.39158,118725.0,1634.38,6.94,7.34537,14.32,3.0,4.0,33.8186929820764,526.392921396206,574.295470286155,17.3652769230615,10.7089744459408,, ,0.0,0.0,0.0,0.0,0.0,0.0,0.0,0.0,78.99291287,0.0,14.491376746189438
11664,-44.7100901945902,18.6925999999999,4112769.2530793,2.34418,146062.0,1556.41,6.76,7.0937,8.74,3.0,4.0,,,,,,, ,0.0,0.0,0.0,0.473565081,0.0,0.0,0.0,0.0,37.42779491,0.0,16.1245154965971
11689,-44.6240523934636,26.1772999999999,53053913.8262235,1.03338,90170.5,270.31,5.82,5.20604,20.61,3.03,3.93,,,,,,, ,0.199337257432373,0.0770732798293377,0.0,0.0,0.0,25.65187681,5.03595035,22.547357431000002,6.350147265,0.0,13.416407864998739
11709,-44.4391059091531,0.0,1738731.475306,24.4106,1573620.0,356.62,0.0,3.49686,0.0,0.0,0.0,,,,,,, ,5.38452978537425,0.0,19.30707094,1.135008651,0.0,33.42229556,0.0,39.735866214,1.133648209,0.0,0.0
11739,-44.3846610607015,17.3939999999999,1426513.8485455,7.85053,455174.0,722.62,4.01,3.64135,18.28,3.4,3.18,28.4921320199429,565.857775071138,576.52615979067,16.0318576280114,15.0699750066394,11.5903433333333, ,0.0,0.0,21.24621835,0.0,0.0,34.4146797,9.334381311,8.099501999000001,2.464144456,0.0,23.664319132398465
11756,-44.3986558821031,7.30007,490817.6075123,2.58799,62975.1,760.05,3.95,3.57117,0.8,4.0,2.0,,,,,,, ,0.0,0.0,100.0,0.0,0.0,0.0,0.0,0.0,0.0,0.0,17.029386365926403
11789,-44.3667503730982,18.175,2761181.722966,9.94344,602406.0,729.48,3.95,3.57263,21.15,3.39,3.2,,,,,,16.6432956349206, ,0.0,0.0,9.90277286,2.93314449,0.0,26.18840588,11.18129524,4.620736759,0.754443909,0.0,20.97617696340303
11793,-44.3616467312861,18.2942,1827907.5432519,1.77397,108178.0,721.04,3.92,3.53222,8.81,3.85,2.28,,,,,,, ,0.0,0.0,0.010892085,17.52513492,0.0,59.61765343,0.0,9.183345887,0.0,0.0,18.708286933869708
11797,-44.3630983833995,18.3801999999999,1169907.7187753,7.33063,449129.0,714.93,3.9,3.52092,3.08,3.5,2.38,,,,,,18.3230566666667, ,0.0,0.0,0.0,23.95965996,0.0,72.89150565,3.148834388,0.0,0.0,0.0,19.748417658131498
11804,-44.3544325090023,15.0876,634601.393507,2.09858,105542.0,729.78,3.92,3.54917,4.3,4.0,2.0,,,,,,, ,0.0,0.0,0.0,17.07257967,0.0,82.72196145,0.0,0.096758842,0.0,0.0,15.811388300841896
11811,-44.3494627733247,7.56843,646346.5407898,1.29367,32636.8,779.24,3.98,3.64625,7.21,3.86,2.26,,,,,,, ,0.0,0.0,0.0,0.0,0.0,89.97449176,0.0,9.751797098,0.0,0.0,16.431676725154983
11839,-44.3204723336205,18.2942,224126.2579434,2.04726,124844.0,689.89,3.88,3.56328,3.42,4.0,2.0,,,,,,, ,0.0,0.0,0.0,1.367714958,0.0,98.63228504,0.0,0.0,0.0,0.0,16.73320053068151
11841,-44.3228422483999,9.64198,898055.6582532,1.14527,36808.8,734.01,3.89,3.55525,15.98,3.7,2.61,,,,,,, ,0.0,0.0,0.0,2.082411189,0.0,61.37431837,0.0,4.973647585,14.79705218,0.0,13.784048752090222
11848,-44.3207135433613,15.1067,284691.9536746,3.15376,158810.0,612.52,3.28,2.78977,1.39,4.0,2.0,38.0718265629885,505.768561059489,574.911599156185,13.3247420498554,17.1035912648101,, ,0.0,0.0,99.99912656,0.000873439,0.0,0.0,0.0,0.0,0.0,0.0,17.320508075688775
11853,-44.3598900814327,17.445,1823364.260255,22.8908,1331100.0,586.6,3.35,2.83856,7.34,4.0,2.0,5.11986487024002,575.889557798292,579.293361338614,16.9174203111133,33.089670259717,16.5630566666667, ,3.90488700272202,0.0,0.0,0.0,0.0,100.0,0.0,0.0,0.0,0.0,26.0
11860,-44.3363170228602,0.0,245678.761009,1.06276,43691.3,375.52,0.0,2.61998,0.0,0.0,0.0,,,,,,, ,4.93117636891861,0.450184382778994,0.0,7.987176409,0.0,12.63817375,79.37464984,0.0,0.0,0.0,0.0
11862,-44.337572682768,0.0,70351.3889554,1.27084,41089.6,373.73,0.0,2.6684,0.0,0.0,0.0,,,,,,, ,1.68640183029957,0.440649499479725,0.0,0.0,0.0,56.19473403,40.38100136,3.424264604,0.0,0.0,0.0
11864,-44.3393207421121,0.0,365724.6691563,2.08026,68724.2,373.73,0.0,2.67527,0.0,0.0,0.0,,,,,,, ,0.270836861227486,0.0095027246081271,0.0,0.0,0.0,47.41998003,3.428672109,22.86809185,26.28325601,0.0,0.0
11865,-44.3271029298948,18.9575,397504.6462303,1.29698,81958.2,379.27,3.2,2.63242,1.03,4.0,2.26,,,,,,, ,0.716590248197181,0.0,0.0,1.292757076,0.0,0.0,94.10262478,4.604618141,0.0,0.0,14.832396974191326
11910,-45.6209014751307,2.93102,1330705.093985,17.2247,168286.0,9.04,4.83,4.18667,0.26,3.22,3.09,,,,,,, ,18.5366146445904,0.0711536772100338,51.340899,30.81356063,14.2892621,0.453167698,0.0,0.0,3.103110569,0.0,30.659419433511783
11911,-45.604116142796,4.0,16832698.059025,47.9517,679699.0,10.72,4.84,4.146,6.0,3.43,2.49,19.3804652413517,575.547251171192,578.393551664276,14.9508063934595,35.5472279302098,44.9288860666667, ,22.5137018028706,0.0143588373850716,82.460931724,3.263538962,2.347236744,0.292939089,0.003088075,2.734230652,0.074174953,8.823859802000001,33.49626844888845
11914,-45.5489992730998,5.49715,4881890.7653502,1.40765,25793.5,36.58,4.45,3.67807,9.01,2.96,2.19,,,,,,, ,23.0923873389868,0.0575000422888008,94.68589308,0.0,2.903847864,0.477421399,1.384234453,0.548603203,0.0,0.0,22.360679774997898
11916,-45.5469843669008,5.73899,1800010.92227,3.62491,69344.5,16.5,4.72,3.90563,4.16,3.9,3.19,,,,,,, ,12.0864672273961,0.0557354795493932,78.80239148,15.487834266,0.983521047,4.726253214,0.0,0.0,0.0,0.0,21.633307652783937
11932,-45.430398870256,21.8419999999999,5845479.3607181,1.1127,81011.8,416.03,3.75,3.44419,4.22,3.4,2.2,,,,,,, ,3.57140320676389,0.0,41.75027828,0.356417322,0.0,46.22983281,0.0,1.869113935,0.0,0.0,14.491376746189438
11941,-45.4275051792759,18.0677999999999,1098384.9678205,2.082,125391.0,543.17,4.0,3.7778,3.04,4.33,2.66,,,,,,16.8401766, ,2.81643860883567,0.0,64.19061987,0.0,0.0,21.51392954,0.0,0.0,0.0,0.0,14.832396974191326
11983,-45.3643355938968,7.69459,138755.4475987,1.36309,34961.3,539.23,4.01,3.72423,1.63,3.0,2.0,,,,,,, ,0.181773705202913,0.0,36.62076473,0.0,0.0,0.0,0.0,0.0,63.37923527,0.0,12.649110640673518
12101,-45.2345501061905,3.08342,18211690.0193381,3.39583,2468.86,16.66,3.69,3.17452,4.3,3.0,2.03,,,,,,, ,10.3321018743303,0.23369674673329,95.46330144,0.290584487,1.519429623,0.211449422,0.151931387,2.0692080429999997,0.0,0.294095599,14.422205101855956
12107,-45.2142995909881,3.09818,18692752.4845008,9.17236,94725.5,17.45,3.75,3.30545,1.63,3.0,2.0,20.6230505622802,570.74173364119,573.944327240315,19.914001743261,39.4707117456071,, ,11.4124155036345,0.167408175669706,97.89855586600001,0.20795226,1.806675022,0.0,0.0,0.086816856,0.0,0.0,21.213203435596427
12108,-45.2006968474232,6.59996,62487.7847385,1.38944,30567.4,70.08,3.54,3.16563,1.05,3.0,2.0,,,,,,, ,12.3469137833615,0.0,100.0,0.0,0.0,0.0,0.0,0.0,0.0,0.0,14.832396974191326
12118,-45.066197008013,22.4358,669618.4261212,3.70465,277056.0,92.17,4.03,3.88507,1.15,3.0,2.0,24.81643968169,574.444968001221,578.005512634963,16.1666970357531,40.9392848122119,, ,3.26865747327955,0.0,67.24544549,0.0,32.75455451,0.0,0.0,0.0,0.0,0.0,20.248456731316587
12211,-44.8594153674436,14.492,139938.679054,2.20268,106404.0,119.22,3.41,3.17012,1.24,3.5,3.5,,,,,,, ,143.325418156015,0.986360902547388,81.69636421,7.732103027,0.0,0.0,0.0,10.57153277,0.0,0.0,19.493588689617926
12215,-44.8586557206969,8.45647,302736.2131808,1.11099,31317.0,121.23,3.42,3.1821,1.13,3.38,3.38,,,,,,, ,147.563295743595,0.985144820524494,92.25346076,3.47190075,0.0,0.0,0.0,4.274638494,0.0,0.0,14.832396974191326
12216,-44.8790695648566,17.5258,1271918.288557,31.8799,1862400.0,100.77,3.18,2.92007,0.54,3.63,3.63,4.43077497096666,578.392455819961,581.21431443341,7.56792270178718,33.596071475972,, ,8.43548807254046,0.455371035731462,65.46784567,13.66236039,7.030040114,3.023590731,4.854847594,5.961315495,0.0,0.0,33.823069050575526
12288,-44.8217694087951,0.0,10385121.5437612,1.58302,63333.4,152.17,0.0,3.46992,0.0,0.0,0.0,,,,,,, ,5.32744452579353,0.881378250850433,97.110580501,0.0,1.494879599,0.0,0.511121047,0.883418856,0.0,0.0,0.0
12307,-44.6733103699357,135.771999999999,9653498115.43716,566.643,256448000.0,218.85,5.64,5.05073,16.18,3.06,3.16,4.78361777647127,575.342575017664,580.05954858357,10.6343742651505,35.1859467613053,2.82970611571176,Lake Waitaki,1.18882095122149,0.0914549741631768,6.934838584,0.8505749730000001,1.0085929409999999,19.4740696,12.794246856000001,4.469318104,20.135873202,0.079907423,71.83313998427188
12311,-44.6619618854238,0.0,1559909.9176975,2.48632,219103.0,366.5,0.0,4.77936,0.0,0.0,0.0,,,,,,, ,13.122510306922,0.343653638847803,85.23243648,0.0,0.0,14.76756352,0.0,0.0,0.0,0.0,0.0
12327,-44.6254569738731,20.5363,49550.0410110999,1.08381,74191.2,355.08,4.71,4.27532,1.14,3.66,3.33,,,,,,, ,13.2351187080174,0.0851857817053566,100.0,0.0,0.0,0.0,0.0,0.0,0.0,0.0,13.784048752090222
12349,-44.7402762830784,23.7419,38380.3995686,1.13766,90033.8,385.0,4.2,4.00234,3.16,2.0,3.0,,,,,,, ,4.25970699345187,0.0,100.0,0.0,0.0,0.0,0.0,0.0,0.0,0.0,15.165750888103101
12351,-44.7316581485975,12.2085,121995.9149094,1.03845,42259.7,387.35,4.16,3.94182,2.74,2.0,3.0,,,,,,, ,4.27135029917457,0.0,100.0,0.0,0.0,0.0,0.0,0.0,0.0,0.0,13.416407864998739
12393,-44.9669540493255,3.01229,177630.480095,2.19745,22064.5,29.7,3.48,3.07241,0.18,4.0,4.0,,,,,,, ,0.838183977848395,0.738433644595694,26.00148562,0.0,0.0,0.0,0.0,0.0,72.12161158,1.876902797,14.142135623730951
12401,-44.9280942552757,11.0744,4675526.4678426,1.14828,42388.4,46.87,3.16,2.75068,0.45,4.0,4.0,,,,,,, ,33.3314481236676,0.831484130200745,95.02772808,0.0,4.094085713,0.0,0.87818621,0.0,0.0,0.0,16.431676725154983
12405,-44.897686105138,5.15121,223165.5332213,1.5299,26269.4,56.29,3.01,2.57825,0.51,4.0,4.0,,,,,,, ,24.3097329118689,0.996438199683951,100.0,0.0,0.0,0.0,0.0,0.0,0.0,0.0,17.320508075688775
12406,-44.8964409752785,9.53124,2205745.958883,21.7038,689548.0,58.65,2.99,2.54312,0.54,4.0,4.0,6.22469428990532,576.798923417278,581.384431469225,12.4355491128601,33.5765039405257,17.66778638333335, ,17.3234853185141,0.994928098350602,94.18187855299999,0.723157296,4.112290117,0.0,0.015358693,0.967315346,0.0,0.0,28.26658805020514
12416,-44.9086324465568,4.73066,2474886.909479,2.46667,38896.6,38.21,3.26,2.78001,0.38,4.0,4.0,,,,,,, ,19.9760396309076,0.838112861666101,93.03158158,0.0,6.968418423,0.0,0.0,0.0,0.0,0.0,18.708286933869708
12451,-44.7454685048018,0.0,1831463.8367874,2.99836,47436.9,40.6,0.0,2.90457,0.0,0.0,0.0,,,,,,, ,18.9402947067785,0.319070886686353,88.19056343,0.0,4.978280141,0.0,0.0,2.218973816,0.0,4.612182619,0.0
12455,-44.8029119384145,2.91962,293001.0504136,1.58813,15455.8,6.46,3.66,3.02849,0.06,4.0,4.0,,,,,,, ,16.4550687623521,0.988803203400917,99.87856891000001,0.0,0.121431088,0.0,0.0,0.0,0.0,0.0,16.1245154965971
12458,-44.7424978636286,2.91962,257761.5287421,1.84274,17933.7,5.3,3.7,3.07591,0.07,3.0,2.0,,,,,,, ,0.0,0.0,99.97337366,0.0,0.0,0.0,0.0,0.026626342,0.0,0.0,20.248456731316587
12466,-44.7323096436179,2.91962,298340.0056844,1.40151,13639.6,5.06,3.71,3.09572,0.06,4.0,2.0,,,,,,, ,1.79754047900396,1.0,85.03005183,10.48759699,4.482351177,0.0,0.0,0.0,0.0,0.0,18.708286933869708
12467,-44.7277798354768,2.91962,334391.3262185,5.27756,51361.7,4.7,3.72,3.08535,0.06,4.0,2.0,3.76174200923186,573.111718460972,576.31726574444,11.0093126844355,31.1140122936427,, ,1.72802512417301,1.0,70.40460186,26.25934691,0.0,0.0,0.0,0.0,3.336051229,0.0,22.0
12469,-44.6998730032514,3.0,140596047.06174,398.514,3985140.0,5.42,3.72,3.1329,4.2,3.17,2.51,10.9004041115645,566.209022059588,572.183103624989,12.9672899695339,34.2020733018217,31.947802,Wainono Lagoon,7.36245093398423,0.463416792238902,75.432984448,4.196725184999999,3.710696293,4.801164824,2.030007985,8.842527978,0.15325134499999998,0.814191192,65.75712889109438
12537,-44.5961845362466,2.93051,18638302.4189927,2.32861,22746.7,9.26,3.76,3.33135,3.23,3.11,2.03,,,,,,, ,15.4481914174223,0.745557640566827,95.31231561,0.065492984,4.206146786,0.0,0.117803537,0.290212327,0.008028762,0.0,17.233687939614086
12540,-44.5671001482918,2.83703,15826069.622857,4.11797,38942.6,17.22,3.78,3.38127,2.48,3.02,2.0,,,,,,, ,18.7083054062458,0.780004249893282,95.97854364,0.696687011,1.988659192,0.511750516,0.424121959,0.181540777,0.21869691,0.0,17.88854381999832
12563,-44.4972996212625,2.73441,109463.5497147,1.67884,15302.1,19.75,3.84,3.49685,0.25,4.0,4.0,,,,,,, ,0.0,0.0,94.71354377,0.0,0.0,0.0,0.0,3.534619628,1.751836603,0.0,16.431676725154983
12575,-44.4533294362062,3.58487,396551.9709702,3.66478,43792.5,18.43,3.9,3.5087,0.41,3.0,2.0,,,,,,, ,3.53262651305149,0.0780456323580228,87.70942103,0.0,2.635621801,0.0,0.0,0.0,1.21448289,8.440474279,17.663521732655695
12579,-44.4203482834615,3.0905,47705258.8754708,5.00608,51571.0,16.18,3.86,3.37136,2.03,3.06,2.0,14.2206883625352,579.052190995523,582.49989446369,16.3529605796722,35.0807186647935,, ,8.36766032346033,0.196987035691668,87.79064525,0.36284812,3.001888537,0.263177156,0.025761466,1.7217943629999999,0.02635407,6.80753104,20.493901531919196
12585,-38.1137489241256,7.94746,398558.7642121,1.55899,41300.0,13.59,3.68,3.82218,7.64,3.0,3.0,,,,,,, ,9.38818262332271,0.285087966548179,88.544284,3.725021837,0.292512752,0.0,0.0,7.438181406,0.0,0.0,13.784048752090222
12588,-38.0991933162767,7.77544,283880.9837705,1.20353,31193.1,14.87,3.73,3.88142,4.83,2.23,2.23,,,,,,, ,12.5433157365994,0.292909483947657,100.0,0.0,0.0,0.0,0.0,0.0,0.0,0.0,13.038404810405298
12591,-38.0370990159128,17.6033,1024866.913426,12.0266,705693.0,55.56,4.02,4.20241,4.7,2.07,3.53,34.5967586787888,571.465730403878,580.308213113345,14.1724734337047,11.4376076029498,25.1641331666667,Lake Parangi,22.3012332593459,0.01336862642752,73.18355924,0.0,4.995034757,0.0,0.008898748,0.056100801,21.75640645,0.0,24.0
12592,-38.0719967210654,2.92982,323636.9228675,1.42696,13935.8,7.79,3.68,3.78527,1.85,1.51,1.51,,,,,,, ,4.14619488356328,0.134274185088572,47.82036077,52.179639234,0.0,0.0,0.0,0.0,0.0,0.0,16.1245154965971
12670,-44.3708555698078,18.0254,2954205.2418852,1.79141,107636.0,118.02,3.63,3.41532,1.74,3.0,2.0,,,,,,, ,26.5331001578085,0.0507879616201016,97.63617255,0.0,2.363827446,0.0,0.0,0.0,0.0,0.0,16.1245154965971
12686,-44.3746987976755,0.0,4885077.4562511,1.97438,18671.2,17.92,0.0,3.17443,0.0,0.0,0.0,,,,,,, ,23.95228501404,0.393506588656372,69.16194183,0.180888886,0.415340957,0.0,0.0,0.668408499,0.0,29.573419823000002,0.0
12690,-44.3626085868858,3.23273,152214811.282577,23.0231,248091.0,14.77,3.67,3.15169,2.4,3.29,2.56,4.37226938603684,576.23432884629,580.288875354202,18.8351047945541,37.9004842839026,56.9650689999999,Washdyke Lagoon,15.162088625912,0.324366472686182,93.628897761,0.167824518,2.193146905,0.196140911,0.611881953,0.116019945,0.216689119,2.8693988970000004,35.7211421989835
12746,-38.5983943577335,14.1236999999999,824985.8606759,1.39024,65451.1,55.11,3.28,3.23648,7.65,3.0,3.0,,,,,,, ,19.5786912291621,0.0,95.49666965,0.0,0.0,0.0,0.0,4.503330346,0.0,0.0,17.60681686165901
12778,-38.4445359115645,24.8441,644451.1404542,1.79236,148432.0,293.87,3.89,4.13358,6.82,2.2,2.2,,,,,,, ,19.2901736056029,0.0032479478298379,92.1954322,1.002405053,0.0,0.0,0.0,6.802162749,0.0,0.0,13.784048752090222
12780,-38.4432047397833,23.4107999999999,319443.859536,1.06776,83324.1,296.21,3.89,4.1351,6.27,2.34,2.34,,,,,,8.91222633333333, ,19.3797341632852,0.0032479478298379,96.37209656,2.803599598,0.0,0.0,0.0,0.824303846,0.0,0.0,12.649110640673518
12820,-38.2803768138444,6.47854,85433.0060996,1.16249,25104.2,14.23,4.05,4.1682,2.26,2.0,1.0,,,,,,, ,10.6856425910973,0.128238826303768,84.62747436,4.060590459,0.0,0.0,0.0,11.31193518,0.0,0.0,14.832396974191326
12830,-38.2103092804707,8.13349,1316153.403247,18.3908,498605.0,16.04,4.43,4.64317,8.57,1.88,2.23,5.883177491002,573.89698337437,579.94032046647,10.3445134113113,27.5876498425884,5.8255943201374,Lake Harihari,5.27540552910503,0.381324324011724,66.37826737,8.243953601,0.0,0.0,0.0,25.377779037,0.0,0.0,28.460498941515414
12831,-38.1959859893785,10.0965,219545.1469776,1.97381,66428.8,36.1,4.47,4.66202,11.53,1.0,4.0,33.811816734671,556.296129761646,572.63005377562,20.3030536365657,19.7525314614596,,Lake Rototapu,3.46849934253543,0.757076789556906,0.0,5.630132703,0.0,33.29968676,0.0,60.50074882,0.56943172,0.0,17.029386365926403
12872,-38.1835268257923,7.01083,1726947.620361,22.5687,527417.0,14.92,4.46,4.68672,7.07,1.4,3.27,5.75887470957306,569.63058120554,574.776461961391,9.45340416193571,27.0685298043431,22.0751202,Lake Rotoroa,0.878246049691626,0.757076789556905,1.729577557,8.053838589,37.05156316,7.290909134,0.0,45.866456491,0.007655072,0.0,30.822070014844883
12873,-38.1788151333405,6.11603,2890104.055436,15.7606,321307.0,16.66,4.44,4.67356,4.68,1.52,3.54,3.54794235968681,573.028554956042,579.630965962065,11.6046081093988,45.0606167556743,21.4997906666667,Lake Numiti,1.1538689444831,0.757076789556905,1.379212395,7.012172752,50.722345491,10.47026581,0.0,27.491436511,2.924567041,0.0,26.457513110645905
12876,-38.164885689749,7.96046,43640136.645002,216.451,5743510.0,14.51,4.33,4.58208,9.15,1.32,3.43,20.6596850452931,565.497779142205,573.130622727728,13.3312586897262,20.3604168185358,8.955367509523803,Lake Taharoa,2.92060157069245,0.0896314221114213,42.02824649,4.661917576,14.791372668000001,1.769978042,1.012923895,34.459233483,0.8905418970000001,0.385785954,54.38749856354859
12984,-38.4650006956357,20.9913999999999,488335.2730317,1.0206,71412.7,175.22,2.67,2.73877,4.96,2.02,2.08,,,,,,, ,45.5472719744369,0.282599374937642,88.33779558,0.0,0.0,0.0,0.0,11.66220442,0.0,0.0,17.88854381999832
12988,-38.4339578620807,8.57165,62239.1957311,1.09155,31187.9,154.9,2.77,2.86798,1.91,2.0,2.0,,,,,,, ,1.98400563721316,0.0,100.0,0.0,0.0,0.0,0.0,0.0,0.0,0.0,16.431676725154983
13017,-38.4184760012644,21.3049,252388.8490207,2.00799,142600.0,219.63,2.78,2.93318,3.71,2.05,2.05,,,,,,, ,7.28210552514561,0.807580174927114,89.60268943,0.0,10.397310571999999,0.0,0.0,0.0,0.0,0.0,17.60681686165901
13126,-38.8124804833683,10.1088,115257.5468027,1.8878,63611.1,469.87,2.89,3.06043,6.51,3.0,3.0,,,,,,, ,0.313915355116419,0.0,100.0,0.0,0.0,0.0,0.0,0.0,0.0,0.0,16.431676725154983
13147,-38.8604584192124,19.3448999999999,842878.4337028,3.02836,195277.0,464.63,2.55,2.72595,5.43,2.0,2.0,,,,,,, ,10.0433227290032,0.0189413437152382,96.16941885,2.298397915,1.532183232,0.0,0.0,0.0,0.0,0.0,18.973665961010276
13148,-38.8691690738992,37.4752999999999,184232387.614314,103.04,12871500.0,445.97,2.49,2.65081,6.07,1.77,2.44,9.31725403769873,574.543671263671,577.389984029309,15.3257704373458,45.2033040747642,7.495293269841269,Lake Kuratau,4.62536527268924,0.0301257680585525,30.30530684,2.9229038810000003,28.393940295,0.394467021,0.10508361699999999,37.496342099,0.0,0.087594582,49.90991885387112
13149,-38.8596198042223,18.9289999999999,656434.795686,6.6323,418475.0,497.66,2.61,2.81481,2.51,2.0,2.38,25.5142940134329,570.316566766038,577.002972988219,18.3813108471012,30.8550359335191,, ,15.4283428819344,0.0,93.08311002,6.916889983,0.0,0.0,0.0,0.0,0.0,0.0,22.135943621178654
13222,-38.5522433433228,28.702,189922535.546762,3.74148,357959.0,115.64,2.92,2.92246,8.74,1.85,2.61,,,,,,, ,9.94158056849268,0.164501602461074,67.08095895,0.141755325,2.7732991520000003,3.76147735,0.475136354,25.710448277,0.00317898,0.053745616,27.422618401604176
13268,-38.3000191671583,24.0824,967436.6359217,1.04873,84185.9,370.0,3.49,3.54463,4.46,2.0,2.0,,,,,,, ,15.2057592909554,0.958106644126716,100.0,0.0,0.0,0.0,0.0,0.0,0.0,0.0,14.491376746189438
13276,-38.8754950667997,29.2626999999999,150913619.834606,15.1307,1475880.0,415.02,3.2,3.12356,7.88,1.41,2.92,5.53461137765613,572.597484913846,578.249626543875,16.5198153286746,43.5897559423989,5.55598233333333, ,0.0,0.0,0.0,0.330127328,32.156560424,0.014709791,0.0,66.82534191,0.041814086,0.6314464569999999,26.832815729997478
13277,-38.8941031743576,19.7638,129120957.569058,21.7655,1433900.0,497.94,3.37,3.29286,7.98,1.41,2.89,36.3824437221257,562.53225617129,576.408849152178,13.1212980301935,12.4888848549205,20.8738359666667,Lake Hinemaiaia,0.0,0.0,0.0,0.385776211,26.486491881,0.017189391,0.0,72.492190397,0.0488626,0.569489523,29.32575659723036
13278,-38.8076558484271,43.9084,4455173.86959,34.1757,5002000.0,355.63,3.32,3.17441,5.32,1.0,3.35,34.9759749176936,557.745773282251,575.492313705359,9.76121274339742,10.5231615334161,18.6966233333333,Lake Rotongaio,0.0,0.0,0.0,0.339128535,30.523423809,0.155156673,0.0,68.959652376,0.0,0.022638612,33.58571124749333
13281,-38.7837747349489,0.0,326180.350852,1.2458,42941.2,679.86,0.0,3.9292,0.0,0.0,0.0,,,,,,, ,0.0,0.0,0.0,6.096212022,73.8328929,0.0,0.0,0.0,0.0,20.07089508,0.0
13282,-38.7824081533781,0.0,933753.3178117,3.31566,86262.6,679.79,0.0,3.92648,0.0,0.0,0.0,,,,,,, ,0.0,0.0,0.0,6.980806123,85.37464486,0.0,0.0,0.0,0.0,7.644549013,0.0
13284,-38.7367061441396,13.7924,456401.2822444,3.6293,166855.0,681.26,4.08,3.95445,1.19,1.0,4.0,,,,,,,Pukuriri Lagoon,0.0,0.0,0.0,10.80511652,89.19488348,0.0,0.0,0.0,0.0,0.0,18.708286933869708
13309,-39.7201434726731,4.91069,54188.7257179999,1.00958,16525.8,53.36,5.31,5.00407,1.19,5.0,2.0,,,,,,, ,23.9196471348081,0.834036691672462,100.0,0.0,0.0,0.0,0.0,0.0,0.0,0.0,13.784048752090222
13311,-39.7095542710652,0.0,1686523.3182966,1.4551,48676.6,58.36,0.0,4.95562,0.0,0.0,0.0,,,,,,, ,11.163956272917,0.872372862489953,92.37988706,3.083214558,0.0,0.0,0.0,4.536898383,0.0,0.0,0.0
13328,-39.7227973790927,9.96738,5735005.393894,1.14361,37996.1,33.89,5.13,4.84394,2.8,5.0,2.0,,,,,,, ,17.2607401979584,0.98093650735126,88.03483761,0.343852222,8.29760423,0.117974917,0.0,3.2057310219999997,0.0,0.0,17.320508075688775
13436,-40.1164783965139,5.19179,69231.1465316,1.34039,23196.7,50.88,4.81,4.45607,0.66,3.0,4.0,,,,,,, ,13.6953457849808,0.536746722640254,100.0,0.0,0.0,0.0,0.0,0.0,0.0,0.0,14.491376746189438
13437,-40.1227542166059,11.8003,781099.3280674,6.79548,267296.0,105.83,4.92,4.56752,1.19,2.08,1.24,24.1795064782851,567.169492645402,576.453330636653,16.5794913596115,19.7967052421114,13.078245,Lake William,25.0074238711594,0.0003792189019242,90.690666379,0.026514628,5.767011039,3.515807958,0.0,0.0,0.0,0.0,27.129319932501073
13438,-40.1150280556266,23.3785999999999,7426826.202248,7.95653,620041.0,79.43,4.84,4.49392,1.24,2.41,2.23,11.1592627421294,575.174705910843,578.075256825079,14.8968877345895,29.9692782234476,13.07721128860625,Lake Bernard,10.6104774746351,0.163857270919771,65.476827196,4.511038403,11.677623853,13.28966306,0.035061863,4.502732788,0.0,0.50705284,24.979991993593593
13442,-40.099803240197,8.61209,58462.3437455999,1.52379,43743.5,99.61,4.82,4.49544,0.46,2.5,2.5,,,,,,, ,0.175518850532841,0.536746722640254,1.788126555,5.300391042,59.71560611,0.0,0.0,33.19587629,0.0,0.0,15.491933384829668
13443,-40.0921667107555,8.44708,530388.1135234,6.66797,187750.0,79.98,4.78,4.45084,0.55,2.89,3.69,19.2622751314058,568.336881855456,575.639780345359,10.5700720801407,17.6709558344091,19.5363455,Lake Vipan,0.777726870825565,0.536746722640254,5.979657762,1.385152367,90.45945054,0.0,0.0,2.175739331,0.0,0.0,22.58317958127243
13444,-40.094725810694,17.838,551201.5494275,2.62805,156264.0,80.0,4.78,4.44759,1.43,2.29,1.88,,,,,,, ,9.33588156532568,0.536746722640254,65.34289569,7.854763183,19.631780956,0.0,6.027138914,1.143421256,0.0,0.0,18.708286933869708
13446,-40.1076267587184,11.6831999999999,9712104.649338,14.4324,562056.0,97.24,4.83,4.50586,0.86,2.0,1.02,3.58954392308033,572.379993494118,575.849324697918,10.2904492628681,37.0569967801155,16.701236,Lake Heaton,26.4668544849399,0.0861164867523452,94.71706026999999,0.359346921,1.766514428,0.469874321,0.366415657,1.7203816219999999,0.0,0.600406777,25.92296279363144
13447,-40.1005287296584,19.7186999999999,1915192.6305844,7.83683,515106.0,91.85,4.81,4.49307,0.97,2.02,1.08,21.4074184506465,572.052238224853,575.653544855108,11.0280613688341,28.256902618529,11.8666413333333,Lake Dudding,24.0874143528251,0.229567557835092,94.338390887,0.294259925,3.094257174,0.0,0.865986212,0.448325114,0.0,0.958780684,24.454038521274967
13456,-40.1339955276056,9.13887,2501181.522183,11.8644,361424.0,116.25,4.94,4.59572,0.81,2.15,1.47,4.93608986424492,575.01877893664,578.662173210112,13.9917761562918,39.2449230377238,,Lake Alice,3.24092913609119,0.221936050392849,76.333258763,11.09649163,0.55930529,6.474810303,0.0,3.954936125,0.0,1.581197882,26.739483914241877
13457,-40.1282753873728,8.51938,157367.7967208,2.04971,58207.4,119.41,4.92,4.57832,0.55,2.0,1.0,,,,,,,Lake Hickson,0.309748716814167,0.0,44.8416282,10.23647067,2.199143755,29.21014784,0.0,13.51260954,0.0,0.0,17.029386365926403
13463,-34.9507672751228,4.74628,1158772.9533198,3.05334,48306.8,39.99,5.21,5.43025,1.89,1.0,3.98,,,,,,, ,0.366659869350983,0.457546841953709,0.353003052,13.61880903,83.46532983,1.150033965,0.0,1.412824124,0.0,0.0,20.73644135332772
13466,-34.9434146918855,11.297,2519188.4621073,6.94217,261419.0,35.85,5.18,5.37582,1.22,1.0,3.55,3.38966921707212,575.797606304436,578.194464393807,20.8467913456396,24.7874469856211,, ,5.10187820947226,0.457546841953709,21.05005513,10.22099424,65.44938927,0.546929635,0.0,2.732631723,0.0,0.0,26.153393661244042
13467,-34.9443360134953,6.0,8120412.107803,108.577,2171540.0,31.26,5.13,5.32531,1.35,0.97,3.23,25.0011129866907,560.721557807761,571.250409170182,12.4073805686201,16.2738748598416,13.2467083333333,Lake Waiparera,7.55316948827268,0.457546841953709,35.97260052,11.07010567,48.48601254,0.520010401,1.698716556,2.2525543150000003,0.0,0.0,38.07886552931954
13552,-38.6539544995607,19.8816999999999,419817.211648,1.63248,108188.0,454.08,3.17,3.3536,4.74,1.0,3.02,,,,,,, ,0.0,0.0,0.0,0.0,79.05798132,0.0,0.0,20.942018678,0.0,0.0,22.360679774997898
13577,-38.5782980611735,25.5673999999999,1803872.2857371,2.79634,238317.0,275.72,2.88,2.98623,8.4,1.45,2.98,,,,,,, ,1.23023982981695,0.453750140769637,93.59324127,0.0,0.002855545,0.598293869,0.0,5.805609319,0.0,0.0,17.320508075688775
13687,-38.3062127091836,6.85859,542201.2410207,1.45595,33285.9,58.87,2.57,2.68319,5.86,2.66,2.62,,,,,,, ,9.95922104392294,0.752576975681356,96.13033908,0.0,0.530980704,0.0,0.0,3.338680217,0.0,0.0,17.320508075688775
13736,-38.3671766032472,11.8065,84729.4825362,1.17871,46388.1,257.89,2.75,2.95413,0.77,2.0,2.0,,,,,,,Lake Rotokotuku,5.62231020615268,0.525216855882442,36.2747747,57.74750862,5.977716674,0.0,0.0,0.0,0.0,0.0,17.320508075688775
13764,-38.3756333712693,12.161,250388.1564136,3.6929,149698.0,370.85,2.82,2.97263,1.46,2.0,2.0,7.07079975403682,576.27244011061,579.954111964493,13.5745201637696,32.7134588158295,39.683340190476144, ,12.6075491182826,0.144678061225298,93.4127746,0.0,0.0,0.0,0.0,6.587225405,0.0,0.0,18.973665961010276
13768,-38.297962294108,21.2239,235652.0907996,1.23039,87045.4,196.25,2.49,2.53646,5.5,2.0,2.0,,,,,,, ,14.7741354642123,0.144678061225298,88.96307095,0.0,0.0,0.0,0.0,11.03692905,0.0,0.0,16.431676725154983
13832,-38.4761950107124,17.8592,222899.3846453,1.12174,66778.3,581.94,3.3,3.4938,2.57,1.0,3.0,,,,,,, ,6.97462912024417,0.148798795569416,55.90651618,0.0,44.09348382,0.0,0.0,0.0,0.0,0.0,16.431676725154983
13833,-38.4681517055505,18.596,120610.564315,1.52131,94301.2,563.89,3.28,3.48667,2.77,1.0,3.0,,,,,,, ,11.5007286666025,0.148798795569416,99.88176752,0.0,0.0,0.0,0.0,0.118232476,0.0,0.0,17.60681686165901
13837,-38.4272999732118,13.6156,3208954.2860485,1.57841,71636.6,536.53,3.27,3.46365,3.46,2.0,2.0,,,,,,, ,0.0,0.0,0.0,0.0,0.32611064,0.0,0.0,99.673889356,0.0,0.0,17.60681686165901
13857,-38.3093628052716,39.5480999999999,6779362785.22577,116.447,15350900.0,131.32,2.88,2.84418,6.49,1.49,2.76,2.62559828404403,578.021767127107,580.413371003972,11.2829597695805,34.3537911309325,8.31110333333334,Lake Waipapa,4.93947810165554,0.70382095631928,34.887933312,0.787216264,29.750752041,0.567691845,0.691752071,27.701054767,1.288268973,0.846233776,48.46648326421054
13863,-38.4211954768464,21.0377,69617443.574453,1.14922,80589.8,222.48,2.84,2.85967,4.94,1.54,2.49,,,,,,, ,18.0149345230346,0.714260729147915,84.303546221,0.020502081,6.513434525,0.0,0.10574394200000001,8.955781873,0.0,0.100991357,13.784048752090222
13873,-38.4283317602996,186.164999999999,5867311767.80532,538.421,334116000.0,223.44,2.98,3.0231,6.59,1.47,2.81,6.48532203067909,578.715506000844,580.959843025653,17.2258820078751,42.7613196592293,8.73379499999999,Lake Whakamaru,4.45454689217702,0.674716968331093,34.176317467,0.857725293,30.249266956,0.475331135,0.764594209,26.987070315000004,1.502250571,0.8997157689999999,57.34980383575867
13876,-38.366688266425,73.7193999999999,6527061681.13012,400.151,98329700.0,195.44,2.92,2.89854,6.5,1.48,2.78,2.32244285530182,582.775476259633,584.560531350956,15.3294845751919,44.5599986407325,7.79397666666667,Lake Maraetai,5.00315088365577,0.705833499961937,35.285981444,0.7808816599999999,30.022464132,0.569019421,0.705660541,26.782020727000003,1.3441876830000001,0.879565858,65.72670690061993
13877,-38.3767427996074,38.5097999999999,28129581.645355,17.982,2308280.0,195.91,2.93,2.92871,7.71,1.83,2.16,9.75250007391834,573.288192046498,576.338091407812,16.1326214772381,45.63546552536,13.87346,Lake Maraetai,2.71097430281207,0.999570021602485,15.75355918,0.152891094,75.96309854399999,6.731213886,0.712103741,0.455099429,0.0,0.232034127,27.129319932501073
13882,-38.3125471767492,23.6128,14612050.5165653,1.35208,106421.0,302.52,3.37,3.40967,2.95,2.0,2.0,7.57966621259577,578.052058742585,580.907025844974,11.8529241060221,29.8476150336042,, ,4.70247816866208,0.992412442244335,15.27964902,0.026678413,61.429583230000006,6.254743647,0.0,0.854603132,1.459780421,14.694962139,15.165750888103101
13883,-38.3024472525752,25.8642,13328280.1992975,7.85188,676942.0,335.24,3.48,3.54759,2.74,2.0,2.0,,,,,,, ,5.18119956318004,0.992412442244335,16.85161944,0.029423089,58.08113161,6.278558547,0.0,0.942524709,1.6099626429999998,16.206779967,22.759613353482084
13886,-38.2885886983005,24.4683999999999,312542.545516,2.68861,219287.0,388.01,3.59,3.7019,2.01,2.0,2.0,,,,,,, ,0.0,0.0,0.0,0.0,70.24894628,8.003440418,0.0,0.0,21.7476133,0.0,15.811388300841896
13904,-38.6106479141386,18.12,11772406.5561559,2.23704,135117.0,474.67,3.14,3.29698,3.36,1.41,2.83,,,,,,, ,17.2283142378849,0.52662617803532,81.41698835,0.772944446,9.660820642000001,7.460127797,0.0,0.689118761,0.0,0.0,17.029386365926403
13907,-38.620686599656,24.4045999999999,38618169.5996014,1.49243,121407.0,361.22,2.86,2.84597,4.48,1.4,2.9,,,,,,, ,11.1477797881119,0.511909158642706,82.857956416,0.235017191,8.547917037,2.904294531,1.383036535,3.787256095,0.0,0.284522196,16.431676725154983
13909,-38.6203871063497,52.3808,3560229523.41263,45.0175,7860170.0,336.11,2.83,2.75756,7.08,1.61,2.73,,,,,,4.97309205590062,Lake Aratiatia,1.72502844132833,0.233887454687394,18.264845977,1.101978779,25.920877534,0.392298855,0.9534414059999999,42.056334109,2.633519598,1.4124962779999999,31.937438845342623
13915,-38.6312538995503,41.7194,11552981.570204,65.4441,9100970.0,335.68,3.11,2.87546,2.5,1.21,3.03,6.70331482070024,569.287417006199,575.82036356188,13.3046979008983,32.9200608803389,80.8302432666667,Lake Rotokawa,23.2074181875537,0.830990976863921,80.49372847,1.326658024,7.12538419,0.0,0.029542694,9.308839125999999,1.715847495,0.0,34.9857113690718
13930,-38.4884419012495,7.72846,12230328.5703384,1.39088,35831.1,530.86,3.43,3.54703,6.45,1.1,3.06,,,,,,, ,0.0,0.0,71.14979489,0.0,20.30371594,0.357951751,0.0,8.188537419000001,0.0,0.0,21.447610589527216
13941,-38.597378443116,13.529,381878.4096897,1.31895,59480.2,299.95,3.26,2.89988,0.4,2.0,3.0,,,,,,, ,14.6458772799201,0.99947269019862,99.999999996,0.0,0.0,0.0,0.0,0.0,0.0,0.0,15.811388300841896
13950,-38.5389322049204,9.36633,313736.0038364,3.87409,120953.0,296.41,3.48,3.11157,0.48,1.08,3.0,,,,,,30.6497892333334, ,12.9444242700272,0.981939921047178,77.47495763,22.24933984,0.0,0.0,0.0,0.275702532,0.0,0.0,16.73320053068151
13957,-38.3838117152469,159.276,5358760608.82553,203.277,107924000.0,259.94,3.16,3.02671,6.51,1.47,2.84,16.2607538270488,570.735383063812,573.763074120316,15.7100445196792,37.6578338901171,7.008988,Lake Atiamuri,4.1956944550479,0.650631440716852,33.147904221,0.9020220069999999,28.266991454,0.437724066,0.820924546,29.276379964,1.65273947,0.9747131680000001,49.193495504995376
13970,-38.4136395959621,193.953,5058321158.11722,938.846,606974000.0,290.5,3.86,3.79473,6.46,1.48,2.85,12.3405871299956,578.268064790214,580.148681963065,11.168796832829,31.2833538625437,4.99677533333333,Lake Ohakuri,3.9426232740111,0.63128773797199,31.832656757000002,0.942857111,27.949429051,0.449097589,0.8074588070000001,30.379057612,1.767513444,1.037396793,81.7312669668102
14011,-38.3642868468957,19.7887999999999,113165.0354116,1.13017,74548.9,296.59,3.8,3.64028,0.69,1.77,3.0,,,,,,, ,9.57832979543821,0.939023347301804,97.74171061,2.258289395,0.0,0.0,0.0,0.0,0.0,0.0,14.142135623730951
14071,-38.3328984971676,14.5919,251029.0763735,3.10278,150918.0,492.45,4.01,3.93212,1.03,1.0,3.0,18.9231785272594,560.699484756593,568.992096113074,14.8161252404277,28.7557051325647,9.930361198412696,Lake Tutaeinanga,8.8395904308855,0.549430636184742,95.05816698,0.0,0.0,0.0,0.0,4.94183302,0.0,0.0,18.16590212458495
14082,-38.3653789143763,23.8525999999999,2117073.0040567,6.96652,553899.0,316.91,3.6,3.34223,4.5,1.4,2.98,25.3604447490578,566.160454099255,571.761472171203,14.7037935881526,34.5348765834802,66.3068033333333, ,0.0510796352193869,0.90834334872541,0.576522957,0.712675216,63.50886336,0.0,0.0,33.54313975,1.65879871,0.0,22.58317958127243
14092,-38.1884789498317,8.98333,1297744.5532849,1.19145,35677.3,31.33,2.51,2.50585,3.18,2.0,1.43,,,,,,, ,0.0,0.0,46.99612686,0.0,0.050649423,0.0,0.0,0.0,0.0,52.95322372,21.213203435596427
14121,-38.133456039117,17.3171,284658.2101187,1.62905,94034.6,65.71,2.38,2.31357,2.34,2.0,1.92,,,,,,, ,24.1872476972186,0.948505783854683,98.16289376,0.0,0.105775167,0.0,0.0,1.731331076,0.0,0.0,21.213203435596427
14146,-38.1114697644213,15.9854,1961726.050458,1.63752,87254.5,58.86,2.3,2.22413,6.45,2.0,1.86,,,,,,, ,30.9765072721155,0.979512684415096,89.45270091,0.0,0.296236894,0.0,0.0,10.251062194,0.0,0.0,16.431676725154983
14150,-38.048668233918,2.99076,620105.9249507,1.06833,10650.4,18.81,3.58,3.68165,2.07,1.54,1.31,,,,,,, ,4.24488909477148,0.0,68.76093767,15.61230171,0.0,0.0,0.0,15.626760625,0.0,0.0,16.431676725154983
14157,-38.3606339614584,26.6953999999999,705663.7862834,3.57926,318499.0,337.68,3.64,3.42694,5.52,1.12,3.0,7.09022819626529,574.519063927223,578.946805570026,14.1884124946643,36.1120662600051,,Lake Whangioterangi (Echo Lake),0.0,0.0,0.0,0.0,97.816511483,0.0,0.0,2.183488518,0.0,0.0,22.737634001804146
14179,-38.3388642968625,19.007,6809329.55416,21.3051,1349820.0,477.39,3.97,3.88119,7.1,1.0,3.03,30.6601182247425,525.453183690539,571.009349025438,8.08569712210768,14.3071221889059,8.065118,Lake Ngapouri,9.5136021114055,0.551880015704506,79.37997907,0.760722561,15.813710315,1.319765041,0.305976237,2.419846778,0.0,0.0,26.720778431774775
14204,-38.3222882776988,21.0848,1233870.3506182,1.32491,93117.8,424.39,3.75,3.5955,11.86,1.03,2.96,,,,,,,Ngakoro,1.97588470515842,0.536493179967899,11.91283952,1.022203033,86.63000707,0.0,0.0,0.434950381,0.0,0.0,21.6794833886788
14205,-38.3223366276709,23.2418,11187217.9062455,2.59826,201294.0,397.52,3.7,3.58415,6.25,1.88,2.17,21.5608354618697,567.336329887267,570.494831688819,18.6167798870765,41.7294501313614,60.0392648666667,Rotowhero (Green Lake),13.6390181027297,0.744793950303482,62.83806425,1.826076692,20.40819506,1.735912032,0.453350772,12.738401185999999,0.0,0.0,20.97617696340303
14208,-38.3151790663206,23.177,7368316.1397633,8.42411,650819.0,412.97,3.73,3.57317,5.33,1.91,2.08,16.2054895340839,498.708482395361,526.909229024741,3.5388238242078,16.531789685244,17.33640333333335,Lake Ngahewa,16.7025258796343,0.796744747775387,70.88137399,2.803714269,15.38117022,2.665277617,0.48141961200000005,7.787044288000001,0.0,0.0,22.58317958127243
14262,-38.2881247146483,19.0719999999999,1579491.6824371,1.90003,120791.0,455.61,3.7,3.57413,4.96,2.88,1.11,,,,,,, ,21.577114652519,0.875682501665508,82.7021702,1.660501518,13.63376763,0.0,0.0,2.0035606550000002,0.0,0.0,19.493588689617926
14282,-38.2806935774414,22.3307,321775.4985785,1.25428,93362.7,437.0,3.67,3.50968,6.23,2.74,1.25,,,,,,, ,14.4620851323233,0.33142094187379,79.9265775,4.469167155,8.96563748,0.0,0.0,6.638617868,0.0,0.0,18.439088914585774
14290,-38.2987306859016,18.0,4737206.087893,30.1357,1808140.0,419.72,3.57,3.39192,4.04,2.63,1.33,7.44393311336914,494.079615434922,501.694437767542,3.69508611402575,18.1564489767092,7.382762932052975,Lake Okaro,20.1706704249207,0.828764749253078,85.82484725,1.947721282,8.01526949,0.0,0.0,4.212161977,0.0,0.0,26.720778431774775
14291,-38.2836555253961,24.8426,676445.7103928,3.00161,248559.0,378.15,3.46,3.27013,6.68,2.03,1.96,29.49351872437,565.955061157761,581.963484481644,17.8033303324003,28.8321841369359,,Frying Pan Lake,0.0390363789698265,0.235039857850146,0.23996847,0.0,4.098255697,0.0,0.0,95.66177583500001,0.0,0.0,22.360679774997898
14334,-38.0319556783709,23.4708,9389246.2236757,1.67373,130946.0,170.53,3.23,3.3614,15.9,3.61,3.61,29.7770981239818,569.145168729991,574.572538274101,19.8626040075014,36.6169660895236,7.738728833333324, ,0.945854137727249,0.783528062905385,7.102053192,0.0,4.480020274,0.0,0.0,88.41792653,0.0,0.0,21.908902300206645
14343,-37.9046085974916,21.2441,129167.6992589,2.65461,187983.0,210.15,4.04,4.2228,3.58,2.0,2.5,,,,,,, ,10.2969231145277,0.0216075086092417,98.28782971,0.0,0.0,0.0,0.0,0.0,1.712170292,0.0,21.908902300206645
14405,-37.9332372231571,9.44544999999999,1835135.073947,14.588,459301.0,36.71,2.95,2.90965,1.71,2.46,3.01,26.9014103118354,526.29684408863,564.399684562496,10.8387733892801,16.5509044357449,36.935515,Lake Mangakaware,13.7725977244266,0.987535956654853,94.27142978,1.132319221,0.0,0.0,0.0,4.596250994,0.0,0.0,27.110883423451916
14406,-37.954090273918,4.0,20800822.04904,91.7542,1223390.0,36.65,2.81,2.74807,2.18,1.41,1.47,24.5414067395439,573.288981668349,578.889435462815,15.701387871124,32.6828281168778,48.8262130166667,Lake Ngaroto,24.6105561129587,0.933819850804638,93.728970032,0.313748846,0.416105577,0.0,0.0,3.173417939,0.0,2.367757609,42.33202097703345
14407,-37.9432153457102,8.95715,4743266.6740327,3.27923,97908.5,35.5,2.82,2.77159,1.36,1.22,1.23,25.6313501610697,568.932620862362,576.504945044738,24.2144927145133,38.5180023441303,37.91270175000005,Lake Ngarotoiti,23.9771288576868,0.811137550457145,90.694617,0.0,0.817618154,0.0,0.0,0.822183946,0.0,7.665580904,18.973665961010276
14408,-37.927218187576,10.3301,1571460.619594,11.8026,406409.0,37.34,2.85,2.78719,1.8,2.19,2.51,32.5976337921894,525.066429833902,569.939795691467,18.592484627388,12.6926222273876,26.4160403333333,Lake Ruatuna,28.7954918911705,0.966223514201479,97.49948085,0.0,0.0,0.0,0.0,2.500519152,0.0,0.0,22.80350850198276
14418,-37.8793565261454,6.87816,2639309.9672861,7.93788,181993.0,38.03,3.08,3.02309,0.38,1.08,1.08,15.9152154323639,567.566473586359,575.174082262869,20.7573675152223,35.2864412766337,60.6995063,Lake Mangahia,21.0048126486029,0.993125197050579,96.661749521,2.281125723,0.0,0.0,0.0,0.462630739,0.0,0.594494013,22.360679774997898
14420,-37.88510133542,7.30491,604511.4890931,2.28184,55562.1,45.97,3.02,2.96768,1.24,1.65,1.65,,,,,,, ,18.1567717114062,0.929702278965618,91.8510536,0.0,0.0,0.0,0.0,7.253094913,0.0,0.895851494,16.73320053068151
14422,-37.886011048613,7.0,2929477.129585,17.8428,416333.0,56.08,2.86,2.78429,0.48,1.15,1.15,15.8518333376788,568.861694880752,575.122218169443,17.0276088518044,36.0141937192285,8.121437777777775,Maratoto,11.7008901070899,0.734327181692962,83.70524048,5.150001412,0.0,0.0,0.0,11.1447581,0.0,0.0,27.49545416973504
14423,-37.9653814921329,11.9964999999999,868236.0131419,1.09433,43760.1,58.35,2.82,2.7665,2.37,1.18,1.18,,,,,,,Lake Rotopataka,13.7813096840039,0.854380289904746,91.58302284,0.0,0.0,0.0,0.0,4.573613425,0.0,3.843363734,22.58317958127243
14424,-37.9505724145695,11.9964999999999,225025.8446976,1.42991,57179.7,58.57,2.83,2.78945,2.12,1.0,1.0,,,,,,,Lake Serpentine E,10.3232063220896,0.847009521461806,74.45194615,7.444991256,0.0,0.0,0.0,18.103062594,0.0,0.0,16.431676725154983
14425,-37.9492908210091,4.0,894715.7251772,4.28141,57085.4,57.82,2.83,2.78785,1.93,1.0,1.0,,,,,,,Lake Serpentine W,11.3435179898975,0.850966351884679,81.59568261,12.92108467,0.0,0.0,0.0,5.483232713,0.0,0.0,20.199009876724155
14426,-37.9419497107132,11.7613,581279.6849847,4.63546,181730.0,53.53,2.84,2.79526,2.62,1.0,1.0,33.4767523458536,555.000641889237,570.672989936363,12.3417541965451,16.2364747736218,11.6126163333333,Lake Serpentine N,14.3490282187134,0.580499563878396,94.2054222,5.794577797,0.0,0.0,0.0,0.0,0.0,0.0,17.320508075688775
14427,-37.92868107835,5.37515,842835.9657956,6.11654,109591.0,58.39,2.85,2.80829,0.65,1.0,1.0,24.7692271212918,566.989056822008,574.657385047156,19.9775751417124,30.8003678912507,22.9065333333333, ,18.4201904805843,0.0,94.66746863,1.224811447,0.0,0.0,0.0,4.107719918,0.0,0.0,20.73644135332772
14428,-37.9257124058547,8.69999999999999,800133.299505,13.6391,218225.0,58.28,2.87,2.81996,1.02,1.01,1.01,37.2657744816429,551.560706151665,572.158217980494,16.8275039704946,23.9870023760615,13.958608666666647,Lake Rotomanuka,59.3075758903898,0.874449224376621,80.41903075,12.23954422,0.0,0.0,0.0,0.0,0.0,7.341425024,24.899799195977465
14430,-38.2707793917988,13.031,670201.2165317,1.26843,55096.3,327.17,2.88,3.00261,4.9,2.0,2.0,,,,,,, ,6.99524076431282,0.411235821604608,62.14697431,0.0,0.0,0.0,0.0,37.85302569,0.0,0.0,20.248456731316587
14436,-38.2450515467179,12.8950999999999,242818.195396,2.03196,87340.7,295.21,2.85,2.88257,6.55,2.0,2.0,,,,,,, ,9.68902704932329,0.11653576312478,85.76725243,0.0,0.0,0.0,14.23274757,0.0,0.0,0.0,20.248456731316587
14450,-38.2056040342507,21.2312,354833.3761515,1.61531,114317.0,176.52,2.65,2.66783,5.45,1.48,2.74,,,,,,, ,12.070837927802,0.11653576312478,100.0,0.0,0.0,0.0,0.0,0.0,0.0,0.0,19.748417658131498
14464,-38.2533194810888,12.8280999999999,246679.5278621,3.4058,145633.0,367.45,3.1,3.19403,2.3,2.0,2.0,5.15221616358893,572.730538968246,575.621548306477,12.3410232370346,27.2083195915931,25.9194103809524, ,17.2654280634049,0.722963215888801,86.27301628,0.0,0.0,0.0,0.0,13.72698372,0.0,0.0,19.748417658131498
14472,-38.2419132174049,9.59346,163922.5866072,1.70726,54595.2,359.92,3.13,3.20028,0.69,2.0,2.0,,,,,,, ,20.5124567445369,0.722963215888801,100.0,0.0,0.0,0.0,0.0,0.0,0.0,0.0,18.973665961010276
14541,-38.1308031640896,21.1595,1625391.5654,6.07256,428307.0,150.61,2.77,2.77316,3.28,2.0,1.63,22.6399154783703,567.672570325443,572.144214601828,12.7377268884278,9.44942104193782,48.3183275,Lake Rotongata,23.4543476072073,0.91007752776811,96.30773149,0.0,1.090359124,1.265157074,0.0,1.336752308,0.0,0.0,23.916521486202797
14542,-38.1467695969011,20.9552,327343.7855507,1.56601,109387.0,176.29,2.84,2.83475,4.22,1.32,2.67,,,,,,, ,19.4851528617448,0.91981977538908,79.45605991,0.0,20.54394009,0.0,0.0,0.0,0.0,0.0,14.832396974191326
14546,-38.1514187705843,94.0373,7031846237.02708,827.476,259379000.0,111.96,2.93,2.92787,6.48,1.5,2.73,15.5179527656454,561.388651725565,572.193322959116,13.8298856098522,28.0731234882928,10.5880515,Lake Arapuni,5.1869406502096,0.706765770491107,35.876282933,0.768927634,29.519707021,0.591420746,0.672699393,27.160408874999998,1.2450427750000002,0.8158464619999999,81.89627586160435
14559,-38.0974794261015,22.6338,5517335.2240098,1.72517,130157.0,120.71,2.79,2.82915,1.91,2.0,3.09,,,,,,, ,22.5973945326997,0.87129076401716,99.001245247,0.0,0.998754748,0.0,0.0,0.0,0.0,0.0,14.142135623730951
14562,-38.092465358419,21.4121999999999,7411707.7645868,2.62835,187596.0,117.69,2.79,2.84093,1.95,2.0,3.19,,,,,,, ,20.8427548450479,0.858325201708997,99.017922094,0.0,0.982077909,0.0,0.0,0.0,0.0,0.0,17.320508075688775
14573,-38.0759055108067,10.2764,1593862.3740744,1.55864,53390.8,132.13,2.91,2.93344,1.79,1.65,2.58,,,,,,, ,14.4399639683768,0.985507649676517,100.0,0.0,0.0,0.0,0.0,0.0,0.0,0.0,14.832396974191326
14586,-38.2367003759576,20.3853,26450094.0804585,7.88595,535859.0,331.1,3.21,3.26769,2.66,2.0,2.17,21.7473488207185,571.539751759689,576.348871852169,15.6148078324536,32.6997088177152,17.37794033333335,Lake Moananui,17.9216609294258,0.989734695482295,82.385069375,0.0,10.807958308,0.036909865,0.323986168,0.375905639,0.0,6.07017065,26.229754097208
14587,-38.2114698134058,23.6467999999999,292947.4931893,1.00489,79208.3,299.7,3.13,3.15392,2.89,2.0,2.0,,,,,,, ,17.288838489339,0.996506734424762,84.41326603,4.872599757,10.71413422,0.0,0.0,0.0,0.0,0.0,13.038404810405298
14631,-38.1278878837622,25.4976999999999,1867124.5757458,2.34624,199413.0,314.64,3.31,3.36996,12.5,2.0,2.0,,,,,,, ,0.0,0.0,0.0,10.17706825,89.81242128,0.0,0.0,0.010510471,0.0,0.0,16.431676725154983
14657,-38.020529202372,21.8048,724477.2006237,1.73403,126034.0,139.86,2.91,2.98429,5.81,2.0,2.0,,,,,,, ,11.0446452073848,0.942097735704558,79.08940491,0.0,8.666280122,0.0,0.0,12.244314967000001,0.0,0.0,16.73320053068151
14661,-38.0429102718269,18.1962,5795440.711354,1.23626,74984.4,100.0,2.77,2.80878,5.84,2.29,2.78,,,,,,, ,12.5610940337903,0.953319013424699,88.345647732,0.5170094,1.538301389,0.044664881,0.0,9.554376597,0.0,0.0,17.60681686165901
14678,-38.0186383766257,22.614,780421.7833938,1.46796,110655.0,131.75,2.97,2.99288,6.63,2.0,2.0,,,,,,, ,6.65400203542383,0.959646838415945,32.79985871,3.943020542,63.25712075,0.0,0.0,0.0,0.0,0.0,16.431676725154983
14680,-37.9643218393965,78.7757,7861592312.19386,769.612,202089000.0,56.2,3.07,3.16298,6.29,1.56,2.68,2.01818694649176,577.031804267393,579.033401621402,9.78484155454259,39.8001986905851,10.2244623333333,Lake Karapiro,6.10340591340291,0.759804040345793,39.768282104,0.698219876,28.450463313,0.572669453,0.6382051820000001,24.888309106999998,1.109987198,0.89231119,62.048368229954285
14718,-37.9416450774061,15.9803999999999,25041561.4769297,9.07806,483570.0,57.31,3.04,3.05104,7.13,2.27,2.51,14.865566268384,581.94694492185,583.161475996142,13.3909080307314,44.080988412516,16.6001633333333, ,11.3163737423704,0.69283881724784,0.0,0.0,0.0,0.0,0.0,100.0,0.0,0.0,20.904544960366874
14720,-37.8887648838945,11.6663,3729578.6222601,4.60129,178934.0,56.07,3.09,3.06669,0.69,1.95,3.85,30.0294109850724,568.860514407565,575.881390465716,19.8329486654191,21.2349461581256,65.93431953333335,Lake te ku utu,9.61176357158717,0.273779558042926,49.17504374,0.0,0.0,0.0,0.0,2.403380298,0.0,48.421575966,20.0
14723,-37.9026430733505,11.9126999999999,389252.5751239,1.09536,43495.4,38.32,3.15,3.12483,2.63,2.0,3.94,,,,,,, ,29.9394885406045,0.850412708670921,0.0,0.0,0.0,0.0,0.0,0.0,0.0,0.0,13.038404810405298
14772,-37.8734922895426,26.2038,175215.0711947,1.21674,106277.0,291.77,3.54,3.6288,7.38,1.68,2.62,,,,,,, ,17.8315340743255,0.481462671406805,0.0,0.0,0.0,0.0,0.0,0.0,0.0,0.0,12.649110640673518
14783,-37.9061947403574,8.56002999999999,167802.125315,1.01475,28954.3,94.3,3.05,2.9648,0.46,2.13,4.0,,,,,,, ,7.26044021247072,0.754621713734896,0.0,0.0,0.0,0.0,0.0,0.0,0.0,0.0,12.649110640673518
14792,-37.8608119537155,8.61883,147171.3701541,1.02433,29428.5,159.46,3.28,3.25548,1.92,2.0,1.92,,,,,,, ,15.7915769278824,0.898492808087759,0.0,0.0,0.0,0.0,0.0,0.0,0.0,0.0,14.832396974191326
14793,-37.8661735111567,22.0032999999999,227610.6998364,1.32122,96904.1,172.73,3.26,3.22917,1.76,2.0,2.0,,,,,,, ,16.2121957792491,0.898492808087758,0.0,0.0,0.0,0.0,0.0,0.0,0.0,0.0,14.832396974191326
14802,-37.8591056234162,21.7835,136473.0934214,1.66509,120905.0,143.45,3.22,3.15046,5.67,2.0,2.0,,,,,,, ,14.3117127381071,0.898492808087759,0.0,0.0,0.0,0.0,0.0,100.0,0.0,0.0,13.416407864998739
14820,-38.0191374996354,21.594,955359.0658574,1.12428,80925.5,137.45,3.03,3.04958,6.29,2.0,2.0,,,,,,, ,14.0020551217019,0.959646838415945,70.01891303,0.727458278,21.41154416,0.0,0.0,7.842084537,0.0,0.0,15.491933384829668
14838,-38.005332793544,23.1865999999999,1284783.9417045,1.00408,77603.9,158.3,3.08,3.10553,6.33,2.0,2.0,,,,,,, ,16.6703159431065,0.708000850308679,100.0,0.0,0.0,0.0,0.0,0.0,0.0,0.0,18.439088914585774
14852,-37.9907612129501,21.8112999999999,5118827.1930712,1.33047,96730.7,98.88,3.0,2.92762,2.06,2.0,2.9,,,,,,, ,16.4825361325989,0.807568217303045,0.0,0.0,0.0,0.0,0.0,0.0,0.0,0.0,16.431676725154983
14860,-38.0286470227345,23.8065,9550622.7549762,4.35316,345445.0,194.86,3.28,3.35682,5.94,1.98,2.03,,,,,,,Hamareha Lakes,1.01864075917699,0.934689226336458,4.216325716,0.786721631,80.13564718,0.0,0.0,14.531638466,0.0,0.32966701,20.493901531919196
14866,-37.9829261428806,23.7894,1645288.5735411,1.44333,114453.0,139.96,3.28,3.34848,5.95,1.9,2.09,,,,,,, ,10.3051307658796,0.900981527057656,0.0,0.0,0.0,0.0,0.0,0.0,0.0,0.0,17.029386365926403
14885,-37.9453994292449,18.3288,2541061.1721329,1.03012,62936.3,78.36,3.08,3.02592,2.04,1.9,2.5,,,,,,, ,19.1103216547495,0.999792165167882,0.0,0.0,0.0,0.0,0.0,0.0,0.0,0.0,14.142135623730951
14888,-37.9178995847532,22.0381,540893.6723501,3.45435,253758.0,78.49,3.06,2.98721,0.91,2.0,3.31,,,,,,,Lake Okoroire,16.0663467107608,0.0697305108632876,0.0,0.0,0.0,0.0,0.0,0.0,0.0,0.0,17.320508075688775
14897,-37.8997919215907,10.7646,132943.861319,1.94129,69657.6,93.55,3.07,2.93626,1.8,2.0,2.9,,,,,,, ,4.88341664549503,0.928566593019749,0.0,0.0,0.0,0.0,0.0,0.0,0.0,0.0,18.973665961010276
14902,-37.861449249338,18.7991999999999,819909.8874222,1.54462,44832.6,93.06,3.11,2.98026,1.62,2.0,2.0,,,,,,, ,15.6483547460388,0.898492808087759,0.0,34.11554462,0.0,0.0,0.0,65.88445538,0.0,0.0,17.029386365926403
14904,-37.8583614074268,19.0164,444413.859541,1.37967,87454.4,86.46,3.13,3.01153,1.22,2.0,2.0,,,,,,, ,16.7220555094184,0.91405556661864,0.0,0.0,0.0,0.0,0.0,0.0,0.0,0.0,14.832396974191326
14917,-37.9546226174371,21.9274999999999,1969197.6065844,1.03751,75833.0,120.78,3.28,3.31983,7.24,2.0,1.98,,,,,,, ,11.7158573343018,0.851158965194951,0.0,0.0,0.0,0.0,0.0,0.0,0.0,0.0,14.832396974191326
14922,-37.9233995367625,19.1971999999999,79643.9073459999,1.20554,77143.2,117.75,3.33,3.40617,0.42,2.0,2.0,,,,,,, ,15.3847414382767,0.960416404315158,0.0,0.0,0.0,0.0,0.0,0.0,0.0,0.0,14.491376746189438
14998,-37.7481773909112,8.37787,713313.8423346,2.1879,61099.8,17.31,3.27,3.12661,3.33,1.47,1.04,,,,,,, ,11.4742564817821,0.875626527312014,92.78492801,0.0,4.67441916,0.0,2.447845778,0.092807055,0.0,0.0,18.16590212458495
14999,-37.7400726649427,8.65877,4430843.3555807,2.48374,71687.2,18.99,3.26,3.12212,5.13,1.43,1.77,,,,,,, ,7.72779643113213,0.866376532429935,57.49034099,0.545728569,2.992494357,0.756172768,0.388968643,37.826294677,0.0,0.0,17.320508075688775
15004,-37.850840536511,10.9219,336881.5100077,2.26319,82394.9,39.59,3.16,3.08077,1.92,1.0,1.0,,,,,,, ,14.2545823913681,0.877841410915957,92.96468674,7.035313256,0.0,0.0,0.0,0.0,0.0,0.0,17.320508075688775
15005,-37.847651858565,12.0775,267987.2773653,4.82675,194317.0,48.37,3.16,3.08659,1.6,1.0,1.0,23.3461978701669,573.245940591058,577.675167953302,19.5039150047569,30.328891490795,32.90174366666665,Lake Pataka,12.2114474429862,0.883196227122913,92.11294544,1.469140774,0.0,0.0,0.0,6.417913787,0.0,0.0,19.748417658131498
15007,-37.837788795604,12.6998,2466105.4470959,4.93872,209069.0,37.4,3.14,3.08379,1.16,1.0,1.0,6.91658576197257,577.917513653748,580.671519402497,11.0347819877076,45.299884831677,70.85541181666665,Lake Koromatua,14.6105377953591,0.882996257775304,94.68648697,3.808212011,0.0,0.0,0.0,1.505301023,0.0,0.0,19.235384061671343
15008,-37.8551211715462,5.33172,867596.8462566,4.72392,83955.4,58.85,3.05,2.99593,0.16,1.0,1.0,10.4240925723082,574.739148971758,579.432768149923,12.2334835026225,39.5622535748721,27.3719326648352,Lake Cameron,10.0609581599462,0.911743719810772,78.25299705,3.702201816,0.0,0.0,0.0,0.0,0.0,18.04480113,18.973665961010276
15009,-37.8366517802596,5.08207,1963896.4361921,1.88718,31969.2,58.98,3.21,3.18575,0.71,1.0,1.0,,,,,,, ,11.2975691776624,0.897614913128878,98.82121296,0.0,0.511207072,0.0,0.0,0.0,0.0,0.667579971,15.491933384829668
15013,-37.761132751684,4.0,9014833.299902,38.0014,506685.0,26.56,3.14,2.99609,0.9,0.99,0.99,5.36196611609528,574.038975198173,578.086156574601,13.2136525743625,43.3535669132611,24.137068333333357,Lake Rotokauri,3.70141264302931,0.630098393267418,86.933404314,4.041817684,1.223832442,0.0,0.0,0.153758318,0.0,7.647187245,31.464265445104548
15020,-37.7705484802759,5.14445,814014.3306567,3.42574,58745.3,38.14,3.12,2.99465,0.64,1.0,1.0,,,,,,29.98069333333335,Horseshoe Lake,2.19902323843309,0.0009486660078739,75.85352167,0.0,0.032430527,0.0,0.0,0.066744984,0.0,24.04730282,18.439088914585774
15022,-37.7980139954506,8.0,2709493.037944,51.9357,1125270.0,38.1,3.14,3.02912,1.61,1.03,1.11,14.1243736713057,570.10737656239,575.016526427723,14.8822491644119,24.5962820053057,10.510852,Lake Rotoroa,0.0,0.0,0.0,0.0,0.0,0.0,0.0,3.398106156,0.0,96.60189385,36.66060555964672
15025,-37.845595800542,5.54259,231654.1447166,1.013,18715.5,58.86,3.06,3.00747,0.27,1.0,1.0,,,,,,, ,8.25896352362526,0.654371355104546,85.056601286,0.0,0.0,0.0,0.0,0.0,0.0,14.94339871,18.16590212458495
15029,-37.7369684649428,2.90554,123110.4278965,1.14579,11097.1,25.11,3.07,2.9077,0.54,1.83,3.5,,,,,,, ,0.0,0.0,18.70879908,0.0,0.0,0.0,0.0,0.0,0.0,81.29120092,18.16590212458495
15032,-37.6620854533865,0.0,1192103.65794,4.68432,124928.0,25.39,3.07,2.8516,2.53,1.0,1.0,6.05592270377203,574.341939386588,578.386761813791,17.2993267876774,37.2611241237099,32.4263677333333,Lake Pikopiko,17.5351952509525,0.958452715462064,98.65307277,0.0,0.0,0.0,0.0,1.346927228,0.0,0.0,19.748417658131498
15033,-37.6574440150985,0.0,1046818.610917,15.6323,401485.0,14.87,3.09,2.85471,2.97,1.0,1.0,2.98868258978707,578.460878726563,580.560974228104,10.7086187710262,42.7552554323184,27.087546666666647,Lake Hotoananga,9.62372229285912,0.980669846705941,90.11050394,9.157458005,0.0,0.0,0.732038052,0.0,0.0,0.0,23.916521486202797
15034,-37.6684699122014,5.1,1645980.354065,30.4329,1104670.0,34.11,3.06,2.84254,1.13,1.0,1.0,2.60170713927869,577.558554722224,580.040482809393,11.1783685502415,40.1728208647305,34.35104116666665,Lake Areare,14.7114530762783,0.746001308542487,93.42927142,5.243187541,0.0,0.0,0.0,0.0,0.0,1.327541041,29.664793948382652
15035,-37.6891076691502,3.96428,2059391.7880574,2.80471,37062.3,35.36,3.05,2.86263,0.42,1.0,1.0,8.05527675152796,570.633620756892,575.121030676416,19.2416114240413,36.258646028077,47.41723483333335,Lake A,10.679994221227,0.990614153915984,99.5014808,0.498519203,0.0,0.0,0.0,0.0,0.0,0.0,21.908902300206645
15036,-37.7021849520746,4.86325,446708.0679762,3.06996,49766.6,38.36,3.03,2.85448,0.12,1.0,1.0,8.72295745553497,575.888921027064,578.675976544995,14.1926953402073,42.0077751845672,,Lake E,29.8848618650122,1.0,96.07368783,0.0,0.0,0.0,0.0,3.926312167,0.0,0.0,20.248456731316587
15037,-37.6769572719206,6.7,1767524.949154,27.1869,843926.0,31.61,3.02,2.81178,0.75,1.0,1.0,20.4930816558368,567.223790936402,573.666513497844,14.7536823225944,18.0687791116585,37.2784697,Lake D,26.7507606335793,0.913660613466819,97.11122016,0.0,0.0,0.0,0.0,2.888779843,0.0,0.0,29.732137494637012
15038,-37.6794045814173,3.17106,5390054.2924707,9.65311,102035.0,33.89,3.04,2.83041,0.44,1.0,1.0,4.44113438921507,569.408080843342,575.791665557143,18.5270287146593,49.3605537013508,57.5362666666667,Lake B,10.8969098304492,0.925346776987815,98.36027776,1.63972224,0.0,0.0,0.0,0.0,0.0,0.0,24.289915602982237
15039,-37.6751407668756,3.35009,5628059.6322493,1.58323,17679.8,31.53,3.04,2.82304,0.44,1.0,1.0,,,,,,47.21817916666665,Lake C,11.0789636981963,0.912183980103359,97.35681346,2.643186539,0.0,0.0,0.0,0.0,0.0,0.0,17.320508075688775
15060,-37.6044527923671,21.6383,110983.8805572,1.01587,73272.2,119.33,3.53,3.42117,5.48,2.59,3.2,,,,,,, ,0.669472930699098,0.330868701471057,63.00446505,0.0,17.03481882,0.0,16.70208655,3.258629573,0.0,0.0,17.320508075688775
15061,-37.5926423365,11.9581,151882.1380753,3.48456,138896.0,128.4,3.47,3.36844,7.03,3.0,3.0,27.9962801152636,546.000867094211,562.990629670714,15.9254473431836,19.7895343371756,7.948395833333334, ,1.21173124983495,0.596415770609319,35.144777,2.524463802,13.39312578,0.0,48.93763342,0.0,0.0,0.0,17.320508075688775
15106,-37.6623433496565,8.9895,949320811.924573,1.46323,43845.7,12.97,3.99,4.09307,5.77,2.01,2.46,,,,,,, ,11.6982060472711,0.881664683375978,61.439007066,0.117535808,19.029147,0.276604049,0.192747804,18.532114121,0.0,0.412844145,16.1245154965971
15112,-37.7347726580725,4.74628,93979.044785,1.37806,21802.2,40.04,3.91,4.06,0.04,2.0,2.5,,,,,,, ,39.6068394672856,0.706168494883349,0.0,0.0,0.0,0.0,0.0,0.0,0.0,0.0,16.1245154965971
15122,-37.6389361921669,4.77701,611028.7803086,3.01299,47976.9,35.71,3.17,3.13511,1.05,1.0,1.0,25.8485562713653,508.90794077501,553.857430919702,9.05073675597269,9.62306187701172,, ,59.3761680017825,0.983125897435331,94.16968088499999,0.0,0.0,0.0,0.0,5.830319118,0.0,0.0,16.1245154965971
15140,-37.618056775003,7.02416,136406.2385672,1.75525,41097.2,8.41,2.97,2.69046,1.11,2.0,4.0,,,,,,, ,14.9699116797681,0.99618130499751,91.43054915,1.132441163,0.0,0.0,0.0,7.437009691,0.0,0.0,16.1245154965971
15141,-37.6059267585635,2.96199,9577776.5628625,1.39954,13818.1,0.12,2.98,2.68113,0.86,1.54,2.31,,,,,,, ,11.8605223597383,0.93343337772228,96.82377946,1.258745778,0.475041621,0.0,0.0,1.4424331400000001,0.0,0.0,16.1245154965971
15163,-37.8523167211375,24.236,392944.8435545,2.00166,161707.0,330.89,3.59,3.73347,3.69,1.58,2.82,,,,,,, ,15.5393613259836,0.481165448677949,0.0,22.62761506,0.0,0.0,0.0,77.37238494,0.0,0.0,16.1245154965971
15165,-37.8244827565042,20.7502999999999,334086.173399,1.07208,74153.0,198.96,3.51,3.60445,2.48,2.0,2.0,,,,,,, ,12.2278744009506,0.792497594584837,0.0,0.0,0.0,0.0,0.0,100.0,0.0,0.0,16.1245154965971
15170,-37.8481068982489,11.4514999999999,207521.4483273,1.02339,39064.5,128.47,3.27,3.20415,3.79,2.0,2.0,,,,,,, ,16.7360728449815,0.898492808087759,0.0,0.0,0.0,0.0,0.0,0.0,0.0,0.0,16.1245154965971
15176,-37.7910209263226,24.1560999999999,18432337.5830591,7.04188,567014.0,151.11,3.49,3.57618,5.47,2.36,2.28,15.5481071450592,568.228317791836,574.581379576264,12.0350240625176,28.2233817579227,9.84173866666666, ,9.04972886574091,0.808214747026375,0.0,0.0,12.47067766,3.630051907,0.0,82.573189634,0.0,1.326080796,26.0
15240,-37.6634550172215,4.73988,380842.3550854,1.24406,19655.6,43.91,3.49,3.56075,1.43,1.0,1.0,,,,,,, ,37.7921775936556,0.96132414174098,0.0,0.0,100.0,0.0,0.0,0.0,0.0,0.0,17.320508075688775
15257,-37.8469706599935,24.2761999999999,109034.5147847,1.44332,116794.0,92.71,3.15,3.0407,3.86,2.0,2.0,,,,,,, ,4.12179586394716,0.604709670539885,0.0,0.0,0.0,0.0,0.0,0.0,0.0,0.0,14.491376746189438
15270,-37.8494575791541,9.71266999999999,753405.9672946,1.01425,32836.9,61.05,3.26,3.2032,0.69,2.0,3.96,,,,,,, ,20.9093424816802,0.975416625594109,0.0,0.0,0.0,0.0,0.0,0.0,0.0,0.0,11.832159566199232
15312,-38.1955382451565,27.5,6089672.16618899,144.222,13220400.0,414.33,3.85,3.71389,13.98,1.44,2.52,36.5445569812799,506.180366273098,572.535303383977,8.46322637687116,15.4163568906873,3.20542466666667,Lake Tikitapu                 (Blue Lake),0.071924681967975,0.0,1.063892419,0.48921577,19.93934752,0.0,0.0,78.50754429,0.0,0.0,41.182520563948
15319,-38.1854576695173,18.8329999999999,455574.671844,1.02281,64208.4,510.89,3.81,3.6753,6.3,3.0,1.0,,,,,,, ,17.1367134307737,0.0,98.68838839,0.576875575,0.0,0.0,0.0,0.734736038,0.0,0.0,22.135943621178654
15323,-38.1700216618176,24.0047,931391.9123619,1.10001,88017.8,376.18,3.74,3.54035,9.26,1.6,2.4,,,,,,, ,8.41251489262865,0.460427822486434,45.29120259,0.0,15.19742539,0.0,1.631621093,26.99742387,10.88232706,0.0,22.135943621178654
15325,-38.1715487266216,33.5,27274753.636467,334.102,37308100.0,344.39,3.64,3.42214,10.62,1.79,2.17,3.27890021945157,578.735800795328,581.585187843479,14.0307398943136,38.6175868241983,4.43713733333333,Lake Okareka,3.45117329020636,0.295358303993357,23.74111753,0.676270669,14.517121340000001,0.030808596,2.729974596,55.331033753,0.524426808,2.449246713,52.848841046895245
15326,-38.1669101188545,21.9027999999999,1066708.7898198,5.33476,389488.0,351.52,3.58,3.37732,12.2,2.59,1.39,,,,,,,Te Whekau Lagoon,20.7836832931823,0.46681566937459,91.33378504,3.058576057,0.0,0.0,0.0,5.607638906,0.0,0.0,19.493588689617926
15333,-38.158102950108,27.5493999999999,1333439.326054,4.33284,397891.0,337.57,3.55,3.30828,9.5,2.0,2.0,3.38827372815604,578.133270383694,580.669804400222,11.8927045164376,41.8552587733506,, ,9.40105457208054,0.466807272206189,76.90866471,3.88492432,0.0,0.0,8.772764833,10.433646141,0.0,0.0,18.16590212458495
15339,-37.6173638474737,2.89494,262395.5707066,1.64464,15870.5,20.0,4.07,4.21297,0.12,2.0,3.64,,,,,,, ,13.5843325113635,0.867663360997094,0.0,0.0,100.0,0.0,0.0,0.0,0.0,0.0,18.16590212458495
15341,-37.6113259132801,2.89494,83072.0333448999,1.54938,14951.2,19.99,4.08,4.23301,0.02,2.0,2.5,,,,,,, ,14.5664468816727,0.867663360997094,0.0,0.0,0.0,0.0,0.0,100.0,0.0,0.0,18.16590212458495
15396,-38.1814545899789,17.2421,343177.5786871,1.24158,71357.8,660.55,4.16,4.42193,1.96,2.0,2.0,,,,,,, ,0.0,0.0,0.0,0.0,0.0,0.0,0.0,100.0,0.0,0.0,18.16590212458495
15462,-38.1619044576774,11.9213,117994.8001689,1.16166,46161.6,309.86,3.68,3.44607,2.48,2.0,2.0,,,,,,, ,0.0,0.0,0.0,0.0,0.0,0.0,0.0,0.0,0.0,100.0,18.16590212458495
15464,-38.1615120463937,9.53215,51879.8974025,1.85014,58786.0,321.41,3.69,3.46336,3.11,0.0,0.0,,,,,,, ,0.0,0.0,0.0,0.0,0.0,0.0,0.0,0.0,0.0,99.999999996,18.16590212458495
15466,-38.1603750773403,23.8182,432930.8055786,5.42772,430928.0,301.17,3.68,3.46384,2.02,2.0,2.0,23.7416176646762,558.513805311037,567.53982986636,19.0170773907935,32.118870321913,, ,0.0,0.0,0.0,0.0,0.0,0.0,0.0,0.0,0.0,100.0,21.213203435596427
15586,-38.0648271673146,12.002,633806.1656651,1.27821,51136.8,293.35,3.43,3.38503,0.97,2.0,2.0,,,,,,, ,0.0514384432784001,0.0,98.66538916900001,0.0,0.003542645,0.0,0.0,1.331068188,0.0,0.0,14.832396974191326
15617,-38.2420153199674,20.6865999999999,3397679.4834534,3.34217,230461.0,435.23,3.9,3.78225,7.21,1.78,2.21,,,,,,, ,14.0207990895308,0.235039857850146,80.19898924,0.641459698,4.52535252,0.0,0.0,14.634198542999998,0.0,0.0,18.973665961010276
15621,-38.2170439306409,32.0,23151675.196075,433.272,46215600.0,386.0,3.86,3.73422,8.78,1.65,2.3,5.40462391243855,562.425443076402,570.62993549521,20.9651067054799,36.4586457146102,4.140147,Lake Rotokakahi               (Green Lake),3.84788836658863,0.23198351866687,28.78898321,0.512119651,54.452048651999995,0.0,0.0,16.246848483,0.0,0.0,66.09084656743322
15624,-38.1992138539726,24.3195,117178.8367389,1.34996,109435.0,349.16,3.79,3.6064,3.37,2.0,2.0,,,,,,, ,0.0,0.0,0.0,19.25755851,78.85546701,0.0,1.886974474,0.0,0.0,0.0,17.029386365926403
15633,-38.162640829969,23.6337,312420.5401659,1.04449,82283.6,294.56,3.72,3.50623,7.46,2.0,2.0,,,,,,, ,0.0,0.0,0.0,0.0,28.84396164,0.0,0.0,67.1769597,0.0,3.979078656,17.029386365926403
15634,-38.0260848637087,18.6984999999999,97990.9659516999,1.41704,88321.6,498.5,3.8,4.09493,2.57,2.0,2.0,,,,,,, ,13.7877511998936,0.833918444504456,96.7829314,0.0,0.0,0.0,3.217068601,0.0,0.0,0.0,15.165750888103101
15651,-38.0130144893492,19.3570999999999,5453200.4305462,2.37652,153341.0,479.39,3.87,4.20996,2.63,2.0,2.0,,,,,,, ,0.276767408912288,0.833918444504456,1.943241956,0.0,72.31311764,0.0,1.951218973,22.14174994,0.0,1.650671488,17.029386365926403
15655,-38.0112674822261,0.0,752545.556538,10.7114,272090.0,539.43,0.0,4.14186,0.0,0.0,0.0,25.3083213084422,571.363930686256,577.834735785918,18.7237773698365,30.7642595717119,, ,0.0,0.0,0.0,20.04156309,38.69071603,0.0,0.125836066,41.14188482,0.0,0.0,0.0
15662,-37.9930523487381,0.0,6630586.7780361,9.01416,280145.0,496.85,0.0,3.93634,0.0,0.0,0.0,5.67101008137363,575.101510264224,578.994788820121,13.8003062412849,48.6030967925677,, ,0.155733057869462,0.803257907468079,0.0,8.566252308,68.88015242,0.010755934,0.013519843,22.529319496,0.0,0.0,0.0
15670,-37.8877088553712,34.0322999999999,43118245.3879191,8.40768,953776.0,302.54,3.79,4.15823,5.59,2.0,2.0,,,,,,, ,1.17635434702969,0.289479155115598,0.0,0.0,3.038568114,0.0,0.0,96.96143189,0.0,0.0,32.863353450309965
15672,-37.8690809336454,26.8885,4959956.4103242,7.03054,630135.0,292.21,3.86,4.2396,4.4,2.0,2.0,,,,,,5.948259166666665, ,1.58400463009312,0.283531316658173,0.0,0.0,0.0,0.0,0.0,0.0,0.0,0.0,20.85665361461421
15686,-38.03379867374,12.906,81021.1126676,1.33928,57616.1,373.01,3.53,3.62602,1.9,2.0,2.0,,,,,,, ,0.0,0.0,100.0,0.0,0.0,0.0,0.0,0.0,0.0,0.0,15.491933384829668
15692,-38.006587221015,24.204,629808068.21503,1.18554,95649.0,257.99,3.11,3.1685,4.72,2.05,2.22,,,,,,, ,5.12385092975313,0.508764497707462,43.11680113,0.502645923,23.28719568,0.73766467,0.635866791,23.453903798,0.154428119,8.111493889999998,15.491933384829668
15706,-38.0370980341666,26.0029,348326.7892789,4.08471,354047.0,288.68,3.25,3.21561,8.55,1.34,2.65,3.58846013014271,578.659228987038,581.696681449737,18.5150405037655,36.1696683454297,21.3749563333333,Lake Ngawhero,0.0,0.0,1.610360444,0.0,58.96945855,0.0,0.0,39.420181,0.0,0.0,19.493588689617926
15716,-37.8277739172175,21.8164,53305603.8796215,9.47789,689246.0,114.91,3.78,4.06663,6.08,2.0,2.0,2.41276157623774,575.39999744722,577.269213941325,16.1162614591839,56.5355206533173,6.99653833333333, ,2.40272059639935,0.429662945255428,0.0,0.0,3.038568114,0.0,0.0,96.96143189,0.0,0.0,22.58317958127243
15719,-37.8122406298024,30.2564999999999,166056366.547885,12.8502,1296000.0,96.7,3.82,4.09473,6.43,2.0,2.0,6.57776654812354,576.159473194444,579.593293221011,14.6407923293228,43.3571199055599,20.2497621666667,Lake Mclaren,1.27437524839365,0.433962057797428,0.0,0.0,0.985488528,0.0,0.0,99.01451147,0.0,0.0,29.49576240750525
15721,-37.7545477259249,6.94311,263449.3923626,1.20154,27808.0,17.65,4.07,4.26288,5.01,1.91,2.08,,,,,,, ,18.1728495065517,0.0475234454497951,71.000433768,0.0,28.99912808,0.0,0.000438153,0.0,0.0,0.0,14.832396974191326
15728,-37.8128578137126,11.8454999999999,322310.9096046,1.22194,48248.6,102.9,1.49,1.55342,1.89,2.0,2.0,,,,,,, ,0.009933120617485,0.0,96.054167719,0.0,0.0,0.0,0.0,0.176086999,3.769745287,0.0,17.029386365926403
15735,-37.7558453984523,2.91962,256685.8448107,1.14824,11174.8,1.89,2.43,2.29706,0.14,1.0,1.0,,,,,,, ,28.8800028763692,0.988574390865366,0.0,100.0,0.0,0.0,0.0,0.0,0.0,0.0,12.649110640673518
15736,-37.741984231383,2.96068,14250061.3006436,4.24637,41907.2,4.55,2.67,2.52214,0.92,1.11,1.73,,,,,,, ,7.71740962362622,0.787559399818264,89.35875275,0.175777855,0.508269074,0.166967482,0.0,0.082969627,0.206300762,9.50096245,21.908902300206645
15741,-37.7493250498518,0.0,583766.0064622,2.84374,28256.5,7.92,0.0,2.43042,0.0,0.0,0.0,,,,,,, ,1.14095127998215,0.988161276000878,0.0,100.0,0.0,0.0,0.0,0.0,0.0,0.0,0.0
15751,-37.7524490285042,0.0,142661.8562528,1.19321,11925.9,16.2,0.0,2.52282,0.0,0.0,0.0,,,,,,, ,0.0,0.0,0.0,100.0,0.0,0.0,0.0,0.0,0.0,0.0,0.0
15792,-39.1771848624365,0.0,2521418.7889464,2.27214,53001.9,2.68,0.0,5.09605,0.0,0.0,0.0,,,,,,, ,19.1560526909224,0.913420984211271,94.21489952,2.667334211,0.0,0.0,0.0,0.33901466,2.778751613,0.0,0.0
15795,-39.6992659131663,5.53998,8680878.4542855,5.91806,109286.0,58.13,5.2,4.92436,2.08,4.98,2.01,,,,,,7.47787289834765, ,12.971091662929,0.992390091898787,93.41156717,0.891013768,3.163642156,0.0,0.723749123,1.71447138,0.095556405,0.0,23.49468024894146
15823,-39.6685546724595,0.0,419986.9649013,5.28596,286481.0,77.18,0.0,4.83538,0.0,0.0,0.0,22.2497877595933,555.609040646796,566.878316337936,11.7227612336176,29.314373547611,, ,14.6263943341103,0.77199547043474,89.07770529,4.185595411,0.0,6.736699303,0.0,0.0,0.0,0.0,0.0
15840,-39.6165797418578,11.6486,826847.1708031,5.03459,195486.0,90.28,4.86,4.66759,0.65,4.86,2.13,,,,,,, ,1.10355708424995,0.987654320987654,96.35666347,3.643336529,0.0,0.0,0.0,0.0,0.0,0.0,21.817424229271428
15842,-39.6172827902424,18.2062999999999,735790.7094002,4.02646,244357.0,86.22,4.85,4.66876,0.74,4.73,2.26,,,,,,, ,1.10645417296305,0.987654320987654,95.22652978,4.430867443,0.0,0.0,0.0,0.342602773,0.0,0.0,20.71231517720798
15854,-39.5886018090701,19.8688,1465777.8015983,2.06856,136999.0,78.81,4.56,4.38902,0.77,5.0,2.0,,,,,,, ,28.3032950815293,0.731246883461963,97.494268821,0.0,0.0,0.0,0.0,2.50101242,0.0,0.004718758,20.493901531919196
15855,-39.5839344401638,18.1878999999999,1036452.1628882,1.69723,102897.0,83.54,4.56,4.41124,0.79,5.0,2.0,,,,,,, ,29.3687176040812,0.77718590138801,97.25731776399999,0.0,0.0,0.0,0.0,2.73604975,0.0,0.006632488,17.320508075688775
15884,-39.7838013887808,4.18341,279987.334551,5.41078,75451.7,36.62,5.28,4.9766,0.74,2.58,4.0,,,,,,, ,2.40813922462311,0.548706175778704,78.74607651,0.0,0.0,21.25392349,0.0,0.0,0.0,0.0,18.708286933869708
15886,-39.8411640694969,0.0,679592.2329267,6.66764,64979.4,10.61,0.0,4.56409,0.0,0.0,0.0,16.2280541425749,565.928441297212,572.416578342088,15.9992519412672,35.4846325846094,, ,10.3630231807584,0.955978185869882,0.0,17.30681627,0.0,73.72098588,0.0,0.0,8.97219785,0.0,0.0
15890,-39.8420958356527,2.93767,70847.7409472999,1.50459,14733.3,10.88,4.78,4.55037,0.76,3.0,4.0,,,,,,, ,7.18557142818177,0.955978185869882,0.0,37.65523915,0.0,47.05112812,0.0,0.0,15.29363273,0.0,22.135943621178654
15896,-39.78230591788,9.53928999999999,470944.5461957,1.82575,58054.5,79.31,5.01,4.76389,0.19,5.0,2.0,,,,,,, ,1.10268058138498,0.548706175778704,83.78293559,1.388484145,6.767795417,0.0,1.39655412,0.0,0.0,6.66423073,22.135943621178654
15898,-39.8184847256471,12.7245,11533222.1172152,3.90379,165579.0,39.45,4.76,4.5581,1.73,4.26,2.25,,,,,,17.94692,Lake Okoia,16.4955253669889,0.598041202706643,90.666759447,2.537713179,4.545927539,1.714387649,0.063294846,0.471917345,0.0,0.0,20.248456731316587
15900,-39.7911828024984,10.0093999999999,476089.8982675,1.07952,36017.7,48.0,4.94,4.67878,1.78,4.28,1.82,,,,,,, ,13.2336511467341,0.797449354715204,92.21076476,7.78923524,0.0,0.0,0.0,0.0,0.0,0.0,14.142135623730951
15902,-39.7921338518019,18.5964999999999,5213844.259101,14.3196,887649.0,54.9,4.85,4.62613,1.6,4.14,1.98,18.3582692929454,499.190256317902,539.623468537832,4.02745549263676,15.0794018551894,23.39613666666665,Lake Herengawe,14.3482573023396,0.410974719046663,93.61361017,5.640998462,0.745391373,0.0,0.0,0.0,0.0,0.0,30.033314835362415
15904,-39.7795371537856,12.1414,3242114.633112,10.9283,442281.0,59.01,4.89,4.65204,0.95,4.44,1.94,5.26559784483324,566.260021809221,573.625521620879,12.6615209787147,42.2035275044508,31.374148333333306,Lake Oturi,8.59509453530789,0.794240862319584,67.13912575,5.277265674,5.743040106,1.442031021,0.9531250569999999,0.0,0.0,19.44541239,25.65151067676132
15906,-39.7921692056816,14.6614,874483.7662933,1.31707,64367.1,59.99,4.77,4.5724,1.89,3.84,2.74,,,,,,, ,13.9385609679497,0.516667278812266,92.896999,4.238649874,2.864351129,0.0,0.0,0.0,0.0,0.0,16.1245154965971
15907,-39.7946328368722,16.1206999999999,9017819.916443,23.991,1289170.0,56.83,4.71,4.51429,1.71,4.41,1.92,6.48250957850281,577.601544874071,582.854747919563,16.601879493902,42.4132285484835,60.39860188333335,Lake Waiau,17.2328185155978,0.515367000968789,92.220702029,2.340143525,2.663733424,2.073589341,0.08299947,0.618832213,0.0,0.0,36.05551275463989
15909,-39.7795278545962,13.6126,1143154.9038399,1.2738,57799.0,60.0,4.76,4.5611,1.84,4.65,1.91,,,,,,, ,17.377033662501,0.203542326628815,96.1796399,3.820360097,0.0,0.0,0.0,0.0,0.0,0.0,17.320508075688775
15918,-39.8902249771472,13.4375,164249.7764272,1.03129,46193.2,59.84,4.2,4.09048,1.43,2.0,2.0,,,,,,, ,0.17537931086263,0.411812954814519,97.10884938,0.0,2.891150619,0.0,0.0,0.0,0.0,0.0,12.24744871391589
15926,-39.829875897688,17.0871,3645858.4084727,4.90686,279480.0,79.99,4.49,4.37668,1.97,3.92,2.0,,,,,,37.3837026,Lake Waikato,47.0632664221503,0.544578778691642,96.21111526,2.435425647,1.35345909,0.0,0.0,0.0,0.0,0.0,21.213203435596427
15929,-39.8407667607403,15.6640999999999,6638233.800529,6.29213,328534.0,59.22,4.4,4.28569,1.75,2.24,2.44,,,,,,, ,22.6013840373366,0.517058552240162,94.062379079,0.646396704,5.117487373,0.17373684,0.0,0.0,0.0,0.0,25.37715508089904
15930,-39.845959547573,14.5597999999999,7820877.9773286,9.79119,475192.0,59.57,4.4,4.28345,1.87,2.4,2.38,3.99387563082519,576.700733771189,580.917742847672,12.0360580022569,46.8715044709544,7.523237,Lake Marahau,19.8496031057316,0.518285430537291,89.948849507,0.878028293,8.997392547,0.175729653,0.0,0.0,0.0,0.0,26.248809496813376
15937,-39.8045635173882,8.08879,364758.3282964,2.09461,56476.1,64.8,4.71,4.52377,2.26,4.9,2.09,,,,,,8.34364166666666, ,15.6099319722032,0.91064814625257,95.96922374,0.0,4.030776262,0.0,0.0,0.0,0.0,0.0,16.73320053068151
15942,-39.8177535541964,4.28849,5614052.5425673,3.64793,52147.1,15.81,4.55,4.35628,3.88,2.83,2.72,,,,,,, ,16.2934920835844,0.945468138056738,91.69351825,2.350395477,5.293037903,0.444888923,0.218159443,0.0,0.0,0.0,21.540659228538015
15943,-39.8272340309903,9.91621999999999,117919.4732464,1.17101,38706.7,78.98,4.58,4.44888,1.35,5.0,2.0,,,,,,, ,45.0136214928171,0.545866049725006,93.91055735,0.0,6.089442645,0.0,0.0,0.0,0.0,0.0,13.416407864998739
15947,-39.8257922382039,20.6377999999999,2604690.2599711,2.32364,159849.0,79.6,4.55,4.41768,2.28,4.24,2.18,,,,,,, ,32.6902966879351,0.539182860813306,92.424713671,0.733976898,1.3764071869999999,1.829367292,0.76331876,2.872216191,0.0,0.0,18.973665961010276
16025,-39.7643994427571,2.90417,1047387247.85973,1.9616,18989.4,18.88,5.38,5.02313,10.07,3.08,2.45,,,,,,, ,9.8783168279524,0.448845120382834,52.551972955,0.600284837,6.249575985,5.075647955,0.33812409899999996,34.541236061,0.020922765,0.622235337,14.142135623730951
16060,-39.7753006048119,0.0,819327.1271613,1.2948,67150.7,70.87,0.0,4.71877,0.0,0.0,0.0,,,,,,, ,7.7073124628563,0.783478054150635,68.66411452,5.711334249,1.233911101,0.0,1.056947168,0.0,0.0,23.33369297,0.0
16080,-39.7541860319242,8.96368,1905860.50489,1.13189,33819.6,118.73,4.68,4.53482,0.8,5.0,2.0,,,,,,, ,26.3352283614942,0.307165997691972,98.47979009,0.735956625,0.505505027,0.0,0.278748256,0.0,0.0,0.0,14.142135623730951
16088,-39.7357660016839,19.6761,1181437.9831607,1.32199,86705.0,120.12,4.72,4.55876,2.1,5.0,2.0,,,,,,, ,23.1891555741542,0.189322425855035,89.9698601,3.891308051,1.112291445,0.0,2.293833605,2.732706796,0.0,0.0,18.973665961010276
16091,-39.7370145903027,22.8477999999999,1023016.2425314,1.76994,134798.0,120.13,4.68,4.54853,2.11,5.0,2.0,,,,,,, ,26.2221958428457,0.168509056702754,91.22087859,4.472121729,1.1314839,0.0,0.0,3.175515783,0.0,0.0,15.491933384829668
16110,-39.6779794458807,11.305,195643.1845275,1.29519,48807.1,214.07,4.8,4.6841,9.52,5.0,2.0,,,,,,, ,9.57178872739017,0.423387527018087,81.16224425,9.025159035,9.81259671,0.0,0.0,0.0,0.0,0.0,14.491376746189438
16113,-39.6794901906583,10.8954,111104.3174661,1.12076,40704.0,35.38,4.54,4.33785,12.43,5.0,2.0,,,,,,, ,7.02916425966169,0.522517010739709,90.80054849,9.199451511,0.0,0.0,0.0,0.0,0.0,0.0,12.24744871391589
16123,-39.7006922032881,23.1812,21558002.906286,3.1173,240876.0,95.56,4.42,4.27808,14.95,1.79,3.12,,,,,,27.25456905, ,4.31979032296066,0.153486389877447,17.13074731,0.671052613,6.392201341000001,4.917214552,0.0,70.888784189,0.0,0.0,18.16590212458495
16131,-39.6890861690347,37.3166,20725813.581521,32.8501,4086180.0,95.3,4.38,4.27439,15.05,1.7,3.14,23.8109837883112,574.692240594973,580.843290027871,15.5534220399139,35.4016704349705,10.3774125,Lake Moumahaki,4.47790739974395,0.153486389877447,14.96190122,0.677517072,5.645181637,5.178871547,0.0,73.536528531,0.0,0.0,35.7211421989835
16159,-39.6561047802212,17.2193,428629.8531515,1.28364,73677.7,171.32,4.57,4.46572,10.53,4.58,2.15,,,,,,, ,7.9463767302644,0.522517010739709,93.95220081,0.0,0.0,0.435926232,0.0,5.611872956,0.0,0.0,16.431676725154983
16163,-39.6492602430133,22.8789,767263.7500764,1.66716,127143.0,157.26,4.47,4.40172,14.08,1.13,2.96,,,,,,18.338406, ,7.61255668804209,0.522517010739709,15.94452801,2.578066932,0.0,74.11375128,0.0,7.363653781,0.0,0.0,16.431676725154983
16165,-39.6704879733903,22.001,213256.275679,2.42484,177830.0,192.67,4.28,4.19202,12.2,4.05,2.23,,,,,,14.6730153333333, ,7.3579661477369,0.153486389877447,26.31347888,0.0,0.0,0.0,0.0,73.68652112,0.0,0.0,20.248456731316587
16190,-39.6782518181258,20.9344,3629665.6486542,2.68134,187107.0,154.45,4.41,4.39209,16.03,1.8,3.57,,,,,,11.7690266666667, ,8.23326425541499,0.153486389877447,25.47267417,1.457357863,0.0,2.185890703,0.0,70.884077256,0.0,0.0,18.708286933869708
16193,-39.6768048819328,11.8269,172558.8146921,1.05523,41600.3,179.42,4.34,4.2564,9.05,5.0,2.0,,,,,,, ,22.3123183808796,0.153486389877447,76.80786707,0.0,0.487694378,0.0,0.0,22.70443855,0.0,0.0,14.491376746189438
16196,-39.6720141570384,23.8519,214417.1357642,1.82086,144770.0,158.98,4.35,4.3071,9.5,5.0,2.0,,,,,,, ,23.9473954893984,0.153486389877447,83.22448073,0.0,0.0,0.0,0.0,16.77551927,0.0,0.0,16.1245154965971
16197,-39.6726779049937,17.8124,2669634.6431428,1.81233,107606.0,156.93,4.34,4.31979,14.48,1.57,2.85,,,,,,, ,6.84857720971188,0.153486389877447,20.09721796,1.337821663,0.0,2.977837378,0.0,75.587122999,0.0,0.0,16.1245154965971
16202,-39.6728930965076,21.9106999999999,224553.1786121,1.30239,95121.3,136.56,3.77,3.78653,16.72,1.0,4.0,,,,,,, ,1.09640150817309,0.0,9.493050894,0.0,90.50694911,0.0,0.0,0.0,0.0,0.0,14.491376746189438
16213,-39.6699159171648,21.6668999999999,2489378.6329451,2.23752,161600.0,179.2,4.32,4.29273,14.7,1.56,2.85,,,,,,, ,6.52290082479771,0.153486389877447,18.71058681,1.432567663,0.0,3.188731093,0.0,76.668114437,0.0,0.0,17.60681686165901
16214,-39.6647333352677,23.4566,2430066.9681347,9.35661,731580.0,177.66,4.29,4.26183,15.43,1.0,3.0,22.2436388622156,561.607350881964,572.546508229412,18.6905428365874,30.2949379713021,12.62104066666665, ,5.6125506594318,0.153486389877447,15.35928481,1.500703692,0.0,3.340394068,0.0,79.79961743599999,0.0,0.0,23.065125189341593
16215,-39.6679308696206,21.9773,1053838.5546042,1.15849,84868.1,115.59,4.06,3.92148,15.22,2.31,2.72,,,,,,, ,13.8066639388904,0.153486389877447,44.98975099,1.661603433,0.0,0.0,0.575630404,52.77301516200001,0.0,0.0,13.038404810405298
16219,-39.6626904870339,20.0163,236686.1565365,1.25742,83896.3,178.96,4.21,4.18794,16.0,1.58,2.85,,,,,,12.4389136666667, ,12.5197721490811,0.153486389877447,41.97515808,4.068240239,0.0,0.0,2.754376419,51.202225267,0.0,0.0,13.038404810405298
16222,-39.66900399539,23.7605,3291147.6511976,7.41031,586908.0,133.96,3.77,3.81204,14.58,1.01,3.6,4.26410451078762,575.589186375312,578.542555482855,6.98752800219279,37.1882505976009,11.432129,Lake Waikare,0.0398219614139623,0.0,0.483953764,1.909957599,34.245025775,0.0,0.0,63.361062855,0.0,0.0,22.360679774997898
16224,-39.6520019693965,17.2417,5554105.7922647,9.21891,529832.0,119.95,3.71,3.71716,15.07,1.04,3.0,24.8507330741141,544.559212937132,569.629604048586,18.8430382659979,12.1584229920089,,Lake Mangawhio,0.111672153700734,0.0,0.936897063,0.264518079,15.319078669,0.0,0.0,83.47950619,0.0,0.0,25.41653005427767
16233,-39.5856637109121,27.0131,2678315.5201098,2.75793,248334.0,336.35,4.03,4.20603,14.69,1.53,2.86,29.1857313103112,552.04760110645,571.118160938087,15.987381463707,16.5616480008536,9.888663166666673, ,2.58373529537785,0.0850048033536141,45.89733035,0.59174254,0.0,0.0,0.0,53.51092711,0.0,0.0,15.811388300841896
16235,-39.5725225319222,25.9122999999999,3272192.2893613,1.48305,128098.0,275.33,3.92,4.04677,16.75,1.36,2.9,,,,,,, ,3.81787340702144,0.0850048033536142,67.25180292,0.265521691,0.0,0.0,0.0,32.4826754,0.0,0.0,13.784048752090222
16237,-39.5761417082629,21.1685,449730.6883371,1.7672,124697.0,199.71,3.52,3.6126,19.04,1.77,2.8,,,,,,, ,1.57214051470158,0.0850048033536142,0.0,0.0,0.17363037,28.85399133,0.0,70.9723783,0.0,0.0,15.491933384829668
16246,-39.5738077596575,0.0,378897.7650277,1.07246,81789.3,154.54,0.0,3.20858,0.0,0.0,0.0,,,,,,, ,12.4961152879482,0.0046139951307625,80.00315565,0.0,0.0,7.634177331,0.0,12.36266702,0.0,0.0,0.0
16267,-39.5276628665979,11.0744,3475177.2075421,1.53824,56783.7,45.93,5.14,5.21086,0.89,5.0,2.0,,,,,,, ,29.3377215562445,0.998373406260169,97.74368461,0.679721371,0.923839528,0.0,0.0,0.652754494,0.0,0.0,18.16590212458495
16269,-39.4909683710651,4.45037,135376.6458388,2.38484,35378.0,30.48,5.21,5.35774,0.46,3.9,4.0,,,,,,, ,10.1567456964076,0.74637105995991,100.0,0.0,0.0,0.0,0.0,0.0,0.0,0.0,16.1245154965971
16280,-39.4582051737595,7.23296,199885.2411506,5.68969,137178.0,17.5,5.3,5.48992,1.51,4.0,4.0,23.3353054147175,559.489325063128,572.067795503713,17.697185811862,27.6744081233959,15.76749642857145, ,0.0,0.0,51.59649754,0.521770421,0.0,0.0,0.0,22.41813602,0.0,25.46359602,20.0
16288,-39.3667631584388,0.0,314429.2069277,1.03876,78102.2,235.46,0.0,5.17432,0.0,0.0,0.0,,,,,,, ,5.34622328224947,0.150911114888763,74.77297918,19.44962456,0.0,0.0,0.0,5.777396258,0.0,0.0,0.0
16325,-39.3355579626405,9.82069,47369.7299888,1.13894,37283.9,920.46,4.62,5.38465,4.64,5.0,2.0,,,,,,,Lake Dive,0.0,0.0,0.0,0.0,0.0,0.0,0.0,100.0,0.0,0.0,15.491933384829668
16377,-39.2517784666672,21.4782,45324867.8980514,1.21158,86741.5,271.42,3.29,3.41842,4.6,4.83,2.23,,,,,,, ,10.1072704415922,0.953541669514554,58.78604562,0.062717437,0.381155355,0.05945787,0.024326483,35.532282888,3.499096292,0.251564918,15.491933384829668
16392,-39.2056996691228,37.9470999999999,9008096.660164,21.5158,2721530.0,199.74,3.27,3.35794,3.27,4.38,1.85,21.0921493773847,566.737188218357,574.989051641446,19.087411554844,34.905146378829,,Lake Ratapiko,11.3438466810999,0.705824489510729,96.31651129,0.0,1.01504875,0.046403974,0.012170764,2.6098652259999997,0.0,0.0,30.0
16442,-39.5576725480517,23.108,202485.7475829,1.3461,103685.0,192.26,3.38,3.40226,15.86,3.72,3.27,,,,,,, ,4.60587435648071,0.0850048033536142,87.44782519,9.129735648,0.0,0.0,0.0,3.422439159,0.0,0.0,13.416407864998739
16491,-39.517648091967,23.7622,144534.0606858,1.13166,89635.5,110.16,3.11,3.09656,19.95,1.06,3.8,,,,,,,Lake Rotokohu,0.0,0.0,0.0,21.18935399,0.0,0.0,0.0,78.81064601,0.0,0.0,13.784048752090222
16502,-39.5568339020389,22.4224999999999,408942.3742836,1.10673,82718.5,179.15,3.1,3.16487,11.46,2.41,3.29,,,,,,, ,5.35974331120859,0.0850048033536142,97.73077914,2.021276873,0.0,0.0,0.0,0.24794399,0.0,0.0,14.142135623730951
16505,-39.5553024351006,24.1564,337684.7060603,1.18213,95186.9,193.38,3.05,3.143,13.48,1.88,3.55,,,,,,, ,5.04885320789228,0.0770740808474505,86.79104002,3.621271986,0.0,0.0,0.0,9.587687994,0.0,0.0,12.649110640673518
16546,-40.2625946291994,11.6354,153826.8673879,1.3351,51781.3,50.25,4.62,4.15458,1.09,2.0,1.0,,,,,,, ,12.9747714299854,0.938769791228808,100.0,0.0,0.0,0.0,0.0,0.0,0.0,0.0,17.029386365926403
16579,-40.2765018156319,5.68564,414448.3042876,2.36324,44788.5,34.95,4.49,4.02358,0.32,2.0,1.0,,,,,,, ,13.5607877885799,0.884279062724761,100.0,0.0,0.0,0.0,0.0,0.0,0.0,0.0,15.491933384829668
16591,-39.2599288728496,21.3049,789860.5691421,1.14523,81329.6,214.2,3.1,3.13527,6.23,5.0,2.0,,,,,,, ,15.2992413954416,0.450264513912745,90.16746094,0.0,0.206848849,0.0,0.0,9.625690207,0.0,0.0,15.165750888103101
16647,-39.2436825707321,0.0,1719031.5482208,1.62426,127980.0,195.01,0.0,2.76548,0.0,0.0,0.0,,,,,,, ,1.04127110916624,0.176618137622508,0.720641254,2.734631243,83.39776684,5.463331041,0.0,7.683629622,0.0,0.0,0.0
16722,-40.2623953366176,4.63892,275198.6600581,1.94806,30123.0,37.45,4.65,4.15366,0.35,2.36,2.09,,,,,,, ,14.6345445593824,0.273999350887516,93.30729306,6.692706935,0.0,0.0,0.0,0.0,0.0,0.0,18.708286933869708
16732,-40.2222973810658,3.11612,724195.8654281,2.10159,21829.4,18.35,4.72,4.22462,0.17,3.0,4.0,,,,,,, ,18.9054751484008,0.427729892829096,24.467491732000003,7.829492226,49.62810569,18.07491035,0.0,0.0,0.0,0.0,18.439088914585774
16734,-40.2349728577302,3.0095,5307783.5913238,1.5423,15471.8,19.47,4.63,4.1088,0.39,2.46,2.4,,,,,,, ,10.3299033431202,0.29706465521923,73.32962469600001,0.247313686,24.423901639999997,1.378585466,0.0,0.620574508,0.0,0.0,19.493588689617926
16775,-40.2620529657655,6.53621,841342.7201818,2.37176,51674.3,67.92,4.64,4.19693,1.05,2.0,1.0,,,,,,, ,14.4955794484058,0.83467886282797,96.90466662,0.0,3.095333381,0.0,0.0,0.0,0.0,0.0,21.447610589527216
16799,-40.1670699441337,5.08595,48502.8256761999,1.24784,21154.9,57.85,4.91,4.48248,0.0,2.0,1.0,,,,,,, ,12.4882148532362,0.340096869194136,72.50541396,0.0,0.0,27.49458604,0.0,0.0,0.0,0.0,16.1245154965971
16877,-40.1876747893033,8.3788,1290113.5454511,1.31905,36840.2,87.68,4.76,4.36938,1.48,2.0,1.0,,,,,,, ,15.8830594960042,0.289359605615355,99.29671606,0.0,0.428092757,0.0,0.0,0.275191186,0.0,0.0,15.491933384829668
16900,-40.1356390181883,0.0,457818.3002658,1.66519,16622.5,17.05,0.0,4.44961,0.0,0.0,0.0,,,,,,, ,0.792219864177255,0.0134186229138235,28.97783912,6.804181683,59.75118101,4.466798187,0.0,0.0,0.0,0.0,0.0
16901,-40.1180159697731,3.64535,14160270.5695421,9.64313,117175.0,18.03,4.78,4.45181,0.82,2.94,3.86,7.19641656247104,570.861277040991,576.202083053176,14.1510992552294,35.9117567223809,19.3972326666667,Lake Koitata,6.40289000065233,0.466057170496895,71.865662056,2.034961387,16.912258876,8.274828571,0.098200886,0.5904652269999999,0.0,0.223623001,23.021728866442675
16927,-40.0665976140398,2.87389,248506.7285195,1.53256,14681.3,20.55,4.7,4.42008,0.1,3.0,4.0,,,,,,, ,2.12878281143297,0.0134186229138235,7.855822973,0.0,6.731607163,85.41256986,0.0,0.0,0.0,0.0,21.6794833886788
16932,-40.0486965913937,3.42238,1838426.5208347,2.06861,23598.6,32.48,4.6,4.29086,1.54,2.18,2.06,,,,,,,Lake Oraekomiko,10.3590200623819,0.471832159838701,80.93938685,0.0,3.533241985,10.75535281,4.540583294,0.0,0.231435065,0.0,19.621416870348583
16939,-40.0435797671005,6.96641,5343532.6300505,7.03794,163431.0,20.26,4.59,4.31448,1.23,2.01,1.05,19.8410764739749,559.582405566883,569.873211832977,14.602858043724,18.0502034401782,19.7114408,Lake Waipu,8.46423927514977,0.372889950649873,94.50724606,0.0,1.842406549,0.0,0.0,0.0,0.0,3.650347387,21.236760581595302
16973,-40.0513170175143,19.2475999999999,436892.6214918,1.10213,70711.1,60.22,4.58,4.28937,2.64,2.0,1.0,,,,,,, ,23.5954499421818,0.0706450846530726,91.80615254,0.0,0.0,0.0,0.0,8.193847463,0.0,0.0,19.235384061671343
17013,-39.9860900484658,12.2887,793342.6694088,2.35714,96554.4,81.52,4.38,4.16981,0.62,2.09,1.29,,,,,,, ,1.31456382921584,0.0004840075541347,96.31886114,1.880482194,0.0,0.0,0.0,1.800656668,0.0,0.0,19.235384061671343
17014,-39.9919141263047,11.6513,512068.1576552,6.63915,257848.0,88.85,4.38,4.15898,0.56,2.21,1.65,6.6125124129964,577.162596926381,583.141421181373,13.7280024449846,23.9269962609114,,Lake Rotokauwau,1.42153617599422,0.000179490544906,86.518004284,1.32947492,0.0,0.0,0.0,12.152520797000001,0.0,0.0,25.612496949731394
17153,-35.7983484665842,9.29795,1458529.6441908,1.2595,39035.9,35.58,2.42,2.39662,6.28,1.0,3.0,,,,,,, ,2.22260617411914e-05,0.396256562428669,0.000207477,0.0,99.91929154,0.0,0.0,0.080500987,0.0,0.0,17.029386365926403
17166,-35.7813536321945,7.50903,495470.5198091,1.34924,33771.7,17.01,2.35,2.30525,8.93,1.05,2.96,,,,,,, ,0.215034908009316,0.0,4.047331451,0.0,83.97797147,0.0,0.0,11.974697076,0.0,0.0,15.165750888103101
17168,-35.7868323079156,2.88764,1612764.1623959,1.48001,14245.7,19.87,2.29,2.2478,6.72,1.12,2.75,,,,,,, ,8.58611260637479,0.840857442490791,36.32856046,5.737773788,38.371064495,1.448270524,0.0,18.114330737,0.0,0.0,14.491376746189438
17169,-35.7890942830536,7.07784,1412891.9006656,5.23611,123534.0,18.67,2.37,2.3058,7.72,1.08,2.83,27.5394700215235,561.717820579115,571.678936364611,20.4410940838536,17.1511690018921,, ,7.96000759486125,0.83980818665774,32.92211535,1.006913525,44.218881513,1.668989473,0.0,20.183100138,0.0,0.0,18.16590212458495
17174,-35.780019522676,7.13216,939961.458877,1.01414,24110.0,18.56,2.29,2.24027,5.92,1.03,2.92,,,,,,, ,4.73994886270423,0.844789190480118,19.50865659,0.0,71.96175762,0.091606399,0.0,8.4379794,0.0,0.0,14.142135623730951
17214,-39.9722193162714,6.62086,896772.5058619,5.23104,115447.0,47.9,4.39,4.19428,1.94,2.69,3.07,27.4830203793205,560.578451716777,572.439090473199,24.3547577811619,39.171829792572,,Lake Kohata,3.35814658758562,0.45476949364177,78.42624577,2.813179786,18.76057444,0.0,0.0,0.0,0.0,0.0,19.595917942265423
17286,-39.7512951383322,27.0613999999999,754547.327977,7.07308,638026.0,357.55,3.75,3.24805,4.75,3.0,3.0,22.1345635440713,567.968320567449,573.725774449811,12.8092608365841,28.2886217816412,144.43321,Lake Poroa,17.390397671583,0.0,78.50530498,4.143269582,0.921963865,0.0,0.0,16.42946158,0.0,0.0,20.97617696340303
17363,-40.1357201076538,9.27918,3797595.1136015,4.65093,143856.0,95.51,4.94,4.57447,0.88,2.88,3.65,24.0384192677627,559.857924028506,573.356986507439,17.3226831213217,17.2393121319147,,Lake Herbert,3.09351559502795,0.245542167719421,57.414536248,2.730428357,20.702493707000002,16.93273734,0.0,2.2198043409999997,0.0,0.0,22.80350850198276
17677,-39.9026237831004,22.8789,193840.2447395,1.73639,132422.0,148.66,3.64,3.44693,8.64,1.0,4.0,,,,,,, ,21.9757762179925,0.0932791669953459,78.14347994,7.068418399,0.0,0.0,0.0,14.78810166,0.0,0.0,15.491933384829668
17681,-39.5625958960647,18.6373,96589.2434820999,1.10309,68528.8,576.07,2.93,3.0183,5.69,2.0,4.0,,,,,,, ,13.0469657368791,0.0,100.0,0.0,0.0,0.0,0.0,0.0,0.0,0.0,15.491933384829668
17750,-36.2140382603306,6.16861,1708467.8614451,3.91414,80482.8,6.6,3.72,3.74857,4.57,1.35,3.04,,,,,,, ,5.62814013221066,0.0,88.4234122,0.757958777,0.0,0.0,0.0,8.429019164,2.389609861,0.0,20.0
17760,-36.1137380087562,21.2942,444565.9044164,1.11852,79393.3,99.49,4.22,4.22792,3.54,1.0,4.0,,,,,,, ,23.1648145349495,0.917454994450877,98.31605358,0.0,1.683946425,0.0,0.0,0.0,0.0,0.0,16.431676725154983
17761,-36.1012151593048,11.8,3276221.7044312,3.8435,151178.0,40.26,4.13,4.09861,3.98,1.0,4.0,,,,,,,Lake Wainui,17.3151014216211,0.851055641216212,89.49169253,0.215268384,5.312491276,0.271321912,3.272707547,1.245422454,0.191095896,0.0,20.248456731316587
17792,-36.0883894817883,19.6612,508748.399943,1.04733,68638.8,67.22,3.82,3.93386,4.99,1.0,3.0,,,,,,, ,14.3962720931781,0.801503170971597,94.5915239,0.0,5.408476101,0.0,0.0,0.0,0.0,0.0,13.416407864998739
17794,-36.0788590043816,15.9512,333163.6166703,1.57368,83673.6,41.57,3.71,3.73642,7.23,1.64,3.64,11.9156217357412,570.930413033389,575.352667927419,16.6290526418103,26.7016577739696,, ,7.44974768581164,0.314896045076852,84.58114983,0.0,0.0,0.0,0.0,15.418850167999999,0.0,0.0,13.416407864998739
17826,-35.9187150058763,13.3404,481168.9701658,1.44439,64229.3,38.49,3.11,3.08247,6.77,1.01,2.97,,,,,,, ,8.39951185984556,0.0,78.68280614,0.0,3.410759798,0.0,0.0,17.90643406,0.0,0.0,16.1245154965971
17853,-39.9960789882616,25.6008999999999,323437.9803588,1.55056,132319.0,79.81,4.28,4.01097,4.92,1.0,4.0,,,,,,, ,2.03858504352299,1.0,100.0,0.0,0.0,0.0,0.0,0.0,0.0,0.0,17.320508075688775
17860,-39.9789630647675,18.5681,204179.6363632,1.41917,87837.3,66.1,4.12,3.83572,5.08,1.0,4.0,,,,,,, ,7.89732699029354,1.0,100.0,0.0,0.0,0.0,0.0,0.0,0.0,0.0,14.142135623730951
17898,-39.9913121320788,23.7605,277241.2468622,1.25088,99071.7,140.45,4.32,4.069,8.0,1.0,4.0,,,,,,, ,4.14445579309634,0.0020165546533574,51.63999139,0.0,0.0,0.464251852,0.0,47.89575676,0.0,0.0,14.491376746189438
17904,-39.9860014616605,23.5384999999999,281618.1903784,2.58868,203112.0,122.87,4.22,3.93082,6.1,1.0,4.0,,,,,,, ,7.25991227071598,0.0020165546533574,98.96329777,0.0,0.0,0.0,0.0,1.036702227,0.0,0.0,20.73644135332772
18023,-39.9965464994973,22.1415,13765158.486523,12.2815,906434.0,236.79,4.44,4.20392,2.51,1.99,1.01,17.9171963873122,582.42529325802,584.660755732412,12.937592659651,20.9074379917589,13.484823333333347,Marron Reservoirs a,26.8215382691566,0.516824119992112,93.17734637599999,0.0,2.886826864,0.413668482,0.59127007,2.9308882119999997,0.0,0.0,25.495097567963924
18027,-39.9917913241311,21.137,8718703.452309,6.14534,432979.0,245.13,4.45,4.22407,2.77,1.99,1.01,29.5120095110134,568.558642436862,576.403430516736,21.6950261995646,20.7526420087791,12.500518,Marron Reservoirs b,27.9004521065203,0.519732378529826,93.01642731300001,0.0,2.112858301,0.00173612,0.845059427,4.023918843,0.0,0.0,20.0
18220,-40.1658055620518,19.029,242504.5602242,1.46622,93002.5,140.0,4.84,4.4914,0.96,2.0,1.0,,,,,,, ,10.5861592925699,0.309490473716498,100.0,0.0,0.0,0.0,0.0,0.0,0.0,0.0,18.16590212458495
18289,-40.1532794382948,21.2176,1778775.414893,1.54988,109616.0,139.85,4.84,4.48472,4.39,1.23,2.53,,,,,,, ,3.00387136892495,0.0,85.1069209,0.0,14.259593957,0.0,0.633485142,0.0,0.0,0.0,18.16590212458495
18302,-40.1400211500748,21.4386,3184978.9425618,1.14471,81802.9,137.33,4.82,4.46052,4.99,1.46,2.06,,,,,,, ,3.32758191651026,0.0,94.46008449,0.0,0.071133067,0.0,0.0,5.468782442,0.0,0.0,14.142135623730951
18304,-40.1423447998253,21.222,2799488.9268526,1.40844,99633.4,150.11,4.83,4.46357,5.07,1.47,2.04,,,,,,, ,3.42401971423827,0.0,96.80659996,0.0,0.080718989,0.0,0.0,3.112681047,0.0,0.0,17.320508075688775
18318,-40.1450879388875,20.9913999999999,851664.5123611,1.86401,130427.0,166.32,4.87,4.51045,4.06,1.42,2.15,,,,,,, ,4.08112177276831,0.0525121917744709,96.69000166,0.0,3.3099983379999998,0.0,0.0,0.0,0.0,0.0,18.973665961010276
18596,-39.6280106657196,32.4767,129852.2433455,1.09876,118947.0,391.31,2.77,2.90467,14.69,2.0,3.5,,,,,,, ,15.2322045015939,0.0,100.0,0.0,0.0,0.0,0.0,0.0,0.0,0.0,13.784048752090222
18606,-39.5038348490236,15.1067,20924835.0968628,1.51171,76123.2,819.96,3.05,2.98645,7.57,1.99,2.0,29.2569119139482,546.039745958574,567.478558510482,14.8753491846269,14.0845916434447,, ,0.0,0.0,0.97312389,0.273771894,0.102557325,1.419518068,0.0,13.032872306999998,0.006449634,0.408065059,14.491376746189438
18608,-39.4320022263727,17.7715999999999,778349.509266,7.21937,427665.0,697.55,3.32,3.27787,1.67,2.0,2.0,24.216332973749,547.267826800895,563.744081775404,12.1808589003559,17.4392021752759,, ,0.0,0.0,0.0,7.185397206,0.0,0.0,0.0,92.81460279,0.0,0.0,18.708286933869708
18609,-39.4282182737855,9.88578,238160.7207727,5.79902,191093.0,713.96,3.37,3.31298,2.48,2.0,2.0,27.6873021886167,555.926349267448,566.698940279237,19.3258078509109,21.2639504124284,16.8467706666667,Lake Rotokuru,0.0,0.0,0.0,0.0,0.0,0.0,0.0,100.0,0.0,0.0,19.493588689617926
18610,-39.3915905486343,47.7333,280690527.155846,485.812,77297900.0,851.83,3.5,3.3689,10.06,1.98,2.08,23.358313240371,545.058041058299,569.210870023147,12.6261627581618,17.2814163663028,4.500895197639091,Lake Moawhango,0.0056577452134217,0.0196999047837935,0.199404264,1.822416897,0.0,1.091606046,0.661634123,18.354104574,2.705199043,0.04458982,61.08191221630181
18648,-39.479211005229,18.8143999999999,1859928.808571,1.01513,63663.3,737.34,3.34,3.1885,13.09,1.09,3.81,,,,,,, ,0.0,0.0,100.0,0.0,0.0,0.0,0.0,0.0,0.0,0.0,17.60681686165901
18717,-35.0195384081616,0.0,1055707.9798701,6.05797,105005.0,56.19,0.0,5.49071,0.0,0.0,0.0,39.0833639293862,570.482253042489,582.676264679067,9.69644727216727,13.7084139622282,,Lake Ngakapua,4.28987418521875,0.260391014796891,35.20486245,20.2574106,44.064988918000005,0.0,0.0,0.390357707,0.082380322,0.0,0.0
18718,-35.0190288783038,0.0,107324.8108281,2.73441,74740.6,51.64,0.0,5.49268,0.0,0.0,0.0,4.49578680367119,571.326683529685,572.790050357482,13.3764001169861,45.6415802755522,, ,2.12533845703776,0.260391014796891,21.91135686,21.7473967,56.34124645,0.0,0.0,0.0,0.0,0.0,0.0
18719,-35.0188817041893,0.0,614355.016159,15.1534,606136.0,50.54,0.0,5.4201,0.0,0.0,0.0,22.7596614302049,552.044183061992,566.549843029003,17.8020699491992,20.3187574674581,,Lake Rotokawau,2.3800378263025,0.260391014796891,24.8401785,29.5606279,6.892310654,38.70688295,0.0,0.0,0.0,0.0,0.0
18720,-35.0159384099755,0.0,543387.5590877,1.47909,57093.8,55.87,0.0,5.51177,0.0,0.0,0.0,,,,,,, ,0.0639893334198851,0.260391014796891,0.490482789,24.88704568,74.62247153,0.0,0.0,0.0,0.0,0.0,0.0
18725,-34.9851734460522,12.5070999999999,189217.9813718,2.83249,118087.0,43.58,5.24,5.46066,1.64,1.0,1.0,,,,,,, ,0.866894518404015,0.260391014796891,96.80192621,0.0,0.080730826,0.0,0.0,0.0,0.0,3.117342964,19.493588689617926
18729,-34.9752338820414,13.0665,568776.4365406,1.67981,73163.9,39.99,5.25,5.4627,2.24,1.0,4.0,24.8818573294715,545.287146721381,564.857187017585,16.7469852432033,21.131226427494,30.2264483333333, ,8.65185698696592,0.457546841953709,35.62656976,3.645729146,51.16208427,0.0,0.0,9.565616827,0.0,0.0,15.491933384829668
18786,-35.7454089577775,23.2407,1289112.9835045,1.31957,102226.0,75.97,2.53,2.55718,13.75,2.96,3.65,,,,,,, ,8.97926636672595,0.0443656203491755,80.66922403,0.0,0.0,0.0,0.0,19.33077597,0.0,0.0,15.491933384829668
18809,-39.8198636684634,22.5173999999999,72083243.4462919,4.68028,351292.0,97.42,3.46,3.43237,13.13,1.78,3.35,,,,,,, ,3.90504460309151,0.0017064232081553,21.276021627,0.0,46.118240347,0.765057368,0.542886441,31.168411069999998,0.062090808,0.053053713,19.748417658131498
18838,-40.0250545348331,23.9833,514117.5911443,1.42817,114174.0,275.74,4.73,4.47828,11.27,1.27,2.91,,,,,,, ,21.1815853642027,0.0,74.00554021,0.0,0.214157719,0.0,0.0,25.78030207,0.0,0.0,17.60681686165901
18930,-40.0490638181199,26.0185,319453.4843559,1.58913,137823.0,375.44,5.18,4.84092,10.45,1.31,2.37,,,,,,, ,18.8403603013203,0.0099036951047427,94.97741716,0.0,5.022582845,0.0,0.0,0.0,0.0,0.0,16.1245154965971
18933,-39.9783258342321,7.85326,4018762.245893,19.2471,503840.0,57.58,4.39,4.1932,1.23,2.17,2.97,30.5532470705072,564.416438215388,573.426413237481,14.5591672506458,21.2179391292679,9.97950533333333,Lake Pauri,24.6186705667818,0.369560164662572,95.03290533100001,1.755494185,1.802622101,0.0,0.0,1.4089783790000001,0.0,0.0,31.937438845342623
18934,-39.9747514343594,28.8778,7175946.106245,21.7584,2094450.0,51.07,4.37,4.15478,1.22,2.34,2.86,1.55245131570494,567.29000031284,569.275070859916,10.630038086145,46.0431449408096,9.2062052038079,Lake Wiritoa,16.468739727462,0.371748885622957,76.37490068,1.646717459,3.502775847,12.86715887,0.0,3.155494962,0.0,2.452952186,31.176914536239792
18935,-39.9650468481209,8.30782999999999,32733942.9827097,1.29938,35983.5,20.44,4.38,4.1654,2.54,1.59,2.22,,,,,,, ,16.5412023201249,0.0560517917309637,94.4607969,0.0,2.243298869,0.021514826,0.461072481,2.487965675,0.0,0.325351254,16.431676725154983
18936,-39.9624900463251,14.0047,32912053.273821,25.3152,1181780.0,15.83,4.31,4.09578,2.54,1.59,2.22,22.6778599592412,531.135606308043,559.950790189993,9.3890870338336,11.635832031421,33.7081355,Kaitoke Lake,16.570527535911,0.0560003820552274,94.51880919999999,0.0,2.247167146,0.021551925,0.461867541,2.424691906,0.0,0.32591228,33.2264954516723
18937,-39.9658054601819,9.84521999999999,18415210.5365405,1.08246,35523.4,32.71,4.25,4.0184,1.94,1.72,1.83,,,,,,, ,20.3056146712298,0.0718594999538402,93.0069154,0.0,2.304348441,0.0,0.814249669,3.365377708,0.0,0.509108781,15.165750888103101
18951,-39.8950980671433,23.3899,4021109.41745,8.07754,629776.0,96.21,4.07,3.95018,1.43,2.01,2.03,20.1694162925181,562.463866559424,570.767704044561,21.6984670376683,24.3489130556831,22.47957,Lake Westmere,51.1689305012467,0.0154947919771621,93.03084523999999,0.066355087,4.065535132,0.0,0.0,2.8372645390000004,0.0,0.0,23.664319132398465
18957,-39.913722712172,16.2241,591157.0114021,6.98979,378011.0,59.35,3.9,3.69986,1.84,2.95,3.91,14.0591254980284,565.915982059561,570.051876965278,14.9498485789183,44.6270236328243,18.8965673333333,Lake Virginia,0.0,0.0,5.139387758,0.827621681,0.0,0.0,0.0,24.90536756,0.0,69.127623,22.360679774997898
18982,-39.9775616471419,23.8414,660007.3879182,1.08503,86228.8,78.67,4.12,3.86293,6.79,1.23,3.3,,,,,,, ,3.85899931331693,0.0,86.937250278,3.909218677,2.049804168,0.0,0.0,7.103726874,0.0,0.0,18.16590212458495
19103,-39.8696833231921,23.4119999999999,414378.5099666,3.08286,240587.0,120.54,3.52,3.38985,10.95,1.0,4.0,,,,,,, ,4.27582284405895,0.0,41.88932826,0.0,0.0,0.0,0.0,58.11067174,0.0,0.0,18.16590212458495
19140,-39.8669394438248,23.9359,175130.2979803,3.82646,305300.0,114.51,3.47,3.32505,6.56,1.0,4.0,18.4006274375301,571.73020677472,576.827557538267,17.0052068323427,34.2996204250119,16.2108881646215, ,2.58099020396072,0.0,32.27466948,28.96496255,34.06625446,0.0,4.09993465,0.594178857,0.0,0.0,18.16590212458495
19172,-39.8505373196162,25.1923999999999,8638634.765848,1.19902,100687.0,92.12,3.3,3.1205,11.54,1.0,3.77,,,,,,, ,2.39298465003249,0.0,21.74582701,0.0,74.6057761,0.0,0.009025947,3.639370949,0.0,0.0,15.165750888103101
19186,-39.782635951848,0.0,1391254.295847,1.19201,22991.3,54.38,0.0,2.63442,0.0,0.0,0.0,,,,,,, ,5.44234988946797,0.0,41.83328138,1.049930038,53.78589605,0.0,0.0,3.330892535,0.0,0.0,0.0
19210,-39.9599994070063,0.0,349704.6804338,1.02607,85998.3,76.05,0.0,3.70707,0.0,0.0,0.0,,,,,,, ,25.0434891287862,0.060381141879379,78.08247261,0.0,17.53884558,0.0,0.0,4.378681813,0.0,0.0,0.0
19223,-39.9541145262519,23.5550999999999,222762.2436922,1.65608,130030.0,118.89,3.93,3.62838,5.13,1.0,4.0,,,,,,, ,0.0,0.0,17.22970682,0.0,82.77029318,0.0,0.0,0.0,0.0,0.0,16.1245154965971
19227,-39.9459294986871,25.7755,128817.7247902,1.08596,93304.1,76.54,3.88,3.59936,7.15,1.0,4.0,,,,,,, ,5.23896348494923,1.0,17.4058393,0.0,15.7908349,14.84731216,51.32380551,0.632208131,0.0,0.0,13.038404810405298
19296,-39.8932332476131,23.7012,602063.3239489,1.04581,82622.8,115.52,3.64,3.40498,11.76,1.0,4.0,,,,,,, ,8.73805294836715,0.220373895560864,99.87680307,0.0,0.078523011,0.0,0.0,0.044673923,0.0,0.0,13.038404810405298
19309,-39.9569822706166,22.7262999999999,485723.6209924,1.02658,77767.5,197.04,4.18,3.93717,9.59,1.1,3.68,,,,,,, ,18.2957977754239,0.0,85.90140111,7.511622374,6.072141239,0.514835272,0.0,0.0,0.0,0.0,13.038404810405298
19328,-39.9322854496111,23.3442,195867.3286193,1.66611,129647.0,190.09,3.89,3.59778,5.32,1.0,4.0,,,,,,, ,12.6549094367537,0.0041768606813014,68.22993689,0.0,0.0,0.0,0.0,31.77006311,0.0,0.0,15.165750888103101
19352,-39.9213546701433,24.1560999999999,679238.2070418,1.55762,125420.0,158.64,3.81,3.53995,8.04,1.0,4.0,,,,,,, ,17.8831964718212,0.0041768606813014,98.7516513,0.0,0.0,0.0,0.0,1.248348704,0.0,0.0,16.1245154965971
19353,-39.9028458653406,23.7605,305037.0077348,3.21749,254830.0,137.83,3.65,3.35554,8.33,1.0,4.0,,,,,,, ,18.0710041713948,0.0041768606813014,97.43150873,0.0,0.0,0.0,0.0,2.568491268,0.0,0.0,18.708286933869708
19369,-39.6250251842832,18.8143999999999,228026.9973301,1.00114,62786.1,609.39,3.03,2.75797,6.39,1.04,3.9,,,,,,, ,28.6405014800041,0.036273007843147,100.0,0.0,0.0,0.0,0.0,0.0,0.0,0.0,15.165750888103101
19387,-39.6336783948998,9.46665999999999,129911.4244446,1.09861,34667.3,560.0,3.1,2.79685,3.23,1.0,4.0,,,,,,, ,26.9950263807976,0.036273007843147,94.25551239,0.0,5.744487613,0.0,0.0,0.0,0.0,0.0,14.832396974191326
19506,-34.9626110974702,0.0,597528.0951574,5.09168,49677.7,5.76,0.0,4.29183,0.0,0.0,0.0,11.6720289678361,568.260583967865,572.946501467787,9.66048255613521,18.106208296419,, ,0.0,0.0,0.0,0.0,0.0,0.0,45.07363647,54.92636353,0.0,0.0,0.0
19509,-34.9504457350634,3.5,1494275.955312,11.6947,136438.0,1.97,4.24,4.36121,0.68,0.99,3.8,29.6450696235173,502.049839514227,563.510925946828,8.5167299072052,14.1679767816872,9.371161166666656, ,0.0,0.0,0.0,0.0,0.325569707,0.0,39.90280623,52.1172369,7.654387159,0.0,25.495097567963924
19544,-35.7607446690564,7.67469,1523190.451516,1.02368,26188.1,19.99,4.44,4.44315,9.47,1.98,3.48,,,,,,, ,1.49038709842134,0.0,28.01599699,0.0,0.0,0.678124666,0.0,71.30587833999999,0.0,0.0,20.248456731316587
19546,-35.7099624646182,6.73719,267750.7048621,3.12043,70076.3,9.56,3.99,3.91229,4.11,1.0,2.74,,,,,,, ,3.57850361195471,0.0,97.35589523,0.0,2.644104767,0.0,0.0,0.0,0.0,0.0,21.447610589527216
19559,-34.5830939321475,4.4,1223349.7772543,7.06937,103684.0,58.59,4.68,4.87217,3.16,1.0,4.0,11.4048689349696,576.527412763397,579.610429449091,20.9702517496009,37.2624671485411,8.442561833333336, ,0.0,0.0,0.0,6.323024299,75.42338982,0.0,0.0,13.38055838,4.873027499,0.0,23.49468024894146
19563,-34.5672438437862,14.8475,414065.8901513,1.75506,86861.2,55.27,4.63,4.81352,3.83,1.0,4.0,,,,,,, ,0.0,0.0,0.0,0.0,100.0,0.0,0.0,0.0,0.0,0.0,13.784048752090222
19567,-34.5695508056069,0.0,990810.446024999,15.2026,1296030.0,74.85,0.0,4.7678,0.0,0.0,0.0,15.9349843774669,578.994199803799,580.888153905579,20.7549647858423,41.0053308377563,, ,0.0,0.0,0.0,18.92080373,79.98155567,0.0,0.0,1.0976406,0.0,0.0,0.0
19572,-34.6044635175007,7.41945,7483067.4128013,4.43026,109567.0,21.48,4.62,4.78327,3.65,1.0,3.68,,,,,,,Lake Waikanae,0.109041328445289,0.0,59.48834372,0.131606305,26.88864965,0.0,0.0,12.96744424,0.523956085,0.0,17.291616465790582
19575,-34.5860732342156,10.0,665414.0379172,1.98346,66115.2,77.12,4.63,4.804,2.54,1.0,4.0,,,,,,6.56452799494949, ,0.0,0.0,0.0,0.0,95.83152619,0.0,0.0,1.793648499,2.37482531,0.0,17.029386365926403
19576,-34.5784956518409,5.1,891782.784252,10.1495,172541.0,72.1,4.55,4.70627,1.86,1.0,1.85,2.23218703219837,581.057664459972,583.00154615378,12.417935390329,33.6819668973827,13.0943107222222, ,1.60094723833383,0.0,82.78542501,0.0,0.0,0.0,0.0,17.21457499,0.0,0.0,20.0
19585,-34.5316660468834,21.6015,300475.0867869,2.35468,169548.0,99.26,4.64,4.83012,3.31,1.0,4.0,,,,,,, ,0.0,0.0,0.0,5.870373714,0.0,0.0,0.0,13.28795812,80.84166817,0.0,19.493588689617926
19599,-39.8853458282951,11.8048,137686.9720371,1.43106,56311.2,150.62,3.61,3.32552,12.96,1.0,4.0,,,,,,, ,15.7172683709744,0.0041768606813014,89.53137846,6.109550562,1.060221979,0.0,0.0,3.298849,0.0,0.0,17.60681686165901
19601,-39.8908308857554,9.55057,155102.9237546,1.64148,52256.9,199.9,3.7,3.4501,14.84,1.0,4.0,,,,,,, ,14.2830617351381,0.0041768606813014,83.8343002,0.0,0.0,0.0,1.07389294,15.09180686,0.0,0.0,17.60681686165901
19605,-39.8992189051052,23.1511,432060.7026078,1.42093,109654.0,198.38,3.77,3.50283,9.5,1.0,4.0,,,,,,, ,17.7193689695373,0.0041768606813014,98.8140502,0.0,1.185949799,0.0,0.0,0.0,0.0,0.0,17.60681686165901
19612,-39.8944468625255,24.2212,1213466.4706967,2.92393,236070.0,177.37,3.71,3.42139,9.61,1.0,4.0,,,,,,, ,7.59488077411059,0.0041768606813014,41.99730478,0.0,49.75204307,0.0,0.0,8.250652154,0.0,0.0,22.978250586152114
19621,-39.8884758885457,24.0558,4162108.1552852,7.81398,626572.0,157.85,3.66,3.36982,9.71,1.0,4.0,6.42632614651615,583.129094941495,584.899773000348,14.5886440356623,28.9225229921271,12.5856986666667,Lake Ngaruru,5.8718676725841,0.0041768606813014,33.44134573,0.452845064,52.13879282,0.0,0.006517989,13.960498397,0.0,0.0,25.69046515733026
19623,-39.884867821581,21.8689,401803.5934892,1.18658,86497.4,180.33,3.65,3.3497,9.61,1.0,4.0,,,,,,, ,0.0,0.0,0.0,0.0,94.76983048,0.0,0.0,5.230169517,0.0,0.0,17.320508075688775
19624,-39.8855143624322,22.7562,853560.728091999,12.9451,981936.0,200.23,3.68,3.38897,8.15,1.0,4.0,29.4760046429518,503.891584191323,558.784892392309,9.04142635188955,7.6604769661547,10.6070681666667,Lake Namunamu,0.0,0.0,0.0,0.0,61.99206035,0.0,0.0,38.007939652000005,0.0,0.0,25.39685019840059
19781,-39.9227871207537,25.8577,1461404.5470025,1.14194,98426.2,297.41,4.14,3.83817,6.96,1.0,4.0,,,,,,, ,16.7095803810981,0.0013483574057266,77.80476669,0.0,0.0,0.0,0.0,22.19523331,0.0,0.0,14.491376746189438
19875,-39.6954830636362,25.3725999999999,317422.2075299,1.49453,126400.0,263.83,3.31,3.43213,9.28,1.0,4.0,,,,,,, ,0.0,0.0,0.0,0.0,100.0,0.0,0.0,0.0,0.0,0.0,17.320508075688775
19889,-39.5877288417016,10.8122,81590.1363026999,1.0459,37695.1,123.96,2.23,2.21013,5.55,3.0,3.0,,,,,,, ,0.0,0.0,74.39650203,0.0,0.0,0.0,17.89756351,7.705934455,0.0,0.0,17.320508075688775
19900,-39.5636745814131,10.9216,211978.0820679,2.37991,86641.4,260.0,2.42,2.51492,9.52,3.0,3.0,,,,,,, ,31.4866566007906,0.0,97.07684474,2.534259223,0.0,0.0,0.0,0.388896039,0.0,0.0,14.491376746189438
19903,-39.5790456559409,11.7232,83942.6747088999,1.73103,67644.0,175.41,2.34,2.38603,7.7,3.0,3.0,,,,,,, ,0.0,0.0,0.0,30.04427767,0.0,44.38424015,0.0,25.571482174,0.0,0.0,15.165750888103101
19906,-39.5783698680545,10.1707,172451.1888005,1.39836,47407.6,215.44,2.43,2.51697,11.14,3.0,3.06,,,,,,, ,0.0,0.0,89.5876786,0.0,0.0,7.271669575,0.0,3.140651825,0.0,0.0,15.165750888103101
19915,-39.727922756764,12.8047,147875.7251468,1.10068,46979.2,339.38,2.89,2.9291,5.1,3.0,3.0,,,,,,, ,11.0223533026487,0.0,86.95767356,13.04232644,0.0,0.0,0.0,0.0,0.0,0.0,14.832396974191326
19921,-39.7339896171491,9.69509,274666.3352378,2.16366,69923.0,280.27,2.9,2.89267,13.72,1.38,3.8,4.68617433214448,575.153639199725,581.041876268115,19.8668874956118,39.1539364699666,, ,10.894791861102,0.0,52.16454971,5.402436976,0.049962743,38.25466355,0.0,4.128387022,0.0,0.0,15.491933384829668
19922,-39.7320685985508,24.9914999999999,363235.6528202,3.00663,250468.0,321.34,2.92,2.95385,11.41,2.33,3.33,,,,,,, ,11.4554353596949,0.0,76.24684472,0.0,0.0,18.66226044,0.09829117,4.9926036709999995,0.0,0.0,16.73320053068151
19980,-39.7386373685785,10.945,79879.4595814,1.0533,38427.8,261.13,2.75,2.52617,4.05,3.0,3.0,,,,,,, ,6.49742177041174,0.0,88.39282766,11.60717234,0.0,0.0,0.0,0.0,0.0,0.0,14.832396974191326
20007,-39.6298277577171,11.3165,193146.9849545,1.03492,39038.7,359.0,2.64,2.68764,13.44,3.0,3.21,,,,,,, ,15.4992928858032,0.0,100.0,0.0,0.0,0.0,0.0,0.0,0.0,0.0,14.832396974191326
20094,-39.9074749834893,26.0384999999999,371951.9192854,4.05183,351678.0,239.3,3.94,3.64867,8.87,1.0,4.0,23.6977486491559,569.109196122487,574.476533796246,15.0318536658295,26.6982269212893,,Lake Maungarataiti,6.54610779666304,0.0,74.02475824,0.0,0.0,0.0,0.0,25.97524176,0.0,0.0,19.748417658131498
20095,-39.9088861837989,22.6656,588351.3492314,1.01806,76916.6,251.25,3.95,3.65085,11.04,1.0,4.0,,,,,,, ,11.6160268994889,0.0,76.30187635,0.0,2.998036374,0.0,0.0,20.700087273,0.0,0.0,15.491933384829668
20096,-39.9103745492685,23.8322,505656.4129147,6.25376,496803.0,260.83,4.02,3.77976,11.83,1.0,4.0,32.3305543957919,563.544710450884,577.938731540696,14.7184883115523,15.6314262766195,6.243764,Lake Maungaratanui,10.608584762214,0.0,69.93307291,0.0,3.92683182,0.0,0.0,26.140095271,0.0,0.0,19.493588689617926
20138,-39.5653665587,19.6429,177095.245425,1.04724,68569.6,465.59,2.71,2.59603,8.97,1.18,3.81,,,,,,, ,12.9091987184934,0.0,92.63799114,7.362008858,0.0,0.0,0.0,0.0,0.0,0.0,14.491376746189438
20158,-39.586191352406,19.3571999999999,1174551.9881502,1.89924,122547.0,491.69,2.72,2.58523,11.54,2.73,3.25,,,,,,, ,13.3884613077199,0.0,93.4532898,0.0,1.327890574,0.0,0.0,5.218819628,0.0,0.0,18.708286933869708
20162,-39.5786487265181,18.7011,172493.8168901,1.84637,115097.0,521.36,2.72,2.56412,4.95,2.26,2.26,,,,,,, ,3.96505316509606,0.0,100.0,0.0,0.0,0.0,0.0,0.0,0.0,0.0,17.60681686165901
20170,-39.631600665777,9.936,126658.3580779,1.31578,43578.7,554.87,2.94,2.77493,7.41,3.0,3.0,,,,,,, ,33.7574508272618,0.0,100.0,0.0,0.0,0.0,0.0,0.0,0.0,0.0,14.142135623730951
20172,-39.6507332649181,18.309,900697.559602,1.70459,104031.0,578.89,2.94,2.72449,5.94,2.16,2.16,,,,,,, ,22.4274322619701,0.0,97.21732581,0.0,1.682698911,0.0,0.0,1.099975276,0.0,0.0,16.431676725154983
20190,-39.9433978448139,26.4237,807865.7084756,1.52251,134102.0,340.11,4.57,4.19013,8.58,1.25,3.87,,,,,,, ,11.8776800591746,0.0,99.32416978,0.0,0.675830221,0.0,0.0,0.0,0.0,0.0,17.029386365926403
20191,-39.9408048275067,22.3168,671780.9328245,1.06273,79055.2,403.79,4.75,4.35372,5.92,2.98,2.96,,,,,,, ,9.75955145832407,0.0,100.0,0.0,0.0,0.0,0.0,0.0,0.0,0.0,12.24744871391589
20225,-39.8534197814274,25.4676,37696.2096111,1.06688,90569.7,316.57,3.83,3.49705,3.5,1.0,4.0,,,,,,, ,0.0,0.0,100.0,0.0,0.0,0.0,0.0,0.0,0.0,0.0,14.832396974191326
20239,-39.7882606344133,12.7398,91328.5892533,1.65693,70363.1,319.12,3.26,3.0195,4.01,3.0,3.0,,,,,,119.449796666667,Lake Pounamu,20.0149344973001,0.0,100.0,0.0,0.0,0.0,0.0,0.0,0.0,0.0,14.491376746189438
20246,-39.7919487589417,23.6289,225148.8628773,1.43946,113376.0,218.82,3.26,2.9334,13.22,2.9,3.7,,,,,,, ,21.9688961307589,0.0,99.92441965,0.0,0.0,0.0,0.0,0.075580349,0.0,0.0,13.784048752090222
20265,-39.7648322336842,23.3800999999999,431427.5005712,3.6901,287583.0,419.99,3.43,3.18405,8.9,3.0,3.0,,,,,,, ,0.0209197726012995,0.0212808148617472,100.0,0.0,0.0,0.0,0.0,0.0,0.0,0.0,22.360679774997898
20272,-39.8250635646355,23.7041,239100.0262737,1.11977,88477.0,409.64,3.93,3.49707,10.52,1.0,4.0,,,,,,, ,24.4292574686296,0.0,49.65477237,0.0,25.70916678,23.772524,0.0,0.863536852,0.0,0.0,13.784048752090222
20285,-39.9221464680747,19.7409,699907.4418117,1.8915,124466.0,452.67,4.79,4.37962,6.13,1.0,4.0,,,,,,, ,0.697017356166322,0.0,98.23099808,0.0,0.0,0.0,0.0,1.769001918,0.0,0.0,14.832396974191326
20286,-39.914252350506,9.92938,578841.5024698,1.40509,46505.5,479.25,4.73,4.33552,5.03,1.0,4.0,,,,,,, ,0.457714176346972,0.0,76.52837382,0.0,0.0,0.0,0.0,23.471626187,0.0,0.0,13.784048752090222
20361,-39.6981290939279,18.9597,144408.1734968,1.29083,81579.0,449.23,3.11,3.00272,13.27,3.0,3.0,,,,,,, ,14.9000457517655,0.0,100.0,0.0,0.0,0.0,0.0,0.0,0.0,0.0,13.416407864998739
20363,-39.6977770861564,9.85943999999999,166697.965282,1.26818,41678.5,552.81,3.15,3.04405,6.38,3.0,3.0,,,,,,, ,13.4161414424446,0.0,88.79770326,0.0,11.20229674,0.0,0.0,0.0,0.0,0.0,13.784048752090222
20485,-39.7283434346641,8.62043,273479.3130282,2.56819,73796.3,735.79,4.49,4.28875,13.54,1.0,4.0,,,,,,, ,19.8745200645309,0.000786549697651,99.8913978,0.0,0.0,0.0,0.0,0.108602199,0.0,0.0,15.811388300841896
20488,-39.6978979822064,17.9046999999999,254121.2768729,1.53494,91608.7,490.04,3.82,3.4333,10.33,1.0,4.0,,,,,,, ,22.307124792672,0.000786549697651,100.0,0.0,0.0,0.0,0.0,0.0,0.0,0.0,14.832396974191326
20493,-39.6761412125124,22.1237999999999,6090006.5068507,1.07509,79283.8,426.87,3.46,3.02815,6.22,1.07,3.84,,,,,,, ,4.11121955173272,0.0019617438959413,98.76385966,0.0,0.023506208,0.0,0.0,1.212634135,0.0,0.0,13.784048752090222
20514,-39.6290955082288,18.7011,374402.4209779,1.31628,82052.9,518.34,2.8,2.50463,7.9,1.0,4.0,,,,,,, ,12.5747404855704,0.0,98.06880973,0.0,0.0,0.0,0.0,1.931190273,0.0,0.0,14.491376746189438
20590,-39.5561010975541,12.6714,142262.9982677,1.71106,72271.4,361.6,2.7,2.89745,4.3,3.0,3.0,,,,,,70.4375531833333, ,18.7368338995245,0.0,68.63803583,1.998360525,0.0,0.0,0.0,29.36360365,0.0,0.0,13.784048752090222
20637,-39.5359351917606,18.2536999999999,368459.8646326,1.54018,93713.2,655.28,2.86,2.87712,8.18,1.94,2.11,,,,,,, ,20.2793716663464,0.0391246417163714,99.89479085,0.0,0.0,0.0,0.0,0.10520915,0.0,0.0,13.416407864998739
20666,-39.4768095225984,7.56474,452770.1720572,2.85341,71951.1,688.09,3.12,3.09177,1.03,2.0,2.0,,,,,,, ,51.823577923393,0.0,96.695543538,0.0,3.304456467,0.0,0.0,0.0,0.0,0.0,15.165750888103101
20673,-39.4897728633172,17.7597999999999,21507931.4258748,1.92594,114014.0,677.97,3.07,3.05157,5.94,1.64,2.29,,,,,,,Lake Otamataraha,4.00085591447362,0.0391246417163714,83.08491013,3.698605014,3.205109542,1.372574896,0.0,8.638800416999999,0.0,0.0,18.16590212458495
20693,-39.4621099466496,0.0,766146.5411483,2.76307,153167.0,648.39,0.0,3.14273,0.0,0.0,0.0,28.4776576823314,556.401918323026,568.987533720264,19.7758559258169,21.3206293486444,, ,29.8593323242172,0.0,68.59279556,24.14546734,0.0,2.899901148,0.0,4.361835956,0.0,0.0,0.0
20720,-39.4345240977319,17.5872999999999,175531.9615394,2.87268,168409.0,574.42,3.07,3.12435,2.17,2.0,2.0,29.5602392198569,568.579105002681,579.373152922858,23.6048375041599,62.5405786507207,7.219167333333335, ,0.382222830554671,0.0,9.002760584,19.95850551,0.0,0.0,0.0,71.0387339,0.0,0.0,16.431676725154983
20721,-39.4382305785248,0.0,113631.7374577,1.18633,29058.4,579.75,0.0,3.16092,0.0,0.0,0.0,,,,,,, ,1.62305018400658,0.0,33.44549635,0.0,0.0,0.0,0.0,66.55450365,0.0,0.0,0.0
20741,-39.1532219612974,23.8977,752930.9706145,3.07779,245174.0,392.71,2.74,2.93569,15.2,1.31,3.36,22.2247682669201,559.005018518462,569.044269167813,18.7661530226311,21.865799179564,10.295360833333351,Lake Hawkes,0.0,0.0,0.0,0.0,0.0,0.0,0.0,100.0,0.0,0.0,16.431676725154983
20749,-39.118322043696,11.1729,44276.0464910999,1.00924,37587.0,172.13,3.6,3.71247,1.02,5.0,2.0,,,,,,, ,5.13786915044076,0.569166688226011,85.7256981,0.0,14.2743019,0.0,0.0,0.0,0.0,0.0,15.811388300841896
20767,-39.1223743131104,21.3416,621233.4070592,2.38157,169421.0,172.5,3.73,3.84158,2.37,5.0,2.0,4.14126171638411,573.384421404772,577.162663872901,9.76494999323956,35.6759836369367,, ,11.5032896795523,0.829234278501566,95.22649128,4.773508725,0.0,0.0,0.0,0.0,0.0,0.0,14.491376746189438
20771,-39.0858422154957,0.0,322112.2747981,1.17344,34400.3,92.04,0.0,3.86397,0.0,0.0,0.0,,,,,,, ,8.7689504023849,0.983269600964072,58.96277581,3.75681253,0.0,0.0,0.0,37.28041166,0.0,0.0,0.0
20772,-39.0761255940144,13.7049,124270.8467383,1.00184,45766.8,71.28,3.83,3.93984,1.82,5.0,2.0,,,,,,, ,14.0693819196126,0.896005169248243,91.58118611,0.0,0.224933483,0.0,0.0,8.193880409,0.0,0.0,12.649110640673518
20776,-39.0610895468777,7.86533,169325.9514816,1.54911,40614.3,60.03,4.03,4.12347,1.35,5.0,2.0,,,,,,, ,12.6993114244185,0.863621438658747,88.35452318,5.237613614,0.0,0.0,0.0,1.240165898,0.0,5.16769731,15.811388300841896
20815,-39.1363695134716,23.5814999999999,1246151.5544991,1.39666,109784.0,182.55,2.74,2.77584,14.86,1.81,3.0,,,,,,, ,0.908508415590872,0.0,4.498027755,2.073289869,23.63767909,8.677716692,0.0,61.113286603000006,0.0,0.0,16.1245154965971
20823,-39.1138214272692,21.0196,225252.0311305,2.45301,171871.0,175.19,2.71,2.745,3.79,2.86,2.73,,,,,,, ,6.34858472185721,0.0,99.21672726,0.0,0.0,0.783272739,0.0,0.0,0.0,0.0,17.88854381999832
20824,-39.1110989963566,21.1091,406480.9324138,1.67411,117797.0,178.27,2.71,2.74697,7.07,2.87,3.1,,,,,,, ,6.37884450323622,0.0,48.90926725,0.0,8.061312985,42.92806963,0.0,0.101350138,0.0,0.0,15.811388300841896
20844,-39.2809776977692,24.751,931091.978629999,20.8561,1720700.0,2543.97,6.75,7.77049,11.32,4.0,4.0,,,,,,150.73292666666651,Crater Lake,0.0,0.0,0.0,0.0,0.0,0.0,0.0,0.0,100.0,0.0,24.145392935299274
20846,-39.2012473369044,17.4887,6677612.807863,21.0993,1230000.0,1217.56,4.06,4.24881,9.59,4.0,4.0,33.1705200836653,555.761693072286,577.879092926978,13.2652760086687,9.16475824845793,1.68057190113872,Lower Tama,0.0,0.0,0.0,0.0,0.0,0.0,2.820025872,1.104756539,20.88126069,0.0,23.916521486202797
20851,-39.185497630394,15.7037,2962845.447829,31.34,1640510.0,1304.53,4.16,4.46516,16.83,4.0,4.0,2.71765155338073,581.638169448467,584.496338716065,10.3787020194023,39.8019340775066,2.99055772452416,Upper Tama,0.0,0.0,0.0,0.0,0.0,0.0,0.0,0.0,37.39641106,0.0,28.861739379323623
20852,-39.1821442621253,26.0473,1023043.386132,1.05592,91679.5,1390.84,4.14,4.46314,16.25,4.0,4.0,,,,,,, ,0.0,0.0,0.0,0.0,0.0,0.0,0.0,0.0,37.85446554,0.0,21.213203435596427
20853,-39.1439053701329,18.6925999999999,264894.7485819,3.33607,207866.0,1675.15,4.57,5.27479,3.19,4.0,3.59,,,,,,, ,0.0,0.0,0.0,0.0,0.0,0.0,0.0,0.0,86.94450204,0.0,18.16590212458495
20857,-39.1245036529937,18.5601999999999,601812.119547999,17.197,1063930.0,1737.13,4.49,5.2292,6.57,3.68,3.68,30.668452494461,566.574122468648,578.411523001435,13.0508321404792,16.5674462544234,,Blue Lake,0.0,0.0,0.0,0.0,0.0,0.0,0.0,0.0,99.9673524,0.0,23.021728866442675
20858,-39.1300247119299,18.5601999999999,445691028.15141,1.09186,67550.2,589.71,2.34,2.36952,12.06,2.58,2.6,,,,,,,Beggs Pool,0.0,0.0,0.0,0.282732276,0.022484553,0.113138788,2.380959523,43.690999237,15.322152619,0.002957784,21.447610589527216
20880,-39.1232334738434,23.8759,8640711.771403,23.5373,1873250.0,155.2,3.55,3.65358,2.32,5.0,2.0,1.46298761756972,578.279886808862,579.918243626257,16.1219658495674,40.0661818405152,,Lake Mangamahoe,15.8157767253384,0.874663975656943,87.63692472,0.051245031,6.373697308,0.0,0.387470804,5.2665520290000005,0.0,0.284110104,35.4964786985977
20893,-39.0909364742779,0.0,467586.7679339,2.94992,159819.0,57.74,0.0,3.49675,0.0,0.0,0.0,6.07561117608218,575.387460654092,577.884465756062,21.9739378618671,47.5880637574142,,Barrett Lagoon,35.7888841125702,0.998638579191755,73.97370754,6.324208443,0.0,0.0,0.0,2.966534053,0.0,16.73554997,0.0
20899,-39.0656261365839,9.36532,1007328.2429352,1.50548,46997.7,33.97,3.6,3.68895,1.99,5.0,2.0,,,,,,, ,0.0,0.0,0.0,0.502844559,0.0,0.0,0.0,36.917273306999995,0.0,62.579882139999995,17.320508075688775
20904,-39.0405888542826,7.0,135408493.841228,9.76328,228088.0,9.29,4.12,4.19765,6.5,4.39,1.98,8.70063473472077,572.190591069285,578.067074439093,16.350397267431,25.0552351007291,11.7498335,Lake Rotomanu,9.61747523525072,0.828276406656716,56.291094898,0.453801633,3.1932926509999997,0.259831073,0.32178185400000003,33.245907517,1.4722213899999999,4.315941512999999,21.213203435596427
20910,-39.0609972423623,18.7135,529547.3848196,1.04446,65151.5,62.67,4.11,4.22764,1.3,5.0,2.0,,,,,,, ,16.5987227625888,0.668110312989963,94.27593926,1.699842229,4.024218514,0.0,0.0,0.0,0.0,0.0,18.708286933869708
20919,-39.0812464228828,11.1743,130890.6024697,1.84334,68660.2,94.77,3.99,4.10455,0.99,5.0,2.0,5.14215213708214,574.004641827493,578.518591815321,21.7203577357795,34.8806246387875,11.78659245, ,24.1056090784803,0.864607107387591,89.52539315,0.0,0.0,0.0,0.0,10.47460685,0.0,0.0,14.142135623730951
20943,-39.0796324014925,21.2396999999999,386537.1191396,1.13451,80322.5,136.01,3.99,4.13075,3.75,5.0,2.0,,,,,,, ,9.77402904993271,0.922280554217458,87.12785167,0.203415397,0.997258434,0.0,0.0,11.6714745,0.0,0.0,16.1245154965971
20958,-39.0387617773715,7.74627,486945.9812847,1.01308,26158.7,28.52,4.33,4.43171,1.09,5.0,2.0,,,,,,, ,6.48422102223125,0.941060175460274,20.74136902,0.0,0.0,0.0,0.0,0.0,0.0,79.25863098399999,15.491933384829668
20959,-39.0303797058473,8.50125,359992.6366858,1.00312,28425.9,19.63,4.4,4.48992,2.15,5.0,2.0,,,,,,,Waipu Lagoons,55.1815670610113,0.759249149624155,58.85897813,4.774164421,0.0,0.0,0.0,4.781022211,0.0,31.58583524,15.165750888103101
20961,-39.0205515155375,3.28101,155801.9969156,1.09615,11988.3,19.91,4.59,4.6666,2.0,3.0,4.0,,,,,,, ,0.916521567488976,0.538000704804417,20.2624893,47.09066306,0.0,31.59260998,0.0,0.0,1.054237663,0.0,13.038404810405298
20969,-39.0120472164986,4.51485,4436595.7493841,6.66591,100319.0,12.39,4.61,4.67815,2.0,4.51,2.07,7.05312497500817,578.158948592932,581.964426738632,23.1502863610364,27.8270239156172,, ,14.3700513916676,0.916313724036589,97.313364548,0.0,0.678508598,0.0,0.0,0.635598608,0.193947557,1.178580706,22.80350850198276
21099,-38.9853735121272,27.0287,129888.9165434,1.2873,115980.0,253.0,3.1,3.18204,8.36,5.0,2.0,,,,,,, ,8.89799492140269,0.0,80.86012023,0.0,0.0,19.13987977,0.0,0.0,0.0,0.0,14.491376746189438
21191,-38.9468574964526,24.1560999999999,1156298.1249464,1.20394,96941.4,163.37,1.98,2.05852,10.71,2.54,3.07,,,,,,, ,26.6332137929806,0.0,100.0,0.0,0.0,0.0,0.0,0.0,0.0,0.0,17.029386365926403
21272,-39.0894138095981,18.4779,1205022.6098367,2.70543,166636.0,546.08,2.72,2.77105,7.71,2.0,2.0,,,,,,, ,19.936284684956,0.044189757197184,50.70677713,0.0,2.264094406,16.04923624,0.0,30.979892229,0.0,0.0,20.493901531919196
21313,-38.9974375288179,25.8284999999999,531359.782052,1.53105,131816.0,380.1,2.36,2.38372,7.24,2.0,2.03,,,,,,,Ohinetonga Lagoon,69.7672644704666,0.0595844466489841,46.54047465,0.0,0.0,0.0,0.0,53.38375588,0.0,0.075769467,17.88854381999832
21334,-38.9302668893977,11.8398,106051.3454159,1.77821,70178.7,274.15,2.22,2.22601,2.67,2.0,2.0,,,,,,, ,0.0,0.0,82.14885207,0.0,0.0,0.0,0.0,17.85114793,0.0,0.0,15.491933384829668
21356,-39.0329339884158,7.57112,509268.7504403,5.25033,132503.0,590.86,2.33,2.38078,0.81,2.0,3.0,,,,,,, ,11.3687194050816,0.478263586560293,79.58390079,0.0,16.12066965,4.295429565,0.0,0.0,0.0,0.0,22.135943621178654
21367,-39.0542026292329,60.3382,158493277.816644,1566.34,315034000.0,553.08,2.28,2.35158,8.47,2.11,2.4,40.1010054187122,568.948551670331,583.11333151473,14.8742858802968,10.8685572659542,2.44648127481506,Lake Rotoaira,0.316814137837996,0.478263586560293,2.975399766,5.260360466000001,17.494505057999998,0.61816393,3.0913653229999998,53.969301632000004,3.502220963,0.072993963,79.81227975693966
21370,-39.0266530023359,28.5461999999999,6064748.428136,85.0422,8092110.0,711.74,2.48,2.71902,11.68,1.44,2.51,5.50142467391805,577.389232533459,581.428318958426,16.517048343172,27.8167318081997,5.35727966666666,Lake Rotopounamu,0.0,0.0,0.0,0.517661465,0.0,0.0,0.0,97.18836036,0.0,0.0,36.41428291206625
21371,-39.0263771645828,18.5601999999999,1673476.9521909,1.31002,81047.3,713.54,2.49,2.73385,11.3,1.26,2.73,,,,,,, ,0.0,0.0,0.0,1.28631198,0.0,0.0,0.0,97.18211746,0.0,0.0,22.360679774997898
21372,-39.0185407703273,18.7448,17556182.7299211,6.30188,393759.0,606.27,2.55,2.63262,4.89,2.01,2.42,,,,,,,Lake Te Whaiau,0.135901625720212,0.478263586560293,1.559379576,3.561949975,21.375266663,0.66457406,5.985496032,49.859523772,2.476400258,0.089095772,19.79898987322333
21383,-39.002310519586,32.6011,49130890.512337,156.31,16986200.0,607.26,2.49,2.61756,4.1,1.92,2.53,24.5768002964385,577.432514264595,579.984417762,25.0661528241854,45.6371607764016,34.344109666666654,Lake Otamangakau,0.246165280585111,0.172322649136375,3.555123099,18.861153977,30.674385598,0.633850715,3.7473121870000003,35.494804736,0.944332887,0.18139759900000002,41.66533331199932
21384,-39.0124728989632,15.0876,158629.9593116,2.70849,136215.0,614.36,2.42,2.51333,1.23,2.0,2.0,4.55449525281189,581.419563783664,583.821575416413,15.7547360738293,33.294682133401,,Lake Rotokura,0.916989377914852,0.478263586560293,0.0,0.0,89.55530217,8.454960091,1.989737742,0.0,0.0,0.0,16.431676725154983
21422,-38.95097224098,0.0,139295.7035549,1.31504,41036.8,356.6,0.0,1.79448,0.0,0.0,0.0,,,,,,, ,0.0074681821779986,0.0,0.0,89.77103352,0.0,10.22896648,0.0,0.0,0.0,0.0,0.0
21433,-34.5180655490524,8.69999999999999,2571867.206138,11.3562,329330.0,38.14,4.83,5.03689,6.93,2.95,3.97,25.5250959344979,555.877263815577,570.416980606648,8.75253572346062,25.1918833190923,,Lake Ngakeketa,0.0414731626298086,0.0,28.6692121,0.522312631,0.0,0.0,0.0,69.919835554,0.888639722,0.0,27.03701166919155
21434,-34.5166114201595,7.0,2109864.543329,11.1968,261260.0,55.96,5.11,5.37929,5.75,1.83,4.0,6.52254481942168,576.347290929745,581.527595502761,12.3947664553645,29.9715225275755,5.82562668182252, ,0.0277557565442045,0.0,19.16564573,0.0,0.0,0.699417008,0.0,49.26704707,30.86789019,0.0,23.874672772626646
21435,-34.4651416294569,6.07138,166481.0318046,1.63298,33048.1,15.19,6.92,7.51374,8.51,1.0,4.0,,,,,,, ,0.0001767254722322,0.0,0.0,6.947644607,0.0,0.116537698,0.0,0.0,92.9358177,0.0,13.416407864998739
21444,-34.4897015591376,0.0,20300388.6491496,1.36124,35749.9,14.23,0.0,6.38926,0.0,0.0,0.0,,,,,,, ,0.0797977945239563,0.0,49.92148575,8.101414008,0.0,2.799882687,0.0,36.322992347,2.854225209,0.0,0.0
21448,-34.4922801805952,0.0,10962782.6741128,1.33225,39161.0,18.31,0.0,6.06572,0.0,0.0,0.0,,,,,,, ,0.108746865436071,0.0,71.73229405,5.864503496,0.0,0.0,0.0,19.17813641,3.225066041,0.0,0.0
21450,-34.4773260961994,0.0,27817233.523688,10.5741,234840.0,17.26,0.0,6.63268,0.0,0.0,0.0,5.79399424373128,573.817931195095,578.479332631905,14.9336920438123,48.5211224923649,, ,0.0792902681830139,0.0,50.55179083,8.126962452,0.0,2.581322607,0.0,33.51319695,5.226727156,0.0,0.0
21455,-35.9356033424367,24.1158,157740.0146424,1.30057,104547.0,90.91,3.95,3.85208,3.28,1.0,4.0,,,,,,, ,13.2656071931873,0.577721610398989,100.0,0.0,0.0,0.0,0.0,0.0,0.0,0.0,14.832396974191326
21479,-35.9400714180396,11.5940999999999,139519.8481334,3.79649,146723.0,88.99,3.92,3.79693,2.93,1.0,4.0,,,,,,, ,6.91482942916362,0.577721610398989,99.94904122,0.05095878,0.0,0.0,0.0,0.0,0.0,0.0,17.88854381999832
21486,-35.9464267274244,8.46895999999999,1263005.9869204,1.23902,34977.3,18.21,3.5,3.41132,4.66,1.0,3.89,,,,,,, ,14.6037150731688,0.538286437131358,84.41529469,3.423394609,12.1613107,0.0,0.0,0.0,0.0,0.0,16.1245154965971
21494,-35.9200551912965,23.4468,989688.622483,1.69333,132344.0,91.54,3.97,3.87613,3.22,1.0,4.0,,,,,,, ,6.70814817867128,0.448032927844945,97.02643416,0.0,0.0,0.0,0.0,2.9735658369999998,0.0,0.0,15.491933384829668
21496,-35.9255622782831,22.9033,193983.4820616,2.13879,163285.0,95.66,3.91,3.82336,2.35,1.0,4.0,19.9246801958342,502.770565100232,545.582171030736,5.28923677196046,12.503238755066,, ,7.85544323872819,0.628188404568493,100.0,0.0,0.0,0.0,0.0,0.0,0.0,0.0,14.832396974191326
21497,-35.9208552047927,24.5489,615513.3087961,2.576,210793.0,91.87,3.89,3.80766,2.95,1.0,4.0,,,,,,, ,5.43903640303028,0.457940669581755,83.17999932,4.286513615,0.0,0.0,0.0,12.53348706,0.0,0.0,15.165750888103101
21539,-35.391739284313,7.95339,103548.8007001,1.81342,48076.1,14.2,2.36,2.21802,1.42,1.03,2.92,,,,,,33.93797699999995, ,0.0,0.0,0.0,0.0,0.0,0.0,0.0,100.0,0.0,0.0,15.811388300841896
21540,-35.3895869032225,3.01849,66364.6719363999,1.42193,14306.9,17.77,2.33,2.21297,0.33,1.88,1.23,,,,,,, ,0.0,0.0,0.0,0.0,0.0,0.0,0.0,0.0,0.0,0.0,15.165750888103101
21542,-35.3865342118256,2.90978,57328.0620724,1.32752,12876.0,15.22,2.32,2.2015,7.62,1.36,3.15,,,,,,, ,0.0,0.0,100.0,0.0,0.0,0.0,0.0,0.0,0.0,0.0,14.491376746189438
21544,-35.3691898437657,21.5110999999999,4630705.4513606,3.91111,280441.0,117.84,2.53,2.47989,6.4,1.16,2.66,,,,,,, ,4.95906143647174,0.406435417508804,47.48551109,0.0,0.242834275,1.658513424,1.296145466,49.316995753,0.0,0.0,20.074859899884732
21573,-34.8718523110602,6.30454,1163482.9488071,1.09015,22909.7,25.2,5.04,5.22812,1.25,1.0,3.21,,,,,,, ,0.0660417900947956,0.0,8.696919639,0.0,85.82933076,0.0,0.0,5.473749601,0.0,0.0,13.416407864998739
21581,-34.9060415126243,8.10692,724543.5616959,3.50104,94609.0,19.61,5.08,5.26464,1.54,1.0,4.0,,,,,,, ,0.0615995371994007,0.0,7.612447376,5.231846072,86.35164048,0.804066071,0.0,0.0,0.0,0.0,16.431676725154983
21585,-34.8111089982249,13.4661,40198.7611141,1.41405,63472.4,42.58,4.98,5.16018,0.97,1.0,4.0,,,,,,, ,0.0,0.0,0.0,0.0,100.0,0.0,0.0,0.0,0.0,0.0,14.491376746189438
21587,-34.8082729074948,12.9664,143493.1918505,2.03419,87920.5,39.53,4.98,5.15935,3.2,1.0,4.0,,,,,,, ,0.0,0.0,0.0,0.0,99.999999997,0.0,0.0,0.0,0.0,0.0,16.431676725154983
21590,-34.8049278144427,13.2001,324904.8000161,1.20403,52977.5,40.0,4.97,5.1548,2.33,1.0,4.0,,,,,,, ,0.0,0.0,0.0,0.0,100.0,0.0,0.0,0.0,0.0,0.0,14.832396974191326
21593,-34.8225620026228,4.74628,423401.5256155,1.25398,19839.2,40.0,4.96,5.16033,2.64,1.0,4.0,,,,,,, ,0.0,0.0,0.0,2.419963298,97.580036706,0.0,0.0,0.0,0.0,0.0,13.784048752090222
21638,-40.6601863644003,8.07313,61452.2481525,1.65153,44443.4,29.29,4.61,4.45948,12.85,1.0,4.0,,,,,,, ,0.0,0.0,0.0,0.0,0.0,0.0,0.0,100.0,0.0,0.0,18.439088914585774
21645,-41.2529841561821,8.36192999999999,842304.2110967,1.04179,29038.0,67.77,2.45,2.11223,2.73,1.19,2.9,,,,,,, ,2.6097608322407,0.0,83.40730624800001,0.0,9.052633135,3.340798414,4.199262202,0.0,0.0,0.0,11.832159566199232
21646,-41.2489499088395,14.8434,1109388.6390138,2.74971,136050.0,57.07,2.4,2.06015,2.52,1.23,2.88,26.5434570366653,520.615895878337,553.983800920839,6.81882074437924,14.2393804747149,9.9742775, ,2.61876790440209,0.0,84.964493683,0.0,9.094317047,2.632381448,3.308807819,0.0,0.0,0.0,17.320508075688775
21684,-42.6851582531993,8.66459,756488.3085521,1.18423,34202.9,109.81,3.96,3.59331,1.15,1.59,2.18,,,,,,, ,11.8147130948284,0.50631551681933,49.02277025,15.39784813,0.0,0.0,0.0,0.0,35.57938162,0.0,17.320508075688775
21692,-42.6945758577362,16.8517,2625782.1835833,4.38471,246300.0,57.69,4.59,4.23928,7.56,3.0,3.82,13.0212325853522,575.145575187558,579.873613686933,13.378981387595,18.8372893571838,, ,13.7661879120923,0.374628305118559,96.13340518,0.0,0.033633548,0.0,3.832961272,0.0,0.0,0.0,18.708286933869708
21723,-45.7346231216645,40.1743,320134.0309856,3.49985,468681.0,170.18,4.78,4.65357,25.24,0.92,4.62,2.12843254047773,584.317769942616,585.267690591055,9.96420233192098,27.6313929461274,, ,0.0,0.0,0.0,0.0,0.0,0.0,0.0,100.0,0.0,0.0,20.0
21724,-45.7374244300898,32.4998,430086.6429363,2.28958,248036.0,175.28,4.49,4.20915,11.68,1.0,5.0,,,,,,, ,0.0,0.0,0.0,0.0,0.0,0.0,0.0,100.0,0.0,0.0,17.029386365926403
21729,-45.6658794646966,27.4128,426193.4469107,5.94774,543481.0,596.31,5.1,5.15504,25.71,0.96,4.82,29.0733336170763,512.376475739596,568.587058883142,15.661502417986,14.6171724057488,5.14258016060098, ,0.0,0.0,0.0,0.0,0.0,0.0,0.0,0.485340309,0.0,0.0,18.973665961010276
21730,-45.655837738027,27.6421999999999,292857.4441325,1.41355,130245.0,671.53,5.47,5.7071,27.31,1.0,5.0,,,,,,, ,0.0,0.0,0.0,0.0,0.0,0.0,0.0,64.51488764,0.0,0.0,18.708286933869708
21733,-45.5635264013528,40.2458999999999,3627562.335959,47.5347,6376920.0,520.19,5.07,5.16893,25.75,0.95,4.75,32.6769077904032,581.825320504247,585.133616257998,19.9973168156731,36.4718152898684,4.58605549019607, ,0.0,0.0,0.0,0.0,0.0,0.0,0.0,87.17828621,0.0,0.0,39.57271787481876
21737,-36.1906436652262,5.63364,300034.5637038,1.04929,19704.4,50.01,4.27,4.27661,3.48,1.0,4.0,,,,,,, ,7.80276157752168,0.419007563221825,100.0,0.0,0.0,0.0,0.0,0.0,0.0,0.0,16.1245154965971
21753,-36.0851495456798,19.2348,669013.5069812,1.4458,92698.9,91.14,4.16,4.13167,2.04,1.0,4.0,,,,,,, ,13.2672351115591,0.702545386012156,95.74935629,0.0,0.0,0.0,0.0,4.250643708,0.0,0.0,15.491933384829668
21759,-36.0449348818747,12.0,2549570.6872424,2.48984,74695.3,37.72,4.06,3.99312,3.79,1.0,4.0,,,,,,,Lake Kapoai,15.345937221426,0.937564641266058,98.45920339,0.0,0.823687716,0.0,0.0,0.607358796,0.109750096,0.0,19.235384061671343
21760,-36.0621397767194,5.0,1392547.9009103,6.55094,341835.0,55.99,4.08,4.03464,2.18,1.0,4.0,9.69442839242338,576.312357512671,578.596022007795,25.5098483224249,45.5458328694044,15.62963133333335,Lake Parawanui,14.6010398148637,0.937564641266058,98.59053277,0.0,0.486807493,0.0,0.0,0.922659735,0.0,0.0,23.916521486202797
21763,-36.0693137260598,18.9516999999999,1008088.7176852,1.99601,126092.0,69.19,4.0,3.96857,2.58,1.0,4.0,,,,,,, ,28.9224138474237,0.884437731935846,97.93671319,2.063286808,0.0,0.0,0.0,0.0,0.0,0.0,16.1245154965971
21773,-36.0364830779936,11.224,1395950.0713045,1.94439,72746.4,37.01,4.04,3.96747,3.49,1.0,4.0,,,,,,, ,9.61791839365281,0.920982842036796,95.58581341,0.0,3.430990374,0.983196216,0.0,0.0,0.0,0.0,17.60681686165901
21783,-36.012942977231,6.5181,717284.4952138,1.59883,34737.7,19.95,3.63,3.56288,4.69,1.03,3.89,,,,,,, ,6.28600224131696,0.910609783337056,80.47993747,0.0,4.331762602,0.0,0.0,11.124538739,0.0,4.063761189,16.73320053068151
21798,-35.9969891142385,6.60646,191510.5121101,1.07865,23753.5,14.13,3.29,3.26142,6.35,1.89,3.97,,,,,,, ,8.92026366111741,0.650689795570537,100.0,0.0,0.0,0.0,0.0,0.0,0.0,0.0,12.649110640673518
21808,-35.8932345301151,23.5878,131676.3506394,1.21169,95270.2,80.06,3.89,3.77908,4.7,1.0,4.0,,,,,,, ,12.8474766840799,0.190110375662232,95.61778101,0.0,4.382218987,0.0,0.0,0.0,0.0,0.0,13.038404810405298
21811,-35.8865762163086,11.1373,67784.5803941999,1.20576,44762.7,95.44,3.89,3.76385,3.13,1.0,4.0,,,,,,, ,10.7752450934517,0.190110375662232,75.54359526,24.33979189,0.116612845,0.0,0.0,0.0,0.0,0.0,12.649110640673518
21812,-35.8881288099266,22.5313,164417.2184144,1.24937,93833.1,78.44,3.89,3.76385,5.65,1.0,4.0,,,,,,, ,13.2639737518494,0.190110375662232,100.0,0.0,0.0,0.0,0.0,0.0,0.0,0.0,14.491376746189438
21814,-35.8890139553534,15.0,575298.5450397,2.60125,130063.0,76.71,3.88,3.77463,5.18,1.0,4.0,22.6678945826797,565.571421071885,574.693477702038,13.3743077215247,18.7953686533449,, ,12.1020249318055,0.190110375662232,88.65782881,0.730654584,10.61151661,0.0,0.0,0.0,0.0,0.0,17.320508075688775
21853,-36.2168244194451,11.1366,3166840.7678491,1.77685,65960.5,38.29,3.63,3.70215,5.7,2.05,3.19,,,,,,, ,0.912944199845937,0.0,62.89360095,0.0,32.90140818,0.0,0.0,4.204990865,0.0,0.0,18.439088914585774
21860,-36.1979418127752,5.5151,47733.8196981,1.0862,19968.3,49.01,3.62,3.68571,3.6,2.0,3.0,,,,,,, ,3.61390296836908,0.0,100.0,0.0,0.0,0.0,0.0,0.0,0.0,0.0,12.649110640673518
21864,-36.1893476812004,20.1167,296187.7982776,1.10578,74148.5,73.89,3.68,3.77982,3.16,3.0,3.0,,,,,,, ,0.0637066534345848,0.0,100.0,0.0,0.0,0.0,0.0,0.0,0.0,0.0,13.784048752090222
21865,-36.1993520357661,14.4163,791573.625482,5.31183,255256.0,50.37,3.61,3.70025,4.82,1.15,2.69,31.0387100259078,555.055034681284,575.680824402649,15.0252933815117,19.966965722932,31.6836215666667, ,0.403374227868869,0.0358283793347874,80.50268203,0.0,19.49731797,0.0,0.0,0.0,0.0,0.0,22.978250586152114
21869,-36.2379897278254,24.5813999999999,1320533.343236,14.9342,1223670.0,82.9,3.5,3.61243,3.91,1.49,3.0,5.45869360158514,575.305557367006,579.359600357358,16.6065150414665,42.0233110426181,, ,6.83931883095423,0.702238275050621,93.4082633,0.0,0.0,0.0,0.0,6.5917367,0.0,0.0,26.720778431774775
21871,-36.1935965213184,5.0,1091716.599579,14.3559,239265.0,32.63,3.71,3.88603,3.92,0.99,2.45,23.1698607238405,555.571670295602,571.109921257965,15.7395530671662,20.2292794093072,12.2718033333333,Tomarata Lake,11.7110124812013,0.900588055521039,53.19803167,26.04373059,11.61233365,0.0,0.0,9.145904081,0.0,0.0,24.49489742783178
21884,-36.1397907666708,19.6615,124324.2436843,1.10385,72344.4,114.32,4.25,4.26619,3.31,1.0,4.0,,,,,,, ,2.09997824623045,0.301590580458583,89.57421268,0.0,10.42578732,0.0,0.0,0.0,0.0,0.0,21.213203435596427
21886,-36.1202604512623,7.15991,1561185.5934856,1.10386,26345.2,21.67,4.09,4.05893,8.14,1.0,3.99,,,,,,, ,3.85656088454838,0.719262421931801,51.51387203,0.0,32.27224142,12.57037193,3.643514627,0.0,0.0,0.0,21.213203435596427
21912,-35.7917548480649,23.8710999999999,706097.693311999,17.4099,696398.0,76.98,4.05,3.83837,3.11,0.98,3.92,11.698737347879,569.655152041091,573.67130055372,15.1456934391887,30.1461555622038,9.91771583333333,Shag Lake,6.56960607080874,0.26958716023331,89.18784758,0.0,0.176193191,3.05392439,1.769296018,5.812738822,0.0,0.0,28.74021572639983
21917,-35.8068573784303,37.0,6267617.044481,204.186,25182900.0,78.4,3.86,3.67553,2.87,0.95,3.82,2.79610424293505,573.333699694875,575.148399762682,15.1203686487271,35.163443549485,2.28578065179306,Lake Taharoa,2.97806004348154,0.293814920960235,50.58437192,0.0,14.85804548,8.19450863,0.0,26.363073969,0.0,0.0,46.95742752749558
21918,-35.814728413349,16.0,5117498.167319,26.7665,1427540.0,78.3,3.86,3.67883,3.27,0.93,3.74,3.78543668505562,572.427132272168,576.245074979426,15.9958991685497,32.5901628142086,5.797189,Lake Kaiiwi,2.80112907932187,0.292103390675889,45.57881231,0.0,19.02867008,9.443464129,0.0,25.949053478,0.0,0.0,30.298514815086232
21925,-35.7959278359566,23.4998,281174.1765056,1.41907,111160.0,94.93,3.96,3.75497,3.9,1.0,4.0,,,,,,, ,9.47075557786031,0.261360710652047,95.45106662,0.0,0.410254816,0.0,0.0,4.13867856,0.0,0.0,20.0
21926,-35.7987353515169,30.0,1481984.553156,29.7446,2974460.0,91.04,3.94,3.74451,2.85,0.98,3.94,3.44407338688825,574.983598944932,578.074015235348,13.3927063053508,38.4981012179484,3.40095904761905,Lake Waikere,5.02647059943368,0.265360377066398,67.48777743,1.539173599,0.891783321,0.0,0.0,29.26837535,0.812890301,0.0,28.844410203711913
21928,-35.779100981003,22.6496999999999,502515.4905652,1.61645,122040.0,162.61,3.81,3.7436,5.94,3.0,4.0,,,,,,, ,4.02704828207153,0.0,49.78829676,0.0,49.67502612,0.0,0.0,0.536677116,0.0,0.0,22.135943621178654
21997,-35.8207994100965,3.08522,1442784.3175576,5.28768,54378.8,17.18,3.22,3.05362,3.14,1.72,1.89,,,,,,, ,4.20146384961146,0.595397318145701,77.83626387,0.0,0.0,0.0,0.0,22.163736126,0.0,0.0,27.712812921102035
22007,-36.2426976029816,2.93767,223597.3259026,2.12932,20850.8,10.97,4.46,4.42339,4.61,1.0,4.0,,,,,,, ,7.10417082809176,0.171769095538477,0.0,0.0,0.0,86.97999059,0.0,0.0,13.02000941,0.0,16.1245154965971
22009,-36.2444623219426,3.27728,44140.3485391999,1.2679,13850.9,13.25,4.48,4.44419,0.88,1.0,4.0,,,,,,, ,2.2354542480517,0.0,0.0,0.0,0.0,13.31617577,0.0,0.0,86.68382423,0.0,13.038404810405298
22089,-36.1075191366504,18.5860999999999,1457770.6580415,6.65943,412577.0,54.61,3.85,3.88376,6.72,1.46,3.0,7.11593754825606,580.15387860323,583.22267615491,17.6176869530125,39.7736658739524,40.0222796, ,9.2299027389854,0.456994529034925,91.25260225,0.0,3.127525377,0.0,0.0,5.619872376,0.0,0.0,22.360679774997898
22112,-36.2256364056363,7.99227,63376.2099222,1.30278,34707.3,67.52,4.34,4.34137,0.84,1.0,4.0,,,,,,, ,0.0,0.0,0.0,0.0,100.0,0.0,0.0,0.0,0.0,0.0,19.493588689617926
22201,-36.0587666961477,11.8543,1945280.985534,11.7962,466117.0,37.88,3.61,3.62429,3.18,1.86,2.72,32.2063597062469,576.69023460288,583.141560284121,12.1484885033728,34.1531363463256,, ,10.2576275502799,0.80270673249707,96.00777884,0.0,0.0,0.0,0.0,3.992221163,0.0,0.0,25.69046515733026
22266,-35.8941996694904,8.45539999999999,353107.0001204,4.92507,138811.0,15.5,2.85,2.80016,6.27,1.05,3.83,,,,,,, ,0.704509723313748,0.77648529477643,5.744558332,43.93741465,50.2051628,0.0,0.0,0.112864217,0.0,0.0,18.708286933869708
22449,-35.9750815305435,22.1033,2574792.0622634,9.69933,714624.0,57.7,3.74,3.77915,7.34,1.0,3.04,31.0078267367196,574.744445991576,583.778793052402,15.8137975505147,30.3726116288325,23.66938866666665, ,9.24223157889847,0.50427643065547,71.10779462,0.0,7.32086671,0.0,0.0,21.266646252999998,0.0,0.304692416,28.26658805020514
22472,-36.0192096520178,16.8794,2366263.6972301,2.80023,157554.0,55.47,3.61,3.65144,7.71,1.97,3.19,,,,,,, ,6.30711383329831,0.598119505281366,59.93006184,0.0,0.0,0.0,0.0,40.069938158,0.0,0.0,17.88854381999832
22495,-36.015068357606,14.1797,1354273.1700308,2.23544,105660.0,37.52,3.6,3.64151,8.3,1.0,3.11,,,,,,, ,4.13706708781336,0.294317160963864,51.96352181,0.0,2.335501325,0.610453527,0.0,45.090523334,0.0,0.0,17.88854381999832
22499,-36.0205732471281,12.7448,134221.4637794,1.10131,46786.9,37.66,3.64,3.67648,3.21,2.91,2.83,,,,,,, ,7.48405481732636,0.294317160963864,0.0,0.0,0.0,0.0,0.0,0.0,0.0,0.0,13.416407864998739
22571,-35.905142669617,11.7927,2147291.2572055,2.23744,87951.4,37.16,2.94,2.94715,6.24,1.02,2.95,,,,,,, ,8.78130824765436,0.362567234543507,93.26501352,0.0,0.0,0.0,0.0,6.734986479,0.0,0.0,16.1245154965971
22762,-36.1680054393816,3.1465,95823.6818298,1.30801,13718.9,27.97,3.6,3.62563,2.55,2.0,3.0,,,,,,, ,9.97856589709722,0.0154681533280699,89.59665894,0.0,0.0,0.0,0.0,10.40334106,0.0,0.0,14.832396974191326
22773,-36.1564587322973,9.71026,10346827.3539677,6.20831,200948.0,14.17,3.64,3.70184,5.05,1.68,2.94,,,,,,, ,3.19494946909813,0.44571490721875,83.62980114,0.301663692,5.154635312,0.0,0.0,10.913899855,0.0,0.0,23.958297101421877
22785,-36.1217132804538,18.3175999999999,1340014.1141771,6.36446,388605.0,62.37,3.78,3.91128,4.36,1.85,3.14,36.9489498280033,577.650712609832,583.303037037812,11.9969064953033,33.1664390518998,33.8097353333333, ,15.4688856558246,0.911528012313028,83.73814825,0.0,4.202008864,0.0,0.0,12.059842882,0.0,0.0,20.97617696340303
22786,-36.1149127961989,26.4494,1733733.683266,12.8177,1130070.0,77.92,3.89,4.03512,10.38,1.25,3.74,10.1564327523481,576.578668448276,580.299083872882,12.5850631876938,24.9111479343373,11.306762, ,4.67760012453585,0.916331545845772,18.55635835,0.0,0.0,7.414611012,0.0,74.02903063500001,0.0,0.0,26.457513110645905
22787,-36.117712850417,16.3582,328600.2516217,1.28738,70197.4,58.81,3.8,3.90803,2.6,2.0,2.94,,,,,,, ,18.8257818673833,0.912180044041294,96.67594644,0.0,0.0,0.0,0.0,3.324053561,0.0,0.0,19.235384061671343
22802,-35.8367932436367,11.9076,275632.7717523,1.30414,51764.2,119.88,2.99,2.97842,0.85,4.0,4.0,,,,,,, ,8.52461037117098,0.412087076079529,98.38214445,0.0,0.0,0.0,0.0,1.617855552,0.0,0.0,17.60681686165901
22929,-35.7790541180207,21.3576,1279808.7313046,2.43551,173389.0,140.22,2.81,2.75663,2.65,4.0,4.0,25.4812080664807,563.713894329682,573.052293718599,15.9174884066242,27.6234566266199,17.1106165, ,7.21349799533984,0.131202690605042,91.64785517,0.0,0.0,0.0,0.0,8.352144836,0.0,0.0,17.60681686165901
22994,-36.0290096306333,12.3774,275009.7844001,1.05676,43600.0,40.22,4.04,4.12432,5.47,1.0,3.0,,,,,,, ,6.01695878802144,0.833369624861729,3.114692976,0.0,96.88530702,0.0,0.0,0.0,0.0,0.0,13.416407864998739
22999,-36.1817789567336,7.0,4126710.742165,43.8438,1023020.0,16.0,3.67,3.84031,5.45,0.99,2.68,26.4458373383923,563.079102056318,572.412352354726,14.6026215567407,23.1282291325163,36.0130726666667,Spectacle Lake,20.7541567624452,0.898938455703014,91.3882015,0.822516191,1.957895394,0.0,0.0,5.831386943000001,0.0,0.0,30.740852297878796
23000,-36.1720330506893,0.0,6843153.1186498,8.971,193220.0,15.16,3.71,3.87968,3.31,0.99,2.81,3.60749246917342,578.324594148542,583.115168594991,10.1354733571991,38.2284266870778,23.7351633333333,Slipper Lake,16.2125306042166,0.899697170186879,69.60199914,1.261931932,25.488886077,0.0,0.0,3.6471828239999997,0.0,0.0,25.45584412271571
23001,-36.1365338693591,2.90554,181380.6391028,1.22614,11875.3,24.16,3.82,3.97448,1.04,1.0,1.69,,,,,,, ,11.9360029277878,0.923046212196826,100.0,0.0,0.0,0.0,0.0,0.0,0.0,0.0,17.320508075688775
23060,-35.0723788300477,2.94014,5593121.1177393,1.07715,10556.6,11.13,2.84,2.85158,11.02,1.74,3.35,,,,,,, ,5.33379010725484,0.319789998039806,25.91030111,0.0,0.002820731,0.352196119,0.0,73.734682031,0.0,0.0,17.029386365926403
23257,-35.8479586548047,25.0467,793436.8395589,2.08272,173884.0,83.93,4.24,4.25235,7.22,1.0,3.0,,,,,,, ,0.0,0.0,0.0,0.0,0.0,0.0,0.0,100.0,0.0,0.0,20.248456731316587
23281,-35.7945298448134,2.87008,42011.6081339,1.05347,10078.5,17.82,4.6,4.6377,1.79,2.56,2.69,,,,,,, ,16.7629086735974,0.522362336843064,81.8124067,0.0,0.0,0.0,0.0,18.1875933,0.0,0.0,15.811388300841896
23306,-35.6841759222486,10.3823,28012097.243033,16.1958,560501.0,11.01,3.62,3.35117,10.04,1.78,3.85,,,,,,, ,0.130154293810716,0.0802639682929822,35.39209637,3.939550022,27.71843142,2.477891839,0.0,29.330566973,1.141463383,0.0,25.41653005427767
23314,-35.6772848644658,7.28425,1567701.6146883,4.49557,109156.0,19.96,3.63,3.3829,10.44,1.0,3.81,,,,,,, ,0.0014379961180112,0.0,0.0,3.37211923,92.46201303,0.471149415,0.0,3.694718323,0.0,0.0,19.748417658131498
23339,-35.7423618582484,23.3899,33375608.7260065,2.32136,180988.0,93.83,3.53,3.39673,9.9,3.15,3.91,,,,,,, ,0.535896810110106,0.515734454305039,14.6109129,0.0,50.991487140000004,0.035750771,0.154170325,34.207678868,0.0,0.0,16.431676725154983
23350,-35.7092919164997,13.2517999999999,842999.0009594,1.94634,85975.3,328.32,3.38,3.46153,6.96,3.05,4.0,,,,,,, ,0.0,0.0,0.0,1.831571662,94.02201432,0.0,0.0,4.146414022,0.0,0.0,14.491376746189438
23352,-35.6998138292384,11.1907,89247.5075409999,1.46388,54606.1,434.61,3.43,3.54888,7.3,3.32,4.0,,,,,,, ,0.0,0.0,0.0,0.0,100.0,0.0,0.0,0.0,0.0,0.0,13.784048752090222
23420,-35.5241027304743,25.7506999999999,133138.7223277,1.71833,147494.0,324.06,3.48,3.72907,13.89,1.0,3.0,,,,,,, ,0.0,0.0,0.0,17.59704761,82.40295238,0.0,0.0,0.0,0.0,0.0,15.491933384829668
23421,-35.5170263553309,23.724,10959147.2022941,1.18412,93640.1,186.91,3.22,3.29617,9.85,2.8,3.82,,,,,,, ,0.0,0.0,0.765055036,0.333561182,23.234259135,0.0,0.0,75.667124644,0.0,0.0,16.1245154965971
23507,-35.4401987586722,21.2176,2170533.8330102,3.15123,222871.0,136.75,2.91,2.98851,1.95,3.54,3.84,,,,,,, ,1.34524306164063,0.0415519943327323,88.156920663,0.0,3.309162182,0.0,3.862125542,3.018317206,0.0,1.653474411,19.748417658131498
23617,-35.2967317439921,7.24311,1939867.888569,3.96277,95675.9,12.53,3.79,3.79272,7.44,1.49,3.0,9.48341898420718,574.443053018184,580.896035899894,11.3852024645877,28.7794506526289,18.2210125, ,0.046865057413287,0.0,0.415603667,0.139260153,98.93925014,0.003319605,0.0,0.502566436,0.0,0.0,19.235384061671343
23635,-35.1797668920519,8.90048,590119.2393451,3.01734,89519.3,77.0,4.87,5.04958,3.16,1.1,4.0,,,,,,, ,1.53332085685276,0.0,21.99116403,12.16106174,27.25542158,12.91001171,0.0,7.946119889,17.73622103,0.0,18.439088914585774
23639,-35.1784007587217,10.9393999999999,121383.7294495,1.53384,55931.1,117.25,4.88,5.09717,2.67,2.75,4.0,,,,,,, ,2.94352400096446,0.0,63.60987942,0.0,24.5731328,6.569162856,0.0,5.247824928,0.0,0.0,18.439088914585774
23657,-35.1455087036662,2.0,2440312.076097,10.0369,66912.5,11.94,4.43,4.57228,1.14,1.0,3.55,29.8975348245669,568.085966906405,574.281312411079,15.034616463527,27.7161009911417,76.7454333333333,Lake Waimimiha,1.18089241451191,0.552237657811182,49.426454681,0.418079232,2.49157156,14.04623691,0.0,0.0,3.49632118,30.12133644,24.289915602982237
23660,-35.1401973010836,6.26516,7563665.8825472,5.21453,108900.0,3.1,4.47,4.60865,1.31,1.0,3.61,,,,,,, ,3.02092275136908,0.575728922709524,71.01797401399999,1.265702541,2.6842243199999998,12.40948632,1.487442396,0.721397296,1.233893025,9.179880086,22.737634001804146
23662,-35.1365926550462,5.18093,71946.629818,1.62318,28031.9,37.22,4.43,4.56628,4.11,1.0,3.62,,,,,,, ,2.15578819327473,0.578984128513282,50.77599354,0.0,0.0,0.0,37.08262313,12.14138333,0.0,0.0,18.16590212458495
23671,-35.1128296964157,8.36018,526394.9683143,2.66073,74147.2,18.04,4.51,4.66487,3.09,1.0,3.7,,,,,,, ,3.69049920131676,0.578984128513282,87.96242306,9.058754454,2.978822481,0.0,0.0,0.0,0.0,0.0,21.6794833886788
23676,-35.0742376942638,6.73201,1217759.3228321,7.61514,170884.0,20.73,4.82,4.99913,2.57,1.0,2.44,,,,,,, ,121.649898377236,0.946693537394817,99.5850011,0.0,0.414998897,0.0,0.0,0.0,0.0,0.0,22.24859546128699
23681,-35.0588692458362,8.0,1243836.498569,27.6844,738252.0,32.64,4.9,5.08714,1.99,0.97,2.62,30.9345090233257,552.364418683255,567.475774135855,10.207917974015,11.7848443578634,8.72073162854295,Lake Rotoroa,12.4510844833434,0.867189244023989,91.23949428,2.575586526,2.3407142270000003,2.344410578,0.0,1.49979439,0.0,0.0,36.66060555964672
23682,-35.051167654933,5.6,660342.4879177,8.32876,166575.0,37.85,4.99,5.17589,1.25,1.0,3.86,2.3923363776018,573.561598388581,576.250837373952,11.545102341793,47.984844536229,, ,1.24717372408303,0.0,77.155217688,13.48828084,2.587787182,0.046373273,0.0,6.722341018,0.0,0.0,28.74021572639983
23686,-35.0489155262462,2.93767,319227.1747849,2.61742,25630.4,10.33,4.55,4.70942,0.71,2.0,1.0,,,,,,, ,5.10229790494928,0.0,100.0,0.0,0.0,0.0,0.0,0.0,0.0,0.0,13.416407864998739
23689,-35.0318632593982,8.94809,2148562.8684424,2.60563,77718.1,32.27,5.17,5.36823,1.23,1.0,3.07,,,,,,, ,5.3334682452142,0.25450221025888,48.705856376,20.12163881,29.760159776000002,0.0,0.0,1.375311436,0.037033599,0.0,16.73320053068151
23690,-35.0224584154573,3.0,217489.9506056,2.06326,20632.6,54.98,5.25,5.47202,0.66,1.0,3.86,,,,,,, ,3.52256622865139,0.260391014796891,28.59678599,9.643712358,61.75950166,0.0,0.0,0.0,0.0,0.0,19.235384061671343
23691,-35.0317700784028,6.5,2237020.586321,51.6915,1119980.0,37.4,5.14,5.34629,2.61,0.98,2.94,25.0117916910542,577.667982135633,582.750306183313,11.2013687593936,33.668441218122,7.079575329004325,Lake Ngatu,3.44886224148102,0.192822145961488,69.883609551,8.878420901,5.574089851,10.1521937,0.0,3.6884007370000003,0.0,1.82328526,36.373066958946424
23721,-35.3475394450097,2.6,43013698.365667,1206.87,302621000.0,236.41,2.78,2.92202,1.8,2.41,3.02,,,,,,36.6299566666667,Lake Omapere,3.31071290274585,0.576766411237417,77.61219436,4.588224516,6.889850502,0.448011822,2.431792274,7.949181491,0.078218056,0.002526979,68.55654600401044
23744,-35.1081669843311,11.6416,2914988.8798063,1.64975,64019.4,38.13,3.77,3.89963,8.76,1.08,2.92,,,,,,, ,31.4320138009364,0.226471623890921,49.06295485,2.043571206,6.588699911,0.0,0.193306578,42.11146745,0.0,0.0,22.360679774997898
23846,-35.730388510879,23.724,608648.7985384,2.04865,162007.0,195.78,2.76,2.71603,10.33,1.29,3.09,,,,,,, ,1.79429559815564,0.0076723874271627,69.06242006,2.245962902,12.03499802,0.0,0.0,16.656619017,0.0,0.0,21.908902300206645
23862,-35.709332055782,22.2834,7791777.989661,19.5801,1454370.0,114.26,2.69,2.52953,9.02,1.1,3.02,6.36095303302886,571.153244337478,575.865650558334,14.8314830351305,36.106899439342,10.839358, ,0.31901200497562,0.0,7.646105845,0.0,0.868081117,0.0,0.0,91.485813041,0.0,0.0,27.27636339397171
23863,-35.6960099502799,22.9795,236715.8684906,2.448,187513.0,197.39,2.6,2.45197,5.86,2.32,3.44,17.897676891388,563.92471533115,571.424136550085,17.8037862336459,25.0945703270783,35.6942733333333,Lake Ora,0.643490986741686,0.0,0.0,0.0,0.0,0.0,0.0,100.0,0.0,0.0,14.832396974191326
23864,-35.6802117166256,11.9139,65191.094937,2.20368,87515.0,273.95,2.51,2.3993,5.66,4.0,4.0,,,,,,, ,0.856502500629636,0.0,0.0,99.49213731,0.0,0.0,0.0,0.507862694,0.0,0.0,13.416407864998739
23879,-35.6470883611164,22.6008,553001.2105131,2.06203,155345.0,127.67,2.27,2.21565,2.51,3.26,3.75,,,,,,, ,22.7303087501473,0.334313203096468,84.3789848,0.0,15.6210152,0.0,0.0,0.0,0.0,0.0,16.431676725154983
23880,-35.6433754364789,22.0993999999999,1426461.5818503,1.90394,140253.0,117.69,2.2,2.13496,4.01,2.7,3.56,,,,,,, ,23.8332763624793,0.334224999440119,92.92538327500002,0.0,4.234548712,0.0,0.0,2.840068015,0.0,0.0,19.235384061671343
23940,-35.6283102086659,10.0934,37221775.0331373,1.47366,49580.6,94.62,2.19,2.07208,4.61,1.29,2.05,,,,,,, ,14.8670548339602,0.908920381187606,81.29518085,6.714647681000001,1.853500493,1.330045576,0.027263529,8.73119962,0.048162252,0.0,14.142135623730951
23941,-35.6256793701309,12.4625,479374.7603023,1.26272,52455.6,92.23,2.21,2.08566,0.25,2.0,1.0,,,,,,, ,5.87722834899845,0.921923106705039,62.92910444,33.90800781,3.162887755,0.0,0.0,0.0,0.0,0.0,14.142135623730951
23947,-35.6223360800116,9.69014,166488.6830239,1.36106,43962.9,93.83,2.2,2.05145,0.35,2.0,1.0,,,,,,, ,0.917604437524441,0.935238293878402,0.0,100.0,0.0,0.0,0.0,0.0,0.0,0.0,14.142135623730951
23950,-35.6164392317459,8.78902,169254.8783132,1.63779,47981.8,90.88,2.18,2.014,0.12,2.0,1.0,,,,,,, ,0.347850372434073,0.928438854511136,0.0,100.0,0.0,0.0,0.0,0.0,0.0,0.0,15.491933384829668
23954,-35.6125894925554,10.3948,315281.0801931,2.12096,73490.2,90.96,2.21,2.03297,0.04,2.0,1.0,,,,,,, ,5.35620683532491,0.934406954085819,57.90647474,42.09352526,0.0,0.0,0.0,0.0,0.0,0.0,14.142135623730951
23973,-35.6021890297151,17.8249,4047849.2899353,4.39093,260892.0,89.42,2.24,2.05613,6.65,1.52,2.42,,,,,,, ,29.4340484319836,0.374092943152001,79.16313371,0.135852616,1.990877202,1.091729741,0.0,16.130961007,0.0,1.487445715,15.968719422671311
23977,-35.5934472190323,8.60936,151416.2148442,1.20253,34510.1,87.41,2.27,2.06863,0.56,2.0,1.0,,,,,,, ,2.58303300614057,0.924507658643326,0.0,0.0,0.0,0.0,0.0,0.0,0.0,0.0,12.649110640673518
23986,-35.5671195071432,9.39897,21691221.5031844,5.06715,158753.0,88.67,2.3,2.13133,4.29,1.43,2.3,,,,,,, ,8.6823639970392,0.807686042902488,80.87822633500001,0.0,2.689917733,0.0,1.325281718,14.838521126,0.268053089,0.0,22.627416997969522
23994,-35.5864380288055,18.0335,373896.9864316,4.11581,247408.0,118.06,2.46,2.27677,1.74,1.0,3.0,,,,,,, ,18.0915236885534,0.913642151968601,52.53544559,0.0,3.443436543,0.0,0.0,28.357526495,7.724693907,7.938897467,21.6794833886788
23995,-35.5970813221315,21.1873,265364.6008965,1.26453,89306.7,217.52,2.64,2.53585,5.13,1.0,3.0,,,,,,, ,0.0,0.0,0.0,0.0,100.0,0.0,0.0,0.0,0.0,0.0,16.1245154965971
24001,-35.4989686254323,24.2156999999999,615681.0417792,7.35534,593715.0,258.28,3.03,3.21562,10.34,4.0,4.0,9.2630075647218,565.894442238142,573.808691278472,15.3061037943083,23.6187267720205,29.8704953333333,Lake Tauanui,2.80649787076335,0.39141477734687,28.36849554,0.0,0.0,0.0,0.0,71.631504464,0.0,0.0,22.58317958127243
24008,-35.4418303088142,11.9568999999999,637151.42951,2.39554,95477.4,160.0,3.0,3.12025,1.17,3.9,3.9,,,,,,, ,0.597875790096858,0.0,75.79763771,0.0,1.086564789,0.0,0.0,23.115797505,0.0,0.0,17.029386365926403
24010,-35.425352635448,21.5383999999999,356666.7056548,5.37011,385546.0,166.6,3.06,3.20448,4.95,2.38,3.63,24.7235051817694,549.525667210763,564.218494434252,10.7108289068343,17.5610383590015,91.6079955, ,0.0569289987424823,0.911628517946866,47.71926046,0.0,23.08017483,0.0,0.0,29.200564703,0.0,0.0,17.029386365926403
24011,-35.4157322296838,0.0,199068.923359,1.65511,124245.0,218.9,0.0,3.14657,0.0,0.0,0.0,,,,,,, ,0.507295293025377,1.0,0.0,0.0,6.15117512,5.379219538,0.0,88.46960534,0.0,0.0,0.0
24012,-35.4132757473687,0.0,248707.9498596,2.93348,179415.0,218.03,0.0,3.0955,0.0,0.0,0.0,,,,,,, ,0.0,0.0,0.0,0.0,0.0,0.0,0.0,100.0,0.0,0.0,0.0
24015,-35.4261428189179,24.1459,8406775.4731488,5.68255,457368.0,92.62,2.57,2.56354,8.44,1.11,3.59,13.1219043164572,570.119607711412,573.554996887197,12.4819754022416,35.2312291561405,11.900472,Lake Kaiwai,0.0765425775724239,1.0,0.591650927,2.846935109,81.05690025,0.0,0.0,15.504513714,0.0,0.0,21.6794833886788
24020,-35.3987914307895,11.4846,160767.3082256,2.50136,95756.7,210.8,2.91,3.01245,2.08,1.81,1.54,13.4446159670596,565.077024770383,568.325294114322,16.2284784265708,38.8148713906277,23.3153363333333, ,0.178131684309284,0.0,39.52165899,0.0,29.05248998,0.0,31.42585103,0.0,0.0,0.0,14.142135623730951
24024,-35.3890712075278,6.5,1491454.740125,15.5362,336617.0,116.99,2.6,2.61304,4.7,0.99,2.98,27.3652190195725,501.72958734038,560.923619757451,8.0768082429787,15.1371442248323,10.989162, ,7.17306718046562,0.501009006758135,71.64891398,0.0,7.960177894,0.0,0.0,20.390908127,0.0,0.0,24.979991993593593
24039,-35.3878616354026,49.923,7057158.517099,101.62,16910600.0,113.06,2.54,2.53153,3.32,1.8,3.19,32.9411975882719,502.182812028911,572.02456274489,2.61595425505496,6.98479853540179,14.4627298484848,Lake Owhareiti,12.9827896060005,0.416344902174155,76.4705173,3.889665689,3.4646292,2.705508528,0.32445791999999996,13.145221368,0.0,0.0,43.15089802078283
24103,-35.1467597598368,8.77497999999999,5056146.1317792,3.60994,105590.0,8.52,3.5,3.47985,5.85,1.02,2.95,,,,,,, ,7.72395266245808,0.196842636422616,82.19310575,2.085017281,4.646816669,0.326436043,0.0,10.748624258,0.0,0.0,17.60681686165901
24112,-35.1590535126108,14.8488,1261722.8085816,1.43815,71182.6,52.92,3.54,3.54318,9.74,1.0,3.17,,,,,,, ,5.28046553336493,0.196842636422616,56.81724841,0.0,1.986973095,0.0,0.0,41.195778493,0.0,0.0,14.832396974191326
24122,-35.1086205207643,14.6821,28392406.0231379,1.15201,56379.9,45.16,2.87,2.92217,4.43,2.79,3.53,,,,,,, ,8.29039634009931,0.559057778529131,78.028829673,0.0,2.6744293060000004,0.0,1.466715497,17.586706916,0.056629643,0.186688961,14.832396974191326
24130,-35.0627595658085,11.2712,187253.7934947,2.00074,75168.8,196.81,3.42,3.57951,1.79,3.63,4.0,,,,,,, ,9.39297548515417,0.31020138253724,55.42110329,0.0,0.0,0.0,0.0,0.026305878,44.55259083,0.0,14.142135623730951
24204,-35.5468116280714,9.77436,106519.325267,1.29967,42344.8,89.97,2.39,2.20645,0.26,2.0,1.0,,,,,,, ,0.460313034407856,0.839290082352621,0.0,100.0,0.0,0.0,0.0,0.0,0.0,0.0,12.24744871391589
24206,-35.5466664667747,8.57607,240089.4913169,1.43624,41057.8,93.4,2.43,2.239,1.12,2.09,1.14,,,,,,, ,1.86585343180396,0.962463673443673,0.0,0.0,0.0,0.0,0.0,100.0,0.0,0.0,15.165750888103101
24217,-35.5407640303222,8.56002999999999,801346.7204944,1.0816,30861.8,93.62,2.55,2.35608,5.6,3.56,3.35,,,,,,, ,2.69633865418655,0.853287901740423,63.93683795,0.0,12.94827067,0.0,5.234283488,17.880607885,0.0,0.0,15.811388300841896
24253,-35.4301385702638,8.11778999999999,172912.1412679,2.09234,56617.4,13.95,3.61,3.3176,2.52,1.22,2.54,,,,,,, ,1.4359231437197,0.0,100.0,0.0,0.0,0.0,0.0,0.0,0.0,0.0,15.811388300841896
24271,-35.260539804161,29.9634,1745055.860962,20.5785,2055340.0,172.77,2.29,2.3258,3.83,3.78,3.91,26.8233159768546,553.257549170259,572.284105156491,12.5133068287683,9.41256337347458,6.50849303333333,Lake Waingaro,5.7032736312738,0.834462298608418,60.679521826999995,0.0,20.89832064,0.0,0.0,18.422157534,0.0,0.0,29.664793948382652
24274,-35.2604264035399,21.6853,291511.4520899,1.18602,85730.6,107.94,2.2,2.21087,4.41,2.4,3.55,,,,,,, ,0.390370294652181,0.0,34.52778621,0.0,12.16014986,0.0,0.0,32.202664288,0.0,21.10939964,18.973665961010276
24275,-35.2540739335271,21.5677999999999,788862.5908206,1.37381,98766.7,122.12,2.19,2.2006,1.2,3.0,4.0,,,,,,, ,3.31050000876745,0.0,73.924188791,0.0,0.0,0.0,0.0,8.64016121,0.0,17.435649998000002,15.811388300841896
24290,-35.2453817082635,2.93699,2586468.7550618,1.1834,11585.4,25.75,2.56,2.44355,3.63,2.4,3.12,,,,,,, ,4.38964181234596,0.0,37.96088265,10.14443767,35.49134111,0.0,0.831016615,15.572321956000001,0.0,0.0,15.811388300841896
24304,-35.1692522731697,49.7098999999999,6988309.29161,126.852,21019300.0,155.62,2.38,2.45546,2.58,2.23,3.91,32.08864786587,581.402593562618,585.63703567686,14.1607448789646,37.4203809343414,12.0454384,Lake Manuwai,13.3595461324482,0.474803068502015,78.831941926,0.0,2.996360398,0.0,0.0,18.171697676,0.0,0.0,46.475800154489
24312,-35.1827052595938,23.2207,300175.3805041,1.42282,110130.0,97.96,2.04,2.03509,2.42,3.0,4.0,,,,,,10.1818113333333, ,0.0959617637809995,0.0,99.636106,0.0,0.363894,0.0,0.0,0.0,0.0,0.0,18.973665961010276
24313,-35.1755558156922,22.5067999999999,2047333.5154926,6.81599,511355.0,96.46,2.13,2.14049,2.45,3.2,4.0,26.9696909780303,567.080395864739,574.736547833915,18.7698475614134,23.0669064756163,10.64725353333335, ,2.11392637876578,0.250463146758212,88.139086083,0.0,2.73891781,2.518536047,0.0,6.603460062,0.0,0.0,22.715633383201094
24319,-35.1558352182111,22.687,724966.9550257,4.06776,307617.0,145.04,2.45,2.53435,4.29,3.46,3.89,22.9732342169613,568.616138614179,572.959501536494,16.9250527348105,27.2583355634055,8.85605266666667, ,0.542385891835858,0.112909783500575,90.55628580000001,0.0,9.443714195,0.0,0.0,0.0,0.0,0.0,20.493901531919196
24339,-35.2141340133078,7.31992,1229827.5253475,3.47301,84740.5,12.52,2.34,2.30127,4.85,1.0,3.0,,,,,,24.58925315, ,1.18950167332909,0.0,51.48246289,0.0,46.61554163,0.0,0.160173461,1.741822012,0.0,0.0,19.748417658131498
24343,-35.2172522609662,6.50968,16967428.626093,22.7676,494033.0,14.51,2.45,2.37965,5.19,1.35,2.53,2.69682777368315,577.388585508498,580.793394907779,13.1847059371783,37.3144517689804,, ,0.0917659695580475,0.0,13.403824494,11.31723467,68.487204023,0.0,0.224121385,6.5676154339999995,0.0,0.0,27.49545416973504
24344,-35.2283549952663,4.82593,6720595.9495389,2.82209,45397.4,17.37,2.47,2.4122,4.87,1.68,2.72,,,,,,, ,0.0812885819619542,0.0,23.355559546000002,12.2845491,60.264399412,0.0,0.0,4.095491945,0.0,0.0,16.1245154965971
24345,-35.2232223592793,3.27203,873157.8292234,1.25567,13695.3,17.88,2.55,2.4803,4.0,2.46,2.96,,,,,,, ,0.634719232007334,0.0,67.28737465,3.302959264,5.414112109,0.0,2.612272003,21.383281975,0.0,0.0,14.491376746189438
24346,-35.2185679092397,7.03668,636295.1621462,2.30056,53961.1,11.55,2.47,2.4165,0.71,3.12,2.99,,,,,,, ,0.262595378168004,0.0,41.04658671,6.389122594,30.00661984,0.0,0.0,22.557670856,0.0,0.0,15.491933384829668
24347,-35.2374129463494,8.97052,822054.3176377,3.79094,113356.0,34.55,2.6,2.50659,4.41,1.22,2.72,,,,,,, ,6.70595767202027,0.0,54.46494246,11.01498724,1.991028821,0.0,0.0,32.52904148,0.0,0.0,18.973665961010276
24351,-35.2236052104887,0.0,3302695.72046,8.33259,203291.0,13.5,0.0,2.53405,0.0,0.0,0.0,,,,,,, ,0.999526387569876,0.0,58.98746421,13.14536675,1.7536995,1.988938554,1.668858674,22.455672311,0.0,0.0,0.0
24359,-35.1854698424532,10.5124999999999,166636.0948431,1.10739,38804.8,39.17,2.21,2.22163,1.86,3.0,4.0,,,,,,, ,0.604623091097263,0.0,89.10260308,0.0,10.89739692,0.0,0.0,0.0,0.0,0.0,19.748417658131498
24415,-34.9006792794513,3.0,684478.5140541,6.86422,68642.2,14.27,4.46,4.62122,1.06,1.0,3.52,20.8723757813332,562.298508652834,573.464296665238,15.4367059504104,25.8219492750717,11.162723757575751,Lake Waiporohita,20.6090771028839,0.0,99.5323301,0.0,0.0,0.0,0.0,0.467669896,0.0,0.0,18.708286933869708
24422,-34.8704266082353,2.5,7193004.859409,66.3254,552712.0,7.86,4.61,4.76202,1.21,0.99,3.18,22.7499061165704,565.929922174051,571.96957176575,21.8703946305313,43.6756799073263,17.922284666666698,Lake Rotokawau,5.84475037559585,0.0,63.9193983,3.723957961,1.492352031,2.831322652,0.725144786,26.165657217,1.14216705,0.0,34.14674215792775
24423,-34.8718659646109,2.5,2745458.705552,23.5307,196089.0,7.74,4.58,4.73804,1.12,0.99,3.66,24.8047046152546,556.506135648823,567.412198783771,15.6936789365568,11.5143205625745,30.2176322, ,13.4280803088864,0.0,92.86984293,0.0,0.666385213,0.0,1.779960244,3.6453533790000003,1.038458238,0.0,24.979991993593593
24428,-34.8338241889548,3.08823,175818.9009697,1.21773,12535.4,17.83,4.35,4.49872,5.81,1.0,4.0,,,,,,, ,0.0,0.0,95.59355388,0.0,0.0,0.0,0.0,0.0,4.406446123,0.0,22.58317958127243
24434,-34.4545998107506,3.84773,27440520.0068951,2.09564,26878.3,12.41,4.93,5.18806,7.49,2.29,3.19,,,,,,, ,1.57862902845414e-07,0.0,0.0,7.562001315,0.221309006,0.000105764,0.0,92.043503219,0.0,0.173080696,20.97617696340303
24443,-35.014970623258,7.61577,217358.0950017,1.59336,40448.8,19.21,3.34,3.36978,9.39,1.0,3.0,,,,,,, ,0.0753221576886667,0.0,83.74754567,0.0,0.0,0.0,0.0,16.252454324,0.0,0.0,14.832396974191326
24449,-34.779648869743,12.647,751924.4135257,1.19991,50584.1,38.88,4.92,5.1021,0.63,1.0,4.0,,,,,,, ,0.0,0.0,0.0,0.0,100.0,0.0,0.0,0.0,0.0,0.0,13.416407864998739
24451,-34.7848923905088,5.14162,94128.7807981,1.41257,24209.6,57.31,4.93,5.13319,1.22,1.0,4.0,,,,,,, ,0.0,0.0,0.0,0.0,100.0,0.0,0.0,0.0,0.0,0.0,13.038404810405298
24454,-34.7567818824996,13.8504,5973310.8234081,2.22053,102518.0,38.2,4.87,5.0463,2.3,1.0,3.46,,,,,,, ,7.46189496001025,0.0003311959370824,19.54701369,5.095417406,37.59980014,0.0,11.75091545,25.60870738,0.398145939,0.0,14.491376746189438
24459,-34.7703116372654,10.4224999999999,183333.8381319,1.07229,37253.2,30.99,4.9,5.06587,1.79,1.0,4.0,,,,,,, ,0.0,0.0,0.0,0.0,100.00000000200001,0.0,0.0,0.0,0.0,0.0,11.40175425099138
24460,-34.7682511756508,11.0228,271387.7968757,1.42668,52420.2,37.1,4.9,5.07648,1.91,1.0,4.0,,,,,,, ,0.0,0.0,0.0,0.0,100.0,0.0,0.0,0.0,0.0,0.0,17.029386365926403
24477,-34.7478897496732,15.0134,5092046.178589,10.9344,547207.0,50.38,4.88,5.05075,2.45,1.0,3.64,,,,,,,Swan Lake,8.91197331179037,0.0003311959370824,23.47738999,6.119968171,25.3530088,0.0,14.11370704,30.45772367,0.47820233,0.0,24.331050121192877
24481,-34.743470366771,15.6509,3763250.7748609,5.81088,303152.0,56.64,4.89,5.08011,2.56,1.0,3.7,,,,,,, ,11.9849631459662,0.0003311959370824,31.95501695,7.251451542,18.57527685,0.0,10.84812244,30.71925222,0.650879998,0.0,22.80350850198276
24493,-34.7331471687905,16.2643999999999,236448.9860651,4.31864,234133.0,57.46,4.87,5.06715,2.79,1.0,4.0,,,,,,, ,0.0,0.0,0.0,25.10010036,23.29570732,0.0,0.0,51.60419232,0.0,0.0,17.88854381999832
24496,-34.7357210883112,14.339,3212247.910015,11.8549,566623.0,55.81,4.88,5.06914,2.14,1.0,3.74,6.28982994503638,489.789618264942,492.821638257168,8.70068773117309,9.64655788127445,,Lake Half,14.3533644355522,0.0003311959370824,38.54290422,6.737033657,12.34032515,0.0,8.538400884,33.05626984,0.785066253,0.0,23.366642891095847
24500,-34.7272938832742,16.6381,1453486.5744957,4.37254,242503.0,63.73,4.86,5.05716,2.2,1.0,3.75,,,,,,, ,29.8091325434045,0.0,78.16027655,0.009017893,12.11110337,0.0,0.0,9.719602186,0.0,0.0,19.493588689617926
24504,-34.9061533956808,9.63786,206404.6200799,2.03243,65294.1,39.95,5.13,5.32985,0.9,1.0,4.0,,,,,,,Swan Lake,0.0,0.0,0.0,13.62228747,86.37771253,0.0,0.0,0.0,0.0,0.0,15.491933384829668
24505,-34.8863403018863,7.01868,556797.7019992,1.10822,25927.4,22.95,5.04,5.21692,1.19,1.0,2.2,,,,,,, ,0.0228505939975414,0.0,9.491683362,21.76657504,68.24395471,0.0,0.0,0.497786889,0.0,0.0,12.649110640673518
24511,-34.7558429704543,0.0,1078586.6223834,3.47647,34764.7,35.02,0.0,5.04718,0.0,0.0,0.0,28.6449610609707,486.089661455584,548.287741655054,13.3520844335703,19.4897322067175,,Waihopo Lake,2.1257426666683,0.478808746912801,38.98295010699999,10.92974068,50.08730922,0.0,0.0,0.0,0.0,0.0,0.0
24539,-34.7594654836047,6.81317,1791991.4454919,3.06264,69554.4,17.49,4.79,4.94494,2.04,1.0,4.0,,,,,,, ,2.76147099268769,0.0,62.89343626,4.274629505,6.108894498,1.711817776,0.28250931,9.932770512,14.79594214,0.0,20.248456731316587
24550,-34.7166961271448,11.1549,719772.8282625,1.39961,52041.4,37.91,4.82,4.99222,3.12,1.0,4.0,,,,,,, ,0.219721791380256,0.0,0.0,0.0,97.11231795,0.557388802,0.0,2.330293245,0.0,0.0,15.811388300841896
24555,-34.7119767619411,5.54834,831855.6978574,2.98874,55275.1,50.56,4.82,5.01162,2.15,1.0,4.0,,,,,,, ,11.1673678598085,0.0,0.0,0.0,65.94580036,28.32887364,0.0,0.0,5.725325998,0.0,17.88854381999832
24568,-34.69487222684,16.1785,549992.0351878,1.05368,56823.2,56.31,4.81,4.9974,3.12,1.0,4.0,,,,,,, ,0.0,0.0,0.0,0.0,48.96234205,0.0,0.0,49.82121753,1.216440411,0.0,16.73320053068151
24573,-34.6906605884456,15.0734999999999,105705.6297977,1.22093,61345.3,66.29,4.82,5.01832,0.71,1.0,4.0,,,,,,, ,0.0,0.0,0.0,0.0,0.0,0.0,0.0,0.0,100.0,0.0,13.038404810405298
24574,-34.7211642186788,15.5965,89804.8080861999,1.69944,88351.3,59.09,4.85,5.05122,1.09,1.0,4.0,,,,,,, ,0.0,0.0,0.0,0.0,100.0,0.0,0.0,0.0,0.0,0.0,13.784048752090222
24583,-34.7198878456247,7.71296,109165.6696072,1.65742,42612.0,76.24,4.84,5.0492,1.84,1.0,4.0,,,,,,, ,2.34000937814074,0.0,7.009870183,0.0,92.99012982,0.0,0.0,0.0,0.0,0.0,13.784048752090222
24587,-34.7210363875281,7.03102,186872.2515631,3.31578,77711.1,73.63,4.85,5.04894,1.69,1.0,4.0,,,,,,,Half Mile Lagoon,20.4040136425659,0.0,62.96853116,0.0,20.63396609,0.0,0.0,16.39750275,0.0,0.0,20.97617696340303
24592,-34.7043285034648,0.0,3360405.452474,13.1834,1037010.0,57.46,0.0,5.02774,0.0,0.0,0.0,32.0720635344249,541.123592757524,567.458352719788,8.49292111275078,10.7383648463567,, ,3.11213300631649,0.0,0.0,6.872614229,76.85756448,8.120494871,0.0,2.208242193,5.941084232,0.0,0.0
24594,-34.7036457745313,8.68225999999999,313615.3243641,3.76244,108888.0,73.62,4.86,5.04302,1.21,1.0,4.0,22.8637851028191,495.961953939048,540.576486871217,11.4661363406753,7.11751849157082,, ,0.0,0.0,0.0,16.65881722,77.73559204,0.0,0.0,5.605590737,0.0,0.0,18.439088914585774
24596,-34.7076853422679,16.0904999999999,3169922.4998342,5.63431,302196.0,64.63,4.82,5.01511,1.82,1.0,3.42,33.4229426507226,528.540073291125,568.324536139402,12.1412748196244,8.14381554166224,33.2974033333333,Bulrush Lake,21.2849561177738,0.0,59.18942726,2.102161626,37.35689324,0.0,0.0,1.08419279,0.26732508,0.0,22.360679774997898
24597,-34.6959602810378,6.91907,105534.9332053,1.47376,33990.1,65.02,4.8,5.00291,1.71,1.0,4.0,,,,,,, ,0.0,0.0,0.0,0.0,100.0,0.0,0.0,0.0,0.0,0.0,22.135943621178654
24599,-34.7190830478276,8.50294,54518.9418487,1.04728,29683.1,79.85,4.84,5.03163,3.09,1.0,4.0,,,,,,, ,22.2825888648233,0.0,100.0,0.0,0.0,0.0,0.0,0.0,0.0,0.0,13.038404810405298
24605,-34.7059505481116,0.0,442619.3452054,2.09451,65487.2,24.74,0.0,4.8689,0.0,0.0,0.0,,,,,,,Salt Lake,34.3816893829183,0.0,87.21774557,12.1467225,0.635531926,0.0,0.0,0.0,0.0,0.0,0.0
24606,-34.693721775282,0.0,539886.92861,10.2116,275364.0,71.43,0.0,5.02527,0.0,0.0,0.0,,,,,,, ,8.59816849541128,0.0,0.0,0.0,0.0,27.18237422,0.0,0.852428782,71.965197,0.0,0.0
24609,-34.6732208703381,14.4506,372885.7493703,1.23456,59466.9,58.16,4.73,4.91062,0.79,1.0,4.0,,,,,,, ,0.0,0.0,0.0,0.0,100.0,0.0,0.0,0.0,0.0,0.0,17.029386365926403
24619,-34.675265655119,3.20769,6333887.02311,11.0977,118660.0,12.85,4.65,4.7912,1.13,1.0,3.65,20.3277827531466,562.467031139048,575.219065442806,16.2895762697165,23.2745232511466,,Lake Taeore,3.01967489207082,0.0,82.09736027,3.344883997,1.039787421,0.831228198,0.0,7.622608639,5.064131473,0.0,25.65151067676132
24620,-34.6519079060593,12.0,8801550.183318,83.9599,3358400.0,53.47,4.69,4.86119,3.08,1.28,3.67,26.0510097283592,550.850918561752,565.195022433405,11.3841379193353,17.5496300248368,6.82377861111112,Lake Wahakari,0.0,0.0,36.25225836,7.194857915,42.69539835,0.247407947,0.0,13.61007744,0.0,0.0,40.53393639902249
24621,-34.6287950026334,8.3,1534118.3501402,7.21735,199680.0,57.73,4.68,4.85194,4.07,1.0,4.0,4.09338260303206,572.030930477521,574.577136022652,13.8474642535282,35.4153155541885,,Lake Kihona,0.0,0.0,7.629821675,0.63834788,84.21448027,0.0,0.0,6.381315888,1.136034284,0.0,24.454038521274967
24622,-34.6434332095281,6.17777,47065.9343906,1.02098,21024.5,45.71,4.62,4.78675,1.76,1.0,4.0,,,,,,, ,0.121927012184798,0.0,15.20642326,0.0,0.0,0.0,0.0,84.79357674,0.0,0.0,12.649110640673518
24628,-34.6418406348404,14.0,3520427.543879,35.9278,1676630.0,16.97,4.6,4.75665,3.31,0.98,3.9,27.7685588216561,563.223161752581,573.801107751845,15.1458029538172,21.1861307946603,9.26923666666666,Lake Morehurehu,0.0211219968539317,0.0,2.604177933,4.861288364,85.41303448,0.398224537,0.0,6.711161391,0.012113294,0.0,34.64101615137755
24630,-34.639150242854,4.00045,123777.6608769,1.04907,13989.2,35.19,4.6,4.74104,1.2,1.0,4.0,,,,,,, ,0.0,0.0,0.0,0.0,100.0,0.0,0.0,0.0,0.0,0.0,16.73320053068151
24632,-34.6272380474326,3.02524,1251237.7800898,1.75761,17724.0,18.81,4.58,4.71603,1.93,1.0,4.0,,,,,,, ,0.0,0.0,0.0,8.524033881,90.05366896,0.0,0.0,0.0,1.422297156,0.0,18.439088914585774
24633,-34.6240562875945,11.0,3160590.995132,14.4853,531127.0,15.59,4.57,4.70635,3.62,0.99,3.98,24.0646792004539,561.406123063004,572.86581369622,17.8798462440506,27.6694133384644,8.184505499999995,Lake Te Kahika,0.0,0.0,0.0,3.073823027,95.99476936,0.0,0.0,0.698023789,0.233383828,0.0,27.964262908219126
24644,-41.5338122417737,18.0254,95562.5004385,1.55174,93235.6,121.68,3.23,2.79767,0.43,2.85,2.85,,,,,,, ,0.0,0.0,0.0,0.0,0.0,0.0,46.45930922,44.16588595,9.374804822,0.0,17.88854381999832
24673,-41.0913687684055,27.4128,310938.4713349,2.23213,203963.0,1151.31,4.96,5.42897,27.88,1.0,5.0,,,,,,4.81351777699322, ,0.0,0.0,0.0,0.0,0.0,0.0,0.0,63.71260562,0.0,0.0,14.491376746189438
24674,-41.0844438031247,27.4128,620233.2479111,2.32003,211995.0,1162.4,5.11,5.63273,27.21,1.03,4.98,,,,,,, ,0.0,0.0,0.0,0.0,0.0,0.0,0.0,34.5767124,0.0,0.0,15.165750888103101
24682,-41.0622639926374,27.4128,1011732.1953452,6.31328,576882.0,1241.36,4.89,5.46628,21.38,3.0,4.0,34.7862488434226,565.948685207113,579.254083411687,13.9010626038981,12.6123050698199,4.56410733555304, ,0.0,0.0,0.0,0.0,0.0,0.0,0.0,50.79364894,0.0,0.0,17.88854381999832
24683,-41.0599294474727,14.4446999999999,422785.9333817,1.63622,78782.4,1291.07,5.14,5.82927,26.41,3.0,4.0,,,,,,, ,0.0,0.0,0.0,0.0,0.0,0.0,0.0,15.98105166,0.0,0.0,17.029386365926403
24701,-41.1456978855535,26.0473,776348.7109152,4.70976,408922.0,1353.06,4.26,4.74227,19.4,3.0,4.0,,,,,,4.18741279206203,Lake Peel,0.0,0.0,0.0,0.0,0.0,0.0,0.0,0.0,13.29532474,0.0,16.73320053068151
24712,-41.634648243349,13.1879,364605.5864655,1.74968,76915.6,303.22,3.34,3.43648,13.59,1.0,4.0,,,,,,, ,0.0,0.0,0.0,0.0,0.0,0.0,0.0,90.473552118,9.52644789,0.0,14.832396974191326
24720,-41.6086082504019,27.6421999999999,264916.382217,1.40263,129239.0,1180.03,4.74,5.3326,23.91,1.0,5.0,,,,,,, ,0.0,0.0,0.0,0.0,0.0,0.0,0.0,8.751698666,0.0,0.0,13.038404810405298
24721,-41.6218521779602,27.4128,193664.7426608,1.9217,175597.0,1084.58,4.43,4.84664,21.1,1.0,5.0,28.0579111428771,516.581518412333,562.608717131577,6.91310924927076,10.988496145096,5.248168920113195, ,0.0,0.0,0.0,0.0,0.0,0.0,0.0,100.0,0.0,0.0,13.416407864998739
24722,-41.6095755771859,27.6421999999999,597754.8773952,2.22271,204802.0,1073.26,4.58,5.09085,20.02,1.0,5.0,29.8639022495871,549.620167217392,572.958601698708,10.9115782365643,10.2891395346178,4.59945458393681, ,0.0,0.0,0.0,0.0,0.0,0.0,0.0,55.2900888,0.0,0.0,15.165750888103101
24723,-41.6026112703808,26.0473,331689.4626924,1.0653,92494.0,1140.82,4.75,5.34387,24.98,1.0,5.0,,,,,,, ,0.0,0.0,0.0,0.0,0.0,0.0,0.0,5.783867532,0.0,0.0,13.416407864998739
24724,-41.5999639552263,28.5457,3410683.866525,18.9592,1804020.0,850.2,4.48,4.92581,28.47,1.0,5.0,29.2007573454807,554.5846806903,571.51719287548,11.4735093979803,11.3112134055974,4.76379970482729, ,0.0,0.0,0.0,0.0,0.0,0.0,0.0,71.53156541,0.0,0.0,29.154759474226502
24725,-41.5893061535205,27.6421999999999,869330.6578216,7.89264,727233.0,1108.57,4.7,5.25268,24.02,1.0,5.0,6.64646604928689,489.107879140393,496.13002259512,8.86820129496872,28.0851938942714,4.03702000493494, ,0.0,0.0,0.0,0.0,0.0,0.0,0.0,6.952058172,0.0,0.0,18.973665961010276
24727,-41.5801725793879,27.6421999999999,239953.4627119,1.33458,122969.0,1018.79,4.41,4.80198,24.15,1.0,5.0,,,,,,, ,0.0,0.0,0.0,0.0,0.0,0.0,0.0,57.22100858,0.0,0.0,18.439088914585774
24728,-41.5856396859677,17.1143,5636391.0047988,2.57976,147169.0,691.79,4.24,4.5411,25.87,1.0,5.0,,,,,,4.24506023759186, ,0.0,0.0,0.0,0.0,0.0,0.0,0.0,63.10460675,0.0,0.0,17.029386365926403
24729,-41.5970664746812,16.7191,444959.8902462,1.0613,59146.4,1033.56,4.45,4.83708,21.18,2.27,4.36,,,,,,, ,0.0,0.0,0.0,0.0,0.0,0.0,0.0,76.953805328,0.0,0.0,14.832396974191326
24734,-41.5448236349371,33.0390999999999,568914238.326798,7.49667,825611.0,99.47,2.98,2.57978,22.97,1.99,3.75,,,,,,8.45981733333334,Lake Perrine,0.0553147059646793,0.748084513854254,0.124726864,0.197644789,0.0,0.582866041,0.011789096,88.391403378,1.927375886,0.0,25.787593916455254
24742,-41.5277668487477,23.7605,9799428.5835852,3.52188,278938.0,138.94,3.06,2.65468,18.25,3.0,2.0,,,,,,12.006468,Lake Dora,0.0,0.0,0.0,0.0,0.0,0.582532548,0.0,97.564038833,0.461860177,0.0,23.065125189341593
24746,-41.4470548844041,22.2319,14780650.511809,22.5677,1672410.0,100.67,3.47,3.20136,14.93,2.66,2.1,19.3592002717359,490.305265583755,531.021237625027,8.32341070740593,23.8589100521861,11.147619, ,5.12779620025097,0.999307152396349,12.07627817,0.0,0.0,0.0,0.0,87.734885103,0.09977031,0.08906642,33.49626844888845
24747,-41.439231031771,10.1559,935578.2914956,1.20794,40892.3,35.16,3.64,3.46858,22.22,3.58,3.16,,,,,,, ,0.0,0.0,0.0,0.0,0.0,0.0,10.75758707,70.31536121,18.92705173,0.0,12.649110640673518
24750,-41.4258530220565,25.3517,1248582.833932,12.6444,1068530.0,80.19,3.35,2.95647,9.72,3.0,2.0,33.5902561992906,498.630453870396,569.976352876459,9.03623922904024,14.5272054760209,7.085483650201935,Lake Hanlon,0.0,0.0,0.0,0.0,0.0,0.0,0.0,100.0,0.0,0.0,25.612496949731394
24754,-41.3253274633414,17.7505999999999,1311910.4615177,1.34665,79679.7,52.35,3.69,3.198,10.34,3.0,2.0,,,,,,,Swampy Tarn,0.0,0.0,0.0,0.0,0.0,0.0,0.0,100.0,0.0,0.0,17.88854381999832
24755,-41.3366724013283,23.3729,167067.0460051,1.87135,145796.0,158.25,3.71,3.26062,8.05,3.0,2.0,,,,,,,Shag Tarn,0.0,0.0,0.0,0.0,0.0,0.0,0.0,100.0,0.0,0.0,17.88854381999832
24758,-41.6474098477592,19.0165,1777258.7588091,1.55365,98483.5,472.39,3.61,3.56607,24.76,1.88,3.67,,,,,,12.14448266666665, ,0.168885359708164,0.0,0.0,0.0,0.0,6.257551758,0.0,71.462414567,22.28003367,0.0,17.88854381999832
24759,-41.6445100340828,18.2597999999999,1181313.2481311,1.58296,96348.1,475.92,3.61,3.56591,26.75,1.42,4.35,,,,,,, ,0.0358796383259697,0.0,0.0,0.0,0.0,1.319996171,0.0,89.64104527799999,9.038958553,0.0,17.88854381999832
24775,-41.6304338450394,20.8644,503481.7148349,1.06684,74196.9,429.38,3.58,3.36987,23.5,3.0,2.0,,,,,,, ,0.0,0.0,0.0,0.0,0.0,0.0,0.0,99.25409023,0.0,0.0,17.88854381999832
24777,-41.6010545642612,27.9167999999999,87868063.8100737,4.31428,401469.0,411.58,3.52,3.26886,22.75,2.84,2.64,,,,,,, ,0.145368654522745,0.0,0.0,0.0,0.0,1.271979292,0.0,82.611762292,5.203106347,0.0,19.235384061671343
24789,-41.5507785474937,23.3485,37488275.361559,18.7761,1461310.0,518.7,3.74,3.55397,20.62,3.0,2.49,,,,,,11.4990853333333, ,0.122639328212247,0.0,0.0,0.0,0.0,1.077190665,0.0,76.5740006,7.148192148,0.0,30.708305065568176
24790,-41.5489591202074,21.9469999999999,14293645.9680487,2.19135,160312.0,552.06,3.83,3.69113,23.64,3.0,2.07,,,,,,11.518775, ,0.0653074274859469,0.0,0.0,0.0,0.0,0.572238262,0.0,83.531895034,7.198081912,0.0,19.493588689617926
24791,-41.5424958764375,17.4872,12356896.1099379,1.95397,113898.0,555.39,4.01,3.91684,23.74,3.0,2.08,,,,,,9.034372000000005, ,0.0755469860293326,0.0,0.0,0.0,0.0,0.660171621,0.0,83.067107689,7.940287795,0.0,16.73320053068151
24794,-41.555369437678,18.5576,1927710.9859627,1.85166,114541.0,939.15,4.51,4.62525,22.11,3.0,2.24,,,,,,9.57547405279503, ,0.0811273212232555,0.0,0.0,0.0,0.0,0.716480051,0.0,84.047182,0.0,0.0,17.60681686165901
24795,-41.5193427454957,13.5629,9392542.095686,8.59156,388421.0,795.66,4.3,4.35937,20.48,3.0,3.04,26.5162871816948,556.736387800961,567.105677787241,13.8893923279251,16.7249687912291,7.42866013187163,Lake Jeanette,0.320638959196635,0.0,0.0,0.0,0.0,2.811965236,0.0,66.401854496,8.921491782,0.0,23.2379000772445
24805,-41.4723180496346,17.5723999999999,10746944.263092,11.6029,679640.0,544.75,4.09,4.05376,27.68,1.09,4.85,34.7605540849723,560.617830233799,572.36076954828,22.1736850550744,21.672441579157,5.891950837007875,Lake Marina,0.0146821888813342,0.999307152396349,0.0,0.0,0.0,0.034775904,0.0,86.530303204,0.307079786,0.0,25.238858928247925
24806,-41.4631334498476,26.2887999999999,7251427.2661561,8.08352,708353.0,623.26,4.2,4.21598,27.19,1.0,4.99,9.32344394518712,570.298875111187,579.216885178493,16.4790051780545,32.5514608750235,6.196442561707095,Lake Phyllis,0.0,0.0,0.0,0.0,0.0,0.0,0.0,83.408255092,0.011551833,0.0,23.021728866442675
24809,-41.4559188119092,26.0473,5801471.9742094,1.56179,135601.0,603.37,4.08,4.01484,21.31,2.23,3.14,,,,,,, ,0.0633348584488117,0.999307152396349,0.0,0.0,0.0,0.146771409,0.0,90.342866448,0.167632583,0.0,18.16590212458495
24827,-41.3732481954346,27.4128,454197.9965004,4.05823,370825.0,1148.36,5.2,5.57458,25.61,1.0,5.0,25.2464673095181,564.286894213444,574.134577655541,14.2267815725107,27.4608413527846,4.17769958126439,Black Lakes,0.0,0.0,0.0,0.0,0.0,0.0,0.0,36.96838421,0.0,0.0,16.1245154965971
24846,-41.4107524964047,26.0473,631618.7006504,2.91309,252928.0,1229.51,4.88,5.23423,25.01,3.0,4.0,27.4531260731203,547.604843570667,569.068261476151,11.5511439484911,15.0113658138048,4.82457353039524,Luna Lake,0.0,0.0,0.0,0.0,0.0,0.0,0.0,17.78521936,0.0,0.0,15.491933384829668
24848,-41.3786448906172,20.5275,83651912.786632,10.3043,705074.0,479.3,3.85,3.72995,27.79,1.62,4.31,,,,,,,Moonstone Lake,0.0,0.0,0.0,0.0,0.0,0.626641044,0.0,83.06131274900001,1.7253383009999999,0.0,26.49528259898354
24853,-41.3125808611826,21.8405999999999,195396.7583015,1.2865,93659.6,1179.96,5.14,5.48373,16.86,1.0,5.0,,,,,,, ,0.0,0.0,0.0,0.0,0.0,0.0,0.0,0.0,0.0,0.0,13.416407864998739
24866,-41.3341286120883,18.6925999999999,6191702.3639867,1.30589,81368.3,733.52,4.31,4.33498,28.06,1.0,5.0,,,,,,, ,0.0,0.0,0.0,0.484495888,0.0,0.0,0.0,78.69606316,1.823268319,0.0,13.416407864998739
24869,-41.3229140991204,25.4679,783396.5989793,2.62659,222980.0,1032.94,5.02,5.3416,25.49,1.0,5.0,,,,,,,Lake Bellbird,0.0,0.0,0.0,0.0,0.0,0.0,0.0,0.0,0.0,0.0,15.811388300841896
24881,-41.3071889289092,12.5897,414950.9472464,1.65866,69607.1,1205.88,4.47,4.90287,30.42,3.0,4.0,,,,,,, ,0.0,0.0,0.0,0.0,0.0,0.0,0.0,0.0,0.0,0.0,13.784048752090222
24882,-41.3066702087537,26.0473,1007820.1744727,4.02351,349339.0,1174.93,4.32,4.68899,26.7,2.94,4.0,27.9974143193611,521.437954532605,564.550107315451,17.0745390193906,14.0756511418359,4.52415858636486, ,0.0,0.0,0.0,0.0,0.0,0.0,0.0,7.912894453,0.0,0.0,18.439088914585774
24884,-41.2382840993356,2.93444,190043.6213056,4.08194,39927.4,-0.09,3.86,3.44331,0.09,3.0,4.0,20.1347926195559,546.927357660129,563.656348633585,18.365530030113,27.4671395579141,, ,8.9288405317812,0.965688584279289,100.0,0.0,0.0,0.0,0.0,0.0,0.0,0.0,22.44994432064365
24889,-41.1212604770492,23.4319999999999,27069961.2916589,1.28201,100133.0,245.24,4.07,3.83942,17.06,1.56,4.01,,,,,,, ,0.0,0.0,0.0,0.0,0.0,0.0,0.0,99.607782086,0.081848966,0.0,13.416407864998739
24892,-41.1667112591841,27.4128,2614885.2891976,1.62416,148409.0,730.56,4.46,4.57145,31.78,1.0,5.0,,,,,,4.36818443504285, ,0.0080894444786378,1.0,0.0,0.757275195,0.0,0.106131663,0.0,73.81326292,0.0,0.0,14.832396974191326
24906,-41.1151552073906,25.4679,5803213.3374626,9.17638,779011.0,802.61,4.81,5.0779,28.35,1.0,4.75,,,,,,5.668318519010395, ,0.0820148598750374,1.0,0.0,0.0,0.0,1.093563195,0.0,59.56873579,8.137274757,0.0,22.135943621178654
24916,-41.0616099629767,16.9548999999999,17779934.411094,19.4612,1099880.0,611.15,4.59,4.71866,26.77,0.99,4.89,27.485471238113,542.05735539558,561.543909363488,12.7427342905034,15.7773199146346,6.99420257164633,Lake Elmer,0.0,0.0,0.0,0.0,0.0,0.0,0.0,80.156346396,2.3455118649999998,0.0,32.4037034920393
24917,-41.0573674527855,27.6421999999999,1254971.1023689,7.44493,685981.0,1035.8,5.14,5.567,27.21,1.0,5.0,5.21315858773554,571.939357273247,579.745809415918,12.730782003139,9.90015177804204,4.58311978354725,Lake Aorere,0.0,0.0,0.0,0.0,0.0,0.0,0.0,35.43335071,6.194890264,0.0,21.447610589527216
24922,-41.1459557559419,26.0473,563633.6414425,4.66403,404951.0,1168.81,4.98,5.40321,25.95,1.0,5.0,9.49650237245416,570.142276799766,578.840670443946,15.603658992948,27.7401257076916,, ,0.0,0.0,0.0,0.0,0.0,0.0,0.0,25.27880085,0.0,0.0,17.60681686165901
24923,-41.1518045712321,34.0936,1631149.976465,31.681,3600410.0,1123.45,4.9,5.28064,21.85,0.96,4.82,27.4377346647968,563.701166185425,570.993680575339,14.3264110403914,22.279376839323,4.51513085739701,Lake Jewell,0.0248879661885241,1.0,0.0,0.0,0.0,0.454559897,0.0,46.82687114,0.0,0.0,31.12876483254676
24925,-41.1323140303543,27.6421999999999,385727.6184993,1.61767,149053.0,1198.48,5.25,5.76815,27.8,1.0,5.0,,,,,,,Lake Rotopai,0.0,0.0,0.0,0.0,0.0,0.0,0.0,12.5201934,0.0,0.0,15.811388300841896
24927,-41.1300616981971,26.1741999999999,39123452.8188558,7.38651,644453.0,550.41,4.04,4.04768,29.44,1.08,4.95,32.0533222765689,558.421684992973,572.863462478953,20.9108175641794,23.2955459804995,7.55069966666667,Lake Barfoot,0.0255309917937642,1.0,0.0,0.0,0.0,0.335883039,0.0,74.5716898,1.772563375,0.0,23.958297101421877
24928,-41.1110685296746,27.6421999999999,317201.964623,1.86854,172169.0,1248.64,5.32,5.95028,25.9,3.0,4.0,27.8495600279902,577.371925412409,585.812019124614,14.8402099951115,11.9819829966923,, ,0.0,0.0,0.0,0.0,0.0,0.0,0.0,3.434646852,3.444707539,0.0,13.416407864998739
24932,-41.1105919962436,18.1328,874487.6409281,7.6022,459496.0,1358.51,4.38,4.96909,13.9,3.82,4.0,,,,,,,Little Sylverter Lake,0.0,0.0,0.0,0.0,0.0,0.0,0.0,0.0,4.600502479,0.0,21.908902300206645
24937,-41.0750022525291,25.9198999999999,2360086.358803,14.0965,1217940.0,1186.05,4.86,5.44269,22.55,3.0,4.0,21.2426364899761,571.013173880785,575.407131213851,16.6667705778368,35.3726136442788,4.24382606535947,Lake Henderson,0.0,0.0,0.0,0.0,0.0,0.0,0.0,8.406251155,7.405762875,0.0,27.49545416973504
24947,-41.0558410423896,25.4148999999999,4185683.947505,13.2191,1119880.0,1089.26,4.58,5.06171,24.23,3.0,4.0,3.29138734004778,575.847691528102,580.613281386492,10.4056792423213,40.3907708533078,4.665231671557435,Lake Cobb,0.0,0.0,0.0,0.0,0.0,0.515790249,0.0,31.40994463,2.137989195,0.0,28.284271247461902
24948,-41.0755534592538,13.5629,842270.3925996,2.76059,124805.0,1269.77,4.81,5.40193,24.63,3.0,4.0,34.9701105584832,483.693916057999,564.932863861309,13.8714626300669,28.1612688958002,,Camp Lake,0.0,0.0,0.0,0.0,0.0,0.0,0.0,15.02234148,0.423706742,0.0,16.431676725154983
24949,-41.1054438651615,26.0473,425179.0230021,6.01373,522138.0,1452.52,4.53,5.17242,18.05,4.61,4.0,,,,,,,Iron Lake,0.0,0.0,0.0,0.0,0.0,0.0,0.0,0.0,0.454956685,0.0,19.748417658131498
24954,-41.0943376956684,24.751,394315.3214984,2.29488,189335.0,1386.66,4.55,5.19292,23.8,3.16,4.0,37.9646600927885,523.598770600168,561.220865781293,21.8813414193873,14.6930972937913,,Lake Lillie,0.0,0.0,0.0,0.0,0.0,0.0,0.0,0.0,0.0,0.0,15.811388300841896
24955,-41.086508491093,19.2626999999999,1501443.1974982,6.00176,385367.0,1235.05,4.35,4.90667,21.53,3.0,4.0,32.3399531046538,490.49854319646,565.923769644264,9.63971884461352,17.7577214479935,4.22178912178385,Diamond Lake,0.0,0.0,0.0,0.0,0.0,0.0,0.0,5.8668598,5.82198385,0.0,19.748417658131498
24958,-41.0766170549743,27.6421999999999,838556.7228434,3.82759,352677.0,1312.06,4.54,5.11538,21.93,4.1,4.0,,,,,,,Ruby Lake,0.0,0.0,0.0,0.0,0.0,0.0,0.0,7.52880351,19.65287175,0.0,17.88854381999832
24960,-41.079472415786,26.2848,1732982.924373,27.3749,2398480.0,1285.44,4.29,4.83021,18.78,3.0,4.0,17.653378243109,565.218037202087,573.934339222772,13.0504847555569,34.8141945079604,4.05218304920836,Lake Lockett,0.0,0.0,0.0,0.0,0.0,0.0,0.0,17.07676378,4.516303276,0.0,26.0
24969,-41.1215173103762,106.715,72094508.941764,236.977,84296900.0,808.91,3.61,3.90225,21.85,2.32,3.98,34.5733906857318,560.99961397862,573.903782377913,7.42855427864088,9.88342374090099,7.373742,Cobb Reservoir,0.0,0.0,0.0,0.0,0.0,2.744884766,0.0,64.209578393,2.356702034,0.0,74.08103670980854
24971,-41.1067041088454,28.5457,1045099.564968,27.7376,2639300.0,1329.03,4.3,4.86831,13.67,3.69,4.0,,,,,,4.5272197077416045,Lake Sylvester,0.0,0.0,0.0,0.0,0.0,0.0,0.0,2.008700931,0.0,0.0,29.120439557122072
24973,-41.0091108881315,18.4346,943256.6685188,2.07598,127566.0,939.95,5.17,5.6121,23.93,1.0,5.0,,,,,,4.13506019007449, ,0.0,0.0,0.0,0.0,0.0,0.0,0.0,89.17873493,1.663294897,0.0,22.360679774997898
24986,-40.9723965847167,27.6421999999999,377368.2894075,1.41254,130152.0,1118.28,5.01,5.46197,25.78,3.0,4.0,,,,,,6.22090817134784, ,1.78504926790178,0.0616760135451662,0.0,0.0,0.0,17.59014044,0.0,57.43369443,0.0,0.0,17.029386365926403
24993,-41.0521213449387,25.4679,542498.7550566,3.89816,330927.0,1294.29,4.98,5.59669,25.3,3.0,4.0,5.29794522063608,575.737901468918,579.576523432782,14.2238675196558,26.5312103064996,4.52356468747847,Round Lake,0.0,0.0,0.0,0.0,0.0,0.0,0.0,0.526614816,0.026901043,0.0,17.029386365926403
24995,-41.0354668809404,27.4086,3542530.422361,34.8011,3179500.0,1212.21,5.0,5.61637,22.83,2.96,3.95,5.17446133348683,571.359326350165,576.349420479215,14.9742543763433,31.9114743788558,4.06683738930767,Island Lake,0.0036609666849865,1.0,0.0,0.0,0.0,0.053607086,0.0,18.75049361,5.640066509,0.0,40.39801975344831
24999,-41.0111692347857,18.9202,16068194.1112497,1.56676,98811.5,507.11,3.91,4.10557,27.7,3.0,4.0,,,,,,12.5015548282828, ,0.0364654372696979,0.0616760135451662,0.0,0.0,0.0,0.355064699,0.0,73.55374497199999,2.4717706679999996,0.0,16.73320053068151
25000,-41.0333653986816,27.6421999999999,541619.9443669,6.32924,583180.0,1273.48,4.66,5.25027,27.11,3.0,4.0,26.1916518378285,565.683581127847,577.59968425521,19.433378993912,21.139311368902,4.31241178910822, ,0.0,0.0,0.0,0.0,0.0,0.0,0.0,55.85782372,0.007557381,0.0,17.88854381999832
25002,-41.0071447091473,38.0298999999999,32691817.603802,73.3549,9298930.0,761.27,3.8,4.04817,26.41,1.86,3.99,26.2354571860256,545.547313346671,566.346400361318,10.8392064042064,10.2763275968564,6.19088233333333,Lake Stanley,0.0058270916152826,0.679170694562206,0.0,0.0,0.0,0.036511907,0.0,79.92801682,1.523167578,0.0,46.36809247747852
25004,-40.9765810399936,27.6421999999999,389745.0828286,2.82844,260614.0,1435.45,4.98,5.74725,25.2,4.0,4.0,7.19744161818067,488.679454761723,501.395406008706,12.2518232913733,25.3434183111957,4.648715309537,Lake Sparrow,0.0,0.0,0.0,0.0,0.0,0.0,0.0,0.0,38.12728229,0.0,16.431676725154983
25006,-41.0008041197625,13.8887,8863283.0294652,6.89081,319015.0,951.8,4.04,4.44985,25.65,2.68,4.0,35.067941370814,504.580886525015,564.013746520678,11.652452167287,18.2270860353709,4.41188007943825, ,0.0,0.0,0.0,0.0,0.0,0.0,0.0,50.72154245,10.282999554,0.0,21.6794833886788
25008,-40.9853161850916,18.3834,3096107.8180081,5.67848,347966.0,1083.98,4.39,4.90466,27.84,3.23,4.0,29.3352014337696,512.382853935389,561.334946762845,7.63520240646698,13.4963026967182,4.060662730813251,Lake Lindsay,0.0,0.0,0.0,0.0,0.0,0.0,0.0,29.55115788,18.99407672,0.0,18.708286933869708
25009,-40.9802163014663,27.6421999999999,765226.4222697,3.41829,314963.0,1361.79,4.61,5.25507,25.2,3.7,4.0,3.45949968186825,572.125048846865,576.420433792327,15.6115421704832,39.5430473925211,, ,0.0,0.0,0.0,0.0,0.0,0.0,0.0,0.0,0.842984847,0.0,16.1245154965971
25016,-40.9418877966256,26.0473,354820.0284037,1.22416,106287.0,1256.27,5.06,5.69952,18.9,3.0,4.0,,,,,,,Adelaide Tarn,0.0,0.0,0.0,0.0,0.0,0.0,0.0,0.0,0.0,0.0,14.832396974191326
25018,-40.9477670702919,26.2887999999999,857555.9454179,4.11244,360371.0,1113.29,4.68,5.19708,24.8,2.57,4.0,5.13655779066405,568.317095408971,573.983595040539,13.1578092683891,26.2017206125598,, ,0.0,0.0,0.0,0.0,0.0,0.0,0.0,60.16456643,0.0,0.0,19.493588689617926
25023,-40.8966818676925,26.0473,365865.9934895,4.31016,374227.0,1342.14,5.1,5.72452,22.62,1.0,5.0,8.90825918892369,571.057086215015,578.776197323068,14.6801431938364,30.0999410170553,,Lake Clara,0.0,0.0,0.0,0.0,0.0,0.0,0.0,0.0,57.8914533,0.0,16.73320053068151
25024,-40.8944989110668,13.8246,9086541.424677,44.4007,2046070.0,981.39,4.71,5.16601,21.08,1.7,4.21,5.29529360496065,574.393958794627,577.642331387958,13.4715648251982,32.8409024099706,5.53556502642452,Boulder Lake,0.023980171158959,0.0616760135451662,0.0,0.0,0.0,0.246779888,0.0,30.03796284,12.68877872,0.0,34.249087579087416
25040,-41.6313843501995,27.6421999999999,148253.3713154,1.24551,114762.0,1477.38,4.88,5.1207,25.27,1.51,4.0,,,,,,, ,0.0,0.0,0.0,0.0,0.0,4.263836522,0.0,0.0,12.51066735,0.0,20.97617696340303
25044,-41.5695392927846,35.6933999999999,14333495.118265,42.4987,5056410.0,775.71,4.34,4.35301,23.02,2.99,3.99,19.5115523694463,566.440592941765,572.275675893774,17.6119701553082,32.9527258123332,4.66726266666666,Lake Chalice,0.0,0.0,0.0,0.0,8.689708161,0.0,0.0,78.06484566,8.107891412,0.0,41.42463035441596
25137,-41.3577142430499,37.8196999999999,38757944.062231,1.04586,131847.0,218.66,4.24,3.82843,20.7,1.23,4.0,,,,,,, ,0.0233491938170461,0.0,0.0,0.0,3.395071438,0.489319425,1.534863251,75.28320994700002,2.374814411,0.0,14.491376746189438
25193,-42.2721929141706,21.8405999999999,478295.1582411,1.60184,116617.0,814.93,3.04,3.03313,27.78,3.18,3.63,,,,,,,Lake Paget,0.0,0.0,0.0,0.0,0.0,0.0,0.0,99.999999996,0.0,0.0,16.431676725154983
25202,-42.2419644168721,20.8279999999999,647016.9421411,3.09547,214908.0,1714.98,4.83,5.62559,20.87,3.0,4.0,24.0516235396576,573.975567485243,577.529918157735,18.0015944069604,39.942416959525,, ,0.0,0.0,0.0,0.0,0.0,0.0,0.0,0.0,98.21311567,0.0,16.73320053068151
25207,-42.2303882278985,27.6421999999999,534278.774922,1.08409,99889.2,1595.27,4.61,5.29359,22.58,3.0,4.0,,,,,,, ,0.0,0.0,0.0,0.0,0.0,0.0,0.0,0.0,88.33860291,0.0,13.416407864998739
25212,-42.2888148099159,39.2289,13926060.622414,62.6317,8189910.0,801.34,3.01,3.09144,21.02,3.05,3.82,7.51448310578686,573.444225424496,578.172343781387,24.3093539852442,31.5407271540124,4.65270886470795,Lake Guyon,0.0,0.0,0.0,0.284937846,0.0,17.0544558,0.360587993,35.263376684,4.568956598,0.0,46.66904755831214
25236,-46.3392166042986,2.99844,274449.7234997,1.73953,17386.2,16.09,4.64,4.1602,0.32,3.0,4.0,,,,,,, ,11.1317823454853,0.478276983063893,50.79473594,0.0,22.49432331,3.473154772,0.0,6.635007447,16.60277852,0.0,18.973665961010276
25244,-46.342660580525,2.84179,242187.4216374,1.47055,13930.0,17.77,4.64,4.16518,0.38,3.0,4.0,,,,,,, ,32.511417508827,0.372643248756177,81.4081435,0.0,0.0,18.5918565,0.0,0.0,0.0,0.0,20.73644135332772
25245,-46.3555697234484,2.9632,190345634.422834,7.28376,71944.1,22.53,4.67,4.2027,0.27,2.98,2.0,,,,,,, ,19.1011138328578,0.576152395553578,94.22629058,3.450608457,0.374000016,1.320106041,0.116948521,0.180356319,0.085800369,0.245889697,20.346989949375804
25247,-46.3569266884909,0.0,474590.4894245,7.00861,66363.7,17.71,0.0,4.21639,0.0,0.0,0.0,6.60656997024757,572.861197946667,577.293808175233,12.4405170388682,29.4193044157167,, ,20.4598856781874,0.838510500438312,88.10879914,0.0,0.0,0.0,11.89120086,0.0,0.0,0.0,0.0
25248,-46.3534148022474,0.0,573516.1022426,1.39383,13484.7,15.29,0.0,4.20273,0.0,0.0,0.0,,,,,,,Long White Lagoon,19.6288352209679,0.838510500438312,90.77305974,0.0,0.0,0.0,9.22694026,0.0,0.0,0.0,0.0
25303,-40.0372473792518,17.5503,3662380.7740282,2.02362,118384.0,249.6,4.29,3.76692,1.72,2.0,1.0,,,,,,, ,12.547890154327,0.258738566049113,97.86562121,0.0,2.134378785,0.0,0.0,0.0,0.0,0.0,14.491376746189438
25304,-40.0148961519866,24.6055999999999,1175128.5033431,1.00339,82296.6,294.46,4.49,3.90238,2.25,2.0,1.0,,,,,,, ,18.0196186854307,0.472966139065962,88.64793324,0.0,4.786096785,0.170974943,0.0,6.394995034,0.0,0.0,14.491376746189438
25325,-39.1036213944522,23.0229,1304282.0086203,1.43166,109870.0,140.68,4.08,4.09113,10.15,2.26,3.28,,,,,,, ,10.6441979323547,0.0,91.38506079,0.0,8.614939205,0.0,0.0,0.0,0.0,0.0,15.165750888103101
25413,-41.5183959976899,9.40853,48270.5904294999,1.2297,38565.6,78.58,3.52,3.05792,0.68,0.0,0.0,,,,,,, ,0.0,0.0,0.0,17.02565243,0.0,0.0,0.0,0.0,82.97434757,0.0,17.88854381999832
25432,-41.5291036368385,21.782,473274.3218432,1.45209,105431.0,73.11,3.98,3.5024,6.35,3.08,2.17,,,,,,13.3905432,Lake Timara,6.67382165034122,0.0,87.652866072,0.0,0.0,0.0,0.0,12.347133928,0.0,0.0,12.649110640673518
25445,-41.5352762089665,12.5665999999999,526737.2950427,1.85029,77506.4,37.96,4.12,3.6302,2.54,3.01,2.03,,,,,,96.1970072, ,0.706852417226263,0.0,90.159341139,0.0,0.0,0.0,0.0,0.0,0.0,9.840658856,16.73320053068151
25468,-41.4703079869347,5.80948,162477.8576381,1.04611,20257.9,25.82,3.71,3.18883,1.08,3.78,3.78,,,,,,, ,0.780955155202699,0.0,2.728534498,0.0,0.0,0.0,85.58376035,9.084809535,2.602895614,0.0,17.60681686165901
25478,-41.5148396011931,2.91962,86658.8761482,1.55978,15179.9,-0.02,3.84,3.50567,0.00411208,4.0,1.0,,,,,,, ,0.0204466752763469,0.0,8.511774127,91.48822587000001,0.0,0.0,0.0,0.0,0.0,0.0,17.320508075688775
25485,-41.4976631426027,3.0952,948773.7638083,7.74933,79952.5,-0.02,3.85,3.48011,0.00527809,3.98,3.98,,,,,,37.38237486666665, ,1.49194394548101,0.166081755721418,14.208629077,62.261038496,0.0,0.0,0.0,0.0,23.53033243,0.0,24.49489742783178
25492,-41.4732688924476,3.23025,8907209.807724,11.0313,118780.0,3.26,3.66,3.22308,0.14,3.95,2.28,,,,,,, ,14.2698334329193,0.031004862019282,97.92077193899999,0.0,0.0,0.0,0.0,0.456798966,0.0,1.622429096,23.68543856465402
25501,-41.3162614800437,18.3627,4464571.9124119,1.14934,70350.3,102.16,4.32,3.8922,26.64,3.0,4.0,,,,,,10.86261390200135, ,0.0,0.0,0.0,0.0,0.0,0.0,0.0,100.0,0.0,0.0,14.832396974191326
25519,-40.6850706159301,9.09601,17991940.948661,84.6515,2566640.0,4.75,4.48,4.32255,11.88,2.23,3.89,2.57215168013857,572.406791969801,575.756939054155,15.2379675455481,51.6905427892367,13.1829533333333,Lake Otuhie,0.0620548458995493,0.0,1.261889312,1.413472973,0.0,2.9921302,0.0,94.33250752,0.0,0.0,42.0
25535,-41.0927330663704,2.91962,54681.7808529,1.15218,11213.1,2.22,2.13,1.82699,0.17,3.0,2.0,,,,,,, ,0.0,0.0,79.16975538,20.83024463,0.0,0.0,0.0,0.0,0.0,0.0,17.320508075688775
25550,-41.2176966479914,12.7121,1097900.7419507,1.86892,79193.2,42.63,2.51,2.13001,3.67,1.0,3.0,28.6758946102482,558.902472616795,569.093835480701,10.3996042052139,6.4692307015884,, ,69.619575362391,0.0,89.363766392,4.474834253,0.0,0.0,6.040667257,0.0,0.0,0.120732101,14.832396974191326
25551,-41.2255101578697,14.7359,1200153.028131,1.57124,77178.9,53.59,2.57,2.19757,3.48,1.0,3.0,,,,,,, ,69.544280507641,0.0,98.21896384499999,0.0,1.466100497,0.184333772,0.130601891,0.0,0.0,0.0,14.142135623730951
25570,-41.2347998093666,6.78234,3819160.9432351,2.80374,63386.5,8.12,3.41,2.73592,15.39,1.48,2.75,,,,,,, ,1.47646128267926,0.0,19.01604819,0.0,8.550345213,4.477458325,9.506145565,40.891427696,0.0,17.558575021,18.973665961010276
25582,-40.9424197404528,8.73381,49979.2843191,1.49201,43436.3,70.87,2.13,1.77913,3.41,3.26,3.26,,,,,,, ,13.6012606123998,0.954500329399764,100.0,0.0,0.0,0.0,0.0,0.0,0.0,0.0,12.24744871391589
25628,-40.9365590200994,6.80413,1023512.3829541,2.68848,60975.9,14.73,5.7,5.53325,13.33,2.7,4.0,,,,,,30.90514965, ,1.8187117294927,0.0007562830578414,16.76129821,0.0,0.0,0.0,0.0,80.21375719100001,3.024944591,0.0,15.811388300841896
25687,-41.5728741858468,14.5749,782893.5310634,3.62803,176260.0,57.13,4.08,3.77852,8.62,3.25,2.59,,,,,,20.2776384954352, ,0.169183414092517,0.0,94.04699991,0.0,3.164408973,0.0,0.0,2.788591122,0.0,0.0,19.235384061671343
25700,-41.4840184080812,2.91962,158501.5261554,1.00741,9804.16,0.94,3.73,3.32623,0.08,4.0,2.07,,,,,,, ,0.734036691214693,0.166081755721418,99.99999999799999,0.0,0.0,0.0,0.0,0.0,0.0,0.0,15.491933384829668
25707,-41.5559929982606,3.25644,132263.2571513,1.98227,21517.1,8.92,4.2,3.85885,1.5,4.0,1.0,8.54930906577366,568.081824215915,573.995075511955,13.9002806501804,17.1922854544361,, ,0.0,0.0,26.63482181,73.36517819,0.0,0.0,0.0,0.0,0.0,0.0,15.491933384829668
25713,-41.543693372428,6.24046,20291236.5895517,2.28533,47538.3,1.08,3.77,3.42868,12.37,3.06,3.22,,,,,,, ,4.7572935670993,0.0,92.04283754299999,0.022313485,2.077411098,0.678037555,5.139845493,0.0,0.039554825,0.0,15.165750888103101
25715,-41.5362097177741,2.91962,222000.2064041,4.48013,43601.0,-0.07,3.72,3.38231,0.00782154,4.0,1.0,,,,,,58.8007133333333, ,0.0006572549539542,0.0,0.405844156,99.59415584,0.0,0.0,0.0,0.0,0.0,0.0,16.431676725154983
25718,-41.5331290899416,2.91962,162878.3561353,3.33521,32458.5,-0.04,3.81,3.47715,0.00822041,4.0,1.0,,,,,,, ,0.0,0.0,0.0,86.45755088,0.0,0.0,0.0,0.0,13.54244912,0.0,16.1245154965971
25728,-41.5318695716331,2.91962,247488.0270191,2.52994,24621.6,-0.00451315,3.9,3.556,0.0026604,4.0,1.0,,,,,,, ,0.0,0.0,0.0,91.894239427,0.0,0.0,0.0,0.0,8.105760576,0.0,18.439088914585774
25738,-41.5483073796067,2.91962,121526.8144372,1.62804,15844.2,5.28,4.81,4.49197,3.95,4.0,1.5,,,,,,, ,0.0,0.0,23.5494632,76.4505368,0.0,0.0,0.0,0.0,0.0,0.0,15.811388300841896
25739,-41.5496321764747,3.68468,152109.9326108,4.68769,57575.6,11.27,4.81,4.49197,5.35,4.0,1.55,,,,,,, ,0.0,0.0,26.66776641,73.33223359,0.0,0.0,0.0,0.0,0.0,0.0,17.60681686165901
25741,-41.5492258473823,6.42004,149053.8592978,3.0014,64230.3,5.52,4.87,4.5207,1.17,4.0,2.46,,,,,,56.6077062, ,0.0,0.0,36.28406474,34.10457616,0.0,20.81919085,0.0,0.295764349,8.496403898,0.0,16.1245154965971
25744,-41.5217192884927,2.91962,772025.8163075,3.52728,34327.7,-0.09,3.76,3.4289,0.00260594,4.0,1.0,,,,,,59.5437746666667, ,0.0209460325649958,0.0,4.44720341,95.552796593,0.0,0.0,0.0,0.0,0.0,0.0,17.029386365926403
25746,-41.5175501134876,2.91962,512265.2295028,4.80958,46807.2,-0.04,3.84,3.50038,0.00548834,4.0,1.0,,,,,,32.9153302666667, ,0.06344013811802,0.0,17.29826179,80.60339315,0.0,0.0,0.0,0.0,2.098345055,0.0,19.235384061671343
25748,-40.6499575111365,9.69608,2832696.237416,15.2705,493547.0,14.32,4.63,4.47266,7.58,1.39,3.33,21.0580455306603,562.373579862618,569.36724628311,19.2891061567618,21.054866832283,8.22399169566545, ,0.0,0.0,0.0,9.83802361,0.0,0.0,0.0,90.16197639,0.0,0.0,27.2213151776324
25750,-40.6444576206633,0.0,2177847.2188869,2.0102,19510.7,19.8,0.0,4.45197,0.0,0.0,0.0,,,,,,, ,1.60738461607312,0.0,5.753849032,14.762558011,0.0,0.712599958,0.0,78.770993001,0.0,0.0,0.0
25751,-40.6441163009292,6.38858,513459.3003154,1.62913,34692.8,18.36,4.63,4.45197,15.05,1.59,3.89,,,,,,, ,0.0,0.0,0.0,2.639439233,0.0,0.0,0.0,97.36056076999999,0.0,0.0,14.142135623730951
25765,-40.7677300134365,26.7094999999999,1937193.394319,17.3189,1541930.0,257.57,4.09,4.0179,8.3,1.27,4.0,21.6601676663803,562.367769117922,572.399762515523,19.0631621812344,25.4697215825025,7.28928133333334,Druggans Dam,0.0,0.0,0.0,1.640839336,0.0,0.0,0.0,98.35916066,0.0,0.0,24.73863375370596
25767,-40.7909360676558,22.4603,5659071.141425,2.02797,151829.0,258.43,4.01,3.99007,20.58,2.79,4.0,,,,,,, ,0.0,0.0,0.0,0.0,0.0,0.0,0.230279043,99.76972095800001,0.0,0.0,21.6794833886788
25770,-40.7418704445041,25.7755,342571.5057069,1.25902,108173.0,76.03,3.94,3.7445,10.41,1.0,4.0,,,,,,, ,8.01081799492668,0.977508061992299,22.51264992,0.0,0.0,9.916976614,0.0,67.570373467,0.0,0.0,21.6794833886788
25782,-40.6834035751745,4.53891,4686758.5227145,4.26932,64593.5,3.35,4.28,4.05909,2.14,1.19,1.19,,,,,,, ,13.7742855132307,0.735410541001088,87.601032145,0.097278583,5.240954067,0.0,0.0,7.060735200999999,0.0,0.0,28.19574435974337
25787,-40.6184355400482,7.4395,3718382.6118173,4.47336,110932.0,9.62,4.93,4.8423,12.32,1.0,3.63,,,,,,, ,0.0,0.0,0.0,26.171457442,0.0,0.0,0.0,73.82854255599999,0.0,0.0,20.73644135332772
25788,-40.5965333706952,8.06509999999999,116785.5783543,1.34044,36036.0,13.92,5.02,4.93082,1.41,2.97,4.0,,,,,,, ,8.27412247627811,0.906363551663095,66.43287516,0.0,0.0,0.0,0.0,33.567124834,0.0,0.0,17.320508075688775
25789,-40.5537473109498,15.9891,544518.88595,5.27724,281261.0,52.35,5.4,5.34725,5.91,1.55,4.0,4.88703365464495,576.569287637305,580.346394795158,15.2035372120519,51.0208607812328,4.498625,Kaihoka Lakes,4.70736175502776,0.0,0.0,0.0,0.0,42.8658842,0.0,57.1341158,0.0,0.0,20.0
25790,-40.5550318972731,11.5024,317449.7319166,6.75698,259070.0,37.47,5.4,5.3488,4.71,1.28,4.0,18.2867597950413,566.569609305274,573.661770027303,16.0367799317335,36.0878420412502,4.54767681422817,Kaihoka Lakes,5.44675278312251,0.0,0.0,0.0,0.0,51.19863535,0.0,48.80136465,0.0,0.0,20.248456731316587
25802,-40.5110088575947,5.95278,1232264.4256991,2.09323,41535.0,17.67,5.81,5.83275,8.93,1.0,4.0,8.55025770428282,563.621948402003,568.91782024295,14.1588747836554,22.080560305401,30.9483965, ,4.10414297018919,0.0,29.18615102,0.06844315,0.0,0.0,0.0,68.509483722,2.235922105,0.0,18.708286933869708
25803,-40.5095536557931,8.62590999999999,213373.0270185,2.90853,83628.9,37.11,5.82,5.84612,5.95,1.93,4.0,36.7903563098728,569.421118099673,583.025771862783,13.2484081905281,12.374680511522,, ,0.0,0.0,73.12119667,0.0,0.0,0.0,0.0,26.878803332000004,0.0,0.0,17.029386365926403
25805,-40.5139345424248,6.98407,378084.4937896,1.84453,42941.1,12.47,5.79,5.74172,5.69,2.1,4.0,,,,,,, ,0.0,0.0,80.3240106,2.259277031,0.0,0.0,0.0,17.41671237,0.0,0.0,19.493588689617926
25813,-40.5123046089402,3.60526,821207.9672727,3.99031,47953.8,9.33,5.87,5.7627,0.62,3.0,4.0,,,,,,, ,0.0,0.0,0.0,14.10225771,0.0,14.44224358,0.0,8.798316003,62.65718271,0.0,21.213203435596427
25814,-40.5137337091285,4.56486,1786106.9034645,1.78456,27154.3,7.55,5.87,5.7643,0.76,3.0,4.0,,,,,,, ,0.0,0.0,0.0,21.703622695,0.0,7.35344214,0.0,9.845834072,61.09710109,0.0,15.491933384829668
25818,-40.5057992367402,3.01849,219228.1144911,1.44408,14529.8,17.45,5.9,5.7912,0.68,3.0,4.0,,,,,,, ,0.0,0.0,0.0,9.404693314,0.0,0.61620492,0.0,0.200681634,89.77842013,0.0,14.142135623730951
25827,-40.5108810556293,2.97234,434020.0897577,2.13215,21124.9,8.08,5.9,5.79297,1.34,3.0,4.0,,,,,,, ,0.0,0.0,0.0,14.64730064,0.0,2.129965155,0.0,0.067105087,83.15562912,0.0,15.491933384829668
25859,-42.4556214601865,27.6421999999999,460303.5516049,1.95938,180538.0,1418.88,4.1,4.59105,20.77,3.0,4.0,25.4324527216913,543.349192927398,565.465172045834,15.9728084531673,9.57357338954538,, ,0.0,0.0,0.0,0.0,0.0,0.0,0.0,0.0,4.183549408,0.0,14.491376746189438
25868,-42.433657430486,27.4128,531145.4143057,1.21838,111330.0,1373.61,3.86,4.25002,20.68,3.0,4.0,,,,,,, ,0.0,0.0,0.0,0.0,0.0,0.0,0.0,0.0,26.00342987,0.0,13.038404810405298
25950,-42.9896250213657,26.4577999999999,108511.3157981,1.13825,100385.0,324.32,3.83,4.02138,12.05,1.0,4.0,,,,,,, ,7.48148346310616,0.0,53.50160655,0.0,0.0,46.49839345,0.0,0.0,0.0,0.0,12.649110640673518
25971,-42.7832497550987,10.5692,651221.7116196,1.90173,66999.1,39.83,5.39,4.9813,3.43,3.0,2.0,,,,,,, ,15.5752554372256,0.599491417973399,98.39488873,0.0,1.605111273,0.0,0.0,0.0,0.0,0.0,15.811388300841896
25972,-42.7799535395298,18.4377999999999,2715157.319066,16.1221,990854.0,39.87,5.33,4.92343,2.35,3.02,2.0,,,,,,35.8926221333333,Mata Kopae Lagoon,13.2976270554013,0.495832156956866,97.11802006,0.0,2.881979938,0.0,0.0,0.0,0.0,0.0,28.284271247461902
25973,-42.777793900461,11.2959,206439.5877296,1.03964,39145.6,38.75,5.36,4.97505,3.05,3.0,2.0,,,,,,, ,12.5543757877296,0.26140762608142,100.0,0.0,0.0,0.0,0.0,0.0,0.0,0.0,15.165750888103101
25992,-42.4112309827111,0.0,4165660.0695643,1.24611,39750.4,33.13,0.0,3.3038,0.0,0.0,0.0,,,,,,, ,3.08715400159022,0.634921650578033,32.89316244,1.846541244,0.915243353,0.0,34.63567243,29.70938054,0.0,0.0,0.0
25993,-42.4099568633058,0.0,99667.5555839,1.24394,32844.9,15.79,0.0,3.3038,0.0,0.0,0.0,,,,,,, ,7.06066777884825,0.436965301357606,74.83185882,17.93428215,0.0,0.0,6.688347263,0.545511767,0.0,0.0,0.0
25994,-42.4056092274429,3.0,4343358.724092,43.2387,432387.0,27.53,3.38,3.2517,11.37,2.87,3.83,14.9698250872998,562.58774958694,570.074865295274,15.7579198226857,21.8278719912817,70.2169383333333,Lake Rotorua,2.97953581787307,0.656582565403232,31.49677556,1.012091999,0.974270451,0.0,34.90484397,31.612018018,0.0,0.0,34.9857113690718
25995,-42.4107380852489,0.0,790526.3143025,1.07906,33841.7,30.66,0.0,3.31913,0.0,0.0,0.0,,,,,,, ,5.19206235384109,0.232205143839859,59.75121429,0.0,0.0,0.0,21.74729841,18.501487305,0.0,0.0,0.0
25997,-42.3993613101912,0.0,165395.8394862,1.07151,31828.9,30.84,0.0,3.18631,0.0,0.0,0.0,,,,,,,Lake Rotoiti,0.113404072321841,0.742226016292443,1.024643153,9.802958213,0.0,0.0,87.81741312,1.3549855199999998,0.0,0.0,0.0
25998,-42.3974357908223,14.1103,177398.5441007,2.45264,115358.0,54.8,3.35,3.21752,5.94,3.61,4.0,25.42858145822,560.16237292525,569.899596099537,24.8759606604005,32.1106877558287,78.2769661999999,Lake Rotoiti,4.61913892697198,0.377373638808999,62.14828287,18.80570483,0.0,0.0,18.62876612,0.417246175,0.0,0.0,22.135943621178654
26001,-42.3816478701117,25.4524,1423096.4601411,3.72197,315776.0,92.29,3.26,3.12618,9.3,3.19,4.0,,,,,,, ,3.66731216535492,0.742226016292443,33.14031852,0.0,3.352541013,0.0,49.43783985,14.06930062,0.0,0.0,21.6794833886788
26017,-46.0815697154009,27.6421999999999,670423.4409422,2.0317,187202.0,674.33,6.35,6.34453,28.27,1.0,5.0,,,,,,10.010349447735184, ,0.0,0.0,0.0,0.0,0.0,0.589653095,0.0,49.79404385,0.0,0.0,16.73320053068151
26021,-46.0631790927877,9.16419999999999,89256.7508839,1.50553,45989.9,818.17,6.78,6.96292,5.91,1.0,5.0,,,,,,5.83976561603103, ,0.0,0.0,0.0,0.0,0.0,0.0,0.0,82.54731251,0.0,0.0,13.784048752090222
26026,-46.0610913265456,17.9224,1284031.872358,13.3467,797350.0,782.34,6.7,6.86389,20.88,1.0,5.0,19.8812958680225,562.128777159849,569.738628650453,22.8739869382811,26.2770348000078,4.720412109818724, ,0.0,0.0,0.0,0.0,0.0,0.0,0.0,25.48075926,0.0,0.0,23.45207879911715
26029,-46.0399742261969,27.6421999999999,485194.3876616,3.03012,279197.0,769.17,6.66,6.84956,24.41,1.0,5.0,19.5895611497666,564.735000779465,571.967397218665,22.0921885749745,26.9475265888528,5.137946323658575, ,0.0,0.0,0.0,0.0,0.0,0.0,0.0,53.07650972,0.0,0.0,18.708286933869708
26031,-46.0293872473169,69.9599999999999,49385365.843097,84.884,19794900.0,183.95,5.86,5.72525,28.04,0.99,4.77,18.808719479764,567.361127400278,573.466164678997,19.491453402575,38.3625700348831,1.05802930674881,Lake Mouat,0.0,0.0,0.0,0.171995993,0.0,0.055180679,0.0,67.848407614,0.31134003600000004,0.0,52.09606511052442
26032,-46.0252340609041,26.2887999999999,624361.9698573,3.02789,265332.0,843.06,6.68,6.94765,30.57,1.0,5.0,,,,,,6.00068728205128, ,0.0,0.0,0.0,0.0,0.0,0.0,0.0,14.39849772,6.945568939,0.0,16.431676725154983
26033,-46.0265365384524,27.6421999999999,940124.1192355,3.50367,322831.0,803.31,6.39,6.52718,28.09,1.0,5.0,22.5742777422448,561.072641647261,571.644321520678,12.9282673491043,17.1708472568236,5.28487179660137, ,0.0,0.0,0.0,0.0,0.0,0.0,0.0,29.20227271,4.670497689,0.0,16.431676725154983
26036,-46.0763149195941,45.884,452662234.506194,4419.86,676002000.0,-24.39,5.67,5.48251,24.55,1.13,4.55,29.6986754362154,580.739485877074,583.559136576095,20.9569004310171,28.4502714477771,5.63615077411478,Lake Poteriteri,0.0,0.0,0.0,0.09646898400000001,0.0,0.046357912,0.0,76.317857754,0.727978914,0.0,107.66615066955816
26037,-46.0097353562084,27.6421999999999,210974.6617677,1.02142,94114.5,963.99,6.41,6.55226,21.84,1.0,5.0,,,,,,, ,0.0,0.0,0.0,0.0,0.0,0.0,0.0,0.0,0.0,0.0,14.491376746189438
26038,-46.0139074899433,33.0364999999999,315272.1933836,2.31466,254894.0,177.93,5.7,5.53567,28.01,1.0,4.44,,,,,,10.5285266666667, ,0.0,0.0,0.0,8.78587968,0.0,0.0,0.0,91.21412032,0.0,0.0,16.1245154965971
26041,-46.0132616306671,18.3834,504140.2165402,5.63815,345494.0,1014.39,6.77,7.09905,19.21,1.0,5.0,27.7903501993652,563.9753567562,574.098200727009,19.4619417972783,19.4144639970795,5.125596447931595, ,0.0,0.0,0.0,0.0,0.0,0.0,0.0,0.0,0.0,0.0,19.748417658131498
26043,-46.0217549664866,27.6421999999999,312259.2859737,3.727,343408.0,853.52,6.3,6.42898,26.31,1.0,5.0,31.6530391625071,572.895535415058,578.461484980004,19.9072070627407,32.8070730002094,4.12198700390582, ,0.0,0.0,0.0,0.0,0.0,0.0,0.0,14.34184165,0.0,0.0,16.73320053068151
26044,-46.0077755512876,27.6421999999999,1070489.9790294,7.66032,705827.0,862.96,6.55,6.79018,27.24,0.97,4.89,30.8665097162966,575.034003395261,578.390549005756,21.6744977141588,22.5703166020993,4.16199762331371, ,0.0,0.0,0.0,0.0,0.0,0.0,0.0,4.153814948,0.0,0.0,21.908902300206645
26045,-45.997345640332,27.5417999999999,8728189.815665,20.1025,1845530.0,579.92,6.55,6.79194,28.0,1.0,4.82,10.5239640065483,576.049885836757,580.936306272504,13.0140588192717,33.6556430413092,4.891573439393935, ,0.0,0.0,0.0,0.126228724,0.0,0.320668622,0.0,54.09950771,0.186966239,0.0,29.88310559496787
26047,-46.001932361989,27.6421999999999,316263.6923452,1.15502,106424.0,818.48,6.33,6.48915,32.12,1.0,5.0,,,,,,4.77048074218527, ,0.0,0.0,0.0,0.0,0.0,0.0,0.0,9.943292921,0.0,0.0,15.811388300841896
26050,-45.9152777626579,26.0473,641007.85641,1.062,92207.5,744.81,6.36,6.59035,27.67,1.0,5.0,,,,,,, ,0.0,0.0,0.0,0.0,0.0,0.0,0.0,14.05120352,6.789017018,0.0,12.649110640673518
26051,-45.8647199591944,24.7333,64991548.705625,211.999,17478100.0,-1.99,5.23,5.05525,27.15,0.98,4.84,36.8041799219212,568.176505503665,577.102503191329,23.5982063068504,12.9956890683914,5.25567339863889,Lake Cadman,0.0,0.0,0.0,0.01108421,0.0,0.018918839,0.0,74.841098039,2.755592011,0.0,61.84658438426491
26052,-45.8760454438155,27.2281,1709935.452674,35.0601,3182070.0,677.86,5.98,6.11763,20.19,0.96,4.84,23.6418966740458,577.845810210945,583.693979343901,11.7549358280993,30.5735225931902,4.20108400792115, ,0.0,0.0,0.0,0.0,0.0,0.0,0.0,2.759716818,38.66590445,0.0,30.740852297878796
26055,-45.8983541536405,17.1675,213252.7910708,1.24302,71132.0,559.68,6.08,6.22776,25.93,1.0,5.0,,,,,,, ,0.0,0.0,0.0,0.0,0.0,0.0,0.0,85.34433807,0.0,0.0,20.493901531919196
26056,-45.890649482292,24.6619999999999,1563572.6016934,4.94679,406659.0,630.78,6.04,6.19205,23.56,1.0,5.0,,,,,,4.77241491496682, ,0.0,0.0,0.0,0.0,0.0,0.0,0.0,39.62324763,0.0,0.0,19.493588689617926
26057,-45.8764522444246,33.2229999999999,34256123.936348,18.0694,2001060.0,117.89,5.29,5.11454,28.37,0.99,4.83,39.4161195508552,492.911181457221,571.834062518054,13.7790472186611,10.1278537356886,12.2444766666667, ,0.0,0.0,0.0,0.465759911,0.0,0.0,0.0,62.658367858000005,2.2168017900000003,0.0,26.115129714401192
26061,-45.8795564244085,25.4679,86507.6818053,1.40884,119601.0,723.0,6.08,6.24718,19.61,1.0,5.0,,,,,,5.495583640746445, ,0.0,0.0,0.0,0.0,0.0,0.0,0.0,54.15169846,0.0,0.0,13.416407864998739
26063,-45.8718475040201,26.2887999999999,538492.4696797,3.19071,279600.0,804.88,6.35,6.69073,24.03,1.0,5.0,34.0271486149262,575.848063572498,580.940968958434,12.5591244666768,21.9232945652695,4.24384101723925, ,0.0,0.0,0.0,0.0,0.0,0.0,0.0,20.29406,0.0,0.0,16.73320053068151
26066,-45.9205768177121,27.6421999999999,261561.8499336,4.88151,449786.0,877.9,6.21,6.36118,15.51,1.0,5.0,9.45593729777289,572.216673956184,582.675971869687,21.9013315566709,9.54540454894063,4.685495974690575, ,0.0,0.0,0.0,0.0,0.0,0.0,0.0,0.0,0.0,0.0,18.16590212458495
26076,-45.9605257794535,27.6421999999999,559705.6741955,1.26013,116110.0,849.98,6.51,6.74187,27.14,1.0,5.0,,,,,,, ,0.0,0.0,0.0,0.0,0.0,0.0,0.0,0.0,0.0,0.0,17.320508075688775
26077,-45.9609840824772,27.6421999999999,277209.9343016,2.66231,245307.0,812.44,6.39,6.57306,29.34,1.0,5.0,,,,,,8.11873464911477, ,0.0,0.0,0.0,0.0,0.0,0.0,0.0,7.54716127,2.935837132,0.0,17.60681686165901
26082,-45.9160243863962,25.4679,121550.2815941,1.11934,95024.0,1005.05,6.3,6.57983,23.57,1.0,5.0,,,,,,, ,0.0,0.0,0.0,0.0,0.0,0.0,0.0,0.0,3.009308497,0.0,14.142135623730951
26085,-45.8751715597941,29.9607999999999,1088791.347046,25.3206,2528750.0,1106.88,6.38,6.85713,18.44,0.85,4.28,28.9164156526704,520.735501143448,562.46073336043,6.5868967167523,13.207561416401,4.36087807731264, ,0.0,0.0,0.0,0.0,0.0,0.0,0.0,0.0,14.78608752,0.0,27.386127875258307
26087,-45.8730517980381,27.6421999999999,355546.1753534,3.8955,358934.0,1012.82,5.58,5.71417,24.79,1.0,5.0,18.1926025436562,563.167666258811,572.017632442876,9.31814545433981,29.7822686946311,5.16611681094471, ,0.0,0.0,0.0,0.0,0.0,0.0,0.0,0.0,0.676730309,0.0,21.213203435596427
26093,-45.8838504839321,27.6421999999999,518494.2539428,3.74282,344866.0,1028.92,5.8,6.07168,18.91,1.0,5.0,30.4914596352186,487.710940985266,554.559715667713,15.0171663303734,18.9739704909743,, ,0.0,0.0,0.0,0.0,0.0,0.0,0.0,0.0,0.0,0.0,19.493588689617926
26098,-45.9483739282158,27.6421999999999,258672.7069035,2.89788,267013.0,1188.61,6.22,6.60382,19.79,1.0,5.0,,,,,,, ,0.0,0.0,0.0,0.0,0.0,0.0,0.0,0.0,56.09639931,0.0,15.165750888103101
26099,-45.9421155194209,27.507,946863.500351999,13.2858,1218180.0,1045.73,6.21,6.58152,26.7,1.82,4.5,37.3998325999054,563.00364214473,584.409130901278,12.7271354085306,10.1374791928122,, ,0.0,0.0,0.0,0.0,0.0,0.0,0.0,0.0,41.94992395,0.0,23.45207879911715
26111,-45.9642565501224,181.050999999999,629599552.11642,7185.34,4336380000.0,105.78,5.25,5.20563,24.28,1.35,4.49,34.1989990928452,501.398339248857,570.762914878355,11.3264213501863,14.290049180513,0.977221666666666,Lake Hauroko,0.003603562254939,0.771091187792879,0.0,0.092118172,0.0,0.143133019,0.0,65.281461557,2.03451331,0.0,126.45157175772866
26113,-45.9523099993887,26.0473,557679.3693927,2.34445,203556.0,890.55,6.05,6.36315,26.26,1.0,5.0,32.5832499594678,555.93567665816,569.706769646605,14.9043213069958,14.9190394411502,6.28176266666666, ,0.0,0.0,0.0,0.0,0.0,0.0,0.0,0.0,0.0,0.0,16.73320053068151
26130,-45.9447929526294,7.86687,2677909.2295987,3.05423,80090.8,79.46,3.31,2.64702,1.05,3.0,2.0,,,,,,, ,15.0466237671904,0.511827016902456,78.78208435,0.409727946,1.414195248,0.0,2.128049976,17.265942483,0.0,0.0,18.384776310850235
26158,-45.9162710712829,23.0172999999999,94338.7017284,1.30418,100062.0,157.0,3.26,2.72693,9.36,2.0,2.0,,,,,,7.728521916666665, ,0.799455256712276,0.0211436005775303,2.148797483,0.0,0.0,0.0,0.0,0.0,97.85120252,0.0,13.038404810405298
26165,-45.950810682534,21.4674,486563.5876202,2.33769,167280.0,198.61,3.29,2.79306,4.9,3.85,4.0,31.6590644220526,501.192415870478,564.984559466313,10.9837088779699,14.1511719980982,, ,0.0,0.0,0.0,0.0,86.67335199,0.0,0.0,13.32664801,0.0,0.0,15.165750888103101
26166,-45.9518943639102,22.3095,2569339.0122381,1.45133,107928.0,196.17,3.3,2.81275,6.02,3.7,3.55,30.8353151619295,504.281299735982,561.137936148066,8.62222094931397,15.3083330803219,, ,10.0647164398674,0.324122677034268,46.05972856,0.0,50.915637805,0.0,1.598417574,0.40836808,1.017847985,0.0,13.784048752090222
26183,-42.988044242138,23.4337,78111.0816455,1.69625,132498.0,279.99,3.77,3.96123,3.77,3.0,2.0,35.1731930473918,519.979869884016,568.229129696218,11.8440762753217,23.8431583873875,, ,6.3638233217587,0.0,100.0,0.0,0.0,0.0,0.0,0.0,0.0,0.0,13.416407864998739
26184,-42.9857141853253,23.2053,117971.3481172,1.00488,77728.1,295.66,3.76,3.94687,6.77,2.36,2.9,,,,,,, ,7.22357191503958,0.0,77.62369965,0.0,0.0,19.27486767,0.0,3.101432688,0.0,0.0,11.40175425099138
26244,-42.6330592595602,0.0,57574.3235242999,1.35116,45069.4,656.83,0.0,3.16508,0.0,0.0,0.0,,,,,,, ,3.11213037141902,0.0,100.0,0.0,0.0,0.0,0.0,0.0,0.0,0.0,0.0
26250,-42.5944048291954,17.9052,418186.9848083,1.34601,80335.6,458.27,2.67,2.56727,13.16,4.0,2.19,,,,,,, ,4.10002465271601,0.0,64.93268286,0.0,0.0,0.0,0.0,35.06731714,0.0,0.0,15.491933384829668
26276,-42.5992845802774,17.908,6544394.0792528,3.17794,189702.0,553.94,2.71,2.62258,9.4,3.65,2.69,39.3640000828409,572.302243429381,583.646490605605,17.3514573114867,20.6278419583982,, ,6.27255794012271,0.0,55.26937447,0.0,2.195375593,42.22091386,0.0,0.314336083,0.0,0.0,17.029386365926403
26277,-42.5975623667832,17.7501,434365.5407075,4.31537,255327.0,456.65,2.71,2.6195,16.71,3.36,3.27,28.3052632583746,498.366474815598,559.341018163907,9.68523515384665,9.18749802533094,14.83601,Horseshoe Lake,4.45131106595012,0.0,9.81941505,0.0,5.906452023,68.16518058,1.643652639,14.465299708,0.0,0.0,17.60681686165901
26312,-42.3459265663857,27.6421999999999,396980.928493,3.00444,276831.0,1457.07,4.15,4.65358,21.57,3.0,4.0,,,,,,, ,0.0,0.0,0.0,0.0,0.0,0.0,0.0,0.0,0.0,0.0,17.320508075688775
26316,-42.4985666494261,17.6829,3781481.6032984,5.88884,347106.0,736.46,2.88,2.90127,21.8,3.31,3.71,,,,,,, ,0.097523946105812,0.0,0.0,0.0,0.0,18.74589626,0.0,78.903988411,0.899830137,0.0,20.493901531919196
26332,-42.3513970225504,9.55865,45563.0124829,1.13938,36302.9,753.66,2.77,2.75017,4.42,4.0,2.0,,,,,,, ,0.0,0.0,0.0,0.0,0.0,100.0,0.0,0.0,0.0,0.0,15.165750888103101
26348,-42.3348660078521,18.5326999999999,2581832.0151239,7.97768,492825.0,731.49,2.93,2.97939,21.62,3.29,3.68,,,,,,26.5690287,Little Lake,0.0,0.0,0.0,0.0,0.0,29.85581762,0.0,25.04240053,24.00121133,0.0,20.0
26357,-42.2979400274352,32.8098,6957589.677383,78.2732,8560430.0,548.91,3.01,2.88694,21.4,2.97,3.45,19.0506246499103,567.609061495753,577.531217135892,18.3353613020437,28.7763525719635,4.64008306934002,Lake Daniells,0.0,0.0,0.0,0.0,0.0,0.0,0.0,99.63979799,0.0,0.0,41.182520563948
26384,-42.2817345053764,24.6619999999999,1037296.6664535,5.7893,475920.0,1678.07,4.72,5.4554,24.4,3.0,4.0,20.0605615345342,486.28328869167,516.466647695056,13.3217051605978,25.910840282143,, ,0.0,0.0,0.0,0.0,0.0,0.0,0.0,0.0,100.0,0.0,21.213203435596427
26387,-42.278527113188,13.9722,245287.4489828,1.23519,57527.8,1723.68,4.76,5.52072,19.66,3.0,4.0,,,,,,, ,0.0,0.0,0.0,0.0,0.0,0.0,0.0,0.0,100.0,0.0,18.973665961010276
26399,-42.1713015579334,17.9052,1134682.3710544,4.28398,255686.0,458.59,2.76,2.52025,18.26,2.34,2.0,23.562341770498,490.187079193545,529.138588188139,11.0138376723828,19.4808357555398,9.40217, ,0.0,0.0,0.0,0.0,0.0,0.0,0.0,100.0,0.0,0.0,19.235384061671343
26410,-42.2714725084953,27.6421999999999,589494.0047863,6.51906,600671.0,1838.79,4.86,5.67336,27.87,3.0,4.0,29.1198386652793,533.056255026048,568.888231359745,11.0116345056927,13.345375251288,, ,0.0,0.0,0.0,0.0,0.0,0.0,0.0,0.0,100.0,0.0,20.0
26434,-42.1673607545952,26.1933,21840463.6429894,1.14183,99693.9,843.34,3.48,3.55513,27.78,3.0,4.0,,,,,,, ,0.032109451587627,1.0,0.0,0.0,0.0,0.175843642,0.0,24.69840651,26.42828007,0.0,16.1245154965971
26455,-42.1499182168993,17.4872,435480.5956082,1.54775,90219.6,1757.09,5.03,5.84753,21.29,3.0,4.0,30.1233156718991,527.123124299878,566.722507995848,15.2517680946266,11.6251653356915,, ,0.0,0.0,0.0,0.0,0.0,0.0,0.0,0.0,100.0,0.0,14.832396974191326
26477,-42.2001692878637,31.9769,40988445.937339,232.534,24785700.0,1075.85,3.46,3.71775,24.85,3.17,3.73,31.2681384346103,503.104128544505,566.896604305221,8.33281120738373,11.3585331699649,4.8664099378438,Lake Tennyson,0.0599221260474882,0.0,0.0,0.100492725,0.0,5.042107956,0.0,3.445627831,36.166884059000004,0.0,54.85435260760991
26478,-42.1848596183504,27.6421999999999,589072.6963386,6.11741,563662.0,1748.81,4.43,5.09742,26.59,3.0,4.0,35.1342639932328,533.809510522418,569.117376023071,7.56708472616396,8.9721989637196,,Princess Bath,0.0,0.0,0.0,0.0,0.0,0.0,0.0,0.0,88.0511586,0.0,19.748417658131498
26480,-42.1622487080024,17.1675,36727734.3306761,1.84125,105366.0,881.95,3.39,3.51051,29.44,3.01,4.0,,,,,,, ,0.0,0.0,0.0,0.0,0.0,0.860549624,0.0,23.17322171,39.227544357,0.0,19.8997487421324
26484,-42.1246471573517,21.9059999999999,1002635.5453857,6.64204,485002.0,1694.1,4.79,5.48677,21.8,3.0,4.0,27.3882514771643,497.760637749498,557.338948141649,13.9742863657706,12.3973873603742,,Lake Thompson,0.0,0.0,0.0,0.0,0.0,0.0,0.0,0.0,74.52409028,0.0,19.493588689617926
26486,-42.1447874222539,26.2887999999999,954201.3428549,1.16503,102091.0,1674.39,4.62,5.32358,29.96,3.0,4.0,,,,,,, ,0.0,0.0,0.0,0.0,0.0,0.0,0.0,0.0,94.10265034,0.0,18.439088914585774
26487,-42.1247662200356,27.6421999999999,393714.24301,1.23831,114099.0,1713.79,4.33,4.83704,23.54,3.0,4.0,,,,,,, ,0.0,0.0,0.0,0.0,0.0,0.0,0.0,0.0,78.1598485,0.0,14.832396974191326
26493,-41.9077217196596,19.4324,4447732.1972216,4.448,288118.0,422.32,2.98,2.61815,23.68,3.0,2.0,32.1832158330108,495.588127694392,564.758275367399,11.7504947164073,12.4925171782265,9.488985333333328, ,0.0,0.0,0.0,0.0,0.0,0.0,0.0,100.0,0.0,0.0,20.493901531919196
26502,-42.0936526254546,24.6619999999999,2433387.1094145,5.99601,492913.0,1541.06,4.38,4.80084,28.3,3.0,4.0,,,,,,,Lake Ella,0.0,0.0,0.0,0.0,0.0,0.0,0.0,0.0,84.51684805,0.0,19.748417658131498
26508,-42.036425722776,26.0473,210221.9535437,1.77675,154265.0,1747.47,4.77,5.2211,16.43,3.0,4.0,,,,,,, ,0.0,0.0,0.0,0.0,0.0,0.0,0.0,0.0,52.35812735,0.0,16.1245154965971
26509,-42.0333242100548,17.4872,204788.7538007,1.05306,61383.9,1739.72,5.03,5.59003,14.07,3.0,4.0,,,,,,, ,0.0,0.0,0.0,0.0,0.0,0.0,0.0,0.0,53.26325662,0.0,15.491933384829668
26512,-42.0926109867612,14.8278,178739.4048807,2.49615,123375.0,1914.8,4.83,5.49173,19.68,3.0,4.0,,,,,,, ,0.0,0.0,0.0,0.0,0.0,0.0,0.0,0.0,100.0,0.0,15.491933384829668
26514,-42.0755219620772,25.9939,11045172.366691,88.4526,7664080.0,1317.02,4.32,4.70066,29.1,3.0,4.0,33.6010929713373,494.071234584156,564.110620359056,7.86474723484239,12.5990129586077,4.10583849383465,Lake Constance,0.0,0.0,0.0,0.0,0.0,0.0,0.0,0.0,55.01549558,0.0,45.27692569068709
26515,-42.059168889413,27.4128,14777043.5890269,2.89556,264585.0,1190.78,4.17,4.44933,28.01,3.0,4.0,,,,,,,Blue Lake,0.0,0.0,0.0,0.0,0.0,0.0,0.0,2.940294147,51.84942254,0.0,17.88854381999832
26518,-42.0875739355325,27.6421999999999,484254.1291358,3.90838,360121.0,1831.81,4.96,5.71145,26.86,3.0,4.0,31.9298894240338,494.07444424175,562.108415597479,12.5656654149842,18.6373159247578,, ,0.0,0.0,0.0,0.0,0.0,0.0,0.0,0.0,100.0,0.0,16.431676725154983
26524,-42.0389392804887,27.6421999999999,454643.2513146,2.20556,203222.0,1801.43,4.94,5.55927,30.62,3.0,4.0,30.9576849370698,497.302207072791,560.979313025034,12.1285548109337,13.6840533800266,, ,0.0,0.0,0.0,0.0,0.0,0.0,0.0,0.0,100.0,0.0,13.784048752090222
26545,-45.7843424139238,27.6421999999999,846177.9232868,4.88315,449937.0,955.41,5.56,6.02568,29.15,1.0,5.0,35.9401953936899,505.392412284224,565.946206503593,15.1375050980016,18.2973231955813,, ,0.0,0.0,0.0,0.0,0.0,0.0,0.0,0.0,0.0,0.0,18.439088914585774
26557,-46.0799036807925,14.4352,744904.1507557,1.28829,61989.5,498.46,5.54,5.40462,16.8,2.0,3.0,,,,,,7.49593126804568, ,0.0,0.0,0.0,0.0,0.0,0.0,0.0,100.0,0.0,0.0,17.029386365926403
26562,-46.1831756941735,6.50233,642624.3642107,4.32781,93802.8,21.05,4.46,3.9175,2.9,3.54,2.0,,,,,,, ,5.62071788805725,0.0,82.80190597,10.23501779,0.0,0.0,0.0,0.0,6.963076235,0.0,23.643180835073778
26572,-46.1456770855516,2.87754,404403.4183456,1.23902,11884.4,19.74,4.1,3.49819,0.71,3.0,2.0,,,,,,, ,14.5179172885455,0.214831661366257,79.69523691,0.0,0.0,0.0,0.0,8.045869849,0.0,12.25889324,17.320508075688775
26684,-45.7792317791629,14.9665,191618.1449441,1.11298,55524.7,167.08,3.14,2.6263,0.54,2.31,1.15,,,,,,, ,12.0975322525021,0.784838454279596,67.33403524,0.0,0.0,1.761609221,0.0,29.31452954,1.589826,0.0,16.73320053068151
26690,-40.212716806016,11.488,118214.0985965,1.54683,59233.3,168.63,4.42,4.10346,4.99,1.98,1.04,,,,,,, ,16.1335612859964,0.0148822893358038,100.0,0.0,0.0,0.0,0.0,0.0,0.0,0.0,16.431676725154983
26699,-40.193535922754,11.6866,150042.7831273,1.21535,47344.3,199.84,4.39,4.09963,4.69,1.0,2.0,,,,,,, ,17.5427681559922,0.0148659670911638,100.0,0.0,0.0,0.0,0.0,0.0,0.0,0.0,12.649110640673518
26701,-40.1894111094335,21.4195999999999,191453.5159642,2.20123,157164.0,200.11,4.37,4.07331,2.94,1.0,2.0,,,,,,, ,17.1584442339919,0.014873318026021,99.99864886,0.0,0.001351141,0.0,0.0,0.0,0.0,0.0,17.320508075688775
26731,-40.1686286691613,11.929,371545.6244905,2.007,79805.2,135.32,4.21,3.87387,6.67,2.8,2.9,,,,,,, ,17.7845018821055,0.0148822893358038,94.32699484,0.0,0.0,0.0,0.0,5.673005164,0.0,0.0,17.88854381999832
26735,-40.2509445534111,18.2396999999999,409501.3911872,1.29874,78962.5,108.12,4.45,4.11283,2.26,2.1,1.2,,,,,,, ,16.9996280920122,0.014826893259563,100.0,0.0,0.0,0.0,0.0,0.0,0.0,0.0,13.416407864998739
26749,-40.2292986861651,11.474,889644.5466657,4.15228,158811.0,37.56,4.28,3.97927,5.87,2.35,3.32,24.0577996915313,495.609932747908,542.006729877519,9.54695189450361,16.3259224406148,, ,15.331088957595,0.0041261596765184,99.33803924,0.0,0.0,0.0,0.0,0.661960757,0.0,0.0,20.248456731316587
26754,-40.2088801225809,13.7476,185246.8683072,2.29903,105354.0,52.92,4.17,3.89527,3.24,3.0,3.0,,,,,,, ,11.6893684962612,0.0,100.0,0.0,0.0,0.0,0.0,0.0,0.0,0.0,17.029386365926403
26802,-40.1439581723743,10.2048,581537.9520146,1.82849,62198.1,97.73,3.86,3.49762,3.98,1.6,1.78,,,,,,, ,15.1607230485387,0.0140448624324928,82.57192811,0.0,0.0,0.0,0.0,17.428071892,0.0,0.0,20.396078054371138
26837,-41.9833884114029,24.6619999999999,703056.996102,1.05467,86700.9,1535.0,4.83,5.21592,14.77,3.0,4.0,,,,,,, ,0.0,0.0,0.0,0.0,0.0,0.0,0.0,0.0,44.85144716,0.0,11.40175425099138
26876,-41.8532205653875,18.5576,1158231.5599475,5.47604,338742.0,691.02,3.68,3.57764,21.29,3.0,2.0,22.3075193552627,503.627528006657,551.752744638903,5.89432684822774,8.87325891776994,13.1164, ,0.0,0.0,0.0,0.0,0.0,0.0,0.0,96.67148541,3.328514586,0.0,20.493901531919196
26887,-41.8612532133741,135.902999999999,393069072.616883,2361.47,1069770000.0,420.71,3.72,3.23575,25.17,3.19,3.86,6.45594441314072,570.872996342621,576.960902518141,11.9792032785507,17.8233306945863,0.926105833333333,Lake Rotoroa,0.0408531073047797,0.195741849560157,0.154287521,0.185008555,0.100067838,0.241156335,0.0,57.779420449,18.562614111,0.0,117.61377470347595
26896,-41.8962984661872,26.0473,1216732.3502794,4.30761,374005.0,1598.42,5.13,5.4306,20.73,3.0,4.0,,,,,,,Hinapouri Tarn,0.0,0.0,0.0,0.0,0.0,0.0,0.0,0.0,80.35756186,0.0,21.908902300206645
26900,-41.8943395739006,25.4679,1447385.0546354,1.46883,124694.0,1578.25,5.02,5.26368,19.97,3.0,4.0,,,,,,, ,0.0,0.0,0.0,0.0,0.0,0.0,0.0,0.0,83.78833023,0.0,14.832396974191326
26901,-41.8866673022205,21.7611999999999,1014481.40103,18.9884,1377370.0,1646.48,5.16,5.44813,16.38,3.0,4.0,,,,,,,Lake Angelus,0.0,0.0,0.0,0.0,0.0,0.0,0.0,0.0,99.9742852,0.0,26.981475126464083
26903,-41.8873679603793,16.672,763787.9488909,2.00167,111239.0,1655.18,5.02,5.24042,15.87,3.0,4.0,,,,,,, ,0.0,0.0,0.0,0.0,0.0,0.0,0.0,0.0,99.97205415,0.0,19.493588689617926
26906,-41.8882678787969,26.0473,353432.664882,1.43771,124828.0,1574.73,4.88,5.05092,17.58,3.0,4.0,,,,,,, ,0.0,0.0,0.0,0.0,0.0,0.0,0.0,0.0,92.04753534,0.0,18.439088914585774
26920,-41.8432118301659,9.60903,85947.57695,1.13075,36218.0,1009.91,4.19,3.90953,2.96,2.0,2.0,,,,,,, ,0.0,0.0,0.0,0.0,0.0,0.0,0.0,100.0,0.0,0.0,18.439088914585774
26963,-42.7143486730233,8.60577999999999,59450619.0857118,1.1881,34081.8,141.16,4.04,3.66687,4.68,3.57,3.28,,,,,,, ,14.3790103278497,0.59283268376313,84.45938706,0.0,1.680299254,7.035280403,4.29619515,2.528838135,0.0,0.0,18.439088914585774
26965,-42.6858505796901,12.0894999999999,166116.3194075,1.32366,53341.0,220.07,3.63,3.28022,2.32,3.0,2.0,,,,,,, ,15.8926531668032,0.342733713650643,100.0,0.0,0.0,0.0,0.0,0.0,0.0,0.0,18.439088914585774
27127,-42.9310289669897,8.60577999999999,374595.1143854,3.73708,107201.0,141.65,5.18,4.97742,0.78,3.0,4.0,22.7186358442605,555.256268765553,570.515278967659,16.0259159659439,17.5164017619825,26.046809483333348, ,0.0,0.0,99.61704563,0.0,0.382954372,0.0,0.0,0.0,0.0,0.0,18.439088914585774
27169,-42.7773758769617,17.6959,762319.4959674,1.49704,88305.2,172.78,4.02,3.61005,4.41,3.61,3.61,,,,,,, ,0.0,0.0,93.07685731,0.0,6.923142686,0.0,0.0,0.0,0.0,0.0,18.439088914585774
27170,-42.7749791956288,22.2282,430400.4576316,3.02116,223850.0,170.28,4.05,3.64055,6.74,3.44,3.44,,,,,,, ,0.0,0.0,87.069681289,0.0,12.93031871,0.0,0.0,0.0,0.0,0.0,18.439088914585774
27171,-42.7962511314178,11.8561,164103.6115735,1.84233,72809.3,237.58,4.59,4.30669,3.51,3.0,2.0,,,,,,, ,17.0893031772508,0.670127779334292,100.0,0.0,0.0,0.0,0.0,0.0,0.0,0.0,15.811388300841896
27280,-42.3690169621702,2.95043,44844.9932791,1.06759,10499.5,12.01,3.47,3.315,0.11,4.0,4.0,,,,,,, ,0.0,0.0,7.268045762,0.0,0.0,63.75632735,0.0,0.0,28.97562688,0.0,15.811388300841896
27286,-42.1839247064882,41.6244999999999,7910591.766173,65.7569,9123660.0,883.47,2.71,3.16583,23.23,3.15,3.64,29.8191740097433,535.664371672468,564.630860571396,7.77011390544503,13.4229446727483,4.7904775831415805,Lake Mcrae,0.0,0.0,0.0,0.0,0.0,34.01594038,10.14155433,4.445937892,18.43898268,0.0,38.18376618407357
27302,-42.0771963213161,26.0473,173259.9559727,1.31784,114421.0,1751.56,4.13,4.83623,20.34,3.0,4.0,,,,,,, ,0.0,0.0,0.0,0.0,0.0,0.0,0.0,0.0,91.86963378,0.0,21.908902300206645
27317,-41.9316924033429,27.6421999999999,516114.0846114,1.69684,156348.0,1594.36,4.62,4.92037,22.41,3.0,4.0,,,,,,, ,0.0,0.0,0.0,0.0,0.0,0.0,0.0,0.0,1.001845782,0.0,21.908902300206645
27329,-41.9085225499849,17.1675,295496.6111158,1.04003,59515.5,1687.15,4.85,5.13683,14.17,3.0,4.0,,,,,,, ,0.0,0.0,0.0,0.0,0.0,0.0,0.0,0.0,61.68890298,0.0,19.748417658131498
27332,-41.9013858489598,26.2887999999999,522350.8318322,5.38106,471538.0,1647.36,4.76,5.02782,13.59,3.0,4.0,29.0818610205641,503.897656011008,559.711754338744,9.32981248512288,15.8674761727404,, ,0.0,0.0,0.0,0.0,0.0,0.0,0.0,0.0,52.54940726,0.0,19.748417658131498
27413,-41.9952946388121,26.0473,246722.6027542,2.27909,197881.0,1711.73,4.04,4.46742,20.16,3.0,4.0,36.8255559238156,554.590654033747,575.814440203698,20.794092725171,14.1576849262792,, ,0.0,0.0,0.0,0.0,0.0,0.0,0.0,0.0,5.524993309,0.0,17.60681686165901
27420,-41.9837866519573,27.4128,670512.1424087,2.47666,226307.0,1795.9,4.19,4.85207,25.37,3.0,4.0,32.5461013033002,524.157997003965,567.044301839665,14.6359394304236,20.1050016806708,, ,0.0,0.0,0.0,0.0,0.0,0.0,0.0,0.0,5.098361641,0.0,17.88854381999832
27492,-42.6199021056889,0.0,2308466.5982068,1.96818,19154.4,6.26,0.0,4.30298,0.0,0.0,0.0,,,,,,, ,4.21591922215673,0.0,81.2080921,0.0,2.054702051,0.0,0.075935021,15.58590335,1.075367475,0.0,0.0
27558,-42.1534345723625,9.55865,13186399.784168,15.9816,509207.0,1007.04,2.77,2.95365,10.1,3.58,2.87,27.5727806582677,499.609065036006,557.755660480017,6.71731859010724,16.7964733826942,,Island Lake,0.0,0.0,0.0,12.66480047,0.0,65.41856604,0.921001888,0.474493528,7.855028721,0.0,28.5657137141714
27560,-42.1354324594769,13.5022,5229086.0469903,6.57527,295935.0,1013.71,2.84,2.97652,14.26,3.46,3.15,35.9509103963255,502.051475797099,569.883266708983,8.68023585317844,13.1169234687899,,Lake Sedgemere,0.0,0.0,0.0,5.094923344,0.0,44.01909552,2.307099012,0.257029573,19.25204199,0.0,23.748684174075834
27563,-42.1276180811475,9.66062999999999,288638.533281,2.76861,89154.9,1054.86,2.84,2.99781,3.7,3.63,1.81,,,,,,, ,0.0,0.0,0.0,0.0,0.0,100.0,0.0,0.0,0.0,0.0,21.213203435596427
27564,-42.120885261708,18.7328,2379507.543873,10.5935,661487.0,1011.61,2.86,3.03187,18.14,3.29,3.34,35.0550459287016,489.59109122654,567.472466063948,8.66126604256622,19.680884098591,9.62760285714285,Fish Lake,0.0,0.0,0.0,1.069253774,0.0,23.34096911,4.771306684,0.0,30.35949526,0.0,23.958297101421877
27565,-42.1271201794128,18.3801999999999,701855.3610663,6.33356,388041.0,1037.75,2.81,2.98305,3.14,4.0,2.0,23.3299180922478,502.47100791063,542.111809405865,8.38568244909345,8.19300529374773,10.0156366666667, ,0.0,0.0,0.0,0.0,0.0,99.98711315,0.0,0.0,0.0,0.0,19.235384061671343
27566,-42.1279705928572,24.3728,4119768.043451,25.4387,2066700.0,1034.09,2.81,3.00945,11.75,3.57,2.84,30.3844641435827,496.091005782513,562.687634452919,10.2085895831296,16.4691919630438,4.934013149078835,Bowscale Tarn,0.0,0.0,0.0,0.0,0.0,71.21054793,0.0,0.0,15.974065745,0.0,30.0
27572,-41.7472599408039,18.5576,5937975.4225911,4.54953,281429.0,622.93,4.71,4.91119,26.75,3.0,3.98,29.0342883639901,499.46061928901,553.219348468397,8.63535305629371,18.2767850000813,13.2615913333333,Lake Alexander,0.0031669818126697,0.0134812929133576,0.0,0.0,0.0,0.049246607,0.0,47.088635866,6.274502706,0.0,20.73644135332772
27594,-42.1640580550673,2.99723,268563.7623275,1.67814,16765.9,29.45,4.62,4.36332,3.05,3.83,3.83,,,,,,, ,5.26479082633026,0.0,41.27494122,0.0,0.0,48.34545974,7.642021986,0.0,2.737577048,0.0,14.832396974191326
27616,-42.0348560690885,21.5872999999999,1885686.0202725,1.48125,106588.0,174.42,4.85,4.62157,11.81,2.6,2.78,,,,,,, ,4.35625061603596,0.0,95.57550912,0.0,0.0,0.0,0.0,3.374608944,1.049881935,0.0,13.784048752090222
27634,-42.1234730152541,10.0833999999999,32590.2010597999,1.19125,40039.4,1055.69,2.8,2.96897,3.88,4.0,2.0,,,,,,, ,0.0,0.0,0.0,0.0,0.0,100.0,0.0,0.0,0.0,0.0,15.491933384829668
27635,-42.1179056954626,18.6278,322295.1990546,2.10155,130491.0,949.77,2.45,2.60476,8.31,3.65,2.92,,,,,,, ,0.0,0.0,0.0,4.163307347,0.0,95.83669265,0.0,0.0,0.0,0.0,16.73320053068151
27657,-42.4510048932847,23.9862,224879.3376231,1.35427,108279.0,397.36,3.57,3.6338,8.52,3.04,4.0,,,,,,, ,1.76846819492562,0.0,50.93893198,0.0,0.0,16.46650094,0.0,32.594567067999996,0.0,0.0,12.24744871391589
27675,-41.9701730471966,26.2887999999999,318256.010926,1.69688,148696.0,1734.71,3.91,4.62652,20.52,3.0,4.0,31.8490027367206,555.988537323972,571.893108827556,21.8687802163267,13.3131219506987,, ,0.0,0.0,0.0,0.0,0.0,0.0,0.0,0.0,61.32959946,0.0,13.784048752090222
27677,-41.9547451155167,15.7934,292219.0087334,1.25141,65879.8,1636.69,3.72,4.29558,18.77,3.0,4.0,29.2853216989581,501.885858831226,566.407891613863,7.96471441901385,12.5786751318739,, ,0.0,0.0,0.0,0.0,0.0,0.0,0.0,0.0,23.6926899,0.0,12.24744871391589
27694,-41.8786214223369,27.4128,1167682.5785752,1.28903,117786.0,1519.69,4.9,5.03643,15.76,3.0,4.0,,,,,,, ,0.0,0.0,0.0,0.0,0.0,0.0,0.0,0.0,14.05985079,0.0,13.784048752090222
27708,-41.865330982173,25.4679,456881.6802202,1.43978,122227.0,1551.68,5.04,5.23865,19.09,3.0,4.0,,,,,,, ,0.0,0.0,0.0,0.0,0.0,0.0,0.0,0.0,34.72301528,0.0,12.649110640673518
27719,-41.8956562977679,17.1675,188951.5917149,1.53812,88019.0,1668.79,4.92,5.21288,18.26,3.0,4.0,,,,,,, ,0.0,0.0,0.0,0.0,0.0,0.0,0.0,0.0,69.79532277,0.0,13.416407864998739
27730,-41.8753299088815,20.8279999999999,438103.4334661,4.24044,294400.0,1615.72,4.9,5.13448,12.77,3.0,4.0,23.0646561831338,536.920328626392,571.825385128008,6.03009464150668,14.3781981984196,, ,0.0,0.0,0.0,0.0,0.0,0.0,0.0,0.0,23.8930087,0.0,17.320508075688775
27736,-41.8783540682043,24.6619999999999,1108218.9792043,2.71789,223429.0,1474.64,4.77,4.98785,21.33,3.0,4.0,,,,,,, ,0.0,0.0,0.0,0.0,0.0,0.0,0.0,0.0,8.869800361,0.0,15.165750888103101
27741,-41.8730954444298,19.2626999999999,453638.3721467,1.11499,71592.6,1604.52,4.86,5.0786,16.27,3.0,4.0,,,,,,, ,0.0,0.0,0.0,0.0,0.0,0.0,0.0,0.0,28.71962125,0.0,15.165750888103101
27754,-41.8596375216996,25.4679,243751.5091384,1.17189,99485.7,1603.92,4.94,5.15594,14.4,3.0,4.0,,,,,,, ,0.0,0.0,0.0,0.0,0.0,0.0,0.0,0.0,29.93515573,0.0,12.24744871391589
27757,-41.8549101266219,26.2887999999999,515836.3231359,1.57906,138372.0,1577.4,4.84,5.01815,18.01,3.0,4.0,,,,,,, ,0.0,0.0,0.0,0.0,0.0,1.442249976,0.0,0.0,14.04806948,0.0,14.142135623730951
27762,-41.8282582741385,40.4833,201929769.672178,964.365,130136000.0,595.53,3.55,3.00733,25.54,3.07,3.8,29.6766028978303,536.78782346063,566.078102748824,9.08521478171071,14.2654364080717,4.94553325566574,Lake Rotoiti,0.461593829070931,0.0577822835615378,0.270143893,0.35494338,0.010357943,2.406953106,0.007441959,50.674304789,19.968274492000003,0.191730598,80.21845174272562
27770,-41.8387526328019,26.0473,562113.7554121,3.06003,265685.0,1538.06,4.72,4.80143,14.81,3.0,4.0,25.6231560381229,527.177721457079,564.177891061733,12.4686969202701,15.440809245635,, ,0.0,0.0,0.0,0.0,0.0,0.0,0.0,0.0,15.33531979,0.0,15.165750888103101
27796,-41.8875384559692,27.4128,235688.5260005,1.53478,140242.0,1629.98,4.21,4.53117,24.0,3.0,4.0,,,,,,, ,0.0,0.0,0.0,0.0,0.0,0.0,0.0,0.0,3.728059525,0.0,14.832396974191326
27803,-41.8661004613211,26.0473,437730.4603287,1.68281,146109.0,1548.46,4.56,4.87597,25.63,3.0,4.0,,,,,,, ,0.0,0.0,0.0,0.0,0.0,0.0,0.0,0.0,6.012425548,0.0,14.142135623730951
27811,-41.7827749049141,18.5761,80956.5578743,1.17134,72529.9,614.11,3.46,2.75914,14.76,1.48,2.83,,,,,,, ,0.628127235276278,0.0,7.49592327,0.0,0.0,0.0,0.0,92.50407673,0.0,0.0,14.491376746189438
27816,-41.7847744536803,15.3391,1534629.0768675,1.37925,70521.4,552.65,2.99,2.33912,20.26,3.23,3.52,,,,,,, ,0.0,0.0,13.47842209,0.0,0.0,0.0,0.0,86.52157791,0.0,0.0,13.416407864998739
27837,-41.8643239389719,25.4679,712698.732094,1.83633,155891.0,1622.03,4.42,4.9978,30.39,3.0,4.0,,,,,,, ,0.0,0.0,0.0,0.0,0.0,0.0,0.0,0.0,47.95901025,0.0,14.832396974191326
27936,-41.8008621396168,12.1975,16269506.311182,51.1332,2078990.0,32.57,6.72,6.2304,4.12,3.02,3.41,40.4132209493886,530.134744215446,570.926080934061,6.93763083888676,10.2108039109112,46.6335150666667,Lake Elterwater,5.4045153643108,0.143070209887215,92.890266065,0.413994291,1.735188093,0.0,0.0,4.960551548,0.0,0.0,44.27188724235731
27994,-41.7733181652143,13.6692,1669756.8753676,1.45838,66449.6,52.33,6.54,6.01982,5.03,3.0,3.91,,,,,,, ,9.00518744160758,0.150621809453066,97.11769228600001,0.0,0.0,0.0,0.0,2.882307713,0.0,0.0,16.1245154965971
28066,-41.7298021471167,6.37539,69991746.692604,698.531,14844700.0,0.86,6.9,6.38634,5.77,2.93,3.4,25.7498786263851,495.099171456785,557.591263961076,8.12028958947982,17.9248270423539,,Lake Grassmere,6.31136954218671,0.0625403583117165,88.05932897,2.167860877,1.025924872,1.389397209,0.0,5.015273238,0.234492094,2.107722738,64.89992295835181
28123,-41.7610799195276,25.3002,43359.0833588,1.27794,107774.0,74.67,7.83,7.43973,5.73,3.0,2.0,,,,,,, ,1.56103764807643,0.0,100.0,0.0,0.0,0.0,0.0,0.0,0.0,0.0,22.360679774997898
28146,-41.7218601637361,2.9084,312539.4485376,3.90609,37868.3,4.61,7.16,6.68645,1.13,4.0,1.36,,,,,,41.4829017333333, ,1.16500367583214,0.0,63.34067845,0.0,0.0,0.0,0.0,0.0,36.65932155,0.0,18.708286933869708
28162,-41.6762246098022,26.4799,1680654.684594,19.7657,1744650.0,371.89,2.94,2.3835,8.67,2.99,3.92,15.4230310438917,575.186264059649,578.786777897342,11.2255213874782,37.6120318626841,2.2861265,Argyle Pond,0.17749007774255,0.0488231133056854,6.239530922,0.0,91.393881855,0.0,0.0,2.366587227,0.0,0.0,35.888716889852724
28197,-41.6631326501682,22.5293999999999,649068.8078959,5.4489,409202.0,157.41,4.48,4.14528,9.35,3.0,3.34,39.7755307171556,577.940008812165,582.249351197068,18.5500726842737,25.0134626177279,18.85507033333335,Lake Jasper,6.37591682744079,0.0440920213746848,87.00308476,0.0,5.119857892,0.0,0.0,7.877057348,0.0,0.0,20.248456731316587
28283,-47.1096542585902,22.7757,85883.5074646999,1.00092,56540.2,132.89,7.7,7.8684,3.21,1.0,5.0,,,,,,, ,0.0,0.0,0.0,69.67991088,0.0,0.0,0.0,0.0,0.0,0.0,14.491376746189438
28343,-46.8245504018064,7.22413,1692007.4199811,5.14496,123893.0,12.25,6.56,6.4045,1.42,1.27,2.32,6.72487240869002,579.979180711463,583.146790325552,13.2759271723985,29.1780281607578,7.20459133333333, ,0.0,0.0,0.0,33.75797463,0.0,0.0,0.0,65.751198598,0.0,0.0,19.493588689617926
28344,-46.821970446536,7.1014,1201039.3469316,2.91041,68893.2,14.58,6.55,6.39402,1.09,1.11,1.96,,,,,,5.44954733333334, ,0.0,0.0,0.0,40.10315413,0.0,0.0,0.0,59.22302948,0.0,0.0,17.60681686165901
28378,-46.1154029387451,21.7648,397242.6963315,2.98412,216496.0,111.44,6.48,5.93897,10.25,1.0,5.0,,,,,,7.10371866666666, ,0.0,0.0,0.0,0.0,0.0,0.0,0.0,100.0,0.0,0.0,16.73320053068151
28382,-45.9873986697744,21.5483,357891.7070884,4.7291,339680.0,194.29,5.87,5.58238,3.8,1.0,2.0,1.82033616009033,578.281692124759,580.235943592843,9.15347738899735,38.9228350930732,7.13477433333333,Lake Thomas,0.0,0.0,0.0,0.0,0.0,0.0,0.0,93.25314444,0.0,0.0,18.708286933869708
28383,-45.9821644600689,36.1747999999999,3896638.112237,54.9574,6626910.0,43.53,5.67,5.31244,12.12,0.98,4.12,37.6397453466383,547.406224324087,575.802741288685,6.84038486811639,12.2139362501859,5.248366370536825,Lake Hector,0.0,0.0,0.0,0.0,0.0,0.0,0.0,100.0,0.0,0.0,40.0
28385,-45.9979444737999,11.4494,366253.4356796,5.56444,212366.0,96.98,5.68,5.25362,3.56,1.0,5.0,25.6760882870162,561.086368847277,572.857301567583,16.037107375309,12.299793302559,5.69360828847319,Lake Dobson,0.0,0.0,0.0,0.0,0.0,0.0,0.0,100.0,0.0,0.0,21.213203435596427
28387,-46.0449093553653,24.5634,267170.2402004,2.46198,201582.0,315.93,6.47,6.212,6.98,1.0,5.0,13.0969763556036,559.502018842693,566.390114927372,9.85440446593994,27.3651888316437,6.1279980120093445, ,0.0,0.0,0.0,0.0,0.0,0.0,0.0,90.66333074,0.0,0.0,16.1245154965971
28390,-46.0413894682904,26.3713,1957222.2011515,8.52344,749246.0,295.95,6.39,6.13035,7.87,0.97,4.88,,,,,,, ,0.0,0.0,0.0,0.0,0.0,0.0,0.0,81.14620469,0.0,0.0,20.73644135332772
28392,-46.0309778824321,11.1580999999999,73121.8766131999,1.06533,39623.2,439.72,6.48,6.31945,5.15,1.0,5.0,,,,,,5.07104606478106, ,0.0,0.0,0.0,0.0,0.0,0.0,0.0,99.5423619,0.0,0.0,19.235384061671343
28393,-46.0314413528466,12.0314,538857.9985132,3.03461,121702.0,426.4,6.5,6.30335,6.26,1.0,5.0,25.7011453652419,535.853891362748,561.549894497551,5.51015940087218,13.6552268540761,9.9834600286555, ,0.0,0.0,0.0,0.0,0.0,0.0,0.0,67.73624793,0.0,0.0,19.235384061671343
28394,-45.9899505320558,23.6064,330904.1624449,5.46782,430252.0,95.27,5.71,5.3172,4.8,1.0,5.0,30.7048482450794,559.175930508106,572.317654491399,12.9770255950597,10.7555155376184,18.9544125,Lake Esau,0.0,0.0,0.0,0.305982583,0.0,0.0,0.0,99.69401742,0.0,0.0,21.6794833886788
28398,-45.9929390082252,23.4826,298097.9772775,1.66789,130555.0,173.22,5.9,5.58013,7.51,1.0,5.0,,,,,,, ,0.0,0.0,0.0,0.0,0.0,0.0,0.0,100.0,0.0,0.0,17.320508075688775
28401,-45.8887146170702,25.2169999999999,74200694.023611,191.158,16068100.0,18.13,5.0,4.70812,20.6,0.99,4.67,14.6406439426261,568.514642029431,573.640374388189,12.2636238463688,29.0530252119246,5.86420166666666,Lake Fraser,0.0,0.0,0.0,0.066913596,0.0,0.0,0.0,79.583345689,0.021627152,0.0,49.749371855331
28402,-45.8395402802162,33.6537999999999,2520843.668147,22.3224,2504120.0,141.74,4.99,4.83825,21.5,0.98,4.29,35.1834758378969,553.547876593629,573.025547407026,11.7424157766921,10.6888073780253,8.802673753105001, ,0.0,0.0,0.0,0.0,0.0,0.0,0.0,100.0,0.0,0.0,33.57082066318904
28403,-45.9289229579651,21.9349999999999,4499535.533804,22.0974,1615680.0,397.34,5.91,5.85289,12.07,0.98,4.8,2.79491084347419,574.0915752446,578.024638580476,14.0610722423322,43.3647379122791,6.44869450980392,Lake Rimmer,0.0,0.0,0.0,0.0,0.0,0.0,0.0,96.93376018,0.0,0.0,26.720778431774775
28408,-45.9089782613439,43.6495,9643646.950439,63.8779,9294140.0,401.94,5.93,5.95642,20.93,0.98,4.79,3.97941379360614,577.048322178835,584.044330609621,10.0745631100301,36.4688858160217,5.64434320580504,Lake Macathur,0.0,0.0,0.0,0.0,0.0,0.0,0.0,72.45381718,0.0,0.0,41.13392760240627
28412,-45.9356158870283,23.4435,1875078.9720839,4.47081,349371.0,215.97,5.37,5.04698,17.57,1.0,5.0,40.0475617238181,495.964711949271,571.219208854209,12.1660527497387,9.30696473100923,6.57157238095237, ,0.0,0.0,0.0,0.64937072,0.0,0.0,0.0,98.51310684,0.0,0.0,21.213203435596427
28414,-45.9407082837938,26.0176,184675.3751579,1.18371,102658.0,280.07,5.69,5.4926,7.13,1.0,5.0,,,,,,7.4007280812325, ,0.0,0.0,0.0,0.0,0.0,0.0,0.0,42.33297133,0.0,0.0,15.811388300841896
28415,-45.9250220475849,23.5212,632384.4532555,4.41821,346405.0,175.7,5.61,5.43552,11.18,0.92,4.61,36.0003592031069,522.676080251133,570.435816572871,3.02374178230182,8.16650340718512,11.0686996666667, ,0.0,0.0,0.0,0.0,0.0,0.0,0.0,90.59199321,0.0,0.0,22.80350850198276
28417,-45.8979142857777,21.1473,2087686.0696042,5.01369,353421.0,416.83,5.86,5.89364,26.3,1.0,4.8,36.184676701396,484.026658461295,573.241753627335,12.1923857907975,30.8214963170966,12.5018874207864, ,0.0,0.0,0.0,0.0,0.0,0.0,0.0,68.6806703,0.0,0.0,17.320508075688775
28419,-45.9207263890556,27.4605,1395762.283238,7.9236,725286.0,338.17,5.85,5.78413,18.28,0.95,4.76,38.1909918015133,555.325003368211,570.527010394536,23.0209541655127,24.7810719507036,4.89103783815096, ,0.0,0.0,0.0,0.0,0.0,0.0,0.0,91.7409291,0.0,0.0,28.844410203711913
28438,-45.8585297302051,28.2578,3345586.446159,16.5749,1561240.0,492.15,5.78,5.88484,21.65,0.98,4.9,26.6218416356092,488.600110752127,555.446559393882,10.7545396420655,17.1643242000995,4.86995412063874, ,0.0,0.0,0.0,0.0,0.0,0.0,0.0,57.65383594,0.0,0.0,26.324893162176366
28443,-45.8486198427079,27.4128,196093.904199,1.59817,146034.0,712.39,5.9,6.1018,23.8,1.0,5.0,,,,,,, ,0.0,0.0,0.0,0.0,0.0,0.0,0.0,0.0,0.0,0.0,20.248456731316587
28445,-45.8926295360103,29.233,2445910.8183823,2.94662,287129.0,428.51,5.62,5.5354,27.0,1.0,5.0,34.399381811461,555.632912282328,573.888419975496,15.2215173055083,12.0354858608923,5.39213293083983, ,0.0,0.0,0.0,0.0,0.0,0.0,0.0,33.38999935,0.0,0.0,18.973665961010276
28446,-45.88568129587,27.6421999999999,588149.9023982,3.16357,291493.0,754.78,6.0,6.12818,23.1,1.0,5.0,32.3448692266541,550.704249964147,572.313473028897,9.34689402680356,10.1252419414257,4.66599939467393, ,0.0,0.0,0.0,0.0,0.0,0.0,0.0,0.0,0.0,0.0,16.73320053068151
28448,-45.8773150815446,13.3712,300523.1807816,1.00769,44913.3,798.1,6.32,6.63838,25.52,1.0,5.0,,,,,,, ,0.0,0.0,0.0,0.0,0.0,0.0,0.0,0.0,0.0,0.0,16.73320053068151
28457,-45.8786295442051,12.475,356744.1918318,2.10442,87508.6,37.45,4.95,4.58657,5.55,1.0,5.0,,,,,,6.953735, ,0.0,0.0,0.0,0.0,0.0,0.0,0.0,36.23891093,0.0,0.0,16.73320053068151
28473,-45.8516724516952,36.1672,735463.5932732,2.61305,315023.0,214.65,5.48,5.44953,30.77,1.0,5.0,32.2805945382981,499.349035909196,561.108755104058,12.9960832828472,13.8884383073389,6.72572985943653, ,0.0,0.0,0.0,0.0,0.0,0.0,0.0,81.78981437,0.0,0.0,16.73320053068151
28475,-45.7676200980537,6.88899,466889.9316187,2.42664,55723.6,14.66,4.36,4.02852,10.0,1.0,5.0,,,,,,7.25475649236144, ,0.0,0.0,0.0,0.0,0.0,0.0,0.0,100.0,0.0,0.0,16.73320053068151
28476,-45.760454700245,23.2014,668734.2050737,1.98327,153382.0,96.95,4.51,4.27487,9.94,1.0,5.0,25.630443060568,489.348633670703,548.771985450564,12.9805242444414,20.7889356460383,6.279026910364145, ,0.0,0.0,0.0,0.0,0.0,0.0,0.0,90.01438936,0.0,0.0,16.73320053068151
28478,-45.7551412960369,18.9320999999999,1307756.161177,26.2173,1654490.0,34.92,4.43,4.14954,13.92,0.97,4.87,29.5423430306965,485.994655614209,561.669887836747,12.7660556890955,23.4815968287592,5.325307502619925, ,0.0,0.0,0.0,0.0,0.0,0.0,0.0,100.0,0.0,0.0,32.07802986469088
28483,-45.7995554624867,17.2991999999999,1218674.44174,10.5238,606845.0,30.83,4.6,4.35254,16.4,0.98,4.94,33.7980637002045,497.325373755152,572.060311237647,11.1760058529221,19.9004133725944,4.844253686206705,Lake Forster,0.0,0.0,0.0,0.0,0.0,0.0,0.0,100.0,0.0,0.0,25.69046515733026
28484,-45.8280894448787,27.6421999999999,295238.7652513,1.02147,94118.9,690.19,5.74,5.9038,27.72,1.0,5.0,,,,,,, ,0.0,0.0,0.0,0.0,0.0,0.0,0.0,0.0,0.0,0.0,18.439088914585774
28489,-45.826056283991,36.8905,2166825.233817,50.6018,6222420.0,752.44,5.99,6.27312,24.76,0.93,4.69,43.1157221632871,488.709617576134,579.091887529283,15.8497786574043,17.3602975861142,4.45717278394686, ,0.0,0.0,0.0,0.0,0.0,0.0,0.0,0.706101797,1.902582101,0.0,33.49626844888845
28490,-45.8221672294221,39.6336999999999,11979399.578935,16.3166,2155620.0,297.75,5.4,5.40127,27.72,0.98,4.9,37.2722373673915,490.179849594455,568.600665750535,12.6662666374346,10.1312998095279,4.77595917949629, ,0.0,0.0,0.0,0.0,0.0,0.0,0.0,45.32077821,0.487082837,0.0,24.372115213907882
28492,-45.8094432944666,17.8381,3150179.740641,15.4073,916126.0,531.84,5.68,5.85896,23.33,0.98,4.92,34.9781531126208,544.332203448613,569.401186221455,15.5691191884723,13.6658803911293,4.60162845113084, ,0.0,0.0,0.0,0.0,0.0,0.0,0.0,41.27785024,0.0,0.0,25.475478405713993
28495,-45.8086877295673,38.741,7615027.47122,72.1577,9318190.0,475.48,5.58,5.70443,25.89,0.98,4.91,42.9672061681658,492.519216388127,575.427770492496,8.85419665031151,17.730099108723,5.51257328597554, ,0.0,0.0,0.0,0.0,0.0,0.0,0.0,48.29443498,0.476964036,0.0,39.16631205513228
28497,-45.8022695953313,27.6421999999999,633499.022124,11.637,1072240.0,869.98,6.06,6.39295,22.0,0.94,4.74,27.9542651826704,565.306214804493,575.258601940012,13.1814152485793,9.26258809128581,4.59790740816989, ,0.0,0.0,0.0,0.0,0.0,0.0,0.0,0.0,0.0,0.0,22.58317958127243
28499,-45.7794829303659,11.2393,69134.8337505,1.29723,48599.7,139.39,4.4,4.0643,6.98,1.0,5.0,,,,,,, ,0.0,0.0,0.0,0.0,0.0,0.0,0.0,100.0,0.0,0.0,21.213203435596427
28500,-45.7368424165642,32.0957,474039.3838326,8.36469,894901.0,93.88,4.43,4.16388,11.73,0.93,4.67,34.5236883711176,560.476426375566,572.760296276436,18.3382547987061,8.64539429651468,5.89898463459236, ,0.0,0.0,0.0,0.0,0.0,0.0,0.0,100.0,0.0,0.0,21.447610589527216
28503,-45.7444171282646,11.4339,1348362.4854309,5.70418,217403.0,35.55,4.43,4.14028,18.32,1.0,5.0,33.8779973743012,553.456440460023,572.377743038827,8.80079035471042,11.2258759979222,6.11385766666666, ,0.0,0.0,0.0,0.0,0.0,0.0,0.0,97.80904732,0.0,0.0,22.58317958127243
28504,-45.7420569934034,12.5091,1847004.3520953,1.57777,65788.0,32.34,4.43,4.12627,16.86,1.0,5.0,,,,,,, ,0.0,0.0,0.0,0.0,0.0,0.0,0.0,96.58388612,0.0,0.0,15.165750888103101
28511,-45.7656011433159,20.0413999999999,380951.4986644,2.97986,199069.0,56.74,4.55,4.26985,11.84,1.0,5.0,,,,,,7.35982714285714, ,0.0,0.0,0.0,0.0,0.0,0.0,0.0,100.0,0.0,0.0,20.248456731316587
28530,-46.2005029859342,9.936,106429.9706502,1.95393,64714.1,554.83,6.94,6.79548,3.07,1.0,5.0,,,,,,, ,0.0,0.0,0.0,0.0,0.0,0.0,0.0,100.0,0.0,0.0,18.439088914585774
28532,-46.1779740031522,22.9376,5393086.342513,70.4791,5388750.0,84.15,6.23,5.88776,18.04,1.66,3.26,13.4423195042992,485.449227941871,490.626655680877,10.2553787548296,27.618693137173,5.90929424271208,Lake Innes,0.0,0.0,0.0,0.0,0.0,0.0,0.0,100.0,0.0,0.0,41.182520563948
28542,-46.3519716735841,0.0,909699.2384625,1.30601,12754.6,7.51,0.0,4.43953,0.0,0.0,0.0,,,,,,, ,0.0226091662784728,0.253017721139849,0.016435429,62.78443565,0.0,0.130250777,0.0,31.277032858,5.791845288,0.0,0.0
28543,-46.3573589304416,2.0,30109553.353606,90.8101,605401.0,10.47,4.89,4.43188,2.81,2.26,2.03,45.8757897030917,488.225009170169,580.101424559477,22.6777906793164,23.9122378513139,17.16038166666665,Lake George,9.79208453849986,0.274763842526128,52.712487575000004,6.9442166809999994,1.342531598,2.884309215,1.082663637,33.282295297999994,0.851658001,0.899837994,36.0
28545,-46.3481898763799,2.89589,215771.9199414,1.16709,11265.9,14.9,4.9,4.44467,2.54,2.79,3.7,,,,,,, ,17.5026423434682,0.253017721139849,92.50770595,0.0,0.0,0.0,0.0,7.492294046,0.0,0.0,21.908902300206645
28546,-46.3509908384186,0.0,478965.956519,6.52169,63706.2,8.84,0.0,4.42823,0.0,0.0,0.0,24.618553197421,562.30093513735,573.191882024316,13.0897545800922,29.9429669049233,, ,0.0,0.0,0.0,41.22733777,0.0,0.0,0.0,58.77266223,0.0,0.0,0.0
28547,-46.3444308927865,3.23088,399404.0517786,2.91073,31347.4,12.98,4.87,4.41918,2.13,3.0,3.29,,,,,,13.4474545445587, ,17.2574939154838,0.253017721139849,100.0,0.0,0.0,0.0,0.0,0.0,0.0,0.0,18.708286933869708
28548,-46.3473311215733,0.0,85368.5813712,2.29922,22514.5,10.65,0.0,4.42257,0.0,0.0,0.0,4.10107416091978,574.222403267128,580.722970772893,5.28520647578777,37.5169675956212,, ,0.0,0.0,0.0,1.230153054,0.0,0.0,0.0,98.76984695,0.0,0.0,0.0
28549,-46.3418501018453,0.0,124924.1479033,1.02203,10090.5,14.31,0.0,4.40782,0.0,0.0,0.0,,,,,,, ,4.97173536108238,0.253017721139849,0.0,70.66261718,0.0,29.33251565,0.0,0.0,0.004867175,0.0,0.0
28550,-46.3344463959274,5.70442,1554991.4985523,3.61134,68668.6,26.27,4.86,4.43012,2.7,3.0,4.0,,,,,,, ,17.0045263679459,0.253017721139849,90.16455394,0.0,1.64740884,0.971593314,7.21644391,0.0,0.0,0.0,18.973665961010276
28552,-46.332632221982,2.90392,1669484.524424,1.1634,11261.4,18.96,4.85,4.3991,2.56,3.0,3.91,,,,,,, ,17.0937242087257,0.252992719872862,90.92311349,0.0,1.564414322,0.8914307,6.621041489,0.0,0.0,0.0,16.1245154965971
28553,-46.3277689653849,7.03111,1080842.3839741,1.89088,44316.5,19.78,4.84,4.39389,2.45,3.0,3.98,,,,,,, ,18.3440693551551,0.252733099997759,98.76000807,0.0,0.511016017,0.0,0.0,0.728975912,0.0,0.0,15.491933384829668
28562,-46.3471190018771,0.0,224193.3117803,2.18692,21414.8,10.56,0.0,4.41687,0.0,0.0,0.0,,,,,,, ,0.0890024445588649,0.253017721139849,0.0,60.71582799,0.0,0.540365471,0.0,14.715441611,24.02836493,0.0,0.0
28577,-46.3236523585578,7.13397,19421557.7370963,1.39188,33098.7,19.31,4.82,4.38328,6.95,2.45,3.64,,,,,,15.170906, ,0.932158507452494,0.216977456519418,11.46426309,0.0,0.173334471,0.0,0.512699038,86.793266897,0.378264491,0.0,13.038404810405298
28582,-46.2897156378604,23.8275,1186303.902678,1.96783,156295.0,312.09,5.13,4.92308,6.94,1.0,4.0,,,,,,, ,0.0,0.0,0.0,0.0,0.0,0.0,0.0,91.83729626,0.0,0.0,16.73320053068151
28611,-46.1601463282847,42.7477999999999,36800217.518981,64.7478,9226080.0,96.04,6.69,6.37101,24.61,0.99,4.58,6.48347526446096,571.807666298017,578.629149167577,11.5566198348919,38.1959839053549,6.59959380380313, ,0.0,0.0,0.0,0.515278238,0.0,0.0,0.0,87.441433682,0.381872121,0.0,43.243496620879306
28614,-46.0916142683435,27.8733,597187.5959783,6.68361,620980.0,231.37,6.4,6.00845,16.51,1.0,5.0,22.9956777959866,567.271925585491,577.658597875737,15.1640504714497,24.2790914197367,4.83730583947425, ,0.0,0.0,0.0,0.0,0.0,0.0,0.0,100.0,0.0,0.0,21.6794833886788
28615,-46.0737585793204,26.0185,357483.5907216,1.82297,158104.0,378.4,6.49,6.2202,8.59,1.0,5.0,,,,,,, ,0.0,0.0,0.0,0.0,0.0,0.0,0.0,40.56287622,0.0,0.0,15.165750888103101
28620,-46.1534147958357,26.0473,530216.5145438,3.36186,291892.0,630.03,7.15,7.11587,23.26,1.0,5.0,27.3391834742202,561.264061258913,571.442447883279,14.6693405182134,24.1621243398831,5.46658260504201, ,0.0,0.0,0.0,0.0,0.0,0.0,0.0,87.89577226,0.0,0.0,16.431676725154983
28624,-46.1669847950604,25.8842,158267861.62649,529.806,45712000.0,-17.37,6.28,5.93748,25.1,1.0,4.65,12.0110389904219,500.416970886967,526.441189236651,3.32198735709506,14.1744199027693,5.656512947237845,Lake Hakapoua,0.0,0.0,0.0,0.620975366,0.0,0.063487785,0.0,78.46482043200001,0.41682994799999995,0.0,82.21921916437786
28625,-46.1660543852187,23.8469,361308.6704753,1.76662,140428.0,138.15,6.21,5.85685,15.89,1.0,5.0,,,,,,5.39155726778067, ,0.0,0.0,0.0,0.0,0.0,0.0,0.0,93.47575022,6.524249775,0.0,15.165750888103101
28630,-46.1451019225786,23.5597999999999,512955.3348758,7.22862,567682.0,855.08,7.33,7.4872,17.64,1.0,5.0,42.9995629306045,523.189161011235,572.64994512057,6.54613907100635,11.546722533819,4.9484709402657, ,0.0,0.0,0.0,0.0,0.0,0.0,0.0,0.0,0.0,0.0,19.748417658131498
28632,-46.1331707738647,27.6421999999999,424178.7801067,1.72161,158630.0,836.07,7.5,7.7402,20.3,1.0,5.0,,,,,,5.17045759950763, ,0.0,0.0,0.0,0.0,0.0,0.0,0.0,15.38527998,0.0,0.0,17.029386365926403
28636,-46.0976399579857,27.4128,1134878.4214273,2.60571,238099.0,613.5,7.07,7.07073,24.48,1.0,5.0,32.807026455969,567.049051741917,576.373870082876,16.2021154818898,25.191429907143,5.60192485396877, ,0.0,0.0,0.0,0.0,0.0,0.0,0.0,50.49190325,0.91533646,0.0,16.431676725154983
28647,-46.0743114969464,26.2887999999999,181176.3243193,1.38274,121169.0,811.43,7.04,7.19157,24.09,1.0,5.0,,,,,,, ,0.0,0.0,0.0,0.0,0.0,0.0,0.0,0.057811729,0.0,0.0,14.832396974191326
28652,-46.0858001420859,34.551,3304687.0923,19.7851,2278650.0,611.92,6.9,7.00527,23.14,1.0,5.0,37.632271304164,566.951497243424,572.987904362486,8.92261447179266,8.81072288458365,4.723590679069965, ,0.0,0.0,0.0,0.0,0.0,0.0,0.0,58.0822279,0.0,0.0,29.88310559496787
28653,-46.0866356207483,13.651,184683.7240284,1.01317,46102.5,679.14,6.67,6.67313,27.2,1.0,5.0,,,,,,5.86155299443694, ,0.0,0.0,0.0,0.0,0.0,0.0,0.0,93.64995762,0.0,0.0,13.038404810405298
28654,-46.078713737335,26.0473,352799.0917896,3.52631,306170.0,748.6,6.71,6.72237,17.61,1.0,5.0,27.4470210518579,568.960282698355,573.034535261385,6.03708790123756,9.48987876306885,4.47458225922458, ,0.0,0.0,0.0,0.0,0.0,0.0,0.0,55.224834436,0.0,0.0,15.811388300841896
28658,-46.0892811918129,31.8076,44140744.2356358,3.6749,389633.0,112.58,6.01,5.75521,27.92,0.99,4.69,,,,,,30.518304, ,0.0,0.0,0.0,0.179957885,0.0,0.06651711,0.0,68.512464965,0.393073722,0.0,18.708286933869708
28664,-46.0496897313649,11.9149999999999,317108.1535108,3.92378,155840.0,175.81,6.01,5.57659,4.62,1.0,5.0,11.2119908287589,490.509128884398,502.91673654428,6.98949184980162,22.5508424252325,8.361339166666655, ,0.0,0.0,0.0,0.0,0.0,0.0,0.0,100.0,0.0,0.0,17.88854381999832
28665,-46.0441158398235,23.1439999999999,400215.85906,2.02348,156105.0,116.58,5.99,5.57412,9.73,1.0,5.0,,,,,,9.23639099999999, ,0.0,0.0,0.0,0.0,0.0,0.0,0.0,100.0,0.0,0.0,18.16590212458495
28666,-46.0402847917768,24.2342,777547.5496811,2.13043,172098.0,106.1,5.97,5.55525,6.73,1.0,5.0,39.8573901600405,550.007769467147,572.538132656366,12.3926278383159,10.9697927680045,6.36537883333334, ,0.0,0.0,0.0,0.0,0.0,0.0,0.0,96.95424648,0.0,0.0,14.142135623730951
28681,-45.9720960377273,7.82745,1049862.9451635,3.9437,102897.0,13.23,5.38,4.97341,19.56,1.0,5.0,,,,,,22.90133166666665, ,0.0,0.0,0.0,0.0,0.0,0.0,0.0,100.0,0.0,0.0,21.447610589527216
28682,-45.9677120601119,7.31343,2589033.6271207,3.47915,84815.2,12.38,5.39,4.97587,23.78,1.0,5.0,32.0919721619471,568.110059963436,571.974578658814,7.16924927779257,9.19985220161305,7.58723933333333, ,0.0,0.0,0.0,0.0,0.0,0.0,0.0,98.72943235,0.0,0.0,20.493901531919196
28690,-46.0337072348429,27.6421999999999,273178.9957628,2.17098,200036.0,896.93,7.01,7.27205,24.33,1.0,5.0,,,,,,6.022456228348171, ,0.0,0.0,0.0,0.0,0.0,0.0,0.0,0.0,0.0,0.0,16.431676725154983
28699,-46.0071410700219,20.8279999999999,486783.8563961,3.71583,257978.0,813.21,6.61,6.68318,21.14,1.0,5.0,32.3337115870107,567.882115588565,573.945754916058,14.4727261972752,27.4539793215941,4.77359693456717, ,0.0,0.0,0.0,0.0,0.0,0.0,0.0,2.654664157,0.0,0.0,16.1245154965971
28701,-46.0011093547415,12.5897,450672.103627,3.09252,129780.0,836.11,6.76,6.93836,16.27,1.0,5.0,18.5151764724212,486.231082632351,508.783319391311,12.0806563774145,26.0632262332048,5.147386143392635, ,0.0,0.0,0.0,0.0,0.0,0.0,0.0,0.49429708,0.0,0.0,15.491933384829668
28704,-46.0072632885967,13.3646999999999,2348999.4264194,7.46073,332367.0,695.35,6.63,6.80576,23.94,1.0,5.0,42.1569455568305,488.095659065855,572.663964808822,13.4296162834077,20.3892618023108,6.54278123894731, ,0.0,0.0,0.0,0.0,0.0,0.0,0.0,27.41845469,0.0,0.0,20.73644135332772
28708,-46.0170910592809,44.3626999999999,14951746.182006,203.911,30153400.0,548.21,6.43,6.53074,25.15,0.97,4.74,35.5148915866881,496.274579850674,572.244694381033,7.63336453158494,14.6642038279002,5.179115891215391,Lake Monk,0.0,0.0,0.0,0.527940493,0.0,0.0,0.0,47.341760048999994,0.128770352,0.0,50.950956811427986
28712,-46.0122771746132,27.6421999999999,934004.4810444,7.65375,705222.0,783.93,6.55,6.73083,25.71,1.0,5.0,33.4186456823729,513.646541150491,568.195410282574,8.55196746556868,8.78804885824923,4.897223068678075, ,0.0,0.0,0.0,0.0,0.0,0.0,0.0,24.56773127,0.0,0.0,21.213203435596427
28716,-45.9954272784189,25.5919999999999,4746766.8104015,7.47108,637333.0,545.4,6.32,6.43326,25.17,1.0,5.0,2.49433570208602,575.691454046935,577.954947315739,9.11971256006743,41.4244509175995,4.55521951758444, ,0.0,0.0,0.0,0.0,0.0,0.0,0.0,45.783750741,1.435284267,0.0,22.80350850198276
28722,-45.9796001976529,31.5849,2007007.603852,39.2107,4128220.0,754.6,6.61,6.84919,21.63,0.94,4.7,32.512281403627,570.185718587176,574.801905208359,19.9454869043983,24.3992716314288,4.50016381402008, ,0.0,0.0,0.0,0.0,0.0,0.0,0.0,28.74469068,0.600784477,0.0,32.58834147360065
28723,-45.9790091338736,27.6421999999999,289975.2160717,2.85357,262930.0,838.48,6.63,6.89443,26.01,1.0,5.0,15.9565017383142,492.157261044583,529.674853914867,6.7870877123618,17.8112201314446,4.71003610680494, ,0.0,0.0,0.0,0.0,0.0,0.0,0.0,0.0,2.517755078,0.0,20.493901531919196
28724,-45.9758782374843,24.6619999999999,634587.1631293,4.21363,346389.0,791.48,6.51,6.69512,28.91,1.0,5.0,3.86955949187369,573.358844817311,576.688913492021,13.0252763227342,48.5129272663134,4.38176238986013, ,0.0,0.0,0.0,0.0,0.0,0.0,0.0,25.18012406,1.301369989,0.0,19.748417658131498
28734,-45.9932782094372,25.3433999999999,3060680.153531,15.5833,1316440.0,610.15,6.32,6.39325,27.08,1.0,5.0,12.5666264069607,492.936564333578,504.212042326637,8.05122232744374,20.6740283919953,4.88373666666667, ,0.0,0.0,0.0,0.0,0.0,0.0,0.0,46.292919639,1.283017986,0.0,26.115129714401192
28737,-45.9764982496358,27.3429,1186723.781201,16.3387,1489150.0,803.2,6.46,6.66074,24.92,0.97,4.88,30.7944906771015,541.307554980207,572.493671240694,7.54282352646165,10.5115516081698,4.7399545469845, ,0.0,0.0,0.0,0.0,0.0,0.0,0.0,0.0,0.0,0.0,25.92296279363144
28738,-45.980560766432,19.2626999999999,416061.5762164,2.26602,145499.0,793.03,6.31,6.46503,22.6,1.0,5.0,,,,,,5.04072581653121, ,0.0,0.0,0.0,0.0,0.0,0.0,0.0,0.0,4.860893945,0.0,16.431676725154983
28743,-46.1247428150017,27.6421999999999,224492.791541,2.54829,234801.0,936.05,7.15,7.40248,18.86,1.0,5.0,28.9097125749916,541.009504488401,572.086539296589,10.3426824764473,10.9846751319176,5.97979537749448, ,0.0,0.0,0.0,0.0,0.0,0.0,0.0,0.0,0.0,0.0,15.811388300841896
28745,-46.099082730015,27.6421999999999,387828.1258998,1.70773,157351.0,857.14,6.91,7.07842,23.67,1.0,5.0,40.2071234328249,520.504517534118,570.546327122165,14.9864769191429,20.0846487831063,5.31847683247534, ,0.0,0.0,0.0,0.0,0.0,0.0,0.0,4.823277147,0.0,0.0,15.811388300841896
28746,-46.0931156520305,24.751,206170.1553346,2.16408,178544.0,689.29,6.91,7.06192,24.68,1.0,5.0,9.38015641270556,577.213069819378,579.776950908723,17.9461202285388,39.6433473136682,10.2224154053724, ,0.0,0.0,0.0,0.0,0.0,0.0,0.0,25.15464908,0.0,0.0,15.811388300841896
28749,-46.0814350241466,25.4679,358232.9228091,1.01153,85872.0,672.4,6.65,6.73437,30.19,1.0,5.0,,,,,,9.14854015266107, ,0.0,0.0,0.0,2.999247448,0.0,0.0,0.0,39.90750123,0.0,0.0,15.811388300841896
28752,-46.0757029962663,26.2887999999999,487525.4005096,3.08309,270169.0,790.84,6.79,6.95538,27.73,1.0,5.0,3.17745075998828,577.824467532069,579.446421214039,11.9851433526542,36.4542071875116,10.023476, ,0.0,0.0,0.0,0.0,0.0,0.0,0.0,19.24419491,0.0,0.0,15.811388300841896
28756,-45.9750380321637,7.81441,92181.8109081,1.3465,35073.7,877.45,6.35,6.55471,11.11,1.0,5.0,,,,,,, ,0.0,0.0,0.0,0.0,0.0,0.0,0.0,38.47747363,0.0,0.0,15.811388300841896
28757,-45.9729685165112,25.4679,3013923.615695,25.6222,2175150.0,773.54,6.44,6.68617,24.73,0.98,4.93,30.2417831829142,556.313002251674,569.003345407751,13.5452259955093,20.2537758785947,4.924317763222605, ,0.0,0.0,0.0,0.0,0.0,0.0,0.0,47.50693098,0.0,0.0,32.07802986469088
28758,-45.9916728095097,13.3646999999999,1729537.0387401,2.55538,113839.0,830.13,6.35,6.62702,25.11,1.0,5.0,,,,,,14.8902466666667, ,0.0,0.0,0.0,0.0,0.0,0.0,0.0,17.69702942,0.0,0.0,17.320508075688775
28761,-46.0488846134619,27.4128,738657.466063,3.88726,355202.0,873.2,6.64,6.92364,27.74,3.0,4.0,31.1150509360055,571.029839049826,574.671702146202,19.9072982427902,28.2340385137626,4.18986215340164, ,0.0,0.0,0.0,0.0,0.0,0.0,0.0,2.866010678,0.0,0.0,18.16590212458495
28764,-46.0536743553378,27.6421999999999,302056.8003197,1.27793,117749.0,1107.46,6.7,7.07165,21.61,1.0,5.0,,,,,,, ,0.0,0.0,0.0,0.0,0.0,0.0,0.0,0.0,0.0,0.0,16.431676725154983
28766,-46.0430515248496,27.4128,739392.1882675,9.72607,888729.0,1008.41,6.58,6.93243,23.06,0.94,4.72,25.4837109441656,528.238204876215,559.307863219368,12.4283886478057,13.1803420849526,, ,0.0,0.0,0.0,0.0,0.0,0.0,0.0,0.0,0.0,0.0,21.447610589527216
28774,-46.025691789735,19.2626999999999,935779.67497,2.09516,134528.0,873.44,6.42,6.66658,24.09,2.92,4.03,17.9329810979096,557.61565633752,570.305912325101,8.75248006393881,24.1141584390122,6.05905906056853, ,0.0,0.0,0.0,0.0,0.0,0.0,0.0,3.861484981,0.0,0.0,20.73644135332772
28778,-46.0225150037825,26.2887999999999,551374.9247622,4.50018,394348.0,886.38,6.42,6.66658,26.77,3.0,4.0,33.2546777372039,554.921651967273,571.85124670989,14.5992580324115,22.6080281985646,5.098460917760304, ,0.0,0.0,0.0,0.0,0.0,0.0,0.0,0.0,0.0,0.0,17.320508075688775
28793,-46.0016143595213,26.0473,483930.540355,3.18541,276571.0,1053.63,6.57,6.93644,18.63,2.51,4.24,27.7532510321854,555.193045482411,572.3818625511,12.2118143564095,13.8529187582094,, ,0.0,0.0,0.0,0.0,0.0,0.0,0.0,0.0,0.0,0.0,15.491933384829668
28801,-45.9892792447114,26.0473,135708.0684761,1.1824,102661.0,868.7,6.3,6.59737,25.26,1.0,5.0,,,,,,, ,0.0,0.0,0.0,0.0,0.0,0.0,0.0,0.0,0.0,0.0,14.142135623730951
28810,-45.9291071417704,20.7486999999999,63303325.9406973,1.01468,70177.1,39.62,5.25,4.90422,27.23,0.99,4.84,,,,,,, ,0.0,0.0,0.0,0.530949828,0.0,0.0,0.0,69.054946033,2.882989748,0.0,14.142135623730951
28815,-45.9069860961669,25.8011,256296.580508,1.29423,111308.0,360.57,5.38,5.17255,10.9,1.0,5.0,,,,,,, ,0.0,0.0,0.0,0.0,0.0,0.0,0.0,72.0785141,0.0,0.0,14.142135623730951
28817,-45.9135333566036,34.4795999999999,63805772.566339,87.195,10021500.0,32.27,5.37,5.12819,27.25,0.99,4.84,26.231405423565,553.983451868031,571.521291409567,12.5389656370531,10.3977403797769,5.91517074676235,Lake Victor,0.0,0.0,0.0,0.534113399,0.0,0.0,0.0,68.87056537999999,2.9001675330000003,0.0,50.438080851673966
28835,-45.9083656437983,25.4381999999999,169117770.24871,173.423,14705200.0,9.53,4.98,4.63361,25.67,0.99,4.67,18.9977093254109,495.753806221296,539.40164016386,6.45200332595025,16.8700211824623,6.152953172755125,Lake Widgeon,0.0,0.0,0.0,0.487647874,0.0,0.01350676,0.0,64.28431681,1.107352182,0.0,50.37856687124
28837,-45.8698330425279,17.1675,282597.3166185,2.74442,157049.0,914.37,6.22,6.51473,12.3,1.0,5.0,,,,,,, ,0.0,0.0,0.0,0.0,0.0,0.0,0.0,0.0,0.0,0.0,17.029386365926403
28842,-45.8678266159844,27.4128,364586.0498505,1.18398,108187.0,889.61,6.27,6.59883,12.95,1.0,5.0,,,,,,, ,0.0,0.0,0.0,0.0,0.0,0.0,0.0,0.0,0.0,0.0,12.649110640673518
28847,-45.8653412108514,14.2501,414996.6782801,4.0449,192134.0,913.66,5.8,5.94922,22.66,0.9,4.51,31.3552254290322,528.890742936344,567.675594753704,14.2557523923766,13.6552401988235,6.073568997670344, ,0.0,0.0,0.0,0.0,0.0,0.0,0.0,0.0,0.0,0.0,19.235384061671343
28849,-45.9013576348305,6.24284,17318352.706448,18.1492,377675.0,20.35,4.92,4.584,24.89,1.0,4.76,2.76925649323038,580.252213884585,582.709077839335,9.46162798507611,40.6306135650694,6.708666162337661, ,0.0,0.0,0.0,0.730152723,0.0,0.0,0.0,66.72740947,0.952243056,0.0,24.186773244895647
28854,-45.9007359897191,27.5717,2377481.791138,12.3801,1137800.0,667.59,5.91,6.07129,31.36,1.0,5.0,2.18901011461088,576.782935673592,579.57335663893,10.3144499468974,40.1788769400551,3.97621813374711, ,0.0,0.0,0.0,0.0,0.0,0.0,0.0,28.36973688,8.383665575,0.0,26.981475126464083
28856,-45.8649559935574,35.4799,93343338.118588,21.8813,2587820.0,76.63,4.87,4.60268,25.12,0.99,4.67,27.0876165566116,537.038067720607,570.925409896633,9.22053913982919,16.4104114646846,9.41863922324897, ,0.0,0.0,0.0,0.589981742,0.0,0.024152709,0.0,59.451443589,1.3668827319999999,0.0,30.59411708155671
28858,-45.8771120680425,24.7184999999999,7130278.2788295,1.73405,142877.0,392.57,5.33,5.28607,29.22,1.0,4.58,,,,,,, ,0.0,0.0,0.0,0.0,0.0,0.0,0.0,66.2745457,2.13859243,0.0,15.811388300841896
28867,-45.8400286239636,26.6871,45898351.926476,64.1464,5706270.0,6.27,5.17,5.02618,28.31,0.99,4.84,26.0500139342485,573.37925377023,577.432118272379,12.7708708980808,31.2479186793644,5.91636357122814,Lake Carrick,0.0,0.0,0.0,0.014976864,0.0,0.025562929,0.0,69.547725773,2.518048245,0.0,46.94677837722201
28870,-45.850094687336,27.6421999999999,474937.9159577,5.41047,498525.0,805.77,5.96,6.15256,19.29,1.0,5.0,33.0637978769728,492.3253743782,568.969204500579,7.89716769733788,7.47700582910999,4.85469741242582, ,0.0,0.0,0.0,0.0,0.0,0.0,0.0,0.0,0.0,0.0,18.439088914585774
28872,-45.8524876619116,27.6421999999999,274386.8745216,1.74531,160814.0,820.68,5.82,5.94594,27.05,1.0,5.0,,,,,,, ,0.0,0.0,0.0,0.0,0.0,0.0,0.0,3.812493004,0.0,0.0,16.73320053068151
28876,-45.8385197767411,28.302,4213648.127873,28.9963,2735510.0,476.05,5.84,6.00883,33.52,0.98,4.9,36.2239644595424,500.036650987401,569.216800331714,14.3006007153624,7.07450328903144,4.27118476122838, ,0.0,0.0,0.0,0.0,0.0,0.0,0.0,30.09068648,4.369899952,0.0,32.72613634390714
28879,-45.8215051046619,64.6721,31576257.760322,75.0624,16181500.0,78.1,5.11,4.98272,28.58,0.98,4.85,11.9276778725429,487.472594355203,505.020390769183,15.89706062191,8.8028350633365,1.02254818127042,Lake Purser,0.0,0.0,0.0,0.021868653,0.0,0.037326028,0.0,65.77727894899999,2.5603532309999997,0.0,44.78839135311738
28882,-45.8178123135059,22.68,7695950.0155854,6.38307,482560.0,472.45,5.72,5.88666,26.16,0.99,4.96,26.7111341022029,483.781694864309,548.144807292744,12.9818529323775,27.7522692919571,5.45545, ,0.0,0.0,0.0,0.0,0.0,0.0,0.0,39.70729846,1.836143122,0.0,23.2379000772445
28883,-45.8228301835873,28.0915,3460177.7292964,1.00717,94309.8,514.91,5.99,6.27152,28.34,1.0,5.0,,,,,,, ,0.0,0.0,0.0,0.0,0.0,0.0,0.0,39.14011326,4.000308401,0.0,15.165750888103101
28885,-45.8095321305482,31.3775,11703593.4588987,9.65528,1009860.0,359.9,5.46,5.53983,26.24,0.99,4.96,34.8597490686514,486.239588553169,562.905827112841,9.20178914061149,16.1737205696754,4.9484709402657, ,0.0,0.0,0.0,0.0,0.0,0.097944053,0.0,52.398531179,1.253014466,0.0,22.80350850198276
28886,-45.812348730041,26.2887999999999,714683.6630204,2.18374,191360.0,657.87,5.65,5.77808,17.74,1.0,5.0,,,,,,4.976714000840261, ,0.0,0.0,0.0,0.0,0.0,0.0,0.0,7.97387832,0.0,0.0,20.248456731316587
28889,-45.8084732354422,26.0473,198945.9101013,1.16881,101481.0,916.26,5.98,6.29395,18.14,1.0,5.0,,,,,,, ,0.0,0.0,0.0,0.0,0.0,0.0,0.0,0.0,0.0,0.0,16.73320053068151
28890,-45.8062720377448,20.8279999999999,111923.0627461,2.67834,185948.0,916.32,5.93,6.23158,20.44,1.0,5.0,47.1775765645108,577.004941187166,587.633458092871,15.4324226881567,17.2244619683019,, ,0.0,0.0,0.0,0.0,0.0,0.0,0.0,0.0,0.0,0.0,15.491933384829668
28905,-45.7882220944706,24.6619999999999,357167.1696231,3.95324,324983.0,849.05,5.84,6.13227,19.19,1.0,5.0,37.0244276274877,487.23541166778,566.041093942032,13.2457497498014,17.3024287274703,, ,0.0,0.0,0.0,0.0,0.0,0.0,0.0,0.0,3.064816583,0.0,18.16590212458495
28907,-45.785969208388,24.1968,45254458.638519,29.7058,2395950.0,17.75,4.8,4.61673,26.29,0.99,4.78,14.1385028636447,483.366449254439,512.632894544607,13.0202780859892,22.794968936129,6.46974796910783, ,0.0,0.0,0.0,0.350557354,0.0,0.0,0.0,71.37067779899999,0.535102408,0.0,33.57082066318904
28909,-45.7721694350586,27.6421999999999,395048.8313529,2.86071,263588.0,773.31,5.92,6.25107,22.64,1.0,5.0,,,,,,5.26532899169075, ,0.0,0.0,0.0,0.0,0.0,0.0,0.0,14.38043684,8.547950548,0.0,18.973665961010276
28912,-45.8511625210466,27.507,744385.3919733,6.31263,578805.0,753.75,6.0,6.23033,27.97,1.0,5.0,39.9155174647274,570.052086632215,576.825428077015,11.0587587588347,17.1098447644211,4.413621078420229, ,0.0,0.0,0.0,0.0,0.0,0.0,0.0,14.43048495,0.0,0.0,21.494185260204677
28914,-45.8435938339226,27.638,1046883.678541,14.907,1373330.0,722.07,6.21,6.56189,32.91,1.0,5.0,36.3565614690234,489.006816709063,574.786413460788,13.6972436126658,15.8186198357969,, ,0.0,0.0,0.0,0.0,0.0,0.0,0.0,43.37983419,0.740826821,0.0,24.0
28915,-45.8494174152874,27.5417999999999,1188700.514162,17.2338,1582170.0,696.35,5.97,6.21347,22.93,0.91,4.59,32.2184984682764,488.694781076444,564.113703696882,10.8061831492664,12.669014640012,4.71553059902723, ,0.0,0.0,0.0,0.0,0.0,0.0,0.0,24.1791709,0.0,0.0,24.372115213907882
28920,-45.8372493948576,17.1675,264437.8504771,1.83835,105200.0,816.01,6.02,6.3114,13.38,1.0,5.0,,,,,,5.63652283126294, ,0.0,0.0,0.0,0.0,0.0,0.0,0.0,0.0,0.0,0.0,21.447610589527216
28923,-45.8519538718682,27.6421999999999,1493344.923249,19.3038,1778670.0,725.04,5.85,6.04261,29.73,0.97,4.86,6.90782865745293,483.399371592121,496.456108481451,13.7999685609511,20.7546913761728,4.701796968086985, ,0.0,0.0,0.0,0.0,0.0,0.0,0.0,28.40496104,0.0,0.0,27.694764848252458
28924,-45.8398741393631,18.6177999999999,1586757.882911,15.0958,936833.0,815.49,6.05,6.35997,14.36,0.96,4.84,22.067923316317,491.983760338242,522.451613247255,6.49389685465476,12.3564654006297,4.499531058748045,Prong Lake,0.0,0.0,0.0,0.0,0.0,0.0,0.0,11.02593793,0.0,0.0,27.92848008753788
28936,-45.8339558503906,13.6762999999999,748430.77627,5.10076,232532.0,793.46,5.95,6.2277,18.47,0.94,4.73,46.6264652584852,575.706532006531,584.722001701822,12.022356001408,18.9657127956879,4.11006750403379, ,0.0,0.0,0.0,0.0,0.0,0.0,0.0,14.38900332,0.0,0.0,20.493901531919196
28937,-45.8373711626681,34.1927999999999,3096883.864609,46.2436,5270670.0,756.11,5.91,6.15651,20.91,0.96,4.84,28.9214931410589,498.76851779246,564.618539708678,9.3647026966299,11.7200143216013,4.50717842567187, ,0.0,0.0,0.0,0.0,0.0,0.0,0.0,25.49540831,0.0,0.0,30.298514815086232
28942,-45.8265546268889,43.3065,8609116.512136,47.4462,6849090.0,486.5,5.61,5.74077,24.3,0.98,4.94,21.083831458901,490.95849310767,520.828185410536,13.2554185978312,17.2305693048993,4.90969454878506,Lake Mike,0.0,0.0,0.0,0.0,0.0,0.0,0.0,45.43537614,1.241749813,0.0,41.641325627314025
28945,-45.8199316428221,33.8226,10560221.08945,23.5646,2656720.0,470.52,5.51,5.61151,24.02,0.98,4.92,31.7637875667519,572.905276461963,577.57699971837,12.9866555037337,26.1100864996694,4.91759709995217, ,0.0,0.0,0.0,0.0,0.0,0.0,0.0,47.20953083,0.989664276,0.0,32.32645975048923
28948,-45.8313516691811,27.4128,442192.9000146,8.19107,748467.0,847.83,5.9,6.16875,19.72,0.88,4.44,35.0408534985769,514.639421199122,568.187637742995,19.3288782569049,16.6752120603724,4.5321911964573545, ,0.0,0.0,0.0,0.0,0.0,0.0,0.0,0.0,0.0,0.0,21.447610589527216
28958,-45.8152446020623,13.3712,1612680.042497,10.9318,487238.0,672.83,5.77,5.99403,22.83,0.98,4.92,40.6607300117252,492.720547124166,573.129358541372,12.7047224698177,11.7174620049627,5.00152123561469, ,0.0,0.0,0.0,0.0,0.0,0.0,0.0,39.92513269,0.622153944,0.0,21.447610589527216
28962,-45.8581043699206,20.4205,435385.4403481,1.03651,70553.6,78.63,5.0,4.82762,27.6,1.0,4.76,,,,,,, ,0.0,0.0,0.0,7.100186169,0.0,0.0,0.0,92.89981383,0.0,0.0,19.235384061671343
28983,-45.8255148966471,27.6421999999999,800973.65759,6.91915,637535.0,953.58,5.95,6.29262,27.33,0.96,4.84,12.0987479615775,495.097951025757,515.944450514503,10.4319906995442,10.9864358312382,4.23382458457848, ,0.0,0.0,0.0,0.0,0.0,0.0,0.0,0.0,0.0,0.0,21.447610589527216
28986,-45.8159507811893,27.6421999999999,724781.8595526,1.85581,170995.0,1029.85,6.22,6.71617,23.47,1.0,5.0,,,,,,, ,0.0,0.0,0.0,0.0,0.0,0.0,0.0,0.0,0.0,0.0,17.60681686165901
28987,-45.8139528743235,14.8278,82624.0769066999,1.38453,68431.7,1039.08,6.14,6.58143,19.63,1.0,5.0,,,,,,, ,0.0,0.0,0.0,0.0,0.0,0.0,0.0,0.0,0.0,0.0,15.165750888103101
28989,-45.8012777046557,65.1544999999999,39350108.877286,53.1184,11536400.0,180.6,5.1,5.04001,25.78,0.99,4.78,24.8242434931376,482.918871426752,523.648158071216,7.89755209446986,29.0509678613068,1.00610577777778, ,0.0,0.0,0.0,0.343290878,0.0,0.0,0.0,68.705348798,0.618615782,0.0,42.42640687119285
28995,-45.7705653578192,27.6421999999999,310094.6065276,1.61142,148478.0,838.85,5.73,5.99807,26.4,1.0,5.0,,,,,,5.10172548440065, ,0.0,0.0,0.0,0.0,0.0,0.0,0.0,4.045052073,0.0,0.0,16.1245154965971
28998,-45.7563542953213,27.6421999999999,690003.921181999,16.1156,1484900.0,875.68,5.79,6.14654,20.95,0.88,4.42,7.74609752292903,492.849529589424,499.043113335222,14.5241244774095,15.7426464162427,5.06447748599439, ,0.0,0.0,0.0,0.0,0.0,0.0,0.0,0.0,0.0,0.0,22.80350850198276
28999,-45.7897313471185,18.2536999999999,673425.9677994,2.1383,130106.0,933.73,5.84,6.18618,17.89,1.0,5.0,,,,,,10.0029287696078, ,0.0,0.0,0.0,0.0,0.0,0.0,0.0,0.0,0.0,0.0,22.135943621178654
29002,-45.803103092871,21.8405999999999,224598.4249245,1.02698,74766.2,751.26,5.63,5.8731,26.14,1.0,5.0,,,,,,7.464320815628815, ,0.0,0.0,0.0,0.0,0.0,0.0,0.0,41.37289812,0.0,0.0,21.447610589527216
29003,-45.788320068448,14.7047,124041.1420475,1.99704,97886.4,768.73,5.18,5.2426,11.73,1.0,5.0,,,,,,5.73670494936436, ,0.0,0.0,0.0,0.0,0.0,0.0,0.0,18.17859129,0.0,0.0,21.447610589527216
29007,-45.7650290343,29.9607999999999,1254559.423902,14.2574,1423870.0,790.91,5.75,6.06795,18.12,0.89,4.46,34.3632991944492,499.090020583865,568.698553977301,11.9658625277364,17.0633677151093,4.84710004174621, ,0.0,0.0,0.0,0.0,0.0,0.0,0.0,7.611080038,0.0,0.0,27.65863337187866
29012,-45.7755246972639,26.0473,510435.5965494,3.82864,332420.0,914.83,5.72,6.06429,23.8,0.95,4.75,33.6808176551435,488.912937925886,567.989002537898,11.8216613738922,22.696900883371,4.339233017822989, ,0.0,0.0,0.0,0.0,0.0,0.0,0.0,0.0,19.90595648,0.0,16.431676725154983
29020,-45.9484234950164,27.6421999999999,892199.1981904,1.0703,98618.2,1117.26,6.7,7.14612,20.53,0.94,4.73,,,,,,, ,0.0,0.0,0.0,0.0,0.0,0.0,0.0,0.0,6.419083299,0.0,14.832396974191326
29021,-45.9479628210235,25.4679,846444.96607,12.5355,1064180.0,1144.59,6.67,7.11427,20.99,0.93,4.67,34.3860935902023,521.054590059385,570.432872471425,15.0764676820054,17.7923384983677,4.544662862198035, ,0.0,0.0,0.0,0.0,0.0,0.0,0.0,0.0,8.065759233,0.0,21.213203435596427
29024,-45.9325801373041,25.4679,1163843.060619,13.7052,1163480.0,754.3,6.08,6.26228,18.58,1.0,5.0,35.0401693360651,496.004562958634,571.113927521858,11.5426945319397,16.1552947294359,4.86151805237246, ,0.0,0.0,0.0,0.0,0.0,0.0,0.0,30.35299763,0.0,0.0,26.832815729997478
29031,-45.9212755828436,63.9429,40861461.575704,39.449,8408290.0,204.66,5.22,5.05457,27.77,0.99,4.79,27.7642602562404,503.944397173148,560.201591471199,7.78315439539483,12.7818611803716,1.06013939327339,Lake Kakapo,0.0,0.0,0.0,0.535023343,0.0,0.199304392,0.0,61.220972497,2.178380522,0.0,40.422765862815474
29037,-45.9299352165374,27.8834,45244445.805142,3.29462,306217.0,151.83,4.94,4.67971,27.88,0.99,4.74,,,,,,9.742854999999976, ,0.0,0.0,0.0,0.476883842,0.0,0.177646537,0.0,64.72612657399999,2.304278536,0.0,19.235384061671343
29040,-45.9105158770608,26.0473,134959.6040802,1.01514,88138.7,759.29,5.61,5.64925,21.09,1.0,5.0,,,,,,4.57254815096111, ,0.0,0.0,0.0,0.0,0.0,0.0,0.0,86.48526119,0.0,0.0,14.491376746189438
29041,-45.8850447807336,27.6421999999999,706223.6737986,9.55267,880189.0,890.29,5.95,6.18476,26.86,0.86,4.31,17.4137144038573,486.902077717752,520.345610250467,13.9465924394575,19.5580010596075,4.7031348386987, ,0.0,0.0,0.0,0.0,0.0,0.0,0.0,0.0,5.270733867,0.0,22.360679774997898
29043,-45.8769231335957,34.9866,7223203.619446,52.3369,6103630.0,662.49,5.93,6.17701,28.44,0.96,4.81,,,,,,4.56515109919117, ,0.0,0.0,0.0,1.41033708,0.0,0.0,0.0,29.45761079,3.7872479610000003,0.0,38.52272056851645
29050,-45.8841244713753,27.6421999999999,238034.4283093,1.55643,143411.0,773.73,6.04,6.3512,28.13,1.0,5.0,,,,,,4.77739552565798, ,0.0,0.0,0.0,0.0,0.0,0.0,0.0,44.95534462,0.0,0.0,16.1245154965971
29053,-45.8778859546623,25.4679,366388.3159854,3.18732,270581.0,1129.1,5.62,5.92936,17.33,3.0,4.0,4.4964618050968,492.64704788676,494.667903581096,10.5918212950774,5.74963665674121,, ,0.0,0.0,0.0,0.0,0.0,0.0,0.0,0.0,4.808227798,0.0,17.029386365926403
29054,-45.8796530801803,24.6619999999999,442939.4086414,4.24078,348621.0,1131.9,5.51,5.76915,16.61,3.0,4.0,28.8294950366881,483.065492104127,561.225540113086,12.9125658764202,29.4500763839658,, ,0.0,0.0,0.0,0.0,0.0,0.0,0.0,0.0,4.068854717,0.0,17.320508075688775
29070,-45.8389751397032,68.6179,30502214.208949,58.3884,13355000.0,295.6,4.89,4.78797,26.83,0.99,4.72,32.9784831957672,582.272992782674,585.594159773433,18.6872087569545,34.6958910946058,1.055545,Sphinx Lake,0.0,0.0,0.0,0.18143698,0.0,0.0,0.0,63.269713812,0.656702908,0.0,38.57460304397182
29071,-45.8220493295814,27.6421999999999,551320.7630505,2.5085,231135.0,959.27,5.81,6.19779,31.57,1.0,5.0,,,,,,5.804352912497655, ,0.0,0.0,0.0,0.0,0.0,0.0,0.0,0.0,0.0,0.0,16.431676725154983
29072,-45.8258021493651,27.6421999999999,1525768.068518,7.4539,686808.0,811.51,5.46,5.67382,28.96,0.97,4.88,27.8655240974813,577.122994595271,580.943891783031,15.2232237030599,32.3409363227109,4.16826408083891, ,0.0,0.0,0.0,0.0,0.0,0.0,0.0,6.865896669,13.49835553,0.0,20.493901531919196
29073,-45.8063821294843,34.3789999999999,2376633.926415,26.53,3040250.0,704.37,5.61,5.86739,23.06,0.92,4.64,34.6375927667578,579.13653080855,584.808725181564,11.1590692828119,23.5790323249836,5.112968483154409,Lake Hay,0.0,0.0,0.0,1.554927828,0.0,0.0,0.0,59.78688272,0.0,0.0,32.61901286060018
29074,-45.7986524390195,25.4679,1161439.1818352,3.65705,310458.0,831.54,5.81,6.169,22.4,1.0,5.0,37.7041748828574,486.178251525425,571.107665458957,11.9235892250586,19.8660728633753,4.275043388388134, ,0.0,0.0,0.0,0.0,0.0,0.0,0.0,13.72142484,4.511088965,0.0,17.88854381999832
29078,-45.7765613121265,26.0473,380071.6607416,3.72542,323457.0,1055.48,5.87,6.3344,23.38,1.0,5.0,41.0303199392562,488.094752842129,570.464337485703,11.4655605942921,19.6643572995351,, ,0.0,0.0,0.0,0.0,0.0,0.0,0.0,0.0,0.0,0.0,17.60681686165901
29089,-45.8307503072217,27.6421999999999,624206.148298,6.26354,577127.0,983.57,5.71,6.09235,24.36,0.93,4.68,40.9809669886058,562.292595599266,575.378429525846,15.4319025957941,21.3651012964493,, ,0.0,0.0,0.0,0.0,0.0,0.0,0.0,0.0,0.0,0.0,18.439088914585774
29090,-45.828608083808,26.0473,1167723.7214451,3.14398,272974.0,973.01,5.84,6.29462,24.69,1.0,5.0,34.7023814467463,481.458367896002,566.65227239536,11.4125328982533,31.9530527487028,4.08811617031336, ,0.0,0.0,0.0,0.0,0.0,0.0,0.0,0.0,0.0,0.0,18.439088914585774
29095,-45.8232184211499,17.1675,1029163.591733,2.84857,163009.0,932.76,5.73,6.15152,24.01,1.0,5.0,,,,,,, ,0.0,0.0,0.0,0.0,0.0,0.0,0.0,0.0,0.0,0.0,17.320508075688775
29098,-45.8234801051075,27.6421999999999,1904088.2914574,6.17958,569391.0,932.89,5.58,5.94279,25.19,0.98,4.94,41.3069428034626,511.558221383178,574.100293087057,13.8726887123064,15.7929554049654,4.87954283525927, ,0.0,0.0,0.0,0.0,0.0,0.0,0.0,0.0,0.0,0.0,18.973665961010276
29100,-45.8749374634994,27.6421999999999,1133614.4285531,8.03458,740312.0,1085.59,5.97,6.39513,28.43,1.0,5.0,48.0037835563604,553.459569667206,586.00396638912,14.9402262423366,23.5664615128738,, ,0.0,0.0,0.0,0.0,0.0,0.0,0.0,0.0,33.32212781,0.0,20.493901531919196
29104,-45.8345532359443,27.4128,5262812.893498,10.4231,952418.0,689.17,5.27,5.46601,28.67,1.0,5.0,27.7343027372667,496.826257045172,553.253411953773,13.7721869147204,19.2398454743248,4.36087807731264,Lake Jaquiery,0.0,0.0,0.0,0.0,0.0,0.0,0.0,20.58376993,1.533418642,0.0,22.24859546128699
29106,-45.8336422165964,13.9722,55908.0328952,1.42776,66496.8,1347.26,5.8,6.29847,16.33,1.0,5.0,,,,,,, ,0.0,0.0,0.0,0.0,0.0,0.0,0.0,0.0,12.24473643,0.0,19.235384061671343
29113,-45.8185335389448,25.4679,362295.9096838,2.4156,205067.0,1012.69,5.78,6.22442,22.69,1.0,5.0,,,,,,, ,0.0,0.0,0.0,0.0,0.0,0.0,0.0,0.0,0.0,0.0,19.235384061671343
29122,-45.8076345053857,27.4128,730970.7127146,6.1877,565407.0,1154.75,5.89,6.41817,23.09,0.93,4.65,34.0737313658509,508.628035814639,572.661602857413,9.63477910254842,6.37404896662582,, ,0.0,0.0,0.0,0.0,0.0,0.0,0.0,0.0,0.0,0.0,21.213203435596427
29124,-45.79953544172,27.6421999999999,1498524.030498,11.3383,1044720.0,1033.32,5.9,6.44742,26.48,0.97,4.87,41.6899978261271,487.893785590112,576.689862685309,12.5739115509843,16.4447190145954,4.047106488127636, ,0.0,0.0,0.0,0.0,0.0,0.0,0.0,0.0,1.388888889,0.0,23.45207879911715
29130,-45.7813006830419,24.751,710426.3583633,1.34933,111324.0,1083.92,5.84,6.37685,30.0,1.0,5.0,,,,,,, ,0.0,0.0,0.0,0.0,0.0,0.0,0.0,0.0,6.636904937,0.0,19.748417658131498
29146,-45.7904433122464,27.4128,243696.9317471,2.75661,251888.0,1198.98,5.87,6.42732,18.85,1.0,5.0,39.0456075360871,485.57836255693,563.196947783673,15.1476322894587,23.4444200448329,, ,0.0,0.0,0.0,0.0,0.0,0.0,0.0,0.0,2.59000408,0.0,19.493588689617926
29180,-46.0150017536394,10.2095,645748.6892566,3.23866,110217.0,54.03,3.52,2.86665,0.69,2.53,1.68,,,,,,, ,16.0377846317003,0.180674400002019,59.76414148,0.0,7.024389767,27.00403914,5.463849105,0.743580503,0.0,0.0,22.24859546128699
29219,-45.9170630159888,19.2626999999999,552091.1650769,1.25506,80585.9,1078.15,5.76,6.10305,25.13,3.0,4.0,,,,,,, ,0.0,0.0,0.0,0.0,0.0,0.0,0.0,0.0,3.279705999,0.0,14.142135623730951
29221,-45.9093843784145,26.0473,498082.1944803,2.80611,243638.0,1123.79,5.75,6.09539,26.42,3.0,4.0,,,,,,, ,0.0,0.0,0.0,0.0,0.0,0.0,0.0,0.0,1.187414488,0.0,15.165750888103101
29224,-45.8942295682308,26.0473,1072629.6699201,6.92408,601178.0,1055.06,5.83,6.23713,26.9,3.0,4.0,39.9284854195062,555.426897968608,574.708342254504,18.638249304576,30.5875246111743,, ,0.0,0.0,0.0,0.0,0.0,0.0,0.0,0.0,0.049802024,0.0,18.708286933869708
29232,-45.975413712943,0.0,1450768.1318933,1.15303,33075.6,136.64,0.0,3.2626,0.0,0.0,0.0,,,,,,, ,0.0,0.0,0.0,17.65323771,2.872319815,0.0,0.0,79.474442479,0.0,0.0,0.0
29238,-45.9702924830917,18.7908,248829.5836477,1.21137,75875.5,91.06,3.55,2.93842,4.81,3.0,2.0,,,,,,, ,8.82280765251903,0.771091187792879,61.95637812,0.0,38.03217026,0.0,0.0,0.011451626,0.0,0.0,16.1245154965971
29243,-45.8532834454734,26.0473,250110.7286879,2.59122,224981.0,1159.57,5.32,5.61451,16.15,3.0,4.0,37.4869533560228,495.223874733901,566.954165163878,11.1467089624512,13.8725108998189,, ,0.0,0.0,0.0,0.0,0.0,0.0,0.0,0.0,0.0,0.0,15.811388300841896
29244,-45.8644420328226,237.417,275263992.442452,3191.65,2525840000.0,163.58,4.2,3.98154,21.73,2.19,3.85,37.5545688022682,522.484356076703,571.867593801359,12.9745310655003,8.54926343742516,0.9755289883700892,Lake Monowai,1.01010400354269e-05,0.0,0.0,0.22582666,0.0,0.230591499,0.0,66.714647581,1.080341195,0.0,114.10083259994205
29245,-45.7904498690767,18.8008999999999,296524.8523395,1.36171,85337.7,534.6,4.38,4.31936,16.51,1.5,4.75,,,,,,6.580029271708675, ,0.0,0.0,0.0,0.0,0.0,0.0,0.0,100.0,0.0,0.0,14.142135623730951
29247,-45.7766060951018,20.8279999999999,622310.3887002,2.66717,185173.0,559.06,4.5,4.51685,18.17,1.65,4.2,,,,,,7.12299962816712, ,0.0,0.0,0.0,11.66486045,0.0,0.0,0.0,88.33513955,0.0,0.0,18.708286933869708
29249,-45.8009797810842,11.7921,48422.0556616,1.13268,44522.2,1000.04,4.8,4.94407,11.02,3.0,4.0,,,,,,, ,0.0,0.0,0.0,0.0,0.0,0.0,0.0,0.0,0.0,0.0,15.811388300841896
29250,-45.778932159981,31.0141999999999,3016368.256013,41.8486,4326330.0,715.18,4.62,4.70932,13.37,0.97,4.85,37.4667718847932,510.650817669804,570.119148739818,11.3299695743603,12.3223190176312,4.91620365562292,Island Lake,0.0,0.0,0.0,1.973501318,0.0,0.0,0.0,97.13807152,0.0,0.0,31.12876483254676
29251,-45.7827137261675,19.2626999999999,538391.6552639,2.86217,183777.0,737.66,4.68,4.7738,21.58,1.0,5.0,,,,,,4.940534608889905, ,0.0,0.0,0.0,0.0,0.0,0.0,0.0,100.0,0.0,0.0,17.88854381999832
29252,-45.8231182115261,21.8405999999999,183588.0521574,1.00558,73208.4,1372.52,5.58,6.03823,18.74,3.0,4.0,,,,,,, ,0.0,0.0,0.0,0.0,0.0,0.0,0.0,0.0,0.0,0.0,14.491376746189438
29253,-45.8166254138164,27.4128,1176772.613611,11.9082,1088130.0,1158.14,5.34,5.70626,20.41,3.0,4.0,17.0068207615,486.262594665449,497.473772679829,12.9011702376177,24.8144140262099,4.855172152128835, ,0.0,0.0,0.0,0.0,0.0,0.0,0.0,0.0,2.839063247,0.0,21.908902300206645
29254,-45.7960421693913,40.1114,17935338.325909,482.805,64553400.0,803.66,4.82,4.97914,15.0,2.16,3.81,30.1011261231094,503.235467454637,566.118753703355,12.2915968432707,12.5127564852244,5.2982993909015,Green Lake,0.0,0.0,0.0,3.067794102,0.0,0.0,0.0,43.39626415,2.010935991,0.0,55.85696017507576
29257,-45.7803805491546,16.7571,2568130.8518067,1.54322,86199.9,948.71,5.01,5.30347,28.91,2.31,3.74,,,,,,8.99824149472097, ,0.0,0.0,0.0,3.732661278,0.0,0.0,0.0,0.0,0.610007974,0.0,21.213203435596427
29258,-45.7961963916206,27.4128,624945.0708764,3.4776,317769.0,1050.96,4.78,4.94439,22.96,3.0,4.0,32.0382104640821,491.311487916381,564.236893894774,13.7287040916505,11.5177749480142,5.38666594537815, ,0.0,0.0,0.0,0.0,0.0,0.0,0.0,0.0,0.0,0.0,21.213203435596427
29278,-45.9964050017972,6.22334,892059.3805407,1.49878,31091.4,59.69,3.48,2.84087,3.31,2.96,1.97,,,,,,, ,13.4166973540645,0.771091187792879,90.3829796,0.0,0.0,0.0,0.0,9.309044967999998,0.307975435,0.0,19.8997487421324
29330,-45.8522068991915,10.909,97015.9444978,1.47675,53699.3,270.99,3.22,2.61458,8.45,3.0,4.0,,,,,,, ,8.74113289577384,0.040530444327822,13.39479468,0.0,0.0,45.27222215,2.515584182,38.81739899,0.0,0.0,15.811388300841896
29417,-45.7079388583996,24.2997,1180155.6593695,8.79441,712337.0,169.64,4.66,4.48943,23.89,0.95,4.8,23.29987254758,485.426468415094,539.425409783985,12.3775791723591,24.8308743004339,6.10120310518721, ,0.0,0.0,0.0,0.0,0.0,0.0,0.0,95.6664542,0.0,0.0,25.238858928247925
29427,-45.734851893501,22.4523,865535.7043222,1.26391,94592.5,197.56,4.71,4.55465,10.25,1.0,5.0,,,,,,, ,0.0,0.0,0.0,0.0,0.0,0.0,0.0,90.33550958,0.0,0.0,17.60681686165901
29430,-45.7312277810244,37.5045,288045.6659631,1.93557,241975.0,235.28,4.61,4.44162,14.91,1.0,5.0,,,,,,, ,0.0,0.0,0.0,0.0,0.0,0.0,0.0,100.0,0.0,0.0,15.811388300841896
29439,-45.6781804182375,26.2848,999392.711553,9.71812,851464.0,752.52,5.73,6.10902,24.19,0.91,4.55,37.3656948318955,518.201720152645,571.68777504145,9.8865867959797,8.48147164470341,4.461425143303975, ,0.0,0.0,0.0,0.0,0.0,0.0,0.0,22.63745603,0.0,0.0,24.24871130596428
29444,-45.68115977993,27.6421999999999,1026617.40243,16.3891,1510100.0,727.51,5.42,5.6617,25.6,1.0,5.0,25.0345019401981,488.204925063961,537.983130567694,12.0528296523242,13.4327700941348,4.366169468492535, ,0.0,0.0,0.0,0.0,0.0,0.0,0.0,0.0,0.0,0.0,25.219040425836983
29450,-45.6959926378615,25.4679,277195.2418553,1.84604,156716.0,877.67,5.6,5.91939,23.99,1.0,5.0,27.9897874248975,488.250727127571,549.925959764934,12.5680417205552,21.9710914370885,4.934128788962015, ,0.0,0.0,0.0,0.0,0.0,0.0,0.0,0.0,0.0,0.0,21.6794833886788
29466,-45.7102674162129,26.9821999999999,1551137.4181738,1.91797,172503.0,473.32,4.96,4.99267,27.49,1.0,5.0,,,,,,9.85828717338801, ,0.0,0.0,0.0,0.0,0.0,0.0,0.0,43.0303371,1.437821178,0.0,20.73644135332772
29468,-45.7454672750054,27.6421999999999,346688.8217361,1.29884,119676.0,879.82,5.89,6.34225,30.25,1.0,5.0,,,,,,5.17001517178843, ,0.0,0.0,0.0,0.0,0.0,0.0,0.0,0.0,0.0,0.0,20.73644135332772
29469,-45.7102221938013,34.1929999999999,384709.6566511,1.75226,199717.0,231.35,4.47,4.30858,20.96,1.0,5.0,,,,,,9.52840361904761, ,0.0,0.0,0.0,0.0,0.0,0.0,0.0,100.0,0.0,0.0,20.73644135332772
29472,-45.6758771195208,21.9011,5202907.560164,4.43246,323585.0,379.04,5.04,5.14092,30.97,0.99,4.61,,,,,,5.34468450980392, ,0.0,0.0,0.0,0.0,0.0,1.704200473,0.0,56.64595341,1.147803997,0.0,18.439088914585774
29473,-45.6810293189494,27.6421999999999,444858.59815,5.12433,472159.0,954.79,5.8,6.25997,31.13,0.92,4.6,33.6524719669376,502.876938642523,571.774729066622,16.6012716240304,13.0222105013988,4.417177894815225, ,0.0,0.0,0.0,0.0,0.0,0.0,0.0,0.0,0.0,0.0,18.16590212458495
29474,-45.6745119367452,27.6421999999999,1740747.616766,10.7953,994689.0,706.08,5.7,6.11431,33.11,0.93,4.65,39.6909491869981,505.825381291335,574.430580740208,14.4333877407585,12.8357196403914,4.04956783611571, ,0.0,0.0,0.0,0.0,0.0,0.0,0.0,29.93886833,0.0,0.0,23.45207879911715
29477,-45.6594009465959,17.1675,136210.7425416,1.40672,80499.8,1046.52,5.65,6.078,10.59,1.0,5.0,,,,,,, ,0.0,0.0,0.0,0.0,0.0,0.0,0.0,0.0,0.0,0.0,15.165750888103101
29478,-45.6853138991672,27.6421999999999,151919.9441542,1.35233,124605.0,966.4,5.42,5.7673,23.25,1.0,5.0,,,,,,, ,0.0,0.0,0.0,0.0,0.0,0.0,0.0,0.0,0.0,0.0,14.142135623730951
29483,-45.566716524954,29.263,1489784.6048339,3.53093,344419.0,433.99,5.07,5.2233,28.92,1.0,5.0,,,,,,, ,0.0,0.0,0.0,0.0,0.0,2.148744989,0.0,87.92655496,0.0,0.0,19.748417658131498
29484,-45.5857411152547,27.4128,266537.3363564,1.41413,129217.0,799.75,5.56,5.94873,22.79,1.0,5.0,,,,,,, ,0.0,0.0,0.0,0.0,0.0,0.0,0.0,0.0,0.0,0.0,12.649110640673518
29486,-45.5849960457711,27.6421999999999,212558.7444425,2.07323,191029.0,647.03,5.32,5.60607,26.0,1.0,5.0,,,,,,4.577941594941, ,0.0,0.0,0.0,0.0,0.0,0.0,0.0,62.84644717,0.0,0.0,15.165750888103101
29487,-45.5844537425105,27.6421999999999,345675.3972763,3.80054,350184.0,644.06,5.34,5.63122,25.0,1.0,5.0,39.6535257149835,532.299149031683,572.159710803816,10.91219290784,14.030785285822,6.515736490882626, ,0.0,0.0,0.0,0.0,0.0,0.0,0.0,75.22309142,0.0,0.0,18.16590212458495
29489,-45.6426201270933,33.3992,8202350.517262,8.90678,991596.0,64.59,4.7,4.69467,31.43,0.99,4.61,39.5064324588321,579.94719846977,587.534248867564,15.3058972459159,8.55713498640703,6.862158, ,0.0,0.0,0.0,0.0,0.0,0.186212296,0.0,83.125896019,3.286346918,0.0,25.92296279363144
29490,-45.6018462722352,37.5095,8719330.053498,48.1073,6014940.0,441.53,5.01,5.14405,22.8,0.99,4.95,44.1860764540886,527.029057413777,577.948759527334,26.6440279052293,22.6485791818328,5.09657024336109,Shy Lake,0.0,0.0,0.0,0.0,0.0,0.833428867,0.0,60.57718078,0.951682416,0.0,31.304951684997057
29491,-45.6322437474395,14.8278,477580.5407525,1.36861,67644.8,990.69,5.92,6.5389,25.81,1.0,5.0,,,,,,, ,0.0,0.0,0.0,0.0,0.0,0.0,0.0,0.987020255,0.0,0.0,21.6794833886788
29496,-45.6044839303207,28.4030999999999,15301165.02816,22.3498,2116010.0,393.16,5.04,5.30456,32.0,0.98,4.7,15.3254912758791,486.886995715143,505.279203988173,11.3929610388928,19.0067111918203,8.79773566511267, ,0.0,0.0,0.0,1.298163242,0.0,0.0,0.0,43.206610488,1.43752307,0.0,26.153393661244042
29497,-45.5859122962092,26.2887999999999,276133.0551418,2.10086,184097.0,1012.78,5.67,6.14617,22.89,1.0,5.0,,,,,,5.750032212021665, ,0.0,0.0,0.0,0.0,0.0,0.0,0.0,0.0,0.0,0.0,22.135943621178654
29498,-45.5835188491696,26.0473,399057.770822,1.46425,127133.0,998.76,5.71,6.17834,19.44,1.0,5.0,,,,,,7.401297749440969, ,0.0,0.0,0.0,0.0,0.0,0.0,0.0,0.0,0.0,0.0,20.248456731316587
29500,-45.5731065364508,27.6421999999999,458533.7746391,4.41781,407060.0,894.21,5.65,6.14663,26.98,1.0,5.0,40.6152807688934,561.724745779812,574.178660668616,16.7119305489843,19.7148531402884,4.92914739689722, ,0.0,0.0,0.0,0.0,0.0,0.0,0.0,0.628405911,0.0,0.0,20.248456731316587
29503,-45.580029695933,27.6421999999999,1918669.091739,16.9222,1559220.0,746.87,5.43,5.88729,32.37,0.96,4.8,34.785677230316,557.123583331733,575.080901768275,5.5920928339691,10.4642735992828,4.49480310423195, ,0.0,0.0,0.0,0.0,0.0,0.0,0.0,20.1201283,0.0,0.0,28.861739379323623
29504,-45.5647978205087,27.6421999999999,1065588.2699439,9.13622,841817.0,791.67,5.54,6.03661,28.85,1.0,5.0,40.5283654901252,532.049410866567,574.722451446033,10.2450303133074,10.2018080066556,4.8345815424335, ,0.0,0.0,0.0,0.0,0.0,0.0,0.0,26.60967015,0.0,0.0,22.58317958127243
29506,-45.5590878265128,27.6421999999999,598696.3170238,1.4559,134148.0,855.12,6.08,6.87218,32.3,0.84,4.21,,,,,,4.19922869767061, ,0.0,0.0,0.0,0.0,0.0,0.0,0.0,0.0,27.23568969,0.0,21.908902300206645
29509,-45.7456372139428,19.4811,720481.4955464,2.06048,133801.0,817.08,5.62,5.98362,14.14,0.91,4.59,,,,,,, ,0.0,0.0,0.0,0.0,0.0,0.0,0.0,0.663271176,0.0,0.0,16.431676725154983
29510,-45.7580047898747,18.6278,204836.6072828,1.94066,120500.0,826.47,5.73,6.13052,18.91,0.94,4.73,,,,,,, ,0.0,0.0,0.0,0.0,0.0,0.0,0.0,0.0,0.0,0.0,15.811388300841896
29511,-45.7554617139948,17.9224,1289214.2478203,5.12729,306311.0,818.55,5.73,6.13052,21.65,0.97,4.86,38.357038540931,526.992840540212,568.819809070447,15.9604681916917,11.9021216400786,4.36837314391598, ,0.0,0.0,0.0,0.0,0.0,0.0,0.0,0.0,2.283302445,0.0,19.493588689617926
29519,-45.7431572220023,26.0473,386951.4410544,5.39892,468758.0,814.38,5.59,5.94397,15.41,0.82,4.13,45.4224071299569,560.792172050931,575.258807847213,10.1553853027559,10.7507885866377,4.67122034505149, ,0.0,0.0,0.0,0.0,0.0,0.0,0.0,1.506917906,0.0,0.0,22.360679774997898
29540,-45.7257378431349,25.9198999999999,1656939.439509,10.6088,916593.0,912.15,5.75,6.27752,23.6,0.97,4.86,42.0372499495574,484.334913908548,571.598419170722,13.5886574705273,27.8884756165314,4.17787685579486, ,0.0,0.0,0.0,0.0,0.0,0.0,0.0,0.0,0.020961228,0.0,23.2379000772445
29541,-45.7123186213608,26.0473,1605330.477469,8.621,748513.0,855.73,5.64,6.14813,21.79,0.97,4.85,29.2071551410902,483.591491709881,568.676053376992,10.805938911821,27.2587684578048,4.36087807731264,Jane Lake,0.0,0.0,0.0,0.0,0.0,0.0,0.0,0.0,0.0,0.0,21.213203435596427
29547,-45.6856607485311,34.3517,161098613.158922,48.4246,5544900.0,30.14,4.21,4.03714,28.72,0.99,4.79,36.6792266606121,565.136357334921,573.368583992872,3.66962016286569,8.52402919359882,6.276640799916625,Loch Maree,0.0,0.0,0.0,0.27365109,0.0,0.090988775,0.0,51.991860801,3.196575718,0.0,38.98717737923585
29548,-45.6833720243414,11.6247,707894.3323915,3.78158,146532.0,42.05,4.22,4.10117,31.82,1.0,4.74,,,,,,38.5884733333333, ,0.0,0.0,0.0,7.529447611,0.0,0.0,0.0,87.90288856100001,0.0,0.0,18.973665961010276
29552,-45.6692471902743,20.8279999999999,164213.4761088,1.40707,97688.4,756.66,5.06,5.3074,21.67,1.0,5.0,,,,,,10.68221689075635, ,0.0,0.0,0.0,0.0,0.0,0.0,0.0,65.9525983,0.0,0.0,15.165750888103101
29553,-45.6652248476757,19.2626999999999,1153787.8705449,5.23607,336202.0,756.6,5.34,5.71837,25.19,0.97,4.85,33.7508146542167,482.728332505397,570.270563702414,12.0053779470328,34.2316112581151,4.23714800463859, ,0.0,0.0,0.0,0.0,0.0,0.0,0.0,47.96299171,0.0,0.0,22.737634001804146
29554,-45.6540299280828,27.6421999999999,1009186.1052082,7.13098,657054.0,885.84,5.6,6.11481,24.39,0.98,4.94,31.2734968644598,494.013445045246,565.230520266581,11.7863141442089,10.7046425417972,4.43124934791561, ,0.0,0.0,0.0,0.0,0.0,0.0,0.0,0.0,0.0,0.0,21.6794833886788
29568,-45.6997872861696,11.7301,111647.7884774,2.38549,93273.3,1017.21,5.6,6.12513,7.9,1.0,5.0,,,,,,,Lake Ursula,0.0,0.0,0.0,0.0,0.0,0.0,0.0,0.0,0.0,0.0,16.73320053068151
29579,-45.696699842115,27.4086,642751.123185,15.2112,1389730.0,1013.96,5.59,6.10521,8.22,0.86,4.33,43.6276372144153,567.841723387361,579.554357049395,14.6809206478117,19.3840683422464,4.241310770403935,Lake Horizon,0.0,0.0,0.0,0.0,0.0,0.0,0.0,0.0,0.0,0.0,24.24871130596428
29596,-45.7069683834256,18.4694,645278.051566999,19.1556,1179310.0,973.83,5.46,5.93135,5.5,0.95,4.8,39.3042704685558,485.117738373659,570.727905126599,10.5339773556335,32.2462603088248,5.14258016060098,Lake Roe,0.0,0.0,0.0,0.0,0.0,0.0,0.0,0.0,0.0,0.0,26.248809496813376
29598,-45.7041757578795,19.2626999999999,358815.1424852,1.34407,86301.1,874.6,5.46,5.94412,12.14,1.0,5.0,,,,,,5.950394349056165,Lake Laffy,0.0,0.0,0.0,0.0,0.0,0.0,0.0,30.31410192,0.0,0.0,20.73644135332772
29602,-45.7005829192069,17.1675,367183.5653168,1.63789,93728.4,967.97,5.54,6.02822,18.46,1.0,5.0,,,,,,, ,0.0,0.0,0.0,0.0,0.0,0.0,0.0,0.0,0.0,0.0,20.73644135332772
29614,-45.6916176282171,25.4679,5076355.719378,18.0604,1533200.0,812.93,5.42,5.87057,16.23,0.98,4.9,27.4124001511418,523.172954000544,562.216326974973,9.96936876151602,15.0347071867229,4.530349690476185,Lake Bright,0.0,0.0,0.0,0.0,0.0,0.0,0.0,9.965377095,11.90698008,0.0,26.19160170741759
29642,-45.7550782059038,25.4679,323855.9515982,1.10508,93814.0,1121.51,5.54,5.9824,15.5,1.0,5.0,,,,,,, ,0.0,0.0,0.0,0.0,0.0,0.0,0.0,0.0,12.53952608,0.0,19.493588689617926
29643,-45.7499426482646,26.0473,466167.6895981,1.14438,99360.2,995.05,5.62,6.0854,28.16,1.0,5.0,,,,,,, ,0.0,0.0,0.0,0.0,0.0,0.0,0.0,0.0,13.62570087,0.0,18.973665961010276
29644,-45.7409754927374,27.6549,1721216.475114,26.4744,2440490.0,992.84,5.64,6.13673,22.79,0.96,4.82,32.6762044543905,487.348975672034,565.411022772667,11.6241915509457,22.6972123839093,4.530924882980675,Lake Story,0.0,0.0,0.0,0.0,0.0,0.0,0.0,0.0,1.502560937,0.0,27.92848008753788
29651,-45.7343048795937,27.6421999999999,515587.9956765,4.53816,418150.0,1103.34,5.9,6.55218,27.42,0.9,4.54,37.8385058958219,485.966445583131,570.912801158181,11.4960636415922,24.0338238313714,, ,0.0,0.0,0.0,0.0,0.0,0.0,0.0,0.0,13.71671399,0.0,19.748417658131498
29665,-45.7376449725807,27.6421999999999,556044.4534833,1.73248,159631.0,1061.7,5.08,5.39523,27.3,1.0,5.0,,,,,,, ,0.0,0.0,0.0,0.0,0.0,0.0,0.0,0.0,3.5260635,0.0,14.832396974191326
29669,-45.722265409629,17.2779999999999,1617258.7571862,3.0101,173361.0,904.85,5.34,5.81272,25.42,1.0,5.0,,,,,,, ,0.0,0.0,0.0,0.0,0.0,0.0,0.0,0.0,0.0,0.0,18.439088914585774
29670,-45.711251698752,27.6421999999999,620414.8259446,6.15295,566937.0,1264.2,5.87,6.51898,21.63,2.55,4.21,,,,,,, ,0.0,0.0,0.0,0.0,0.0,0.0,0.0,0.0,49.88610293,0.0,19.493588689617926
29673,-45.6999908003448,27.638,1407926.177604,21.3823,1969880.0,1182.56,6.12,6.91336,26.15,0.97,4.89,,,,,,3.97621813374711, ,0.0,0.0,0.0,0.0,0.0,0.0,0.0,0.0,41.54055666,0.0,25.219040425836983
29674,-45.6929452036489,27.4128,248563.6820017,2.06845,189006.0,1357.44,6.17,7.02688,26.28,1.33,4.83,,,,,,, ,0.0,0.0,0.0,0.0,0.0,0.0,0.0,0.0,85.71936916,0.0,21.447610589527216
29675,-45.6897122089336,27.4128,552136.0205409,3.764,343939.0,1319.67,6.13,6.9602,24.24,1.91,4.54,,,,,,, ,0.0,0.0,0.0,0.0,0.0,0.0,0.0,0.0,74.27043836,0.0,21.447610589527216
29679,-45.6877400954912,27.3321,8099210.383138,27.8249,2535050.0,1024.82,5.65,6.26574,26.11,1.48,4.7,20.4265160531126,488.870641597461,507.548165247953,13.6534883551859,15.0070779827288,4.240235532804525, ,0.0,0.0,0.0,0.0,0.0,0.0,0.0,0.0,35.91969314,0.0,29.46183972531247
29681,-45.6985988951073,27.456,12112102.223888,15.8174,1447610.0,644.3,4.98,5.27848,27.44,1.3,4.8,21.4836339626468,489.37381012472,510.75920798104,11.6212008165625,15.9148192699545,5.13816678955237, ,0.0,0.0,0.0,0.0,0.0,0.0,0.0,8.893606577,28.24224821,0.0,26.267851073127396
29686,-45.6920358448371,27.6421999999999,633135.6322509,3.01089,277426.0,810.92,5.19,5.6081,29.04,1.0,5.0,,,,,,, ,0.0,0.0,0.0,0.0,0.0,0.0,0.0,2.811135612,9.332609491,0.0,17.029386365926403
29688,-45.676295534062,31.7975999999999,6094587.477362,74.7359,7921400.0,1095.68,5.91,6.65261,25.3,1.49,4.7,34.7457874291772,493.533617383522,565.599448781613,15.601414114871,16.8179793481918,3.97621813374711, ,0.0,0.0,0.0,0.0,0.0,0.0,0.0,0.0,34.37143782,0.0,40.39801975344831
29695,-45.6732483074842,16.8342999999999,91073.5359604,1.32809,74525.1,1514.19,6.21,7.11655,10.45,1.0,5.0,,,,,,, ,0.0,0.0,0.0,0.0,0.0,0.0,0.0,0.0,53.56274522,0.0,21.213203435596427
29700,-45.6667436429746,27.6421999999999,1204067.7992585,3.87964,357473.0,1065.92,5.56,6.18285,32.44,1.0,5.0,,,,,,4.92321992501815, ,0.0,0.0,0.0,0.0,0.0,0.0,0.0,0.0,29.40777974,0.0,18.973665961010276
29709,-45.7157364515394,27.6421999999999,222265.6725974,2.69398,248225.0,1193.8,5.54,6.12567,18.91,1.0,5.0,,,,,,, ,0.0,0.0,0.0,0.0,0.0,0.0,0.0,0.0,0.0,0.0,18.439088914585774
29724,-45.6687393022141,24.6619999999999,6392118.6614603,7.77615,639252.0,756.88,5.11,5.55032,30.83,0.99,4.8,37.8099352112859,547.505528981773,571.059502805168,11.5217403010397,8.42636302963642,4.29591321603127, ,0.0,0.0,0.0,0.0,0.0,0.0,0.0,19.26329871,16.714923755999997,0.0,21.908902300206645
29727,-45.6373966890044,27.6421999999999,1780037.948313,12.2193,1125900.0,800.4,5.66,6.17815,32.79,0.97,4.89,33.6454090292649,486.77835242152,568.816808130913,12.0507566788812,18.5291471476941,3.97621813374711, ,0.0,0.0,0.0,0.0,0.0,0.0,0.0,0.405740604,0.0,0.0,25.219040425836983
29728,-45.6387673393829,27.6626,1841981.475631,29.2799,2699870.0,882.34,5.81,6.42036,28.5,0.95,4.75,32.8645094850332,519.785859589495,566.876715979899,10.7641086474846,10.4736918466918,4.11588538158771, ,0.0,0.0,0.0,0.0,0.0,0.0,0.0,0.201482599,0.0,0.0,30.822070014844883
29729,-45.6239964376588,39.1576999999999,2323708.357264,25.0302,3267090.0,927.68,5.72,6.30201,29.86,0.97,4.86,31.3480860085226,493.340538569959,561.26453876053,13.2846170471831,15.543126693547,3.97621813374711, ,0.0,0.0,0.0,0.0,0.0,0.0,0.0,0.0,7.607356758,0.0,33.94112549695428
29735,-45.6553829517392,27.6421999999999,534432.1477578,4.6975,432831.0,1070.92,5.55,6.12697,28.23,0.9,4.53,29.6685288715368,494.838857189814,558.438465125319,9.41382989096075,12.640950981244,, ,0.0,0.0,0.0,0.0,0.0,0.0,0.0,0.0,0.0,0.0,18.16590212458495
29736,-45.6306114638539,34.7188999999999,1121451.1124866,2.38702,276250.0,338.38,4.85,5.09513,29.32,1.0,4.77,,,,,,, ,0.0,0.0,0.0,0.0,0.0,0.0,0.0,89.22907458,0.785194068,0.0,19.748417658131498
29739,-45.6530616903637,27.6421999999999,393765.5398764,4.28531,394852.0,1347.71,6.11,6.97681,21.67,1.0,5.0,,,,,,, ,0.0,0.0,0.0,0.0,0.0,0.0,0.0,0.0,34.17157947,0.0,17.88854381999832
29748,-45.6244672199267,41.8481,52844093.76954,10.4853,1462630.0,240.95,4.58,4.70478,30.23,1.0,4.81,35.9159674881809,490.701090013921,569.725734068297,7.4521064153139,19.4490220518507,14.27395633333335,Gair Loch,0.0,0.0,0.0,0.038698204,0.0,0.160514893,0.0,44.110618611999996,4.486579572,0.0,27.92848008753788
29755,-45.5958078588602,27.6421999999999,255706.7795627,6.556,604074.0,1109.25,5.82,6.52152,12.77,0.92,4.61,39.315907008879,536.778644898158,570.630313707912,20.235904558137,11.2006849482613,, ,0.0,0.0,0.0,0.0,0.0,0.0,0.0,0.0,0.0,0.0,18.708286933869708
29756,-45.5920421612227,14.3867999999999,152631.8735288,1.6947,81271.2,1191.44,5.8,6.47425,21.67,1.0,5.0,,,,,,, ,0.0,0.0,0.0,0.0,0.0,0.0,0.0,0.0,0.0,0.0,16.431676725154983
29790,-45.6447261936198,27.4128,2387961.8580065,7.90003,721873.0,1014.55,5.72,6.42756,26.53,1.0,5.0,36.3275018298307,534.334831571635,566.855056702653,13.8568555545253,21.8524738755971,, ,0.0,0.0,0.0,0.0,0.0,0.0,0.0,0.0,27.42977782,0.0,20.73644135332772
29795,-45.633888073071,19.2626999999999,361955.1624425,1.11858,71822.6,1311.35,6.11,7.00752,24.0,1.0,5.0,,,,,,, ,0.0,0.0,0.0,0.0,0.0,0.0,0.0,0.0,53.1534868,0.0,18.16590212458495
29802,-45.6546954394435,27.4128,169145.1620481,1.0026,91613.8,1255.11,5.84,6.62187,19.77,1.0,5.0,,,,,,, ,0.0,0.0,0.0,0.0,0.0,0.0,0.0,0.0,29.35609729,0.0,17.88854381999832
29806,-45.6479571366644,13.6762999999999,123900.2194693,1.80752,82400.5,1149.31,5.69,6.43252,17.5,1.0,5.0,,,,,,, ,0.0,0.0,0.0,0.0,0.0,0.0,0.0,0.0,26.05496272,0.0,17.88854381999832
29810,-45.6415169778019,27.6421999999999,541040.076538,11.7537,1083000.0,1272.94,5.83,6.64891,18.3,0.94,4.7,,,,,,, ,0.0,0.0,0.0,0.0,0.0,0.0,0.0,0.0,35.16268287,0.0,22.80350850198276
29814,-45.6320498243763,27.6421999999999,1331094.7887084,2.12512,195810.0,1155.58,5.97,6.85302,29.83,1.0,5.0,,,,,,, ,0.0,0.0,0.0,0.0,0.0,0.0,0.0,0.0,51.56295715,0.0,22.135943621178654
29820,-45.6107573398973,27.6421999999999,544698.5109197,2.48444,228918.0,1166.46,5.7,6.46303,33.8,1.0,5.0,,,,,,, ,0.0,0.0,0.0,0.0,0.0,0.0,0.0,0.0,68.43275856,0.0,17.60681686165901
29821,-45.6199180843563,31.5849,7839401.15647,31.2295,3287930.0,824.19,5.29,5.85705,26.65,0.99,4.98,25.1923829992413,495.119639856034,545.095952094854,11.121065241367,14.240335425055,4.695286214125121,Lake St Patrick,0.0,0.0,0.0,0.0,0.0,0.0,0.0,0.022216515,10.08540691,0.0,30.72458299147443
29829,-45.6526033836589,27.6421999999999,1987375.0649042,1.24663,114865.0,922.84,5.59,6.3017,28.82,1.0,5.0,,,,,,4.14759352715152, ,0.0,0.0,0.0,0.0,0.0,0.0,0.0,0.295617406,14.37248206,0.0,21.213203435596427
29831,-45.6531351413635,21.8405999999999,1726660.4178995,2.38311,173495.0,903.99,5.23,5.75207,33.25,1.0,5.0,,,,,,3.98567177922065, ,0.0,0.0,0.0,0.0,0.0,0.0,0.0,4.000578983,52.81828108,0.0,19.235384061671343
29847,-45.5973881190345,18.3834,2282701.5927116,4.89059,299685.0,794.06,5.63,6.39448,34.75,1.0,5.0,34.4982039173789,491.277301725574,567.159689351015,14.923671195415,21.0090819659638,16.1796334126984,Lake Earnslaw,0.0,0.0,0.0,0.0,0.0,0.0,0.0,6.989237991,19.27612392,0.0,19.235384061671343
29848,-45.5992064452023,27.4128,521318.6775785,1.86696,170595.0,1073.54,5.92,6.804,28.81,1.0,5.0,,,,,,, ,0.0,0.0,0.0,0.0,0.0,0.0,0.0,0.0,20.21815953,0.0,16.73320053068151
29851,-45.583641402026,27.4128,194562.1062045,1.01259,92526.4,1140.54,5.71,6.53483,18.71,1.0,5.0,,,,,,, ,0.0,0.0,0.0,0.0,0.0,0.0,0.0,0.0,0.0,0.0,16.73320053068151
29858,-45.5908721279032,27.456,4873590.67231,29.9811,2743860.0,777.6,5.32,6.0162,30.79,0.99,4.98,39.6397439176119,497.497610505533,573.427315625532,14.5588909416713,10.6219112689544,4.6382500738858194, ,0.0,0.0,0.0,0.0,0.0,0.0,0.0,11.12013451,22.67718564,0.0,26.832815729997478
29863,-45.5699191691626,27.6421999999999,570552.0714214,3.89285,358690.0,969.46,5.6,6.45163,33.92,1.0,5.0,32.5268251712784,530.322666650081,565.588613836511,15.7527013498881,17.2565819616333,9.903948889705893, ,0.0,0.0,0.0,0.0,0.0,0.0,0.0,0.0,12.8255264,0.0,19.493588689617926
29878,-45.6016775257256,18.6278,424833.9939521,1.17546,72987.0,967.47,5.19,5.81888,17.88,1.0,5.0,,,,,,, ,0.0,0.0,0.0,0.0,0.0,0.0,0.0,0.0,0.0,0.0,18.16590212458495
29879,-45.6027293571506,17.2779999999999,791515.3437124,1.24023,71428.9,940.91,5.16,5.77685,15.91,1.0,5.0,,,,,,, ,0.0,0.0,0.0,0.0,0.0,0.0,0.0,0.0,0.0,0.0,18.16590212458495
29881,-45.5893705338878,27.6421999999999,471330.6412084,3.19495,294385.0,1036.47,5.38,6.13797,27.55,1.0,5.0,27.0167560524986,495.359967142807,549.657670026506,12.5258254493525,12.1465829276178,, ,0.0,0.0,0.0,0.0,0.0,0.0,0.0,0.0,0.0,0.0,18.16590212458495
29883,-45.5900261997964,17.7607,1586801.5177068,2.67454,158339.0,906.66,5.31,6.00987,25.55,1.0,5.0,34.3792879224965,507.401815394175,567.048077069327,10.6690360274488,16.2635312992161,, ,0.0,0.0,0.0,0.0,0.0,0.0,0.0,10.68109144,0.0,0.0,18.16590212458495
29891,-45.5807720694607,24.751,1334127.4694988,2.79968,230983.0,876.58,5.38,6.13528,30.24,1.0,5.0,,,,,,4.65199295733092, ,0.0,0.0,0.0,0.0,0.0,0.0,0.0,3.067236857,7.157042558,0.0,18.16590212458495
29895,-45.7508554612215,12.5897,1039175.9460566,4.85535,203758.0,610.85,4.64,4.78536,22.24,1.0,5.0,41.9695525018034,490.497262920915,574.973253503155,13.1188019177078,20.4983527683172,5.07157533246881, ,0.0,0.0,0.0,0.0,0.0,0.433341239,0.0,99.56665876,0.0,0.0,18.16590212458495
29907,-45.7412480612498,17.2779999999999,1060212.8836207,9.19934,529819.0,598.41,4.53,4.62391,15.48,1.0,5.0,38.0159125446495,542.682236551708,569.63149548163,15.2034555631162,11.6784661962763,12.2334567012975, ,0.0,0.0,0.0,0.143211211,0.0,0.0,0.0,99.85678879,0.0,0.0,22.80350850198276
29917,-45.7478181926614,21.8405999999999,2199740.449739,13.345,971544.0,730.74,4.62,4.74904,15.36,1.0,4.15,39.00737053311,542.309271229381,572.615851717513,15.9153453839482,18.5626163722751,5.62186345086512,Lake Pyramid (Burnt,0.0,0.0,0.0,27.62169541,0.0,0.0,0.0,66.70973044,0.0,0.0,24.289915602982237
29937,-45.7508001644208,27.4128,288115.3123175,1.87658,171474.0,1406.06,5.34,5.81434,21.24,1.0,5.0,,,,,,, ,0.0,0.0,0.0,0.0,0.0,0.0,0.0,0.0,41.47151229,0.0,21.213203435596427
29938,-45.7618791440653,30.1991,5395728.822006,22.0011,2214710.0,855.18,4.96,5.25778,29.09,1.23,4.83,32.369331244311,534.547805954555,569.708984852157,13.9956603820592,13.6511708958048,4.468172267548351, ,0.0,0.0,0.0,0.0,0.0,0.0,0.0,8.372443533,2.69197464,0.0,34.87119154832539
29953,-45.7539709276083,24.6619999999999,346356.4287675,2.63976,217006.0,1175.17,4.95,5.22533,17.04,1.0,5.0,,,,,,, ,0.0,0.0,0.0,0.0,0.0,0.0,0.0,0.0,0.0,0.0,16.431676725154983
29956,-45.7125896519675,40.4277999999999,115302858.798878,13.0397,1757220.0,317.57,3.98,3.87052,23.59,1.02,4.66,34.4457295268165,502.490226125993,570.462782196714,9.08117132305188,15.2229378728366,6.20877954836662,Shallow Lake,0.0,0.0,0.0,5.584605465,0.0,0.173671369,0.0,59.333430578000005,2.096586531,0.018984629,22.58317958127243
29957,-45.7130053740066,0.0,45039.3145715,1.15549,93069.7,313.33,0.0,4.03765,0.0,0.0,0.0,,,,,,, ,0.0,0.0,0.0,95.97477581,0.0,0.0,0.0,4.025224192,0.0,0.0,0.0
29958,-45.7201558434522,24.4933,2441609.8875413,6.73519,549890.0,314.62,4.07,3.98922,18.89,1.0,4.37,35.9794427593341,509.202224104547,570.66244649501,9.58976747942532,16.2535977045912,8.66889933333333, ,0.0,0.0,0.0,22.00588308,0.0,0.409994733,0.0,72.78124004,1.145921621,0.312492549,19.748417658131498
29962,-45.7121596003929,0.0,118899771.98577,9.91583,1218830.0,341.26,0.0,4.10054,0.0,0.0,0.0,24.4781607498561,485.482874194938,526.909767707026,11.9828230282372,21.219533628144,, ,0.0,0.0,0.0,5.643295397,0.0,0.223947001,0.0,59.781134763,2.034320031,0.018420804,0.0
29963,-45.7163612820802,27.6421999999999,344559.9905274,1.73647,160000.0,1133.16,5.11,5.51693,22.95,1.0,5.0,,,,,,, ,0.0,0.0,0.0,0.0,0.0,0.0,0.0,0.0,0.0,0.0,17.60681686165901
29964,-45.7092111806872,14.8278,109882.5269415,1.58372,78276.9,1216.05,5.12,5.55575,23.31,1.0,5.0,,,,,,, ,0.0,0.0,0.0,0.0,0.0,0.0,0.0,0.0,0.0,0.0,17.60681686165901
29969,-45.6928821565168,25.4679,706267.9598913,3.29097,279380.0,1073.05,5.38,5.95665,27.01,1.0,5.0,34.9471841365125,500.122632050839,569.812985270364,10.5267985494706,12.219307290122,, ,0.0,0.0,0.0,0.0,0.0,0.0,0.0,0.0,4.274422868,0.0,17.60681686165901
29976,-45.7137449601209,27.6421999999999,923740.8829277,2.99444,275910.0,1091.43,5.34,5.87002,30.37,1.0,5.0,29.3846437893416,567.283162830953,572.561217491446,23.7011013040286,27.8334431361515,, ,0.0,0.0,0.0,0.0,0.0,0.0,0.0,0.0,0.0,0.0,17.60681686165901
29981,-45.780194238956,8.54168,278592949.052553,2.71595,77329.4,166.56,2.93,2.28561,20.19,2.25,3.73,,,,,,, ,0.255311905337976,0.0,0.189854541,1.405766102,1.308442075,1.853373173,0.0,67.21442216899999,0.9217526010000001,0.0,20.71231517720798
30017,-45.6656435251915,27.5417999999999,3147221.572388,14.9265,1370340.0,1033.63,5.54,6.21112,31.85,1.0,5.0,35.7818197758398,483.872657554456,565.32442081967,14.368916566527,27.71316321678,3.97621813374711, ,0.0,0.0,0.0,0.0,0.0,0.0,0.0,0.0,8.299621043,0.0,30.298514815086232
30020,-45.6385677801718,0.0,376020.5002139,1.08764,106546.0,216.27,0.0,3.58987,0.0,0.0,0.0,,,,,,, ,0.0,0.0,0.0,6.889638153,0.0,0.0,0.0,93.11036185,0.0,0.0,0.0
30023,-45.6359121751641,0.0,1244707.7838783,2.01403,75994.8,197.24,0.0,3.83763,0.0,0.0,0.0,,,,,,, ,0.0,0.0,0.0,15.73906218,0.0,5.328004889,0.0,78.69613454,0.0,0.0,0.0
30038,-45.6393144179179,27.6421999999999,1052106.9657404,7.40735,682519.0,1136.46,5.58,6.33198,26.65,1.0,5.0,32.6538926115711,497.354605589854,560.565581983852,13.6807613464946,18.5387968575255,, ,0.0,0.0,0.0,0.0,0.0,0.0,0.0,0.0,0.004674608,0.0,19.748417658131498
30150,-46.1513530483593,22.5520999999999,1791554.8211273,1.45154,109118.0,113.52,4.14,4.0397,4.47,3.0,2.0,,,,,,, ,4.31152517787184,0.23435843007904,46.21683651,0.0,37.15301262,0.0,0.163457974,16.46669289,0.0,0.0,18.708286933869708
30193,-40.246332629567,11.2034,153319.3115418,2.62273,97944.9,134.58,4.44,4.0929,2.35,2.25,1.5,,,,,,, ,14.398799862591,0.014826893259563,100.0,0.0,0.0,0.0,0.0,0.0,0.0,0.0,17.320508075688775
30230,-40.0294366162583,22.4628,345066.7869654,2.15294,161204.0,226.61,3.82,3.41113,5.97,2.0,1.46,34.6556098942399,517.616265165484,568.939237543374,15.3203299034064,15.3912657296171,, ,11.2767896470271,0.0517686152769883,47.67920359,0.0,0.0,52.22719569,0.0,0.093600719,0.0,0.0,14.832396974191326
30249,-40.1799541689022,10.7695,186586.0369718,2.25053,80790.4,127.66,4.21,4.0889,4.84,2.27,3.36,,,,,,, ,10.4834106550563,0.0,89.78713414,0.0,0.0,0.0,0.0,10.21286586,0.0,0.0,16.431676725154983
30267,-40.1608285226526,23.1869,419403.8716959,4.88717,377728.0,99.23,4.02,3.90251,4.09,2.82,2.64,32.5859626113586,534.119397564845,574.864729421306,13.6051552873384,11.5975038968096,, ,11.844602447998,0.0001666424123067,100.0,0.0,0.0,0.0,0.0,0.0,0.0,0.0,20.248456731316587
30276,-45.6626152948468,0.0,956736.963670999,16.3082,610970.0,168.36,0.0,2.33392,0.0,0.0,0.0,,,,,,, ,11.488506707881,0.0997232310080007,66.02247507,28.68057223,5.296952696,0.0,0.0,0.0,0.0,0.0,0.0
30278,-45.6598785452079,0.0,3407196.528904,23.1495,2634530.0,175.6,0.0,2.37057,0.0,0.0,0.0,37.27184287572,496.593622245933,571.663212042687,12.3576069984751,11.2039345554895,, ,16.6894046079365,0.0997232310080007,84.24367224,5.123756379,1.38512373,0.0,0.0,9.247447653,0.0,0.0,0.0
30288,-45.6153460983052,11.3521,123207.0237246,1.02617,38830.6,252.62,3.11,2.529,1.82,4.0,4.0,,,,,,, ,0.0,0.0,80.159098,0.0,0.0,0.0,19.840902,0.0,0.0,0.0,19.235384061671343
30299,-45.5908310185168,11.8874,136348.8460342,1.88622,74741.0,250.31,3.09,2.48265,2.61,4.0,4.0,,,,,,, ,14.4164415703203,0.0252043181882772,89.55252301,9.907965725,0.539511266,0.0,0.0,0.0,0.0,0.0,19.235384061671343
30311,-45.688675759677,27.6421999999999,557594.3201428,1.12036,103231.0,1150.0,4.73,4.84158,26.7,4.0,4.0,,,,,,, ,0.0,0.0,0.0,0.0,0.0,0.0,0.0,0.0,56.52127652,0.0,16.1245154965971
30342,-45.670356144341,27.4128,93860.4944063,2.05887,188131.0,1574.15,5.61,6.32275,21.69,1.0,5.0,,,,,,, ,0.0,0.0,0.0,0.0,0.0,0.0,0.0,0.0,67.28978258,0.0,16.1245154965971
30344,-45.6595778564131,27.6626,1396419.009268,14.7067,1356080.0,1216.76,5.54,6.22819,28.8,1.0,5.0,31.384972801421,485.197644233402,560.373481695197,13.8227897419005,16.5714460248597,, ,0.0,0.0,0.0,0.0,0.0,0.0,0.0,0.0,15.94665305,0.0,24.372115213907882
30345,-45.6485247180339,27.6421999999999,2687845.9613706,8.77822,808832.0,1012.59,5.16,5.69478,30.08,1.0,5.0,35.3724208754061,497.711811750474,564.881955839836,7.83233572442539,9.47108180283074,, ,0.0,0.0,0.0,0.0,0.0,0.0,0.0,0.0,25.68977932,0.0,20.97617696340303
30346,-45.6480184432999,26.0473,190896.1630903,1.01358,88003.0,862.53,5.17,5.69507,41.52,1.0,5.0,,,,,,6.04824764486975, ,0.0,0.0,0.0,0.0,0.0,0.0,0.0,24.53903183,0.0,0.0,18.16590212458495
30373,-45.6674212144442,17.1675,160294.071382,1.47807,84582.4,1491.5,5.29,5.82003,13.86,1.0,5.0,25.5272454323366,491.464085020359,544.332029218705,12.3256544887509,19.4247904623081,, ,0.0,0.0,0.0,0.0,0.0,0.0,0.0,0.0,75.03203173,0.0,18.16590212458495
30380,-45.6274057902489,35.1325999999999,29929675.578985,130.267,15255400.0,174.9,3.14,2.64367,14.41,1.61,3.45,34.8161286681902,493.399095889257,574.17003747752,7.02204962084511,11.9341836909745,6.43371333333333,Lake Rakatu,0.0,0.0,0.0,1.108288845,0.0,0.243280953,0.0,78.979347191,6.443627714,0.0,47.958315233127195
30382,-45.6144529596616,11.0202,194984.5793083,1.15554,42447.6,180.35,3.06,2.53536,1.91,1.0,1.78,,,,,,, ,0.0,0.0,0.0,6.690396797,0.0,0.0,0.0,93.3096032,0.0,0.0,15.811388300841896
30441,-47.1090162190425,8.61173999999999,99508.5198357,1.10153,31620.1,204.88,7.24,7.3065,2.21,1.0,5.0,,,,,,, ,0.0,0.0,0.0,0.0,0.0,0.0,0.0,98.35671801,0.0,0.0,13.784048752090222
30448,-47.0836801881527,0.0,1427397.478102,2.03518,71475.2,38.15,0.0,6.27367,0.0,0.0,0.0,,,,,,, ,0.0,0.0,0.0,4.115578812,0.0,0.0,0.0,88.73621213,0.0,0.0,0.0
30452,-46.9319983256486,20.1924999999999,289810.7138032,2.88229,194002.0,68.86,6.91,6.8774,8.59,1.8,4.19,,,,,,, ,0.0,0.0,0.0,0.0,0.0,0.0,0.0,96.426845673,3.573154327,0.0,20.248456731316587
30487,-46.8280441295072,3.46309,1172616.015719,14.1217,163016.0,5.89,6.44,6.24594,0.9,0.97,1.95,37.2589271278205,496.690803437138,565.146908284681,12.9331328619305,14.9574843232019,6.882680666666666,Lake Sheila,0.0,0.0,0.0,72.0964033,0.0,0.0,0.0,4.487062133,0.0,0.0,26.720778431774775
30488,-46.8406687712793,0.0,111265.265078,1.10261,10730.7,-0.17,0.0,6.20622,0.0,0.0,0.0,,,,,,, ,0.0,0.0,0.0,13.86457762,0.0,0.0,0.0,0.0,0.0,0.0,0.0
30489,-46.8282511400572,7.03013,92021611.992254,1.48249,34740.4,11.07,6.37,6.13616,8.97,2.68,3.75,,,,,,,Lake Alexander,0.0,0.0,0.0,6.103114201,0.0,0.0,0.0,79.27611219,0.044516647,0.0,17.320508075688775
30490,-46.8329701426491,0.0,12060082.8172243,2.74879,26751.4,6.64,0.0,6.06613,0.0,0.0,0.0,,,,,,, ,0.0,0.0,0.0,2.639773248,0.0,0.0,0.0,96.62677974,0.0,0.0,0.0
30492,-46.8328421226914,0.0,416105.0799658,1.61608,37754.6,9.68,0.0,6.05005,0.0,0.0,0.0,,,,,,, ,0.0,0.0,0.0,12.44014106,0.0,0.0,0.0,87.55985894,0.0,0.0,0.0
30494,-46.8173512509855,0.0,142752.6907204,1.18143,28258.0,11.39,0.0,6.24812,0.0,0.0,0.0,,,,,,, ,0.0,0.0,0.0,15.45819398,0.0,0.0,0.0,80.84113712,0.0,0.0,0.0
30496,-46.8210096573456,0.0,1782168.4239134,1.18101,11745.7,14.39,0.0,6.19122,0.0,0.0,0.0,,,,,,, ,0.0,0.0,0.0,1.058093257,0.0,0.0,0.0,98.13803515,0.0,0.0,0.0
30497,-46.826089095757,6.67998,354467.159323,4.10872,91487.1,12.82,6.37,6.15114,0.63,0.96,1.92,37.3620364367769,565.035431324466,576.078256053796,8.03049314140435,10.848170919949,5.64796,Lake Calder,0.0,0.0,0.0,0.0,0.0,0.0,0.0,100.0,0.0,0.0,21.908902300206645
30516,-46.7485053472964,26.0473,1676525.847213,11.0879,962703.0,599.89,7.27,7.49526,18.78,2.91,4.76,34.2269875925094,550.209581882828,568.813855252473,10.0431250211915,12.6998244443295,6.12490813227256, ,0.0,0.0,0.0,0.0,0.0,0.0,0.0,3.454205587,0.0,0.0,24.454038521274967
30517,-46.7418339689776,26.2887999999999,602331.4736429,6.5034,569889.0,685.33,7.16,7.35923,20.52,3.23,3.95,27.6551263431325,567.250669243715,572.773793458719,17.3461831148762,12.8331944584968,5.87368215696616, ,0.0,0.0,0.0,0.0,0.0,0.0,0.0,0.029426522,0.0,0.0,20.248456731316587
30524,-46.5714579985519,3.41506,1317687.1774438,1.49229,16987.6,13.87,5.9,5.27167,4.94,1.06,4.0,,,,,,, ,0.577712959604736,0.011518152096568,44.49037592,0.0,5.646289475,42.32783311,6.22729464,0.047734426,0.0,1.260472429,19.235384061671343
30527,-46.5978501835818,3.37641,213481.4155018,1.04533,11764.9,29.56,6.06,5.48245,4.18,1.0,4.0,,,,,,, ,0.0,0.0,0.0,0.0,0.0,72.47504372,27.52495628,0.0,0.0,0.0,15.491933384829668
30553,-46.5789031861981,2.99844,263903.2028924,1.32172,13210.3,16.22,5.97,5.36087,0.13,3.0,4.0,,,,,,, ,0.0,0.0,0.0,97.84664963,0.0,2.153350362,0.0,0.0,0.0,0.0,13.038404810405298
30555,-46.5478605200459,2.78439,786922.5721047,1.98154,18391.3,18.63,5.79,5.18425,1.9,1.29,3.92,,,,,,, ,9.44715391138076,0.680624777020089,62.78238008,4.467104029,0.0,23.15156425,0.860360348,8.738591287,0.0,0.0,17.029386365926403
30567,-46.5575582506242,0.0,93372.1466724999,1.93512,45308.6,9.83,0.0,5.31847,0.0,0.0,0.0,,,,,,, ,0.0,0.0,0.0,100.0,0.0,0.0,0.0,0.0,0.0,0.0,0.0
30574,-46.5553741459054,0.0,1123049.6974264,1.43166,33520.6,9.86,0.0,5.30428,0.0,0.0,0.0,,,,,,, ,4.28551554849712,0.923056759649187,64.07000303,33.83381611,0.677178004,0.594548085,0.0,0.780926506,0.043528261,0.0,0.0
30765,-46.4329515240581,2.9194,1132096.6354528,1.58316,15406.3,16.32,5.12,4.56012,0.34,3.0,4.0,,,,,,, ,0.0,0.0,1.562764554,0.0,43.457802191999996,33.34302139,0.63071946,10.31343117,0.0,10.69226124,15.165750888103101
30783,-46.3964868267615,2.7214,146361.1874193,1.09669,9948.47,22.77,4.88,4.3765,0.45,3.0,4.0,,,,,,, ,21.6009179246681,0.877402681311581,85.52358438,0.0,0.0,14.07971041,0.0,0.0,0.396705204,0.0,17.88854381999832
30803,-46.443169884818,3.02354,442883.5475921,1.24227,12520.2,15.56,5.17,4.61192,0.2,3.0,4.0,,,,,,, ,0.0,0.0,22.2846394,0.0,27.68358294,16.22919029,0.0,0.0,0.0,33.80258738,16.73320053068151
30810,-46.4054883367463,3.25122,548944.3559679,4.08134,44231.2,9.87,4.92,4.41779,0.04,4.0,2.0,22.9779229458869,490.297904507737,552.620011957921,9.23511961316695,21.0545944195884,,Lake Murihiku,29.2032461513977,0.827739474302591,94.45968316,5.540316839,0.0,0.0,0.0,0.0,0.0,0.0,18.973665961010276
30812,-46.3530964858591,2.90237,826544.815099,16.5486,160101.0,15.34,4.67,4.20542,0.27,3.0,2.0,20.8842131589844,490.821607326535,526.269227634587,8.10590841356605,22.5555034903345,18.251096,Big Lagoon,16.4923416407316,0.838510500438312,70.57438626,9.070355656,17.965329228,0.0,0.0,2.389928853,0.0,0.0,23.664319132398465
30836,-46.3218003722665,2.92256,2642811.4153188,2.06116,20079.5,9.52,4.52,4.09426,0.23,3.0,2.0,,,,,,, ,4.28542245723696,0.539151031029812,99.961091,0.0,0.038909002,0.0,0.0,0.0,0.0,0.0,22.80350850198276
30838,-46.3105757676169,3.4191,221042.0322131,5.03791,57417.1,9.17,4.46,4.062,0.1,3.0,2.0,33.1052439712118,554.604897089576,573.931598304294,14.7845000304613,15.6731491242017,, ,0.0,0.0,100.0,0.0,0.0,0.0,0.0,0.0,0.0,0.0,19.235384061671343
30851,-46.3144815532336,7.03008,1481378.552322,1.06399,24933.1,8.96,4.51,4.10383,0.55,3.44,2.12,,,,,,, ,10.8109940405506,0.450926563422153,97.19115639,0.0,0.0,0.0,0.0,2.808843608,0.0,0.0,17.029386365926403
30861,-46.3295919673636,2.87389,311440.575069,1.36938,13118.2,21.42,4.57,4.20047,0.4,3.93,2.0,,,,,,,Lake Bennett,13.2000241400544,0.907899403265847,100.0,0.0,0.0,0.0,0.0,0.0,0.0,0.0,17.029386365926403
30958,-46.5931911530309,3.06655,445338.2929349,2.06904,21149.4,15.84,5.61,5.064,0.55,0.97,0.97,,,,,,16.70381312676215, ,0.0,0.0,0.0,94.48745757,0.0,0.0,0.0,0.0,5.512542426,0.0,17.029386365926403
30961,-46.5862891982869,0.0,569075.3541489,1.61468,15811.3,11.14,0.0,5.12033,0.0,0.0,0.0,,,,,,, ,0.0,0.0,0.0,100.0,0.0,0.0,0.0,0.0,0.0,0.0,0.0
30963,-46.5862587974639,0.0,1081721.9700445,1.10907,10860.3,10.35,0.0,5.12033,0.0,0.0,0.0,,,,,,, ,0.0,0.0,0.0,100.0,0.0,0.0,0.0,0.0,0.0,0.0,0.0
30970,-46.5793831953045,0.0,2707663.7086375,8.10525,79382.3,10.99,0.0,5.10603,0.0,0.0,0.0,17.7824901032793,484.699903688196,499.909132855842,11.2323563565381,30.7309276123957,, ,0.0,0.0,0.0,100.0,0.0,0.0,0.0,0.0,0.0,0.0,0.0
30976,-46.5823207543302,0.0,477586.0959502,4.54684,44959.7,12.25,0.0,5.07878,0.0,0.0,0.0,32.6533059145996,560.270319640958,574.913165544407,12.6416676444006,10.7242778700882,, ,0.0,0.0,0.0,100.0,0.0,0.0,0.0,0.0,0.0,0.0,0.0
30977,-46.580537769481,0.0,600427.0391065,1.41464,13912.6,11.94,0.0,5.10167,0.0,0.0,0.0,,,,,,, ,0.0,0.0,0.0,100.0,0.0,0.0,0.0,0.0,0.0,0.0,0.0
31181,-46.1759468013635,4.64978,4872989.8534564,1.45081,22486.4,37.88,3.99,3.62733,0.18,3.9,1.95,,,,,,, ,14.4745173083991,0.434440931678694,88.41840154,0.0,1.067997553,0.0,0.0,4.871218003,0.088562297,5.5538206059999995,17.029386365926403
31187,-46.1500507187497,4.95546,247812.1450691,1.04538,17267.8,47.58,3.89,3.54607,0.2,2.0,1.0,,,,,,, ,4.68165480308896,0.272348327320909,63.31499866,0.0,0.0,0.0,0.0,36.68500134,0.0,0.0,14.832396974191326
31265,-45.9267801414016,22.7075999999999,356869.3327269,6.95336,526314.0,141.31,3.22,2.67649,7.12,1.43,3.13,33.3283405258228,490.864692452429,569.336937910784,9.15755115562205,18.7967527168493,, ,18.3876101127259,0.0211436005775303,34.03244521,0.0,0.0,0.0,3.285242026,0.0,62.68231276,0.0,20.493901531919196
31271,-45.9182432306909,21.0333,1529697.0962783,1.55474,109004.0,175.38,3.27,2.71227,4.16,1.11,3.93,,,,,,, ,55.7385845898744,0.0211436005775303,78.550668,0.0,2.832184436,4.314302711,5.34050772,8.951132713,0.011204422,0.0,18.708286933869708
31274,-45.9230496381236,20.9695,60033.9619434,1.48449,103763.0,173.85,3.24,2.68965,0.88,2.0,2.0,,,,,,, ,67.8177063245236,0.0211436005775303,100.0,0.0,0.0,0.0,0.0,0.0,0.0,0.0,13.416407864998739
31387,-46.2313051738172,3.75052,2347408.4812454,1.1105,13883.2,31.51,4.2,3.83934,0.34,4.0,2.0,,,,,,, ,21.9746958413382,0.534603712116488,100.0,0.0,0.0,0.0,0.0,0.0,0.0,0.0,18.439088914585774
31390,-46.1851819476721,4.7743,545188.8411077,1.18393,18841.5,38.36,4.02,3.65441,0.14,3.76,1.88,,,,,,, ,29.6118261241375,0.525142127738106,97.42570385,0.000774574,0.0,0.0,0.0,0.0,2.573521581,0.0,16.1245154965971
31529,-45.9055227335979,0.0,8874513.4340148,1.75264,139707.0,291.72,0.0,3.42711,0.0,0.0,0.0,,,,,,, ,15.0998104443845,0.155322692704708,87.13710847,0.978147217,1.2960710770000001,4.526379751,0.00056556,2.265678339,0.0,0.0,0.0
31610,-45.9013024212829,8.60577999999999,43547.4409088999,1.10459,31686.3,139.4,3.38,3.04998,0.68,3.5,3.0,,,,,,, ,12.8643871942799,0.274968460328756,61.80005743,0.0,35.48837019,0.0,0.0,2.711572384,0.0,0.0,12.649110640673518
31714,-45.7621730923899,21.024,3801670.353211,1.08823,76262.9,195.8,3.02,2.71702,4.01,3.0,2.37,,,,,,, ,17.6958688480778,0.170807352062828,98.02652626,0.0,1.673807987,0.0,0.0,0.0,0.0,0.299665751,15.165750888103101
31749,-40.2472238365152,21.2516,150890.2423505,1.39451,98785.2,160.02,4.74,4.33299,5.63,2.0,1.0,,,,,,,Mahangaiti Lake,9.77524069298617,0.142929683486056,94.42563532,5.574364677,0.0,0.0,0.0,0.0,0.0,0.0,18.708286933869708
31750,-40.2367711664301,0.0,2076345.182634,1.06473,31196.0,160.47,0.0,4.26317,0.0,0.0,0.0,,,,,,, ,8.66787520437065,0.155106186069169,96.44773179,1.967535949,0.276839963,0.0,0.0,1.307892301,0.0,0.0,0.0
31777,-40.2429777139345,11.225,259760.2906488,2.18208,81645.7,34.33,4.31,3.95208,4.51,2.18,3.4,,,,,,, ,16.8504659211891,0.014826893259563,98.7058818,0.0,1.294118196,0.0,0.0,0.0,0.0,0.0,14.832396974191326
31779,-40.2331688837935,24.6733,134206.013121,1.16352,95692.9,85.04,4.34,4.00043,3.76,2.23,1.46,,,,,,, ,13.9289911492049,0.014826893259563,80.24350736,0.0,19.75649264,0.0,0.0,0.0,0.0,0.0,15.165750888103101
31847,-40.2445999134524,12.1816,158667.067272,3.15974,128302.0,378.39,4.94,4.64623,7.8,3.0,3.0,32.469287134188,525.081124361922,561.110548967912,9.32756901025425,22.935418039105,, ,13.2206009340709,0.0037848826464609,100.0,0.0,0.0,0.0,0.0,0.0,0.0,0.0,16.431676725154983
31879,-40.1872074099617,12.1554,260817.9734406,1.66419,67429.6,238.24,4.83,4.39075,9.89,1.4,4.0,,,,,,, ,8.90169431641909,0.0446826520122324,100.0,0.0,0.0,0.0,0.0,0.0,0.0,0.0,14.142135623730951
31904,-40.1845446929529,13.1751,99612.330861,1.66937,73313.9,357.23,4.73,4.45628,3.04,1.0,4.0,,,,,,, ,14.869814462149,0.0148822893358038,100.0,0.0,0.0,0.0,0.0,0.0,0.0,0.0,14.832396974191326
31953,-40.162476983597,16.4848,1019655.2170121,4.17859,229611.0,62.98,3.9,3.58123,5.52,1.5,2.24,,,,,,, ,8.80151431729672,0.0,89.17063501,0.0,9.343897224,0.0,0.0,1.485467767,0.0,0.0,17.60681686165901
31983,-40.1787792476407,9.96871,585663.2358798,1.06687,35451.0,77.53,4.0,3.71439,4.38,2.99,2.99,,,,,,, ,10.22018015892,0.0,100.0,0.0,0.0,0.0,0.0,0.0,0.0,0.0,14.491376746189438
32151,-40.0690473737844,11.4675999999999,937097.0337156,1.05531,40339.8,191.66,3.51,3.41741,7.23,1.01,3.95,,,,,,, ,8.49022370539616,0.0540494869794865,87.20578135,0.0,0.0,0.0,2.014582216,10.77963644,0.0,0.0,17.320508075688775
32184,-39.9565754946648,10.0449,54829525.8423388,1.50043,50239.0,256.94,3.59,3.11481,1.09,1.99,1.01,,,,,,, ,18.4639972129551,0.344844288191086,87.77443395,0.0,3.6403118510000003,1.70548854,0.148314701,6.73145096,0.0,0.0,16.73320053068151
32287,-40.1394398016175,22.8022999999999,26722825.383621,16.8663,1281970.0,78.41,3.85,3.49004,7.31,1.9,3.11,,,,,,,Purimu Lake,9.99594768435373,0.0373421173483158,87.737055361,0.0,5.705448121,0.605748896,0.0,5.951747619,0.0,0.0,27.712812921102035
32338,-39.8891476612793,24.204,507781.4896772,1.3009,104956.0,263.84,3.1,2.69748,4.97,2.0,1.0,,,,,,, ,9.2806599960825,0.0,96.98355752,0.0,0.960273267,0.0,0.0,2.0561692149999997,0.0,0.0,17.320508075688775
32427,-39.2496571306574,19.7989999999999,340408.2892056,5.35729,353563.0,456.85,4.29,4.58757,7.17,2.0,2.0,31.2332030078978,544.962956077663,569.56394101511,17.8945202777698,13.594337451792,,Lake Pohue,0.359741707192309,0.0344394025190358,4.528374603,0.0,35.93627600400001,0.0,0.0,59.53534939,0.0,0.0,21.6794833886788
32444,-39.165591756386,18.3842,1417392.9731584,1.70102,104240.0,497.86,4.34,4.57098,14.72,1.15,3.12,,,,,,, ,9.28534994937784,0.0351861666969357,47.45326039,0.0,0.0,52.54673961,0.0,0.0,0.0,0.0,14.491376746189438
32446,-39.1671992785949,19.2321999999999,1251189.7675653,2.03199,130265.0,501.14,4.42,4.68514,17.25,1.06,3.26,,,,,,, ,9.44402672018397,0.0351861666969357,41.23995924,0.0,0.0,58.76004076,0.0,0.0,0.0,0.0,17.029386365926403
32448,-39.1611927798878,19.1995,133717.2634522,1.37659,88099.5,458.0,4.27,4.463,5.25,1.81,2.18,,,,,,, ,8.73830756495406,0.0351861666969357,100.0,0.0,0.0,0.0,0.0,0.0,0.0,0.0,14.142135623730951
32466,-39.1770338751917,12.2179,264361.9185231,5.05352,205811.0,395.58,4.4,4.61092,4.5,2.0,2.0,36.5412139300943,491.368338814628,569.543378295381,17.667737255913,19.9709764225688,28.44310783333335, ,6.08828354440602,0.0518242341666755,94.18965358,0.0,5.810346419,0.0,0.0,0.0,0.0,0.0,18.439088914585774
32478,-39.1470150588047,18.2597999999999,468863.7684064,5.83977,355443.0,485.3,4.59,4.81861,9.87,2.0,2.0,36.0477569928454,500.78005784442,562.849880081713,14.0108243229289,13.0806861761108,10.2403956794872,Lake Opouahi,8.62028269374762,0.117731203432131,51.22855715,0.0,0.0,0.0,0.0,48.771442857,0.0,0.0,18.973665961010276
32500,-39.0595048600297,7.76476,551966.5483772,1.19501,30930.0,16.94,4.18,3.971,10.45,2.19,4.0,,,,,,, ,1.24395392413639,0.0,74.02495432,0.0,0.0,0.0,0.0,0.0,25.97504568,0.0,17.60681686165901
32561,-40.1173402523679,10.971,191806.3764236,1.51478,55395.3,129.95,3.73,3.45349,4.26,1.0,2.0,,,,,,, ,11.3750731453375,0.0,91.2312758,0.0,8.768724198,0.0,0.0,0.0,0.0,0.0,15.491933384829668
32605,-40.0893026375457,11.0495,257644.5970975,3.41004,125598.0,158.71,3.68,3.41222,3.55,2.92,2.84,37.9400547924593,502.583692159754,567.866043576924,13.6803609486597,22.7196022241125,, ,15.0369606257093,0.117195268493128,95.49589263,0.0,4.504107373,0.0,0.0,0.0,0.0,0.0,18.16590212458495
32611,-40.084713268299,22.5808,644189.6084846,2.68205,201877.0,159.06,3.64,3.40455,3.09,3.0,3.0,,,,,,, ,17.2522595531745,0.117195268493128,96.51945371,0.0,3.480546288,0.0,0.0,0.0,0.0,0.0,18.439088914585774
32635,-40.0762337391257,16.2554,361369.6699942,1.16813,63294.8,155.99,3.56,3.3121,2.54,2.98,2.97,,,,,,, ,17.8366060916032,0.117195268493128,100.0,0.0,0.0,0.0,0.0,0.0,0.0,0.0,15.811388300841896
32636,-40.0724004320042,8.57165,146519.3491334,2.57207,73489.6,159.73,3.53,3.28879,0.15,2.78,2.57,,,,,,, ,13.1229987143746,0.117195268493128,100.0,0.0,0.0,0.0,0.0,0.0,0.0,0.0,18.16590212458495
32639,-40.0678714221691,8.37758,713113.410385,9.38459,262067.0,157.1,3.49,3.24928,0.77,2.2,1.41,,,,,,, ,15.7027560423256,0.117195268493128,100.0,0.0,0.0,0.0,0.0,0.0,0.0,0.0,21.6794833886788
32647,-40.0644014565805,8.57165,164415.53914,1.02908,29402.9,159.99,3.45,3.21317,1.72,3.0,3.0,,,,,,, ,17.4531253223287,0.117195268493128,100.0,0.0,0.0,0.0,0.0,0.0,0.0,0.0,17.60681686165901
32649,-40.0563462509026,21.3125,173556.3043938,1.31195,93203.2,140.3,3.41,3.17343,2.07,2.0,1.0,,,,,,, ,16.7336006911424,0.117195268493128,92.37827856,0.0,7.621721435,0.0,0.0,0.0,0.0,0.0,17.60681686165901
32658,-40.0726869284736,11.5878999999999,386653.2530291,1.26171,48734.9,161.19,3.5,3.33638,2.13,1.78,1.64,,,,,,, ,9.91719568263955,0.0868435743382544,92.19103842,0.0,7.808961577,0.0,0.0,0.0,0.0,0.0,17.60681686165901
32667,-40.0582699641499,21.3153,103922.3303879,1.19772,85099.2,144.9,3.33,3.17947,2.18,1.47,1.52,,,,,,, ,9.266425083633,0.0868435743382544,100.0,0.0,0.0,0.0,0.0,0.0,0.0,0.0,17.60681686165901
32727,-40.183476446614,0.0,81142.2987342999,2.70269,92037.7,79.38,0.0,3.8445,0.0,0.0,0.0,,,,,,, ,6.88328358530433,0.0145484410289502,100.0,0.0,0.0,0.0,0.0,0.0,0.0,0.0,0.0
32777,-40.1778423977037,10.457,5721907.8017648,1.54915,53998.1,89.0,4.1,3.92565,6.56,2.74,3.12,,,,,,, ,11.180818908441,0.0083191892514359,94.38266024,0.0,2.135538379,0.0,0.0,3.481801381,0.0,0.0,17.029386365926403
32805,-40.0222095910343,3.0,67503047.568684,152.874,14668000.0,132.38,3.08,2.92603,4.97,2.45,2.36,36.3131583339751,572.909256822715,577.135404527755,18.9344681356788,38.6689151642894,47.97717715,Hatuma Lake,16.6881788869855,0.0529706910006343,95.517392405,1.090227016,1.915023831,0.0,0.0,0.519019719,0.011867099,0.946469934,45.71651780264984
32835,-40.0291095291573,8.60577999999999,9081351.205547,3.01221,86408.0,139.82,3.13,3.03329,6.07,1.07,3.77,,,,,,, ,6.77144900793706,0.0119663843485259,91.44501582,0.0,3.9117809460000004,0.000110875,0.0,3.9364507050000004,0.706641653,0.0,18.973665961010276
32836,-40.0263713951341,8.61303,456637.1127681,1.31626,37789.9,140.0,3.14,3.06105,2.63,2.0,1.0,,,,,,, ,5.51812428188353,0.0,99.62804705,0.0,0.371952952,0.0,0.0,0.0,0.0,0.0,16.431676725154983
32852,-40.0174176803815,8.74972,1050378.5831055,1.92164,56046.2,134.03,3.06,2.97495,4.61,1.48,2.54,,,,,,, ,11.923847146928,0.0,100.0,0.0,0.0,0.0,0.0,0.0,0.0,0.0,15.165750888103101
32996,-40.1276656733357,11.2312999999999,86303.4889904,1.32746,49697.1,241.32,3.97,3.92438,4.95,3.0,3.0,,,,,,, ,7.82845564266211,0.0269652592469645,100.0,0.0,0.0,0.0,0.0,0.0,0.0,0.0,14.491376746189438
33008,-40.1244318152511,10.6865,131069.7804927,1.11684,39783.6,178.45,3.98,3.92092,0.62,3.0,3.0,,,,,,, ,23.7070230236601,0.0153365721752203,92.54300079,0.0,7.456999206,0.0,0.0,0.0,0.0,0.0,14.491376746189438
33009,-40.1344159105739,17.7203,356135.7769919,4.32866,255683.0,176.37,4.04,3.98891,2.47,3.0,3.0,34.0508410734305,494.93714015967,569.52431418629,12.2285266857207,16.6408997480774,, ,20.4570665408269,0.0153365721752203,89.29401758,0.0,10.70598242,0.0,0.0,0.0,0.0,0.0,19.493588689617926
33010,-40.1357172566957,22.2490999999999,154999.3242765,1.43602,106500.0,178.89,4.04,3.9881,4.46,3.0,3.0,,,,,,, ,20.4306393509203,0.0153365721752203,81.43890527,0.0,18.56109473,0.0,0.0,0.0,0.0,0.0,17.320508075688775
33027,-40.0990114925664,11.6355,388738.4960793,2.7244,105666.0,181.74,3.71,3.65623,3.82,2.71,2.85,,,,,,, ,4.58295591995976,0.0056008724318617,74.63018914,0.0,0.004744016,0.0,0.0,25.36506685,0.0,0.0,17.320508075688775
33033,-40.1105858382466,10.4816,178832.4666256,1.47536,51547.4,161.62,3.86,3.80908,1.62,2.36,1.73,,,,,,, ,27.5121003817219,0.0,99.912611,0.0,0.087388997,0.0,0.0,0.0,0.0,0.0,15.491933384829668
33062,-40.2186856298585,22.032,164669.0579582,2.31361,169911.0,99.07,4.43,4.22913,2.44,3.0,3.0,15.787743916698,489.327447255961,513.437932724028,9.88301079565657,20.0179782849205,, ,10.9568435919583,0.0,100.0,0.0,0.0,0.0,0.0,0.0,0.0,0.0,15.165750888103101
33063,-40.2152899148767,22.9858,2877822.1692515,1.17459,89996.2,80.09,4.37,4.18451,4.89,3.0,3.0,,,,,,, ,12.4535309466836,7.16550063570795e-07,99.93892308,0.0,0.061076923,0.0,0.0,0.0,0.0,0.0,17.320508075688775
33065,-40.2131034970892,17.1528999999999,77932.0593117999,1.12209,64156.7,100.0,4.33,4.14253,1.55,3.0,3.0,,,,,,, ,8.77463063084259,0.0003378117120692,77.6797962,0.0,0.0,0.0,0.0,22.3202038,0.0,0.0,13.416407864998739
33083,-40.2091231297109,11.0794,82004.9026136,1.25861,46482.0,113.01,4.27,4.07723,5.3,3.0,3.0,,,,,,, ,10.890984603639,0.0,100.0,0.0,0.0,0.0,0.0,0.0,0.0,0.0,15.491933384829668
33085,-40.2155399856496,9.5054,853396.4254448,1.24375,39407.8,34.03,4.33,4.13613,7.38,2.72,3.13,,,,,,, ,12.6298796089569,0.0,94.22809785,0.0,0.0,0.0,0.0,5.771902145,0.0,0.0,15.811388300841896
33095,-40.2044039310148,25.5733999999999,1280244.9487002,1.11384,94949.2,78.71,4.3,4.11488,9.07,1.11,3.94,,,,,,, ,10.3644169999632,0.0004211176531237,77.14909806,0.0,0.0,0.0,0.0,22.85090194,0.0,0.0,13.784048752090222
33101,-40.2060142270709,5.25037,242812.8640405,1.20483,21086.0,40.33,4.23,4.03547,5.74,1.0,4.0,,,,,,, ,9.15910421199974,0.0,67.14973542,0.0,17.53738944,0.062839387,0.0,15.25003575,0.0,0.0,15.165750888103101
33117,-40.1960480762553,7.28019,1173030.8477088,1.47221,35726.6,26.11,4.31,4.16655,10.19,3.0,3.04,,,,,,, ,26.6521022647316,0.0153365721752203,100.0,0.0,0.0,0.0,0.0,0.0,0.0,0.0,14.832396974191326
33133,-40.1782662562528,25.9938,444075.8718627,1.49835,129826.0,83.57,4.26,4.16595,11.55,3.0,3.22,,,,,,, ,25.5249491486354,0.0153365721752203,96.67362501,0.0,3.32637499,0.0,0.0,0.0,0.0,0.0,15.491933384829668
33143,-40.1665446381232,22.5605,318670.6108711,2.02753,152474.0,159.72,4.28,4.23944,7.26,1.0,4.0,,,,,,, ,22.8910583179023,0.0153365721752203,87.04591122,0.0,12.95408878,0.0,0.0,0.0,0.0,0.0,14.832396974191326
33151,-40.155854433667,22.9795,77530.8925676,1.35101,103485.0,198.81,4.24,4.21005,3.43,3.0,3.0,,,,,,, ,18.0918867884354,0.0153365721752203,89.7830151,0.0,10.2169849,0.0,0.0,0.0,0.0,0.0,13.416407864998739
33152,-40.1552842586255,11.5322,199652.894267,2.47404,95103.6,197.57,4.24,4.21908,3.2,3.0,3.03,,,,,,, ,25.3541097263071,0.0,99.12454329,0.0,0.875456711,0.0,0.0,0.0,0.0,0.0,19.748417658131498
33158,-40.1642874215129,11.9158,112467.5066703,1.59919,63518.9,202.37,4.29,4.24077,7.38,1.86,4.0,,,,,,, ,19.2595548199503,0.0132257994095484,77.7860463,0.0,11.3903327,0.0,0.0,10.823621,0.0,0.0,17.88854381999832
33189,-40.0898285564354,11.4257,38748.8872302,1.07905,41096.3,215.54,3.72,3.69705,3.97,3.0,3.0,,,,,,, ,7.09807983246009,0.0269652592469645,100.0,0.0,0.0,0.0,0.0,0.0,0.0,0.0,14.491376746189438
33228,-40.0934405429705,22.4441999999999,393235.3932625,1.55402,116263.0,195.98,3.73,3.70582,6.79,2.8,3.09,,,,,,, ,6.78796461409112,0.0091959640253355,100.0,0.0,0.0,0.0,0.0,0.0,0.0,0.0,15.811388300841896
33230,-40.087587695223,22.5977,205733.8300694,1.19223,89805.6,202.78,3.67,3.64722,6.37,3.0,3.0,,,,,,, ,6.11543832495452,0.0078087941577046,89.37460309,0.0,3.488969269,7.136427644,0.0,0.0,0.0,0.0,15.491933384829668
33237,-40.0810878314841,11.7143999999999,251345.4038965,1.06635,41639.0,234.35,3.66,3.62567,4.98,3.0,3.0,,,,,,, ,5.85091780085914,0.0,100.0,0.0,0.0,0.0,0.0,0.0,0.0,0.0,13.416407864998739
33269,-40.0670954277372,21.7087,841265.2815887,1.19847,86724.0,159.94,3.52,3.46798,3.41,1.96,2.48,,,,,,, ,5.43962782759989,0.0,89.64417874,0.0,10.35582126,0.0,0.0,0.0,0.0,0.0,15.811388300841896
33287,-40.068142197282,21.128,802927.9868848,5.01728,353350.0,181.63,3.59,3.58215,3.19,3.0,3.0,42.249701918034,566.760499072108,573.386011909293,14.9312400003339,12.8426269072839,, ,16.7211469831002,0.0030786556098287,99.98785549,0.0,0.0,0.0,0.0,0.012144508,0.0,0.0,18.973665961010276
33288,-40.0615617605471,22.8548,145510.8279784,1.02835,78342.5,219.62,3.58,3.59633,5.34,3.0,3.0,,,,,,, ,15.1743448606225,0.0,100.0,0.0,0.0,0.0,0.0,0.0,0.0,0.0,15.165750888103101
33293,-40.0589799903153,20.89,1160139.3501524,2.07108,144216.0,177.92,3.52,3.48498,1.67,2.99,2.98,,,,,,, ,25.7063633351457,0.0146861475172165,100.0,0.0,0.0,0.0,0.0,0.0,0.0,0.0,17.320508075688775
33307,-40.1409555583761,10.9309999999999,46438.2715979,1.30654,47606.2,200.0,4.17,4.15289,1.19,3.0,3.0,,,,,,, ,20.9651772770547,0.0,76.13433517,0.0,0.0,23.86566483,0.0,0.0,0.0,0.0,14.491376746189438
33309,-40.1350722290427,21.4639999999999,1301268.911928,10.9432,782954.0,181.91,4.08,4.0604,4.07,3.0,3.0,30.8554170103469,492.816395896204,561.470753104867,12.2969539043643,19.8571346168264,12.3538686666667,Long Range Lake,21.4679815790447,0.001035556101409,83.0108162,0.0,16.446770051,0.542413755,0.0,0.0,0.0,0.0,23.49468024894146
33336,-40.1015826388363,22.3536,550585.5271258,2.41195,179720.0,179.13,3.85,3.82893,6.42,3.0,3.3,,,,,,, ,12.057764370071,0.0,93.39776096,0.0,4.932711812,0.049149633,0.0,1.620377594,0.0,0.0,17.029386365926403
33337,-40.1090876396564,21.4723,3872534.4766999,1.97903,141648.0,178.56,3.92,3.90072,7.81,2.89,3.01,,,,,,, ,22.5930972628852,0.0,94.99104139,0.0,1.636900112,0.0,0.0,3.372058501,0.0,0.0,15.811388300841896
33392,-40.0889682490479,22.3507,125900.9027911,3.02986,225731.0,421.7,4.18,4.33638,2.06,3.0,3.72,,,,,,, ,6.45224774710471,0.0,65.39748954,0.0,0.0,0.0,0.0,34.60251046,0.0,0.0,17.029386365926403
33427,-40.0515595727198,8.5489,228295.92657,1.37271,39117.3,179.71,3.54,3.55393,0.26,3.0,3.0,,,,,,, ,7.27293559271147,0.0,91.39020537,0.0,8.609794629,0.0,0.0,0.0,0.0,0.0,16.1245154965971
33429,-40.0488362680603,8.5489,510205.875905,3.23809,92273.6,178.76,3.52,3.52998,0.25,2.94,2.89,,,,,,, ,6.05637298818235,0.0,89.07329049,0.0,10.92670951,0.0,0.0,0.0,0.0,0.0,17.320508075688775
33437,-40.0522270318304,20.8523,451999.401513,1.74613,121369.0,185.21,3.62,3.62845,6.61,2.97,2.98,,,,,,, ,6.21429817759536,0.0,100.0,0.0,0.0,0.0,0.0,0.0,0.0,0.0,17.320508075688775
33553,-39.9656475682973,20.6162999999999,171737.976145,1.30489,89673.4,180.22,3.09,3.1217,0.22,3.0,3.0,,,,,,, ,11.5160727359057,0.14994223307625,100.0,0.0,0.0,0.0,0.0,0.0,0.0,0.0,16.431676725154983
33594,-40.0039476694445,13.8981999999999,124310.7931846,1.07218,49670.9,178.2,3.13,3.13522,7.57,1.0,4.0,,,,,,, ,12.6036057446267,0.0,95.20211489,0.0,0.0,0.0,0.0,4.797885106,0.0,0.0,13.416407864998739
33597,-39.9992828545881,11.135,286648.93621,2.07133,76881.2,147.44,2.98,2.92813,3.83,1.0,3.47,,,,,,, ,12.6652046685282,0.0,100.0,0.0,0.0,0.0,0.0,0.0,0.0,0.0,14.832396974191326
33601,-40.0165206904271,10.6450999999999,83186.9294985,1.01588,36047.3,180.0,3.15,3.10725,3.57,3.0,3.0,,,,,,, ,14.5361542293907,0.0,100.0,0.0,0.0,0.0,0.0,0.0,0.0,0.0,14.491376746189438
33606,-40.011309460485,11.5031,121797.7324326,1.90096,72889.7,162.69,3.09,3.05407,2.26,3.0,3.0,,,,,,, ,12.592869089113,0.0,85.64204189,14.35795811,0.0,0.0,0.0,0.0,0.0,0.0,17.029386365926403
33614,-40.0424227253951,21.3621,233125.8820276,1.58668,112982.0,157.78,3.32,3.27623,2.76,3.0,3.0,,,,,,, ,5.64230106889457,0.0,100.0,0.0,0.0,0.0,0.0,0.0,0.0,0.0,15.811388300841896
33622,-40.0213464418134,10.9113,302642.151959,1.3268,48256.9,156.32,3.22,3.18443,3.92,3.0,3.0,,,,,,, ,16.3619914027867,0.0,100.0,0.0,0.0,0.0,0.0,0.0,0.0,0.0,17.029386365926403
33638,-40.0255256776333,11.8833,147640.1572254,1.78059,70530.9,178.26,3.32,3.3001,3.61,2.9,2.95,,,,,,, ,14.8423378750723,0.0,100.0,0.0,0.0,0.0,0.0,0.0,0.0,0.0,15.165750888103101
33651,-39.9970358013647,23.3829999999999,206121.2085256,1.58978,123913.0,116.72,2.98,2.90131,2.13,2.45,1.91,,,,,,, ,14.8439043449225,0.0,90.72229992,0.0,9.277700081,0.0,0.0,0.0,0.0,0.0,14.2828568570857
33652,-40.0020082244718,23.1010999999999,278500.2553627,1.16614,89797.3,119.94,3.01,2.95931,3.37,2.67,2.34,,,,,,, ,16.102276079793,0.0,98.41278765,0.0,1.587212353,0.0,0.0,0.0,0.0,0.0,16.1245154965971
33672,-40.0081499483991,11.0919,91406.0102912,1.20596,44587.9,210.37,3.23,3.23835,3.19,3.0,3.0,,,,,,, ,18.4865909708519,0.0,95.34332573,0.0,4.656674272,0.0,0.0,0.0,0.0,0.0,14.142135623730951
33732,-39.9834338459935,11.9382,3541589.6374257,2.33708,93001.8,117.94,2.91,2.85437,5.22,2.07,2.61,,,,,,, ,15.8606076778057,0.0,96.66569193,0.0,1.521014757,0.0,0.0,1.8132933119999999,0.0,0.0,14.696938456699069
33734,-39.9869147856046,23.9202,199744.2662277,1.22282,97500.2,119.72,2.93,2.87375,5.39,2.91,2.82,,,,,,, ,18.6976164895031,0.0,100.0,0.0,0.0,0.0,0.0,0.0,0.0,0.0,15.811388300841896
33735,-39.9916744723502,22.9162,291116.8346758,1.52527,116511.0,150.81,3.09,3.08587,5.12,3.0,3.0,,,,,,, ,18.5324307056053,0.0,99.91397475,0.0,0.086025254,0.0,0.0,0.0,0.0,0.0,15.165750888103101
33779,-39.9577640073895,11.3667,118330.0149658,1.19379,45231.2,174.83,2.93,2.92703,2.3,2.0,1.0,,,,,,, ,17.5319252282747,0.0,100.0,0.0,0.0,0.0,0.0,0.0,0.0,0.0,15.165750888103101
33781,-39.9570054337961,21.5592,124258.9957946,1.33568,95987.2,177.26,2.95,2.94092,8.22,2.0,1.0,,,,,,, ,12.6599414350312,0.0,70.81499306,0.0,0.0,0.0,0.0,29.18500694,0.0,0.0,13.416407864998739
33834,-40.0398002561779,34.4406,1043991.049182,10.7173,1230370.0,183.04,3.56,3.58803,6.03,1.85,2.43,36.9211530895964,512.474392388232,569.286738139616,15.0611829230557,18.0028356052521,23.8596915194805, ,4.96592980727588,0.0,98.5177241,0.815022125,0.0,0.0,0.0,0.667253778,0.0,0.0,25.41653005427767
33862,-39.9976483012803,21.8855,161732.6981413,1.20694,88048.2,212.34,3.3,3.338,9.28,1.0,2.0,,,,,,10.2233795, ,15.4469621037016,0.0,84.05863523,0.0,0.0,0.0,0.0,15.94136477,0.0,0.0,15.811388300841896
33865,-40.015591293415,11.2312999999999,59983.00147,1.39844,52354.4,246.93,3.44,3.49883,5.83,3.0,3.0,,,,,,, ,4.95063500845495,0.0,100.0,0.0,0.0,0.0,0.0,0.0,0.0,0.0,15.811388300841896
33905,-42.0741649811521,26.0473,1254240.6805274,4.90276,425679.0,974.93,4.68,5.43338,25.87,1.0,5.0,37.1121408712264,557.771128812155,571.415263782876,19.8337125186188,19.206698976186,3.97926099325697, ,0.0,0.0,0.0,0.0,0.0,0.0,0.0,10.01902803,1.57444073,0.0,18.973665961010276
33927,-42.0335306708061,27.6421999999999,168220.3974832,1.35287,124654.0,1275.93,5.02,5.89273,20.95,1.0,5.0,,,,,,, ,0.0,0.0,0.0,0.0,0.0,0.0,0.0,0.0,9.473173885,0.0,14.832396974191326
33941,-39.9382427949412,21.21,460320.1797333,1.40443,99293.1,178.37,2.94,2.95755,4.76,3.0,3.0,,,,,,, ,9.62960801450668,0.14994223307625,83.30320521,0.0,1.383799679,0.0,0.0,15.312995102,0.0,0.0,15.491933384829668
33949,-39.9707118285735,11.7536,695224.943659,3.34309,130978.0,180.63,3.18,3.21382,2.06,2.76,2.53,,,,,,, ,9.34690918997298,0.55997319521503,94.06962785,5.930372149,0.0,0.0,0.0,0.0,0.0,0.0,21.213203435596427
33970,-39.9546586836567,21.2925,99297.1343479,1.00253,71154.5,211.95,3.2,3.26952,6.62,2.0,4.0,,,,,,, ,9.36336902478939,0.55997319521503,100.0,0.0,0.0,0.0,0.0,0.0,0.0,0.0,15.491933384829668
34051,-39.6699685177672,18.3648999999999,479079.3475095,3.4804,213057.0,721.08,4.16,4.04167,15.98,1.0,4.0,30.0917571880435,562.449672992364,573.675109007076,22.1995940308883,17.3984614214004,14.42774016666665,Lake Colenso (Kokopunui),0.0,0.0,0.0,0.0,0.0,0.0,0.0,100.0,0.0,0.0,16.73320053068151
34093,-39.7323283036388,23.2826999999999,438891.7697674,1.68256,130582.0,96.47,2.68,2.68842,8.46,3.0,3.0,,,,,,, ,16.5618199976479,0.0164924511274399,98.34722643,0.0,1.652773568,0.0,0.0,0.0,0.0,0.0,15.165750888103101
34118,-39.7077426064404,22.0503,1299056.2471655,4.32035,317550.0,75.7,2.35,2.22537,6.33,2.87,2.75,37.0533352376339,510.434899185146,570.746523041297,11.0282019898815,12.5679548352132,, ,18.0382322374637,0.0,98.90889346,1.091106537,0.0,0.0,0.0,0.0,0.0,0.0,17.60681686165901
34133,-39.7135167164295,11.3571,550116.8308599,1.81819,68831.2,37.42,2.23,2.09068,8.29,1.02,4.0,,,,,,, ,28.2626322868092,0.0008864291226262,93.64640988,2.247210023,0.0,0.0,0.0,4.106380099,0.0,0.0,16.1245154965971
34140,-39.7049048416252,4.83515,164924.752534,1.43048,23055.2,54.43,2.22,2.18073,1.76,2.0,1.0,,,,,,, ,1.83792001008108,0.0,75.13491738,0.0,0.0,0.0,0.0,24.86508262,0.0,0.0,15.491933384829668
34200,-38.9405719750817,17.2882,887467.7050874,1.60318,92386.5,617.75,3.14,3.22272,4.7,1.51,3.0,,,,,,, ,0.0,0.0,0.0,4.226913437,86.11409476,6.814770443,0.0,2.844221359,0.0,0.0,14.142135623730951
34222,-39.0379926955549,25.8566,851859.0171508,2.01501,173671.0,372.2,4.14,4.26641,7.58,2.0,2.0,,,,,,29.271535, ,0.0,0.0,0.0,0.0,100.0,0.0,0.0,0.0,0.0,0.0,17.60681686165901
34298,-41.9438141607369,11.4526,335618.7191595,3.07419,117358.0,197.83,3.9,4.00733,1.45,3.61,2.25,,,,,,, ,0.0,0.0,0.0,0.0,0.0,0.0,20.30165258,75.59017052,0.0,4.108176897,21.6794833886788
34299,-41.9451283807872,23.9208,1951553.792912,43.0053,3429060.0,147.7,3.9,3.99981,7.61,1.88,3.26,35.1999555197896,506.615780628002,568.343700347315,10.4912521517156,10.6657053897239,6.96481366666666, ,0.0,0.0,0.0,0.0,0.394059807,0.0,13.98907968,85.38162428,0.0,0.235236232,31.622776601683793
34301,-41.9337292824512,21.4172,3053710.5089437,4.52464,323017.0,136.88,3.89,3.97331,6.15,2.57,2.78,30.6549501359158,490.073231504526,558.73102473089,11.2393219165235,21.5393881150947,6.3974270067155, ,0.0,0.0,0.0,1.5284002,0.176754295,0.0,9.02815552,88.02925395,0.0,1.237436037,18.708286933869708
34312,-41.9870813125049,0.0,3181879.1183219,2.94979,256114.0,653.28,0.0,4.9989,0.0,0.0,0.0,,,,,,, ,0.0,0.0,0.0,0.0,0.0,0.0,0.0,36.82611067,5.608238892,0.0,0.0
34434,-39.8153999655094,12.4712999999999,181935.3952494,1.60993,66926.4,363.45,3.42,2.98423,16.01,1.0,4.0,,,,,,, ,2.9870267353382,0.0,71.17704467,0.0,0.0,0.0,0.0,28.82295533,0.0,0.0,15.165750888103101
34496,-39.5411347088632,34.4369,301223.6851867,1.00847,115762.0,258.76,3.19,3.02876,14.1,1.65,2.68,,,,,,, ,12.5136861285964,0.0,82.44348902,0.0,0.0,0.0,1.632520052,15.923990932,0.0,0.0,13.038404810405298
34599,-39.6476535507329,13.0645,328898.3915515,6.00449,261487.0,42.29,2.83,2.75133,6.74,2.0,4.0,34.2807076605634,526.565215517496,568.055360476627,10.0628067344886,12.469051797984,14.0484085, ,1.11914309041495,0.0,100.0,0.0,0.0,0.0,0.0,0.0,0.0,0.0,18.439088914585774
34626,-39.6976005821231,21.4602,132763.4869838,2.35944,168781.0,97.69,2.96,2.9172,9.58,2.89,3.1,40.36675246173,528.01729969774,565.946784116503,17.8580830596002,24.4051660638224,, ,2.06100534108038,0.0,93.31811667,0.0,6.681883327,0.0,0.0,0.0,0.0,0.0,16.1245154965971
34653,-38.9872447437958,23.6756999999999,134122.1020973,1.13973,89946.4,212.78,3.77,3.77773,10.64,2.0,2.0,,,,,,, ,3.83095852686882,0.0,96.61818405,3.381815953,0.0,0.0,0.0,0.0,0.0,0.0,13.416407864998739
34663,-39.0449132497776,6.59077,3324729.610586,60.4599,1328260.0,18.35,3.66,3.30855,0.5,1.63,1.8,,,,,,151.557824933333,Te Paeroa Lagoon,2.00979899676269,0.0,54.00934957,30.27585352,0.0,1.385249744,0.0,0.0,14.32954717,0.0,37.416573867739416
34664,-39.0507964836719,4.98134,131586.4010393,1.15001,19095.3,7.63,3.81,3.4955,0.53,3.0,4.0,,,,,,, ,1.79385095679673,0.0,0.0,31.95448639,0.0,48.51481025,0.0,9.59167694,9.939026422,0.0,15.491933384829668
34665,-39.0447985259931,2.74974,37005502.211787,474.887,4352720.0,20.48,3.73,3.40401,3.23,1.79,1.97,30.4024970145977,540.266741804892,569.854219546423,10.1773190959562,15.3791001259371,122.646736666667,Whakaki Lagoon,2.34240644667199,0.0,68.260965046,10.87445418,11.951134903000002,4.32218743,0.0,1.525517566,3.065740865,0.0,66.74578638386096
34666,-39.0501261572773,6.99807,67255301.1233831,6.55444,152895.0,1.96,3.84,3.55476,6.63,2.25,2.31,33.1333191783214,502.537674064902,570.144627108618,10.6889008484736,13.586273105393,62.0717428, ,2.90119067354609,0.0,63.757766227999994,4.844183684,21.006933877999998,2.871408144,0.413399333,5.459160052,1.647148687,0.0,22.360679774997898
34667,-39.0511804487022,2.96199,281532.4074754,1.02647,10134.6,1.27,3.85,3.5536,0.24,3.0,4.0,,,,,,, ,2.38494924835417,0.0,0.0,0.900316358,0.0,69.7436114,0.0,0.0,29.35607224,0.0,22.135943621178654
34668,-39.0510683553581,5.29629,752606.3012704,9.12038,161014.0,8.16,3.86,3.5793,2.71,3.0,4.0,25.2823869077368,493.984712712046,534.965216882962,14.1323759309441,19.3269567909116,16.3210826666667, ,2.33368009177346,0.0,80.964806179,0.0,0.0,0.0,0.0,1.741402538,17.29379129,0.0,30.199337741083
34669,-39.0449348308493,8.05906,60763539.4477251,4.66159,125227.0,2.3,3.82,3.52494,6.46,2.18,2.24,,,,,,, ,2.95656134199806,0.0,62.175398538,5.201907241,23.436383255000003,2.740179627,0.380160266,4.601420798,1.464550278,0.0,23.065125189341593
34688,-38.8695033166745,19.7085,3251422.251769,23.8454,1566520.0,474.56,4.7,4.82772,9.99,1.99,1.99,37.1325796971807,504.333798999349,567.166190793074,14.0993015740827,8.94334763392085,6.036002435231435, ,1.46240682824821,0.0002519774322712,14.33478612,1.942500429,13.312320655999999,0.572492653,0.0,69.837900148,0.0,0.0,36.91882988394946
34689,-38.865499359144,19.6552,1494778.76687,15.3389,1004970.0,464.68,4.71,4.82601,7.3,1.96,1.96,31.3984609680531,517.316214121837,569.958791276465,8.25859636906996,10.1975104143738,5.98593166666667, ,0.127568360520757,0.0002519774322712,1.123482991,0.0,3.0219008080000003,0.159127132,0.0,95.69548907299999,0.0,0.0,28.0
34690,-38.8628342721442,19.2321999999999,519957.5671866,6.01513,385613.0,511.73,4.74,4.88213,6.97,1.95,1.95,,,,,,8.67551831674317, ,0.516501606983627,0.0002519774322712,0.0,0.0,8.553814791,5.183009002,0.0,86.263176213,0.0,0.0,22.0
34726,-39.9273523015622,11.6113,208458.3773424,1.37468,53206.1,188.45,2.61,2.49888,6.49,1.08,3.74,,,,,,, ,14.1278505845492,0.0,93.27250143,0.0,0.0,0.0,0.0,6.727498572,0.0,0.0,20.493901531919196
34740,-39.842174711811,8.34076,13196650.6500228,1.03028,28644.3,208.27,2.6,2.27672,2.62,1.98,1.04,,,,,,, ,16.4396084657497,0.125077404640463,94.73770936,0.0,0.757039784,0.0,0.0,4.505250855,0.0,0.0,20.493901531919196
34742,-39.8595044624775,12.0183,76426.8513181,1.69145,67761.2,180.69,2.52,2.26334,2.04,2.0,1.0,,,,,,, ,9.46090300758527,0.0160901781347278,81.66592465,0.0,0.0,0.0,0.0,18.33407535,0.0,0.0,20.493901531919196
34744,-39.8435765506131,8.5489,124058.2250032,1.13758,32416.9,191.22,2.52,2.25883,0.36,0.93,0.46,,,,,,, ,14.0046799481114,0.0,95.72025052,0.0,0.0,0.0,0.0,4.279749478,0.0,0.0,20.493901531919196
34895,-39.8178341675037,19.1493,157535.2220904,1.96013,125117.0,212.67,2.53,2.3124,2.81,2.0,1.0,37.1768287147697,487.336136847974,564.935603834812,15.773953068171,21.1430026995709,, ,11.7968343246098,0.0160901781347278,100.0,0.0,0.0,0.0,0.0,0.0,0.0,0.0,20.493901531919196
34942,-39.7752148900756,12.6699,55728.2449335,1.15423,48746.7,268.65,2.62,2.50268,2.88,2.0,1.0,,,,,,, ,2.82975997094423,0.0,74.68914956,0.0,25.31085044,0.0,0.0,0.0,0.0,0.0,20.493901531919196
34979,-39.7381251243518,12.6195,188505.7604485,1.45174,61067.7,352.3,2.76,2.65517,5.36,2.0,1.0,,,,,,, ,26.0777568491804,0.256578712963909,100.0,0.0,0.0,0.0,0.0,0.0,0.0,0.0,20.493901531919196
35180,-39.6200596093573,18.8211,234645.8422587,1.2922,81068.9,522.98,3.37,3.23703,12.48,1.78,2.43,,,,,,, ,3.64801554538349,0.0,53.38983448,0.0,0.0,0.0,0.0,46.610165519999995,0.0,0.0,20.493901531919196
35312,-39.9389776628359,20.5570999999999,222482.9716718,1.87432,128435.0,140.51,2.66,2.56586,3.13,1.0,4.0,,,,,,, ,1.24052149288202,0.0,70.61606054500001,0.0,29.38393945,0.0,0.0,0.0,0.0,0.0,20.493901531919196
35328,-39.9364595810421,21.8458,522867.1748552,2.61553,190461.0,110.3,2.58,2.45563,2.94,1.64,2.05,5.53827304926836,480.288381362995,490.893430271532,11.962518900438,35.8851916502914,, ,34.9478486242843,0.0124307585932482,95.67928769,0.0,3.060053441,0.0,0.0,1.260658869,0.0,0.0,15.811388300841896
35406,-39.862369192274,24.1835999999999,1118236.5649277,1.30456,105164.0,95.44,2.36,2.23942,7.2,3.44,4.0,,,,,,, ,14.8184685533226,0.0036518841439755,85.10330076,0.0,8.68671002,0.0,0.0,6.209989223,0.0,0.0,14.832396974191326
35422,-39.9213850793144,23.0864,1287548.647549,30.98,2384060.0,175.89,2.82,2.82566,3.05,2.22,3.37,36.6027826131596,494.414944541951,570.542088100035,13.7360363526948,14.641758920177,12.87049,Horseshoe Lake,6.6616573316091,0.14994223307625,83.9320667,0.0,2.165621456,0.0,0.0,13.90231184,0.0,0.0,28.142494558940577
35424,-39.915363650351,21.2271,1368378.2209474,4.21947,298557.0,176.02,2.78,2.79106,3.7,2.29,3.42,,,,,,, ,6.60179825338899,0.14994223307625,76.42030961,0.0,1.572028247,0.0,0.0,22.00766214,0.0,0.0,23.45207879911715
35438,-39.9242703754921,21.0482,129674.2952493,1.15538,81061.9,179.99,2.84,2.8491,5.54,2.05,1.1,,,,,,, ,11.1084028945958,0.14994223307625,100.0,0.0,0.0,0.0,0.0,0.0,0.0,0.0,13.784048752090222
35441,-39.9094362037184,22.2490999999999,1253317.6008557,1.37356,101868.0,178.84,2.74,2.73735,3.6,2.73,2.46,,,,,,, ,11.593425319765,0.14994223307625,97.72090537,0.0,0.710243154,0.0,0.0,1.568851476,0.0,0.0,15.165750888103101
35479,-39.9268404105404,20.8561,1014263.9228186,1.07707,74878.4,201.32,3.1,3.18585,4.64,2.76,3.23,,,,,,, ,10.3488864977888,0.265825711860071,98.09899356,0.0,1.901006439,0.0,0.0,0.0,0.0,0.0,14.142135623730951
35496,-39.8951902078569,15.0678,1124587.7549467,1.65291,83019.2,185.4,2.8,2.84201,4.99,1.52,1.79,,,,,,, ,11.2346407019658,0.0032572881260166,94.82190684,0.0,0.74835548,0.0,0.0,4.429737685,0.0,0.0,13.784048752090222
35530,-39.8633814287606,19.2471,159323.0934996,1.41476,90767.1,210.46,2.7,2.75102,6.96,2.0,4.0,,,,,,, ,11.3506021252881,0.0070264565050864,75.12797018,6.841840566,7.658231772,10.37195748,0.0,0.0,0.0,0.0,14.491376746189438
35555,-39.8802774416283,23.3863999999999,184588.0670824,1.86667,145516.0,211.38,2.77,2.82917,5.47,1.27,3.18,,,,,,, ,8.90829899180399,0.0070264565050864,73.28308097,0.0,0.0,0.0,0.0,26.71691903,0.0,0.0,15.165750888103101
35590,-39.8433797985374,11.0202,89743.9703074,1.5784,57981.0,203.58,2.63,2.6877,4.73,3.0,3.0,,,,,,37.098334, ,0.0,0.0,0.0,0.0,100.0,0.0,0.0,0.0,0.0,0.0,15.491933384829668
35606,-39.8172464461794,21.8263,1517672.8265829,8.06236,586571.0,74.56,2.28,2.13403,5.68,2.92,2.38,,,,,,, ,24.5916211791652,0.0104710609731226,92.14785937,5.131154539,0.005902512,0.0,0.0,2.715083582,0.0,0.0,21.6794833886788
35645,-39.7806461616934,15.8854,80321.8440134,1.71904,91025.1,101.26,2.32,2.21255,6.67,1.58,3.99,,,,,,, ,8.48565894293717,0.0,100.0,0.0,0.0,0.0,0.0,0.0,0.0,0.0,19.493588689617926
35646,-39.7679187344213,22.2683,1240700.7901672,6.50992,483215.0,259.01,2.64,2.62248,9.08,3.83,3.83,33.2845394825583,492.76921224796,557.062762542054,11.5689684498157,18.7953499465165,18.00931583333335, ,17.4073496382898,0.0,100.0,0.0,0.0,0.0,0.0,0.0,0.0,0.0,20.0
35656,-39.7454401722975,22.4958999999999,1154305.3256173,1.3002,97497.2,159.54,2.42,2.35158,6.13,3.56,3.56,,,,,,, ,17.086385680203,0.0,94.28999483,0.0,5.710005172,0.0,0.0,0.0,0.0,0.0,20.0
35662,-39.7817460444966,8.94909,57464243.860438,103.528,3088280.0,0.4,2.05,1.86648,7.09,2.51,2.59,29.2488477225465,498.853231329975,553.253568368338,12.3098172549938,14.9547093816983,67.8058223333333,Lake Poukawa,16.8283038224559,0.0105953406639946,95.62099161,1.614440137,1.728418555,0.0,0.0,0.952270946,0.0,0.083878751,39.68626966596886
35767,-39.7334584732524,15.6557,1593620.9301377,1.49156,77838.4,57.75,2.15,2.10065,12.12,4.0,4.0,,,,,,, ,7.76740253147506,0.0,100.0,0.0,0.0,0.0,0.0,0.0,0.0,0.0,21.908902300206645
35802,-39.6192230833735,16.8246,129967.498304,1.00431,56323.6,60.08,2.76,2.62777,9.48,3.0,3.0,,,,,,, ,2.63972134265378,0.0,100.0,0.0,0.0,0.0,0.0,0.0,0.0,0.0,21.908902300206645
35867,-39.8375671371166,11.9902,351800.0921129,1.00219,40054.7,37.87,2.78,2.71088,7.15,1.0,4.0,,,,,,, ,0.724662281379324,0.0146675547654468,7.280951995,0.0,88.2629446,0.0,0.026997597,0.0,4.42910581,0.0,21.908902300206645
35933,-39.0905704741071,3.08522,116597.661111,1.45976,15012.2,17.55,3.77,3.4495,0.24,2.0,2.0,,,,,,, ,4.3246713354143,0.0005151071261851,80.95667219,0.692091414,0.0,0.0,0.0,18.35123639,0.0,0.0,21.447610589527216
35958,-42.2427706683519,27.4128,428511.1912977,1.65825,151524.0,1091.91,3.76,4.15053,24.25,1.0,5.0,,,,,,7.38419996666022, ,0.0,0.0,0.0,0.0,0.0,0.0,0.0,48.72724621,0.0,0.0,21.447610589527216
35963,-42.2239169299741,27.6421999999999,355022.0815991,3.93514,362586.0,1385.5,4.38,4.9784,21.61,1.0,5.0,27.4878719129159,493.686405616328,546.175542021917,10.1061358170958,19.4525283121977,5.63658144260952, ,0.0,0.0,0.0,0.0,0.0,0.0,0.0,0.0,0.0,0.0,21.447610589527216
35965,-42.1995248640847,27.4128,775055.4631087,1.23503,112852.0,1179.72,3.75,4.23663,25.81,1.0,5.0,,,,,,, ,0.0,0.0,0.0,0.0,0.0,0.0,0.0,6.873436432,0.0,0.0,17.320508075688775
35966,-42.1945232793355,27.6421999999999,223282.1179683,1.01249,93291.3,1313.97,4.06,4.67071,25.19,1.0,5.0,,,,,,, ,0.0,0.0,0.0,0.0,0.0,0.0,0.0,0.0,0.0,0.0,17.320508075688775
35967,-42.2093408563008,26.0473,366408.4675168,1.02423,88928.2,1235.72,3.95,4.48593,22.36,1.0,5.0,,,,,,, ,0.0,0.0,0.0,0.0,0.0,0.0,0.0,0.222343173,0.0,0.0,17.320508075688775
35968,-42.2014981743136,27.4128,455810.3354787,1.96019,179114.0,1175.29,3.87,4.35345,32.01,1.0,5.0,31.518934598239,497.366724178226,569.710142662252,9.42241120108148,15.9626846743198,, ,0.0,0.0,0.0,0.0,0.0,0.0,0.0,21.01748956,0.0,0.0,17.320508075688775
35969,-42.1932105571034,26.0473,370113.906785,1.21511,105501.0,1263.5,3.96,4.49248,23.33,1.0,5.0,,,,,,, ,0.0,0.0,0.0,0.0,0.0,0.0,0.0,0.0,0.0,0.0,17.320508075688775
35973,-42.1742262340962,27.4128,705019.7753003,3.40779,311390.0,1261.88,4.24,4.82515,25.09,1.0,5.0,19.4007584766185,487.884936295163,499.683427153688,11.4879504493319,21.5130583153749,5.6060515982231, ,0.0,0.0,0.0,0.0,0.0,0.0,0.0,0.0,0.0,0.0,17.320508075688775
35974,-42.2127888118227,27.6421999999999,1630768.9191603,6.58274,606539.0,1078.67,4.09,4.53556,31.06,1.0,5.0,39.436166686281,560.329540374382,572.731818251308,12.6042197469103,18.577766700836,3.97621813374711, ,0.0,0.0,0.0,0.0,0.0,0.0,0.0,17.39086651,0.0,0.0,21.447610589527216
35975,-42.1972941453613,26.2887999999999,875678.7160468,6.53509,572665.0,1195.94,4.13,4.57967,17.18,1.0,5.0,38.8122834757452,492.527161926641,573.1738503734,10.9552667428306,17.732288849929,, ,0.0,0.0,0.0,0.0,0.0,0.0,0.0,0.0,0.0,0.0,17.88854381999832
35976,-42.1900201017719,27.6421999999999,564849.3230528,3.15186,290414.0,1289.92,4.42,5.0439,23.74,1.0,5.0,36.3147634598389,494.19620954032,568.282934464385,13.3551316758202,14.9880366536933,, ,0.0,0.0,0.0,0.0,0.0,0.0,0.0,0.0,0.0,0.0,17.029386365926403
36025,-46.2745696922564,22.6643,316524.7376229,3.97937,300633.0,236.61,4.56,4.56702,10.38,3.16,3.68,39.0884481657811,486.48263957252,574.02147283167,12.6663306470942,25.2765298667377,, ,16.9316718053575,0.0461993829641733,92.87974948,0.0,7.120250522,0.0,0.0,0.0,0.0,0.0,18.439088914585774
36030,-46.2919748715464,24.053,384627.4715375,1.15728,92786.9,307.35,4.79,4.87862,3.32,3.83,2.33,,,,,,, ,11.9747318858777,0.0,91.88695076,6.018373316,2.09467592,0.0,0.0,0.0,0.0,0.0,13.416407864998739
36032,-46.284850005496,25.1892,404088.3697691,2.55982,214932.0,309.16,4.73,4.82693,2.46,4.0,2.0,,,,,,, ,20.0010204850117,0.0461993829641733,100.0,0.0,0.0,0.0,0.0,0.0,0.0,0.0,15.165750888103101
36033,-46.2823002808622,12.4387,983422.2022546,1.74209,72231.4,310.66,4.73,4.8321,6.65,3.79,2.4,,,,,,, ,20.7332512559493,0.0461993829641733,99.95690693,0.0,0.043093074,0.0,0.0,0.0,0.0,0.0,16.431676725154983
36046,-46.4788488113415,7.18955,214996359.955424,431.83,10348900.0,10.08,5.65,5.37397,10.72,3.1,3.58,21.1105685915222,578.251018550306,580.096005776986,21.0403571445116,46.7844101805843,13.7882074166667,Catlins Lake,7.55049575260494,0.0777275914025175,44.074517549,3.230795668,7.127255246000001,1.502727651,4.080054581,37.688686668,0.0,0.0,64.89992295835181
36088,-39.7282973087107,25.4524,900527.1682958,3.65896,310431.0,91.04,2.43,2.44062,10.2,2.76,3.19,24.682136668634,494.448454236851,534.428193109419,13.0163773557431,14.7830313736147,14.884665, ,1.88536144926383,0.0,74.54997307,0.0,6.642182068,0.0,0.0,18.80784487,0.0,0.0,20.97617696340303
36096,-39.5618174703266,1.8,10685237.017579,85.1493,3915650.0,20.72,3.19,3.0557,6.45,1.35,3.35,28.2988811551466,562.602175575517,572.592014702834,18.151853781258,25.5814036639706,52.116909,Oingo Lake,17.8764999445036,0.0,92.28717748,4.973643676,2.739178843,0.0,0.0,0.0,0.0,0.0,45.89117562233506
36132,-39.6702978745482,24.0123,121096.6734357,1.10987,88834.9,97.55,2.59,2.45892,5.08,2.33,2.47,,,,,,, ,12.3452096267756,0.0190004505621549,96.40410159,0.0,3.595898414,0.0,0.0,0.0,0.0,0.0,16.73320053068151
36136,-39.6634592875903,5.29361,1666478.8277052,1.21285,21401.2,55.82,2.43,2.32046,3.5,2.51,2.02,,,,,,22.67609333333335, ,17.9326996217217,0.0,100.0,0.0,0.0,0.0,0.0,0.0,0.0,0.0,15.491933384829668
36137,-39.6565009789892,17.5139,255014.0919548,1.33829,78129.2,60.04,2.49,2.35965,5.49,2.95,2.9,,,,,,, ,17.4683124546004,0.0,96.4829284,0.0,1.265974526,0.0,0.0,2.251097078,0.0,0.0,12.649110640673518
36152,-39.6596764523125,11.8991,150842.3676756,2.09838,83229.4,57.32,2.44,2.32322,1.72,2.92,2.84,,,,,,, ,15.1278464740413,0.0,100.0,0.0,0.0,0.0,0.0,0.0,0.0,0.0,16.1245154965971
36173,-39.7050839454736,7.16839,152145.8690654,1.05719,25261.1,11.25,1.98,1.87674,0.36,1.0,1.0,,,,,,, ,2.75386493429487,0.0,100.0,0.0,0.0,0.0,0.0,0.0,0.0,0.0,13.038404810405298
36174,-39.7037748275855,3.50705,353656.2903675,1.10203,12882.9,13.05,1.99,1.88238,2.71,2.13,2.13,,,,,,, ,4.06933138771756,0.0,93.36816022,0.0,6.63183978,0.0,0.0,0.0,0.0,0.0,14.491376746189438
36202,-39.6166105180366,11.9133,1932650.6870415,1.24155,49303.2,116.62,2.81,2.7037,5.43,1.4,2.79,,,,,,, ,42.0832322366917,0.025335464342857,98.88814476,0.0,0.0,0.0,0.0,1.111855241,0.0,0.0,17.60681686165901
36215,-39.5812092610712,0.9,8807572.22859199,110.524,9703290.0,38.27,2.95,2.83945,6.88,1.25,3.53,37.6562409651826,499.702012741166,567.829968506189,15.8414747864839,18.4674060105968,56.68685360000005,Runanga Lake,7.51720720917703,0.190302635107646,86.03768997899999,7.37156628,4.80804381,0.0,0.0,1.78269993,0.0,0.0,40.24922359499622
36275,-39.5598891621118,12.5442,4623032.2576466,3.40357,142317.0,40.41,3.09,2.99812,4.24,1.62,2.12,,,,,,, ,8.83707423402864,0.171774350280959,88.54286966,0.639342826,8.834260679,0.0,0.0,1.983526835,0.0,0.0,20.73644135332772
36285,-39.5544254935626,11.907,3524537.152467,20.1756,800772.0,38.09,3.19,3.09125,7.27,1.8,3.43,29.4049752252972,569.18883976297,573.642535460776,15.9072911943984,26.3490326472226,30.40839841666665,Hurimoana Swamp,18.7407933263467,0.0,94.92820922,1.284257547,3.045850616,0.0,0.0,0.741682621,0.0,0.0,27.964262908219126
36314,-39.5716759765775,11.5381,2421877.178166,10.3642,398613.0,39.78,3.08,2.96447,4.96,1.42,3.85,24.7752675917539,493.047001679793,531.303980784568,15.3928011771247,12.8719891428705,12.5215466666667,Kautuku Swamp,18.9707339968381,0.0,98.37465183,0.514529607,1.110818564,0.0,0.0,0.0,0.0,0.0,28.284271247461902
36315,-39.5773897644376,9.86456,404040.1233525,2.44144,80279.0,34.13,3.04,2.92578,5.26,2.0,3.77,38.9126997669838,533.030021027167,573.312703012279,12.8405821094571,10.9166159930273,,Potaka Lake,6.88641281432562,0.0,96.72230275,0.0,2.126206823,1.151490428,0.0,0.0,0.0,0.0,15.165750888103101
36316,-39.6160013429836,3.94613,262915.0613987,1.40353,18461.7,16.12,2.73,2.61423,0.26,2.0,1.0,,,,,,, ,0.0,0.0,35.465361784,0.0,0.0,0.0,0.0,0.0,0.0,64.53463822,14.142135623730951
36343,-39.6511933758545,15.1987,1158821.8449759,6.93319,351252.0,55.22,2.79,2.73062,2.91,2.24,3.75,34.0767632921192,500.187577066888,572.678655382504,10.6721345248086,10.1726393245531,15.74451475, ,14.240785897286,0.0010396735501385,92.44331125,0.0,7.556688754,0.0,0.0,0.0,0.0,0.0,21.908902300206645
36375,-39.6070023176974,2.68885,420863.0197311,1.98498,17791.0,28.67,3.19,3.05052,0.15,2.0,1.0,,,,,,, ,0.392111354556139,0.0,62.13259918,0.0,4.152691559,0.0,0.0,0.0,3.640454792,30.07425448,19.235384061671343
36376,-39.6028095686023,2.83852,5027553.7683073,2.44463,23130.4,29.0,3.29,3.16981,0.45,2.0,1.14,,,,,,, ,2.30080493583182,1.53438674674121e-05,90.245545832,0.866649957,5.542010506,0.112970907,0.0,1.641396122,0.0,1.591426683,20.73644135332772
36377,-39.6045150301809,3.46741,128062.6674161,1.08232,12509.5,28.92,3.27,3.15687,0.08,2.0,1.0,,,,,,, ,0.0,0.0,24.26501304,0.0,0.0,0.0,0.0,0.0,3.657529033,72.07745792,13.784048752090222
36429,-39.5118512418778,18.5326999999999,816658.3320893,2.35781,145655.0,622.45,3.52,3.37965,11.16,2.0,2.0,,,,,,, ,0.0,0.0,45.4820872,0.0,0.0,0.0,0.0,54.517912800000005,0.0,0.0,17.60681686165901
36493,-39.5212893787517,12.0893999999999,93907.6965006,1.36604,55048.6,315.44,3.53,3.58682,3.64,1.0,4.0,,,,,,, ,10.6015534657471,0.104755521632532,100.0,0.0,0.0,0.0,0.0,0.0,0.0,0.0,15.491933384829668
36631,-39.484266820424,11.5173,92334.0648305,1.47803,56742.9,241.32,3.66,3.77078,1.14,1.0,4.0,,,,,,, ,14.4788880080806,0.0,100.0,0.0,0.0,0.0,0.0,0.0,0.0,0.0,14.142135623730951
36741,-39.3631160105535,18.2676,2290525.4462617,5.1475,313441.0,677.9,4.2,4.33131,13.89,1.46,3.06,35.6966039424405,495.743078216079,566.694855429533,12.8404095955774,19.983919126277,, ,0.0,0.0,0.0,0.0,18.3575516,0.0,0.0,81.642448409,0.0,0.0,20.97617696340303
36742,-39.3614620750162,18.0457,1988042.3315255,8.60493,517607.0,677.25,4.19,4.3063,13.88,1.53,2.93,31.0866494887683,514.172292572258,559.876789137757,12.8676559100686,10.8067320269328,5.58365616666666, ,0.0,0.0,0.0,0.0,16.12939374,0.0,0.0,83.870606257,0.0,0.0,21.908902300206645
36776,-39.354868726196,25.8839,107131.0430789,1.78536,154040.0,384.45,4.09,4.2699,3.52,2.0,2.0,36.5950750041317,504.685557077943,572.932471705874,20.1436375207207,12.3773122517978,, ,5.83852527466256,0.0734703248765928,99.20268627,0.79731373,0.0,0.0,0.0,0.0,0.0,0.0,20.493901531919196
36783,-39.2953324740084,17.2882,669642.6139819,1.98626,114463.0,887.54,3.64,3.64892,6.79,2.0,2.0,,,,,,,Lake Horotea,0.0,0.0,0.0,7.455166702,0.0,0.0,0.0,0.0,0.0,0.0,16.431676725154983
36809,-39.5205376786312,11.9244,655960.7057227,1.49558,59446.0,193.79,3.42,3.44735,2.93,1.0,4.0,,,,,,, ,20.1898327988558,0.0118438599607504,91.49557048,0.0,8.504429525,0.0,0.0,0.0,0.0,0.0,13.784048752090222
36889,-39.443278235337,23.1823,1053300.8623993,4.17004,322236.0,219.39,3.74,3.8298,5.26,1.96,4.0,33.9909981450943,523.324622989842,567.277312225554,16.119303825385,15.8566675289695,7.47806487093637, ,9.86140898523485,0.0,95.62742918,0.0,4.372570823,0.0,0.0,0.0,0.0,0.0,18.973665961010276
36891,-39.4476625993752,21.489,2085259.8918655,1.7091,122423.0,179.2,3.67,3.72724,4.6,1.98,4.0,,,,,,, ,10.2395794129362,0.0,96.89584094,0.0,2.110718983,0.0,0.0,0.993440081,0.0,0.0,17.60681686165901
36910,-39.4397865228763,21.6590999999999,395618.2167541,2.05407,148298.0,230.6,3.79,3.86882,6.67,2.0,4.0,,,,,,, ,10.4359442343418,0.0,100.0,0.0,0.0,0.0,0.0,0.0,0.0,0.0,18.973665961010276
36911,-39.4383846914165,11.6184999999999,255206.6746577,1.98676,76943.9,227.13,3.8,3.88923,5.27,2.0,4.0,,,,,,, ,6.60343489430814,0.0,65.19999815,0.0,25.33943364,0.0,0.0,9.460568218,0.0,0.0,18.16590212458495
36918,-39.4379596545258,20.2593,47414.9507676,1.0432,70448.4,184.51,3.78,3.85656,3.37,2.0,1.0,,,,,,, ,8.99205908855847,0.184676701981237,56.05302313,0.0,43.94697687,0.0,0.0,0.0,0.0,0.0,14.142135623730951
36950,-39.3251947694337,24.6556,184793.945983,3.59401,295375.0,255.42,4.4,4.54317,9.03,2.0,2.0,32.9429202779018,554.287983043389,569.180141425481,14.4423891675123,11.4031329631103,22.96545, ,5.5017383434448,0.0,64.68246253,0.0,35.31753747,0.0,0.0,0.0,0.0,0.0,19.235384061671343
36959,-39.4871298229016,2.95894,423221.7115004,4.1692,41121.4,11.37,4.64,4.28696,0.0,2.0,1.0,,,,,,, ,0.0,0.0,79.97315493,20.02684507,0.0,0.0,0.0,0.0,0.0,0.0,22.978250586152114
36960,-39.476779350326,3.26589,1885908.028009,15.0777,164141.0,11.39,4.73,4.35752,0.1,2.0,1.0,37.7633461090802,500.013490049583,570.354146268174,15.4733376803032,19.6073967702937,78.4079706666667, ,0.0,0.0,14.84028969,26.920768451,1.216893693,2.438608566,0.0,0.0,0.0,54.583439590000005,33.58571124749333
36966,-39.3604596296267,7.96741,177693.4939768,1.26297,33542.0,14.11,4.79,4.69062,1.08,1.75,1.72,,,,,,, ,0.658903123523404,0.0,84.25274661,0.0,10.21979371,5.527459681,0.0,0.0,0.0,0.0,17.029386365926403
36979,-39.2363405148704,23.2983,640951.8104267,3.30159,256405.0,168.35,4.88,5.03275,6.65,2.98,3.01,34.5368235024087,524.001772745713,570.771016791405,15.0849304745422,9.37958090401325,,Lake Orakai,6.38095015832069,0.222227081926684,47.36509441,0.0,26.05813208,0.034587799,0.0,26.542185696999997,0.0,0.0,18.16590212458495
36980,-39.2350309834696,0.0,1339415.872994,10.0008,769891.0,169.21,4.94,5.09706,14.44,2.15,3.73,37.0673338707801,532.855150392105,565.510207440485,16.2272379957879,23.0151617918475,11.4800266666667,Lake Waikopiro,6.75687612654279,0.0052111526624402,60.82147593,0.0,9.736697606,0.0,0.0,29.441826469,0.0,0.0,22.135943621178654
36981,-39.2236937299863,52.8781,11847198.674347,169.999,29964100.0,160.37,4.69,4.79117,10.21,2.22,3.39,3.0151686692888,572.029350732491,574.836250629852,12.6182548622858,40.9742529383084,5.882481,Lake Tutira,4.88336841664243,0.0541345556853085,37.77670498,0.0,30.411100378,9.980892348,0.917327512,20.913974785,0.0,0.0,48.95916665957459
37032,-39.5111140572999,10.363,1871354.7954966,3.36541,116253.0,36.94,3.77,3.61395,5.33,1.58,3.17,,,,,,, ,12.8199069167529,0.0,91.38965419,0.0,4.998914294,0.005164741,0.0,0.196482311,0.0,3.409784464,18.16590212458495
37049,-39.4893229416588,6.76527,455854.4934402,3.91803,88354.9,38.62,4.08,3.87888,0.99,1.0,4.0,,,,,,, ,6.70122003688132,0.0,87.03535787,0.0,11.87518778,0.0,1.089454353,0.0,0.0,0.0,18.439088914585774
37120,-39.4275379138625,6.51361,119727.7402394,1.14938,24955.3,17.44,4.22,4.12985,1.67,2.0,1.0,,,,,,, ,19.5467990574071,0.0,97.22304366,0.0,0.0,2.776956345,0.0,0.0,0.0,0.0,14.142135623730951
37201,-39.4084946876888,22.8686,1939110.3850822,2.20294,167928.0,160.24,4.32,4.40547,10.28,2.0,4.0,2.82506477521757,575.375074359497,577.595402564502,10.3390851510075,42.7655324067863,, ,8.74629197166117,0.0717847985140705,92.49999866,0.379537963,6.733660503,0.381834955,0.0,0.004967914,0.0,0.0,15.165750888103101
37202,-39.4064629031433,22.2282,2897631.2825079,3.01382,223306.0,165.25,4.3,4.36035,10.41,2.0,4.0,7.0676498298703,576.717913686001,578.445622830084,14.7864816516852,39.1350544154926,, ,7.80926801014889,0.0708519816440809,83.25413453,0.254407735,7.315950058,0.25594743,0.0,8.919560249,0.0,0.0,16.1245154965971
37203,-39.4075068151164,21.8689,202246.6013357,3.35611,244648.0,192.98,4.4,4.48127,12.61,2.0,4.0,32.4842815234595,495.584574882053,567.898515646898,11.0281616192371,15.9243942135054,, ,7.022161007601,0.117314238445222,66.07672236,0.0,33.92327764,0.0,0.0,0.0,0.0,0.0,16.73320053068151
37224,-39.400430182144,21.7976999999999,460968.4475018,5.77851,419861.0,188.92,4.44,4.53561,11.36,2.0,4.0,36.0026326112963,530.035345878528,571.433581227232,12.7912514477806,11.2107635220445,, ,11.1241504097577,0.118579830422037,100.0,0.0,0.0,0.0,0.0,0.0,0.0,0.0,20.0
37255,-39.1417206187049,18.7780999999999,205923.8771778,1.74297,109099.0,558.73,4.53,4.81868,12.26,2.0,2.0,26.7284520155235,569.728552265329,572.806205286016,5.17100431335516,9.65502294114694,, ,7.97999557446852,0.0351861666969357,92.97172417,7.028275833,0.0,0.0,0.0,0.0,0.0,0.0,19.235384061671343
37268,-38.9648464219303,0.0,8520280.409145,40.2021,3617380.0,731.55,0.0,4.14163,0.0,0.0,0.0,24.4930929743707,491.089086457945,540.725143324079,15.9932612892693,15.3492564427412,,Lake Pouarua,17.4725317492951,0.145043112977437,85.87622645,5.063370105,0.011370242,0.0,0.0,9.049033203,0.0,0.0,0.0
37274,-38.9093424458835,10.3656,826311.0518762,1.13109,39081.6,735.1,4.13,4.12372,5.23,1.26,3.03,,,,,,, ,13.4789428155835,0.142688962368965,18.63918467,7.24629501,0.0,54.42880947,8.267176453,11.4185344,0.0,0.0,21.213203435596427
37296,-39.0729140947215,24.0213,633670.2834936,1.30838,104763.0,402.85,4.21,4.34597,14.45,2.0,2.0,,,,,,, ,0.0,0.0,0.0,0.0,100.0,0.0,0.0,0.0,0.0,0.0,21.213203435596427
37414,-39.1402035684399,22.5173999999999,525156.2810115,1.18458,88912.1,62.76,4.0,3.86772,9.87,3.0,3.0,,,,,,, ,11.4523515780945,0.0,99.85241826,0.0,0.0,0.0,0.0,0.147581739,0.0,0.0,21.213203435596427
37482,-39.0221897930364,26.1919,1263130.8639582,1.10639,96595.3,340.32,3.99,4.09648,6.94,2.0,2.0,,,,,,, ,0.0,0.0,0.0,0.0,100.0,0.0,0.0,0.0,0.0,0.0,21.213203435596427
37529,-38.9435649156405,22.6609,737581.9712415,9.32856,704646.0,394.5,3.94,4.08105,9.55,1.96,2.07,39.4195122150441,522.060417791455,577.528632151124,11.0684457476635,13.7881168411807,18.1594493333333,Lake Rotongaio,5.60209716540798,0.0,85.97166865,0.0,0.0,0.0,0.0,14.02833135,0.0,0.0,24.899799195977465
37530,-38.9478423433612,26.6602999999999,4611191.900686,14.5552,1293490.0,316.01,3.82,3.89226,9.57,1.96,2.07,41.9586437095348,485.323183824478,569.734317660485,12.1067790740605,20.6618175175004,7.695327166666665,Lake Rotoroa,4.88445039575556,0.0,59.38927062,0.0,2.491336975,6.710049664,0.147623129,31.261719607,0.0,0.0,23.2379000772445
37534,-38.9470012859106,26.823,7315838.617947,43.8196,3917910.0,278.49,3.76,3.82604,11.16,1.68,2.64,36.7122202329088,557.758854928428,571.716197459864,13.748352007036,13.5681576199506,6.49469385714286,Lake Rotonuiaha,4.40620832948626,0.0,57.7105991,0.0,2.390091355,5.541194454,0.10168499,34.256430106,0.0,0.0,33.91164991562634
37549,-38.9095064247895,13.2220999999999,320849.9617289,1.32004,58178.7,319.87,3.76,3.87227,8.97,2.0,2.0,,,,,,, ,7.42529395363603,0.0,100.0,0.0,0.0,0.0,0.0,0.0,0.0,0.0,18.973665961010276
37589,-39.1031258915082,11.9697999999999,48783.3848645,1.08676,43361.2,244.45,4.12,4.06062,8.33,3.0,3.0,,,,,,, ,0.115044899182529,0.0587025257751083,2.169437846,0.0,95.39984165,0.0,0.0,2.430720507,0.0,0.0,16.431676725154983
37603,-39.0633897000706,7.19093,868554.6457239,3.72995,89406.0,15.16,3.69,3.25612,4.42,2.87,3.26,,,,,,, ,2.9244025592643,0.0,91.04581731,8.954182687,0.0,0.0,0.0,0.0,0.0,0.0,22.360679774997898
37607,-39.0484565376317,12.1035,2733465.528942,46.8574,1890470.0,18.22,3.63,3.25401,3.98,0.83,3.32,23.5022276440566,552.495526953642,570.844192872822,13.4254975948418,14.9317799631038,77.9172134333334,Ohuia Lagoon,3.36010976689548,0.0,88.02790174,0.0,0.0,0.0,0.0,11.97209826,0.0,0.0,40.792156108742276
37608,-39.0524501907417,4.96486,484506.3316384,1.58105,26165.6,16.26,3.67,3.28408,1.72,0.87,1.71,,,,,,100.269416666667, ,3.60591988974213,0.0,72.39390816,17.28478186,0.0,0.0,0.0,0.0,10.32130997,0.0,14.832396974191326
37609,-39.0475820176967,2.88114,1568835.790354,16.9158,162456.0,21.45,3.65,3.28616,1.13,0.81,1.2,,,,,,,Wairau Lagoon,3.59622195690291,0.0,79.56894317,15.80742242,0.0,0.0,0.0,0.0,4.623634413,0.0,27.712812921102035
37621,-38.989522731993,5.24398,262352.6364267,1.77354,31001.3,13.94,3.3,3.02628,0.73,2.0,1.0,,,,,,, ,10.779711017841,0.137675461988047,85.78750843,14.21249157,0.0,0.0,0.0,0.0,0.0,0.0,20.493901531919196
37622,-38.985773346272,2.96209,2816941.046282,1.02404,10111.0,14.4,3.27,3.01605,3.45,2.38,1.82,,,,,,, ,13.0910133963065,0.137675461988047,98.86703796,0.515447338,0.617514703,0.0,0.0,0.0,0.0,0.0,13.784048752090222
37649,-39.0601408341092,5.79593,627046.1019553,5.34592,103282.0,5.53,4.28,4.16058,0.48,3.0,3.93,24.8378766484182,571.665949438742,579.625092182557,12.0455200020321,16.088053810744,29.5053775333333, ,1.68213221961192,0.0,25.96920489,35.44851632,10.76487943,27.81739936,0.0,0.0,0.0,0.0,20.493901531919196
37660,-39.1325635523709,11.3771,76022.1413507,1.09648,41582.7,160.51,4.76,4.83927,1.4,2.0,1.0,,,,,,, ,6.0700925294684,0.0,67.936005491,0.0,10.15216811,0.0,0.0,21.9118264,0.0,0.0,16.1245154965971
37663,-39.1305174762748,11.9803999999999,45729.4202142,1.04733,41824.7,125.76,4.64,4.67998,7.01,2.0,1.0,,,,,,, ,7.58564652352271,0.0,73.22175732,0.0,26.77824268,0.0,0.0,0.0,0.0,0.0,14.491376746189438
37665,-39.1161666183194,11.3987,274431.5401768,1.3403,50925.5,140.55,4.71,4.79342,2.17,2.0,1.0,,,,,,, ,6.88791806793171,0.0,84.52229325,0.0,0.0,0.0,0.0,15.47770675,0.0,0.0,16.431676725154983
37676,-39.1193139739411,8.47791999999999,92901.957762,2.05832,58167.5,137.54,4.7,4.7781,1.48,2.0,1.0,,,,,,, ,8.9344186167364,0.0,94.63684591,0.0,5.363154092,0.0,0.0,0.0,0.0,0.0,16.1245154965971
37678,-39.1173951758562,9.50304,436751.0790558,2.21498,70163.5,139.41,4.69,4.7752,2.08,2.0,1.0,,,,,,, ,10.8804458581597,0.0,99.19546095,0.0,0.804539049,0.0,0.0,0.0,0.0,0.0,18.973665961010276
37679,-39.1153936129079,22.5761,139737.1590991,1.05548,79428.9,139.88,4.68,4.74251,5.51,2.0,1.02,,,,,,, ,12.0212748664086,0.0,100.0,0.0,0.0,0.0,0.0,0.0,0.0,0.0,16.73320053068151
37685,-39.1121698518686,11.8968,523119.6974007,1.19148,47248.9,141.47,4.73,4.82732,3.19,2.0,1.01,,,,,,, ,12.0212748664086,0.0,100.0,0.0,0.0,0.0,0.0,0.0,0.0,0.0,15.811388300841896
37701,-42.9578275436405,3.39484,561744.4303935,3.83511,43398.7,1.82,2.81,2.11458,0.61,3.27,1.63,,,,,,, ,8.36716674945978,0.531778038502601,75.91540832,0.062028727,0.0,0.0,0.0,13.90180077,10.120762178,0.0,17.60681686165901
37702,-42.9551096495091,2.94427,9452274.3152942,4.48414,44008.4,0.41,2.79,2.1193,1.06,3.52,1.42,,,,,,, ,1.91473997517852,0.531778038502601,17.14454974,0.499175921,0.028177482,0.0,25.33142885,56.039251257,0.957416753,0.0,23.45207879911715
37705,-42.9530601025793,4.2413,6037826.2140185,4.89998,69274.2,8.83,2.81,2.14775,1.27,3.52,1.39,,,,,,, ,0.402722412284536,0.531778038502601,3.598940822,0.7772212329999999,0.044174146,0.0,29.91906916,65.580710556,0.079884085,0.0,21.166010488516726
37717,-42.9466219517856,18.4346,607347.058729,14.8551,912821.0,1378.06,5.27,6.0063,9.16,3.0,4.0,38.6069746953271,565.646182623542,579.810879016625,17.9146728845571,12.8091135320671,,Lake Browning,0.0,0.0,0.0,0.0,0.0,0.0,0.0,0.0,1.315611202,0.0,22.58317958127243
37848,-38.9554703161492,8.35976999999999,201716.991547,1.31049,36518.1,76.38,3.47,3.34065,0.82,2.0,2.0,,,,,,, ,3.99861673444545,0.0,100.0,0.0,0.0,0.0,0.0,0.0,0.0,0.0,20.97617696340303
37855,-38.9202544288566,21.7656999999999,77389613.517797,30.4107,2206360.0,163.19,3.63,3.66469,11.55,1.62,2.58,3.91594122237238,573.334925398626,576.8482485334,10.6606146421249,40.4530459612132,,Lake Ruapapa,7.92060482853997,0.0047791787106856,41.53922005,0.0,2.082545478,0.561514206,0.063756596,55.752963681,0.0,0.0,41.352146256270665
37857,-38.8871357035395,26.8245,645226.6723442,2.26311,202357.0,225.94,3.7,3.80842,14.54,2.0,2.0,,,,,,, ,36.1684563478947,0.0051827247905652,100.0,0.0,0.0,0.0,0.0,0.0,0.0,0.0,18.16590212458495
37868,-38.9563733616746,13.9647,137972.2023391,1.25102,58233.7,98.64,3.55,3.41292,6.01,2.0,2.0,,,,,,, ,8.11735542873573,0.0,99.5677647,0.0,0.0,0.0,0.0,0.432235298,0.0,0.0,12.649110640673518
37892,-38.8857624390103,13.1567,59106.7084351,1.48492,65122.0,325.87,3.77,3.86877,12.54,1.0,1.0,,,,,,, ,4.57923955246045,0.0,99.95862273,0.0,0.0,0.0,0.0,0.041377272,0.0,0.0,15.165750888103101
37988,-38.9218401387584,16.7044,137435.5295842,1.91358,106551.0,134.45,3.6,3.46204,8.63,3.0,3.0,,,,,,, ,2.68559315656109,0.0067901200978998,16.58956556,18.33766058,0.0,0.0,0.0,65.07277386,0.0,0.0,17.029386365926403
37989,-38.9322490092039,12.1065,107209.3405682,1.77969,71819.6,157.4,3.59,3.43636,5.57,3.0,3.0,,,,,,, ,8.04187687070099,0.0,58.66903189,12.80927733,10.94136804,0.0,0.0,17.580322748,0.0,0.0,16.73320053068151
38031,-39.0546182425071,7.14805,878066.0031817,1.03767,24724.3,18.99,4.18,3.9709,7.56,1.45,2.71,,,,,,, ,1.7130086980292,0.0,100.0,0.0,0.0,0.0,0.0,0.0,0.0,0.0,12.649110640673518
38062,-39.0518045513142,0.0,1062211.9780449,1.02878,15477.2,-13.35,0.0,4.06245,0.0,0.0,0.0,,,,,,, ,1.63705738288022,0.0,8.309193897,14.15793455,37.71939472,36.89025411,2.895202174,0.0,0.028020554,0.0,0.0
38075,-39.046932459966,2.91962,252097.9325302,2.89559,28180.1,7.46,4.24,4.11303,0.35,3.0,3.19,,,,,,, ,11.958623332546,0.284853117660339,85.36791302,0.0,0.0,13.96443351,0.0,0.0,0.667653466,0.0,19.235384061671343
38076,-39.0433057320269,2.91962,212316.8843823,2.17464,21163.8,4.63,4.25,4.10571,0.38,3.0,4.0,,,,,,, ,9.53008373924624,0.284853117660339,52.74242021,0.0,0.0,24.17042567,0.0,0.0,23.08715412,0.0,17.320508075688775
38080,-39.0072894610084,5.56486,1013307.1481658,3.42997,63624.3,231.5,4.19,3.98675,0.43,1.08,4.0,,,,,,, ,11.42633004264,0.198198683359891,81.91850612,0.0,0.0,0.0,0.0,18.081493876,0.0,0.0,21.908902300206645
38143,-42.9153266008471,6.08994,2092709.756203,11.0186,223675.0,11.56,2.86,2.28486,6.79,1.21,1.6,,,,,,, ,0.0424139634020349,0.531778038502601,0.379009893,49.559099616000005,0.0,0.0,0.0,50.061890489,0.0,0.0,24.186773244895647
38147,-42.8981837014699,6.87621,476819.1011078,4.71251,108014.0,3.24,2.88,2.33582,8.43,2.28,2.03,,,,,,, ,0.0,0.0,46.80907945,8.943922931,0.0,13.33881969,7.15969481,23.748483117,0.0,0.0,20.396078054371138
38163,-42.9219671009145,22.7256,125672.7848292,1.67944,127221.0,80.25,3.01,2.56658,6.01,1.0,2.0,,,,,,, ,0.0,0.0,0.0,0.0,0.0,0.0,0.0,99.999999996,0.0,0.0,16.1245154965971
38164,-42.922826082636,23.3660999999999,135215.5880599,1.28391,99999.8,82.57,2.99,2.53028,5.9,1.0,2.0,,,,,,17.734945, ,0.0,0.0,0.0,0.0,0.0,0.0,0.0,100.0,0.0,0.0,13.784048752090222
38169,-42.8488156309492,0.0,61784.1049575,2.0395,58075.1,80.77,0.0,2.64178,0.0,0.0,0.0,,,,,,, ,0.0,0.0,0.0,97.22030862,0.0,0.0,0.0,2.779691375,0.0,0.0,0.0
38170,-42.8460542346205,11.0853,348508.7744411,4.16699,153975.0,78.11,3.04,2.63508,1.15,3.0,2.0,30.6578352199475,485.44056236452,564.53170523795,10.5396362203171,21.2397783096569,6.50761166666667,Ogilvie Lagoon,0.0,0.0,0.0,46.71015806,14.46934461,0.0,0.0,38.82049733,0.0,0.0,20.97617696340303
38175,-42.8398501730298,2.80337,403247.8396416,1.36244,12731.4,20.32,2.99,2.59522,0.48,1.0,1.0,,,,,,, ,0.0,0.0,0.0,90.06791128,0.0,0.0,0.0,0.0,9.932088721,0.0,14.832396974191326
38184,-42.8253491419877,8.98333,964070.7165451,1.11566,33407.9,31.4,3.02,2.64675,2.82,3.22,1.77,,,,,,, ,0.0,0.0,0.0,3.915042879,30.27123264,0.0,0.0,65.813724485,0.0,0.0,13.784048752090222
38185,-42.8264291592927,8.94452,1159596.7509234,1.23236,36742.8,31.5,3.02,2.64121,1.84,2.4,1.7,,,,,,, ,0.0,0.0,0.0,30.24750426,22.79655231,0.0,0.166441443,46.789501985,0.0,0.0,16.73320053068151
38196,-42.025847537458,27.4128,523832.2106053,1.65759,151464.0,1100.14,4.65,5.43527,25.17,1.0,5.0,,,,,,4.221206347393565, ,0.0,0.0,0.0,0.0,0.0,0.0,0.0,27.2429542,0.0,0.0,13.784048752090222
38213,-42.0825606882526,22.6173,571216.845927,2.43966,183929.0,224.49,2.07,1.8133,11.01,2.08,3.86,3.70118041234231,574.154175018125,580.668867906311,12.5950971386533,34.488074787383,, ,0.0,0.0,7.176016092999999,0.0,0.0,0.0,1.383831712,81.87225619200001,9.567896008,0.0,16.1245154965971
38228,-37.8815780375787,7.29566,330353.3382282,2.81759,68520.5,-0.08,4.04,3.75895,20.51,2.46,2.92,,,,,,, ,0.168867368100289,0.0,1.988620378,4.647175451,5.040066993,22.48220072,0.015225789,65.82671066,0.0,0.0,25.099800796022265
38230,-37.887748873637,4.00372,4208999.433036,23.8586,318410.0,-0.02,3.95,3.62526,8.65,1.86,2.76,14.7588540579882,563.981164798533,571.500277093915,12.6409599273544,20.7354267683274,, ,10.4823079466985,0.872151715156147,8.333424746,8.005568536,4.804690707,4.110252495,2.941697573,58.269119991000004,0.942781895,12.592464062,38.34057902536163
38233,-38.0276117284693,7.41078,575226.7051404,6.8159,168370.0,17.06,2.4,2.15484,6.15,1.06,3.06,23.8725646404479,546.000459366207,565.144974962891,5.96074782820577,15.2328526410939,14.685013,Lake Otumahi,5.45978559321877,0.867494558955319,36.18951207,5.759733265,4.915237572,0.0,0.0,53.13551708,0.0,0.0,23.021728866442675
38246,-37.9772303785152,2.79887,91379.6974937,1.0165,9483.52,27.77,3.63,3.13967,1.78,2.0,1.0,,,,,,, ,0.0,0.0,82.16427929,17.835720707999997,0.0,0.0,0.0,0.0,0.0,0.0,17.88854381999832
38252,-37.9638075102284,3.61754,462622.5811115,3.49429,42135.7,57.76,3.71,3.23918,0.82,1.95,0.97,,,,,,, ,0.0,0.0,0.0,0.0,0.0,0.0,0.0,0.0,0.0,99.999999995,23.45207879911715
38253,-37.9695599708284,3.16267,300868.0297692,2.38626,25156.5,34.12,3.69,3.20954,1.63,2.0,1.0,,,,,,, ,0.0,0.0,0.0,7.815099281,0.0,0.0,0.0,0.0,0.0,92.184900719,20.0
38254,-37.9680103107971,3.16267,411572.7432524,1.37073,14450.5,32.71,3.73,3.2362,1.71,2.0,1.0,,,,,,, ,0.0,0.0,0.0,6.968487163,0.0,0.0,0.0,0.0,0.0,93.031512836,15.491933384829668
38255,-37.9642331271161,3.74503,945841.6724749,4.00292,49970.2,47.05,3.73,3.24918,1.28,1.94,0.97,,,,,,, ,0.0,0.0,0.0,0.0,0.0,0.0,0.0,0.0,0.0,100.0,23.021728866442675
38289,-45.9845205222061,18.1809,128364.7845875,1.29088,78231.3,102.06,3.53,3.29652,0.73,4.0,2.0,,,,,,, ,14.8906927742433,0.394065087916364,98.60607896,0.0,0.0,0.0,0.0,1.393921042,0.0,0.0,14.491376746189438
38291,-45.9741858336727,18.1809,143336.3178268,1.25496,76054.5,100.75,3.47,3.25813,0.21,4.0,4.0,,,,,,, ,14.0671755621641,0.551527916647867,100.0,0.0,0.0,0.0,0.0,0.0,0.0,0.0,14.491376746189438
38314,-45.8781273838004,8.60577999999999,2933479.3011988,1.19938,34405.2,135.47,3.24,2.96748,0.61,4.0,4.0,,,,,,, ,4.12306349298642,0.216883659587791,97.526503463,0.0,1.750378376,0.0,0.0,0.72311816,0.0,0.0,15.811388300841896
38316,-45.8790534319075,11.6887,4168769.6516235,1.792,69820.4,134.31,3.24,2.96546,0.56,4.0,4.0,,,,,,, ,4.19040616433762,0.21560303097244,98.029468055,0.0,1.239529726,0.0,0.0,0.512075827,0.218926391,0.0,19.748417658131498
38360,-38.4400134020807,13.1988,50579.8655858,1.16808,51390.7,397.73,4.17,4.62097,8.16,2.0,2.0,,,,,,, ,0.0,0.0,0.0,0.0,100.0,0.0,0.0,0.0,0.0,0.0,12.24744871391589
38362,-38.4300223204571,11.7937999999999,192651.182672,1.00884,39660.3,264.06,4.05,4.4457,6.31,3.0,3.0,,,,,,, ,15.7053019047272,0.0170391105673326,90.61036949,1.511275098,7.878355408,0.0,0.0,0.0,0.0,0.0,13.038404810405298
38421,-42.7962522607682,10.0,39882883.313022,393.769,13125600.0,13.83,3.04,2.67383,2.5,2.98,1.99,12.9962947903326,571.240840162739,576.555349907727,14.3408255102032,27.3524786131217,5.301800999073565,Lake Mahinapua,0.136417586837712,0.887890839707995,1.803414372,2.3112088230000003,19.244895546000002,4.018910109,2.049930202,70.537517012,0.0,0.034123932,56.3382640840131
38422,-42.8187702846258,12.0587,56810.2854625,1.99229,80081.3,160.03,3.13,2.83187,15.91,1.0,2.0,,,,,,, ,0.0,0.0,0.0,0.0,0.0,0.0,0.0,100.0,0.0,0.0,17.60681686165901
38423,-42.8150579678816,12.2605,43255.7901259,1.08655,44405.4,136.08,3.1,2.79372,5.01,2.87,2.0,,,,,,, ,0.0,0.0,0.0,0.0,0.0,0.0,0.0,100.0,0.0,0.0,14.832396974191326
38429,-42.8035452822634,11.1971,250534.6976131,4.80923,179498.0,118.42,3.13,2.84593,8.14,1.98,2.0,12.1270142367116,561.548116286901,567.28232852895,13.7414497378902,26.9072857899236,, ,0.0,0.0,0.0,20.35385991,0.0,0.0,0.0,79.64614009,0.0,0.0,20.73644135332772
38432,-42.7962631569999,11.35,45922.066542,1.26328,47793.8,147.32,3.18,2.92512,2.41,3.0,2.0,,,,,,, ,0.0,0.0,0.0,0.0,0.0,0.0,0.0,100.0,0.0,0.0,15.491933384829668
38434,-42.7629392709503,7.15971,3370156.3518284,1.39041,33183.2,12.1,3.1,2.77881,1.42,2.99,2.0,,,,,,,Lake_tarleton,0.0,0.0,0.0,2.416188779,41.06019127,0.0,0.0,56.523619950000004,0.0,0.0,15.491933384829668
38438,-42.7544124764175,6.57938,215066.0757881,1.35157,29641.6,26.06,3.13,2.84187,1.1,2.0,2.0,,,,,,, ,0.0,0.0,0.0,0.0,100.0,0.0,0.0,0.0,0.0,0.0,14.832396974191326
38464,-42.7477551603267,8.62391,1288259.2945077,2.94911,84776.3,17.45,3.12,2.85284,2.62,2.91,2.0,,,,,,, ,0.295669128357819,0.0,15.79653643,8.0071156,41.700943,0.0,14.36483578,16.987183814,3.143385376,0.0,21.236760581595302
38466,-42.7378255965287,11.4646,188427.6398491,1.29756,49586.3,36.25,3.19,2.93501,0.92,1.97,2.0,,,,,,, ,0.0,0.0,0.0,0.0,100.0,0.0,0.0,0.0,0.0,0.0,17.88854381999832
38482,-42.6620573517705,6.99807,12682977.8933774,1.92944,45007.8,3.18,3.33,3.09972,4.78,2.27,2.12,,,,,,, ,1.71344688000156,0.932720775906074,17.901154,4.467928795,10.30676247,1.88836914,11.76192082,52.649034312999994,1.02483046,0.0,21.908902300206645
38488,-42.904182279173,22.2469,265281.3878139,4.39427,325863.0,76.28,3.04,2.66115,6.26,3.1,2.16,7.88866596338441,574.863681814001,577.509641084342,15.0727239057744,37.8007412201846,7.57301459683445,Lake Arthur,0.205729099106229,0.977821879506452,1.997891115,0.0,0.0,0.0,0.0,98.00210889,0.0,0.0,17.60681686165901
38493,-42.8992832778909,7.86352,447451.4509098,4.97525,130410.0,59.39,3.02,2.62878,2.16,3.0,2.0,3.7589404633687,578.123719490701,579.972792399767,13.2810180934476,39.0421232182717,19.903285, ,4.0478397180172,0.977821879506452,37.04004471,0.0,0.0,0.0,0.0,62.95995529,0.0,0.0,18.76166303929372
38500,-42.8711163045788,0.0,2578870.5714919,3.97431,279842.0,117.05,0.0,2.91012,0.0,0.0,0.0,,,,,,,Manks Tarn,0.0,0.0,0.0,0.0,0.0,0.0,0.0,100.000000005,0.0,0.0,0.0
38502,-42.8332366751363,196.0,69700056.289575,1473.84,962912000.0,108.09,3.25,3.05511,14.4,2.05,3.22,20.4266949799071,562.825830506079,573.590562130535,13.0003089200288,20.3075706218693,5.872737,Lake Kaniere,0.0,0.0,5.044713248,0.053587034,0.0,0.107991848,0.143081594,90.776171271,0.0,0.095201568,89.7217922246318
38520,-42.7352586231705,17.7498,786229.1651809,3.04969,180438.0,177.53,3.4,3.3219,3.04,3.0,2.0,,,,,,7.105045673232255, ,0.0,0.0,0.0,4.447995191,6.400417394,0.361533412,7.520178527,81.269875474,0.0,0.0,16.431676725154983
38521,-42.7314482956085,21.5052999999999,688152.418729,11.5089,825012.0,197.11,3.34,3.28753,4.92,2.52,2.0,6.20882729858052,572.987408238032,577.162340065065,10.088054916169,35.8183931028346,9.6979879920635,Okuku Reservoir,0.0,0.0,0.0,0.0,0.0,0.0,0.0,100.0,0.0,0.0,25.475478405713993
38526,-42.9318613222403,27.4128,374380.7074946,1.18083,107899.0,1517.35,5.71,6.76002,22.51,3.0,4.0,,,,,,, ,0.0,0.0,0.0,0.0,0.0,0.0,0.0,0.0,61.30147904,0.0,19.748417658131498
38542,-42.9415005146811,27.4128,424657.8790884,1.35111,123459.0,1635.8,5.43,6.37035,24.89,3.0,4.0,,,,,,, ,0.0,0.0,0.0,0.0,0.0,0.0,0.0,0.0,90.59173264,0.0,19.748417658131498
38545,-42.8978250714404,26.0473,1459591.7325178,3.00221,260665.0,1473.76,5.78,6.93349,25.99,3.0,4.0,,,,,,, ,0.0,0.0,0.0,0.0,0.0,0.0,0.0,0.0,88.525593742,0.0,20.248456731316587
38554,-42.8812473960515,26.2887999999999,818492.9383956,1.41977,124413.0,1472.75,5.74,6.9154,30.2,3.0,4.0,,,,,,,Lake Florence,0.0,0.0,0.0,0.0,0.0,0.0,0.0,0.0,93.62753456600001,0.0,13.784048752090222
38613,-42.7225066064857,0.0,58495.3953778999,1.44143,41184.6,144.49,0.0,3.26763,0.0,0.0,0.0,,,,,,, ,0.0,0.0,0.0,91.70692979,0.0,0.0,0.0,8.293070205,0.0,0.0,0.0
38614,-42.7227002903867,9.28167,3311276.884373,26.4958,819752.0,146.95,3.37,3.26304,0.97,2.92,1.94,13.8299240333252,572.130975265306,576.998897822149,16.1737921765693,33.3934780623802,16.04957333333335,Lake Mudgie,0.0,0.0,0.078673055,34.61029325,0.513412206,0.0,0.0,64.797621492,0.0,0.0,32.07802986469088
38616,-42.6665460054887,11.6038999999999,752716.6211132,3.47426,134383.0,38.82,3.37,3.18267,4.68,3.04,1.95,,,,,,, ,7.77715358862737,0.932720775906075,69.88450801,0.0,0.0,0.0,0.0,30.115491985000002,0.0,0.0,17.88854381999832
38617,-42.6569107180403,2.92638,2070243.5119732,1.52563,14881.9,10.37,3.36,3.13768,2.58,2.83,2.18,,,,,,, ,3.24101690285844,0.932720775906074,34.73800835,14.937367645,13.70897038,0.0,1.516793757,34.789895178,0.308964688,0.0,20.0
38633,-42.6468103317506,0.0,144174.6094151,3.3524,104858.0,125.97,0.0,3.39433,0.0,0.0,0.0,7.21799500222201,569.438686463976,574.527795415747,19.5199861366489,31.6408342896246,, ,0.0,0.0,0.0,28.19663477,71.80336523,0.0,0.0,0.0,0.0,0.0,0.0
38636,-42.7201985115063,12.9808,254383.8954682,1.23676,53513.7,160.51,3.38,3.30705,2.1,3.0,2.0,,,,,,, ,0.0,0.0,0.0,0.0,0.0,0.0,0.0,100.0,0.0,0.0,14.491376746189438
38637,-42.7128515977699,22.3800999999999,789316.3021092,7.94899,592996.0,176.43,3.42,3.37223,2.4,3.0,2.0,4.44606964724787,573.468660886139,576.312890003171,16.1534321574811,42.4581789560807,, ,0.0,0.0,0.0,14.7010512,0.0,0.0,0.0,85.29894879300001,0.0,0.0,21.447610589527216
38638,-42.6860374316181,26.9603,17549892.519068,339.977,30552900.0,154.22,3.45,3.37151,1.9,2.74,1.99,8.40454557651856,492.77442088226,506.807272554164,7.58964317880983,13.9790226426373,11.4742573333333,Kapitea Reservoir,0.0113951616949386,0.0,0.0,10.58286107,0.206502237,1.083983144,0.661061577,87.465591972,0.0,0.0,64.65291950097846
38639,-42.7029686978075,21.3891999999999,672438.690635,5.16737,368419.0,174.76,3.35,3.27689,3.39,2.9,2.0,,,,,,, ,0.0,0.0,0.0,12.02867991,0.0,0.0,0.0,87.97132009,0.0,0.0,21.633307652783937
38643,-42.6639170831253,11.4407999999999,142566.4239141,1.03164,39342.6,159.94,3.45,3.37889,4.2,1.0,2.0,,,,,,, ,0.0,0.0,0.0,0.0,0.0,0.0,0.0,100.0,0.0,0.0,15.811388300841896
38645,-42.6317876405679,13.1232,123890.3936102,4.47358,195692.0,130.49,3.41,3.31646,4.55,1.0,2.0,28.5040990831987,573.110723026292,574.746548853601,22.8090535989775,48.0350947525188,40.4825456666667, ,0.0,0.0,0.0,0.0,0.0,0.0,0.0,100.0,0.0,0.0,23.49468024894146
38648,-42.6074720695688,14.1393,86670710.48296,15.5438,48000.3,21.15,3.42,3.25851,8.51,2.11,2.44,3.02451026655567,575.522338506138,577.467993275958,16.3670322714113,56.6044823337909,10.42940433333335, ,0.072986685112415,0.816128536362219,0.0,2.044056917,8.706216244,0.603350646,0.431809799,82.570480748,2.223771508,0.0,34.85685011586675
38658,-42.6037142276644,8.5333,138836.4847484,1.10978,31566.8,86.18,2.83,2.81992,0.95,4.0,1.0,,,,,,, ,0.0,0.0,100.0,0.0,0.0,0.0,0.0,0.0,0.0,0.0,13.038404810405298
38661,-42.5933012056964,7.72453,527504.953086999,11.2837,290538.0,80.37,2.81,2.79438,0.6,4.0,1.0,37.3352507376424,499.845645549753,566.078561957644,13.3448298288261,18.9675457204971,18.50279,Swans Retreat Lagoon,0.577396972171733,0.984908313950343,15.69017668,67.91154686,0.0,0.0,0.0,16.39827646,0.0,0.0,22.58317958127243
38664,-42.6127830485217,9.5,7513436.415539,125.463,3973000.0,96.8,2.74,2.75592,3.32,1.46,1.96,32.4238931454685,488.508169187301,560.885724766047,11.5279798075104,18.5524004514931,4.98217753111149,Kangaroo Lake,0.697873027818981,0.984908313950344,6.649672593,14.62733798,0.213729031,7.836910206,0.2753231,70.397027091,0.0,0.0,41.66533331199932
38665,-42.6026395631809,23.0,23538368.568747,140.752,10791000.0,111.09,2.69,2.70673,12.1,1.52,3.09,22.817148731034,560.19438638073,574.707651720107,19.2110798592542,21.3025780860799,5.51145171657332,Lady Lake,0.0,0.0,12.32105453,2.737233415,0.0,0.922131785,1.525416396,79.75691117,0.0,0.0,44.02272140611028
38684,-42.346535932515,14.8278,78138.5920526999,1.15868,57268.9,1315.04,3.92,4.34113,22.27,1.0,5.0,,,,,,, ,0.0,0.0,0.0,0.0,0.0,0.0,0.0,0.0,0.0,0.0,22.135943621178654
38704,-42.2808185031672,8.61209,76757.2590280999,1.5601,44785.7,100.3,1.74,1.72429,0.25,2.0,2.0,,,,,,, ,8.42558324166207,0.885270306639285,0.0,0.0,0.0,34.61293223,48.13373661,16.10071119,1.152619962,0.0,21.908902300206645
38705,-42.2811208861818,8.61209,58139.1887298,1.31723,37813.7,100.15,1.74,1.72342,0.51,2.0,2.0,,,,,,, ,21.6112924118081,0.885270306639285,0.0,0.0,0.0,88.78018411,0.0,1.841063726,9.378752168,0.0,17.549928774784245
38709,-42.2754736037059,8.66459,65622.3448619,1.16599,33676.0,106.27,1.76,1.72671,1.19,2.0,2.0,,,,,,, ,0.0,0.0,0.0,0.0,0.0,0.0,15.84769316,0.0,84.15230684,0.0,16.1245154965971
38712,-42.2737570453852,8.66459,172061.2400515,1.01598,29343.5,108.68,1.8,1.7706,1.08,2.0,2.0,,,,,,, ,10.4153943336333,0.885270306639285,0.0,0.0,0.0,42.78699763,17.64447931,1.426727359,38.1417957,0.0,14.491376746189438
38722,-38.523999630751,12.0193999999999,127438.6812961,1.27484,51075.9,431.66,3.1,3.12155,4.34,3.0,3.0,,,,,,, ,12.3198874332071,0.0089887607226638,100.0,0.0,0.0,0.0,0.0,0.0,0.0,0.0,12.24744871391589
38774,-38.5058724423001,23.0229,841557.9232215,1.40774,108034.0,74.25,3.54,3.61755,8.53,2.63,3.36,,,,,,, ,18.1450220271544,0.0,97.73608665,0.0,0.0,0.0,0.0,2.263913353,0.0,0.0,16.73320053068151
38890,-42.5990792569925,2.84802,129567.3678266,2.07136,19664.3,20.0,3.46,3.30592,0.25,1.61,1.61,,,,,,, ,0.0,0.0,0.0,0.0,99.99999999900001,0.0,0.0,0.0,0.0,0.0,17.029386365926403
38891,-42.5958546751105,7.12337,153000.0120039,2.70539,64238.4,11.85,3.45,3.29108,4.04,2.74,1.74,,,,,,, ,4.94197253863172,0.843798197511536,31.96592461,0.0,0.0,3.756867478,0.0,37.988662709,26.28854521,0.0,16.1245154965971
38892,-42.5859214018812,7.56046,139557.7687615,1.09074,27488.4,14.57,3.47,3.2994,1.25,2.2,0.55,,,,,,, ,0.0,0.0,0.0,0.0,85.28753109,0.0,7.372761604,0.0,7.339707304,0.0,14.142135623730951
38893,-42.5961796346241,3.03247,144401.0332211,1.57523,15922.7,17.81,3.45,3.29434,0.86,0.32,0.32,,,,,,6.33038833333333, ,0.0,0.0,0.0,0.0,100.0,0.0,0.0,0.0,0.0,0.0,15.811388300841896
38894,-42.592897484436,3.02837,126227.6524476,2.54724,25713.3,16.89,3.44,3.28997,0.5,1.08,0.27,6.16012968029149,571.836406157932,576.475373400105,12.4325619462126,32.7672242245228,, ,0.870074699609138,0.973316206587334,14.31966571,0.0,83.685035261,0.0,0.0,1.995299034,0.0,0.0,15.811388300841896
38896,-42.5487118987455,2.91962,588297.3054322,2.69097,26188.7,5.26,3.6,3.40915,1.68,3.1,2.31,,,,,,, ,0.0,0.0,15.91669801,0.0,6.051798747,0.0,9.437865439,50.351619044,1.167694359,17.0743244,19.493588689617926
38902,-42.6243640249248,7.55553,395945.6740254,3.33885,84089.3,26.62,3.39,3.26182,8.44,1.05,2.0,,,,,,, ,0.0,0.0,0.0,0.0,16.870589817000003,0.0,0.0,66.71921665,16.41019353,0.0,21.447610589527216
38941,-42.7252893738529,27.4128,255545.7240079,1.26446,115541.0,878.9,4.59,5.21603,27.92,1.0,5.0,,,,,,5.624930290130665, ,0.0,0.0,0.0,0.0,0.0,0.0,0.0,0.0,0.0,0.0,12.24744871391589
38942,-42.7193193874343,13.8887,3254444.021986,3.91113,181069.0,635.43,4.44,5.00793,27.16,1.0,5.0,1.84668815653509,575.691586699485,577.893467954183,11.3209131695,51.588146192645,4.7338778147601,Lake Julia,0.0,0.0,0.0,0.0,0.0,0.0,0.0,53.19287243,0.0,0.0,21.908902300206645
38946,-42.7045424823172,27.6421999999999,741742.1405192,3.37325,310814.0,896.46,4.68,5.32725,25.92,1.0,5.0,3.01375194970602,577.766540794963,582.014875918178,10.6730286819774,48.1157108940815,4.12401732222582,Lake Ruby,0.0,0.0,0.0,0.0,0.0,0.0,0.0,28.84423684,0.0,0.0,15.491933384829668
38949,-42.713420523302,21.8405999999999,3510164.9628407,1.23641,90012.7,562.02,4.02,4.42243,28.98,1.0,4.87,,,,,,4.29283985555409, ,0.0,0.0,0.0,0.0,0.0,0.0,0.0,65.35063255,1.164872733,0.0,14.832396974191326
38955,-42.7040459964593,7.75,21855754.351226,212.699,5494730.0,95.37,3.1,3.21384,16.63,2.81,3.24,9.45414978394441,569.648480919276,575.515895236304,23.6244858895641,36.6260053861401,6.85250223809523,Lake Poerua,2.17030380567755,0.964795593428218,30.1873706,1.596353621,0.328232757,0.666576789,0.0,62.02191833,0.256373939,0.0,52.91502622129181
38960,-42.7204219231057,9.05148999999999,103563.107073,1.54074,46486.5,1321.46,4.8,5.75458,5.33,3.0,4.0,,,,,,, ,0.0,0.0,0.0,0.0,0.0,0.0,0.0,0.0,0.0,0.0,15.811388300841896
38967,-42.6536486291793,23.5939,117277.1530381,2.10283,165380.0,112.83,2.89,2.94027,16.59,1.0,4.35,,,,,,8.98158790096167,Lake Swan,0.0563168394687581,0.977731628944673,0.952545435,36.72281858,0.0,0.0,0.0,62.324635987,0.0,0.0,14.491376746189438
38969,-42.6354773881465,23.8736999999999,199598.1150726,1.51861,120849.0,110.34,2.75,2.75708,5.73,3.16,1.84,,,,,,,Lake Whitestone,1.52621014608724,0.957456909897822,20.01264913,0.0,0.0,0.0,0.0,79.98735087,0.0,0.0,15.491933384829668
38974,-42.6186914530794,109.0,464714955.321665,4060.97,1475490000.0,76.4,3.05,3.08653,18.02,2.63,3.22,21.3831645476338,528.200796941563,561.585453833579,15.0463526612388,20.593388023902,1.13552033333333,Lake Brunner (Moana),1.00967567006567,0.965574194039888,18.13143858,1.911273561,1.156680003,1.58328387,0.477809021,62.986711801,0.786389163,0.114883727,91.97825830053534
38982,-42.9718437661243,17.1675,343823.2493962,2.63068,150541.0,815.69,3.84,4.39762,15.18,3.0,4.0,,,,,,17.9457366666667, ,0.264646989227882,0.0,0.0,0.0,0.0,24.77836925,0.0,64.08020236,0.0,0.0,19.493588689617926
38984,-42.9631632797913,17.1675,226429.9124211,1.23544,70698.0,811.58,3.77,4.27744,18.33,3.0,4.0,,,,,,, ,0.0,0.0,0.0,0.0,0.0,0.0,0.0,0.0,3.644911784,0.0,15.811388300841896
38999,-42.9021774715717,27.4128,707881.0906865,4.03788,368965.0,1594.86,5.57,6.80393,23.82,3.0,4.0,13.9641274467686,559.702735719138,567.558187489077,17.983146423409,38.3523101483161,,Lake Mavis,0.0,0.0,0.0,0.0,0.0,0.0,0.0,0.0,94.46841011,0.0,16.431676725154983
39011,-42.8759609856927,27.6421999999999,402432.7732525,3.45044,317926.0,1726.86,5.75,7.10191,29.82,3.0,4.0,1.81986464664487,579.215981282519,582.211288910788,6.52481219791524,36.2990613912606,,Lake Anna,0.0,0.0,0.0,0.0,0.0,0.0,0.0,0.0,100.0,0.0,16.431676725154983
39012,-42.8749894011632,27.6421999999999,723384.3671089,7.38949,680873.0,1652.69,5.39,6.56906,27.14,3.0,4.0,2.37166708828592,576.620407241035,578.597863951684,11.3380827353403,42.8732558943435,,Lake Sally,0.0,0.0,0.0,0.0,0.0,0.0,0.0,0.0,100.0,0.0,19.493588689617926
39016,-42.9152841971688,17.3939999999999,1397304.9147769,1.919,111264.0,617.29,3.3,3.6339,17.86,3.58,2.83,,,,,,,Tarn,0.0,0.0,0.0,0.0,0.0,8.866574948,0.0,89.30957959,0.242018946,0.0,16.431676725154983
39050,-42.7857704896593,48.5161999999999,3009876.797536,34.904,5644690.0,408.42,3.27,3.58146,25.15,3.02,3.84,4.13229400752495,569.740809595182,574.408481805437,18.703897626435,41.4513057699776,7.38470621308756,Lake Kaurapataka,0.0,0.0,0.0,0.0,0.0,0.0,0.0,87.12528267,0.0,0.0,37.3496987939662
39056,-42.8273573752945,27.3131999999999,25186421.061449,17.9598,1635130.0,754.6,4.13,4.84665,29.55,3.01,3.96,17.1261644586222,567.820913972172,573.933564099505,16.6370306824157,31.7648383625436,4.470348592112565,Lake Minchin,0.0,0.0,0.0,0.346791523,0.0,0.0,0.0,19.64116536,5.886192262,0.0,24.71841418861655
39085,-42.5446267930102,27.6421999999999,572471.0346558,4.36213,401929.0,1517.75,4.47,5.21242,21.17,3.0,4.0,2.60307561988233,578.052625251308,582.208183660772,15.9923323633045,67.6843670938389,,Lake Man,0.0,0.0,0.0,0.0,0.0,0.0,0.0,0.0,7.34513109,0.0,18.708286933869708
39098,-42.505040255652,6.99807,832455.8707749,1.50852,35189.1,3.92,3.73,3.56244,3.51,3.22,2.89,,,,,,, ,0.0,0.0,53.67173186,0.0,29.50373593,0.0,1.386344219,7.529519539,2.978004178,4.93066427,18.973665961010276
39100,-42.4612922681915,2.91962,478381.6613812,2.67756,26058.2,7.12,3.87,3.70181,2.95,3.63,1.85,34.8181933909353,537.381384395234,569.317423623642,6.45509024029463,13.5964495227406,13.074022, ,0.0,0.0,0.0,0.0,0.0,0.0,0.0,10.58234659,0.0,89.41765341199999,16.431676725154983
39101,-42.4571141693005,2.94664,19075012.9394456,5.13307,50417.7,9.08,3.83,3.6757,9.3,3.91,2.73,37.4717822198687,510.670085747358,572.07898132752,14.1213384870982,11.0386295828575,11.36350403333335, ,1.73083676331871,0.228760246457047,4.239152074,0.685637512,2.270593261,0.135259888,0.57350698,79.607613673,0.0,12.488236613999998,18.973665961010276
39102,-42.4539126033207,3.27857,125092.1750864,1.17434,12833.8,4.0,3.82,3.6735,1.11,3.03,3.89,,,,,,, ,0.0,0.0,0.0,25.67796461,0.0,0.0,0.0,0.0,0.0,74.32203539,17.029386365926403
39103,-42.4529166661016,2.93767,71301.5083929,1.73308,16970.7,11.04,3.86,3.71024,1.2,4.0,1.0,,,,,,, ,0.0,0.0,0.0,0.0,0.0,0.0,0.0,0.0,0.0,100.0,17.60681686165901
39107,-42.4393384812602,4.53891,2918257.4610843,3.40896,51576.5,-0.06,3.82,3.69073,11.53,3.86,3.13,,,,,,29.17831615000005, ,0.0,0.0,15.0187072,1.322038165,0.0,0.0,1.690149342,62.93921017,0.039699284,18.990195841,18.16590212458495
39109,-42.4254824779424,3.0,525256.460709,3.45228,34522.8,3.04,3.87,3.78134,1.65,3.89,2.12,,,,,,,Lake Ryan,0.0,0.0,54.26467285,3.867977197,0.0,0.0,2.448458481,16.249730313,5.061734162,18.10742701,19.748417658131498
39122,-42.924619958489,17.4316999999999,1854160.4354553,2.90378,168726.0,750.36,3.64,4.14753,22.07,3.34,3.31,,,,,,,Lake Grace,0.0,0.0,0.0,0.0,0.0,0.0,0.0,82.1322614,1.930507288,0.0,16.1245154965971
39129,-42.9216931923581,18.2676,219627.1831389,1.00441,61160.3,801.05,3.68,4.17118,2.29,4.0,2.0,,,,,,, ,0.0,0.0,0.0,0.0,0.0,0.0,0.0,0.0,0.0,0.0,13.416407864998739
39142,-42.9517079677787,9.76999,82687.0989879999,1.97324,64261.7,783.0,3.68,4.1632,1.27,4.0,2.0,,,,,,, ,0.0,0.0,0.0,0.0,0.0,0.0,0.0,17.78826202,0.0,0.0,14.142135623730951
39166,-42.7425445390294,17.6962,8598219.506452,20.1789,1190300.0,673.68,3.27,3.55832,20.82,3.19,3.5,18.2789787718008,555.044118753685,579.626709327714,20.8270126065381,17.7849400117369,15.19679978698545,Lake Mason,0.0471696393751231,0.0,1.014725473,0.0,0.0,1.543379667,0.0,55.126448429999996,0.511373225,0.0,26.981475126464083
39191,-42.6714387871653,26.0473,813568.247838,11.2859,979894.0,1230.03,4.61,5.56351,19.95,3.0,4.0,25.332635587165,490.860900607606,545.256199190247,10.0174555402321,22.3402586891132,,Lake Morgan,0.0,0.0,0.0,0.0,0.0,0.0,0.0,0.0,0.0,0.0,22.58317958127243
39225,-42.5676791184503,18.0,58819290.019221,223.821,13429300.0,176.03,2.52,2.56554,8.33,2.76,2.52,27.3897868792797,565.535399485673,573.376511237711,15.1243869212568,20.1682406218166,5.235876732639355,Lake Haupiri,1.47052137585632,0.811011904761905,11.07550249,6.215320364,1.891101001,2.116432261,0.558260555,76.657049224,0.180789077,0.21203802700000002,51.43928459844674
39226,-42.5427194601185,52.7730999999999,15456901.497359,198.196,34864600.0,239.53,2.54,2.63454,8.41,2.15,2.81,35.5332743647084,519.517576271385,567.72179162904,14.1670367172186,14.5628507125853,1.07692962993143,Lake Ahaura,0.0,0.0,0.0,0.0,4.962161911,0.0,0.0,95.03783809000001,0.0,0.0,52.44044240850758
39261,-42.6812751720029,27.4128,276704.1989878,2.03558,186003.0,1456.97,4.45,5.32313,19.33,3.0,4.0,6.75594891297027,570.131524585188,576.475379178599,11.4874135562583,33.4997164561548,, ,0.0,0.0,0.0,0.0,0.0,0.0,0.0,0.0,1.269144378,0.0,15.491933384829668
39262,-42.6729667891513,27.6421999999999,243186.0981912,2.19185,201959.0,1436.97,4.65,5.64825,26.42,3.0,4.0,,,,,,, ,0.0,0.0,0.0,0.0,0.0,0.0,0.0,0.0,48.66661545,0.0,15.811388300841896
39275,-42.6414848358841,17.0428,61236.5894038,1.44701,82203.9,1229.05,4.22,5.02307,7.48,3.0,4.0,,,,,,, ,0.0,0.0,0.0,0.0,0.0,0.0,0.0,0.0,0.0,0.0,16.1245154965971
39293,-42.6910830358768,15.1067,212485.3864878,1.01059,50889.2,590.71,3.08,3.31843,2.05,4.0,2.73,,,,,,, ,0.0,0.0,27.78085224,0.0,0.0,0.0,0.0,72.21914776,0.0,0.0,15.811388300841896
39297,-42.7325947605627,25.4640999999999,6771094.502359,52.6387,4467990.0,671.89,3.39,3.72295,20.62,3.22,3.43,5.11334097028764,575.289257602247,578.306261275051,15.8512248299522,28.7926430567421,4.4745387293980645,Lake Mason,0.0,0.0,1.360347844,0.0,0.0,0.0,0.0,51.989021122,0.0,0.0,36.373066958946424
39343,-42.5638890903064,26.0473,795828.2965447,1.23928,107599.0,1215.81,4.26,4.99847,26.42,3.0,4.0,,,,,,, ,0.0,0.0,0.0,0.0,0.0,0.0,0.0,0.0,15.04525106,0.0,22.135943621178654
39354,-42.5321216631543,27.4128,246711.5374832,1.28616,117524.0,1466.8,4.44,5.18691,18.18,3.0,4.0,,,,,,, ,0.0,0.0,0.0,0.0,0.0,0.0,0.0,0.0,0.0,0.0,17.029386365926403
39356,-42.7674981621774,40.5,17874023.361283,206.814,27919900.0,578.5,3.23,3.46381,19.23,3.12,3.61,19.3741414485322,570.146196176184,576.22726022825,13.4496678136129,34.354539715988,4.705719648320895,Lake Taylor,0.0,0.0,14.4237371,0.0,0.0,27.11091094,0.885025897,39.219172119,4.170621033,0.0,55.91958512006326
39357,-42.761185224303,24.5889999999999,13669274.964141,109.016,8935280.0,581.57,3.17,3.37262,17.96,3.24,3.41,5.02329787725685,574.471974378174,577.498658673216,17.6471795559411,48.5050992192426,5.82521825809182,Lake Sheppard,0.0,0.0,23.07842065,1.978006795,0.661315585,25.53688388,4.047441879,28.990251225,9.223921067,0.0,46.49731175025068
39358,-42.7528901078036,18.0976,588212.7203561,1.52691,92111.0,594.24,3.17,3.35542,24.12,3.32,3.34,,,,,,14.8077353333333,Lake Mary,0.0,0.0,19.67583443,3.013072866,0.0,0.0,0.0,37.78861271,2.78502657,0.0,17.029386365926403
39359,-42.7732417964594,0.0,18854744.6174372,2.27608,136496.0,579.7,0.0,3.40376,0.0,0.0,0.0,,,,,,, ,0.0,0.0,13.85784409,0.221267102,0.062442706,30.40345714,0.727057208,39.592986925999995,3.45400906,0.0,0.0
39364,-42.7178314084094,28.0,12646042.498901,77.8999,7270660.0,519.88,3.15,3.37473,22.52,3.19,3.54,4.30460005269041,574.509293260335,577.947123132513,17.24946760396,43.7828343472261,5.86934723025714,Loch Katrine,0.0,0.0,5.943971906,0.0558393,0.0,17.6208664,0.280721373,50.613678632,4.713546748,0.0,40.8166632639171
39367,-42.6777079244676,18.6278,1224964.2769073,9.98074,619730.0,677.43,3.3,3.56251,21.04,3.42,3.15,3.58997929419352,576.730865646891,579.119325832196,13.0980634647227,36.9982908661337,5.15197425269634,Lake Marion,0.0,0.0,0.0,0.0,0.0,0.0,0.0,100.0,0.0,0.0,25.238858928247925
39372,-42.6211498686024,17.3276,261615.802116,1.9676,113646.0,701.01,3.04,3.18347,12.16,3.0,4.0,,,,,,8.94902832530868,Morris Tarn,0.0,0.0,0.0,0.0,0.0,0.0,0.0,100.0,0.0,0.0,16.73320053068151
39379,-42.4480463688703,9.37445,765560.9345338,2.15987,67492.0,13.08,3.41,3.34882,6.16,3.36,1.87,,,,,,, ,0.0871395451226107,0.0,17.15658272,0.0,0.106859004,0.0,0.0,66.97344386099999,7.27877834,8.484336083,23.874672772626646
39380,-42.4386640867355,17.3904,2677287.7092952,1.62818,94382.2,49.76,3.58,3.5513,7.68,3.77,2.0,,,,,,, ,0.719608711819647,0.968129330254042,3.507500154,0.0,0.0,0.0,0.952382026,95.53094838,0.009169444,0.0,16.73320053068151
39408,-42.4156108321283,4.73301,682074.5028265,2.44996,38652.3,14.56,2.98,2.95401,0.65,4.0,2.0,,,,,,, ,9.25494019276193,0.887413906757893,91.99876518,0.051400121,0.0,0.0,0.0,7.949834698,0.0,0.0,20.97617696340303
39409,-42.410771791092,2.84404,126172.2112267,1.10322,10458.7,20.08,2.98,2.9547,0.7,0.0,0.0,,,,,,, ,0.0,0.0,0.0,52.46296007,0.0,0.0,0.858041096,0.0,46.67899884,0.0,17.320508075688775
39410,-42.4100084664015,2.90554,361511.8296913,1.24849,12091.8,23.73,2.96,2.97044,0.8,4.0,2.0,,,,,,, ,10.0338565316868,0.887413906757893,99.74157171,0.108872227,0.0,0.0,0.0,0.0,0.149556059,0.0,20.248456731316587
39411,-42.3998264764725,3.01229,426387.014602,3.41926,34332.6,30.01,2.95,2.95823,0.2,0.0,0.0,,,,,,, ,0.331821592358829,0.887413906757893,0.0,3.713987116,0.0,3.363282326,26.7021791,4.183759951,62.03679151,0.0,21.213203435596427
39412,-42.3948174682579,2.65869,83880.7686817,2.09215,18541.2,28.38,2.87,2.87522,0.78,0.0,0.0,2.61542645685882,575.995156208383,578.649593967339,10.7051985303417,36.5856555218089,12.122186, ,5.89435190684647,0.888343094564816,51.53111977,0.0,0.0,48.46888023,0.0,0.0,0.0,0.0,14.142135623730951
39417,-42.4125887339453,14.0807,313577.7645197,1.40304,65852.8,50.02,2.81,2.84234,8.56,2.56,2.0,,,,,,, ,4.67431593611366,0.887413906757893,0.057056565,0.0,0.0,47.49736925,11.33785686,41.10771733,0.0,0.0,18.708286933869708
39430,-42.3714548740642,18.4894,122617.6154333,2.00784,123746.0,69.19,2.91,2.96358,3.11,2.05,2.0,,,,,,, ,0.0,0.0,0.0,0.0,0.0,0.0,69.86960266,4.650018452,25.48037889,0.0,15.165750888103101
39431,-42.3737347948227,9.33615,5439012.6550135,1.47397,45870.7,34.48,2.81,2.83733,0.35,0.45,0.22,,,,,,, ,1.69661927321727,0.959038410954973,12.82560767,0.562065276,0.765815783,3.987238124,8.012932958,65.11285090199999,8.733489286000001,0.0,18.708286933869708
39436,-42.3729732561838,4.11424,72250.6706228,1.01866,13970.1,36.58,2.79,2.81503,0.38,0.53,0.26,,,,,,, ,0.0,0.0,0.0,14.17132546,0.0,0.0,24.80787511,0.0,61.02079943,0.0,17.60681686165901
39438,-42.3666344505596,11.1968999999999,722190.746612,2.50534,93507.3,37.37,2.8,2.83583,3.87,3.62,2.0,,,,,,, ,6.32662588181947,0.959038410954973,43.70545262,0.0,0.0,18.98885607,8.000418848,29.28978084,0.015491622,0.0,23.68543856465402
39462,-42.3166275790729,6.35066,680539.3241994,1.49084,31559.5,65.14,2.08,2.1196,0.34,1.14,0.57,,,,,,, ,9.02085985686122,0.973051223247415,63.10847638,7.453150211,0.0,0.0,7.564321748,6.362166823,15.51188484,0.0,21.748563170931547
39466,-42.2640371325839,6.98934,375739.4388551,3.30317,76956.5,-22.29,3.68,3.82108,23.88,3.19,2.46,1.64516455656538,576.731909550385,578.371142127957,7.40629525660907,42.9663809491369,11.3355866666667, ,0.0,0.0,55.26695113,0.0,0.0,0.0,0.0,44.354076578,0.378972288,0.0,16.1245154965971
39467,-42.2670219345363,5.36402,135262.22562,1.29312,23121.1,-3.7,4.03,4.337,21.55,3.3,2.2,,,,,,, ,0.0,0.0,49.52479049,0.0,2.250105342,0.0,0.0,48.22510417,0.0,0.0,13.784048752090222
39478,-42.1962062509669,7.49996,5381100.702047,14.2567,356416.0,-3.4,3.81,3.96844,17.0,2.68,3.02,3.37736988525292,576.655629952937,580.660332717464,6.52309492536413,30.1445809385835,10.9064682166667, ,0.0,0.0,27.32509622,0.452054581,7.379211989,0.0,5.634472746,58.661526886000004,0.547637576,0.0,24.919871588754223
39479,-42.1955029940372,2.9084,386316.3098302,2.02253,19607.8,4.1,3.81,3.96575,1.95,3.96,1.42,,,,,,, ,0.0,0.0,78.3215847,0.0,3.838922424,0.0,0.045112432,17.794380445,0.0,0.0,16.431676725154983
39509,-42.0598210906074,25.0735999999999,793120.2710287,2.32024,193923.0,239.43,4.27,4.5355,13.76,4.0,4.0,,,,,,45.6372726597403, ,0.0,0.0,0.0,0.0,0.0,0.0,0.0,99.999999998,0.0,0.0,16.431676725154983
39518,-41.9642186026531,27.6421999999999,197192.2624434,1.19251,109879.0,1092.18,4.89,5.61822,27.47,1.0,5.0,,,,,,4.572942499759559, ,0.0,0.0,0.0,0.0,0.0,0.0,0.0,0.0,0.0,0.0,13.038404810405298
39520,-41.9564615444993,27.6421999999999,225323.3612061,2.02756,186820.0,1146.57,5.04,5.82325,22.78,1.0,5.0,25.4574457048296,529.239790044661,560.453001607433,6.14322145493791,10.236409380478,,Morgan Tarn,0.0,0.0,0.0,0.0,0.0,0.0,0.0,0.0,0.0,0.0,14.142135623730951
39523,-41.9385126182498,27.4128,891004.0631029,1.95159,178329.0,993.93,5.02,5.78862,24.4,1.0,5.0,,,,,,6.21322133333333, ,0.0,0.0,0.0,0.0,0.0,0.0,0.0,35.1952767,2.979156506,0.0,20.248456731316587
39532,-41.8818751936983,2.93767,249325.8426471,1.73225,16962.6,11.05,3.6,3.52723,0.56,3.0,4.0,,,,,,, ,0.414379705183097,0.0,73.39450912,5.251889545,0.0,0.007966461,19.92262575,0.041823921,1.38118521,0.0,15.165750888103101
39543,-41.8727844456041,7.48531,203504.3143828,2.09468,52264.3,16.24,3.59,3.51707,6.72,3.43,2.0,,,,,,, ,0.229401990032178,0.0,39.30060442,3.389663254,0.0,0.0,0.0,57.30973233,0.0,0.0,15.165750888103101
39551,-41.8379878627383,7.62829,447901.521406,3.33226,84731.6,40.01,3.57,3.49212,0.63,3.0,2.0,27.2839003730282,551.798241576638,561.585815535056,12.4782896180793,13.2356602776114,9.230789166666664, ,2.91993947467693,0.814408154569738,72.41594721,0.0,3.976795456,0.0,10.24129451,11.01124141,0.0,2.354721421,19.235384061671343
39552,-41.8611201380546,24.6271999999999,1033009.6677145,2.48404,203917.0,92.17,3.62,3.60691,3.99,3.0,2.0,,,,,,, ,0.0260493422959961,0.814408154569738,0.513794591,0.0,0.015374162,0.0,12.00176555,78.92261836600001,8.546447329,0.0,17.60681686165901
39569,-41.8169211766466,4.80047,1914083.3732096,3.98778,63810.8,51.2,3.52,3.43209,1.78,3.0,2.0,,,,,,, ,11.5159057261049,0.674856530191299,62.27573536,1.37251943,3.362482596,0.0,0.0,32.989262615,0.0,0.0,22.715633383201094
39570,-41.8169045754483,0.0,1341297.4571989,7.68744,287178.0,51.12,0.0,3.44751,0.0,0.0,0.0,,,,,,, ,8.25402170135971,0.682716952239723,46.41565813,0.0,4.553771968,0.0,0.0,49.030569906000004,0.0,0.0,0.0
39579,-41.8306191951399,14.4461999999999,246195.1618011,4.38731,211266.0,137.34,3.61,3.55507,2.05,3.0,2.0,24.9212491988949,557.299202452926,567.346938651531,13.2970167894344,11.5163077222641,, ,0.630459452668138,0.914629237003838,6.292719087,0.0,0.0,0.0,0.776165611,92.93111530600001,0.0,0.0,18.973665961010276
39581,-41.825105288589,8.60577999999999,172827.1405586,1.81526,52072.5,140.37,3.64,3.59972,0.47,3.0,2.0,,,,,,, ,10.8328981436225,0.914629237003838,4.704308026,0.0,0.0,93.3304458,0.0,1.965246173,0.0,0.0,15.811388300841896
39590,-41.7987822981197,3.19502,483723.9532267,1.06826,11377.0,13.22,3.42,3.27817,0.4,4.0,2.0,,,,,,, ,25.1702472304412,0.92767310288441,97.58651305,0.0,0.0,0.0,0.0,2.413486946,0.0,0.0,16.431676725154983
39599,-41.773815738132,11.3584,11536130.555348,39.8138,1507400.0,32.73,3.54,3.42917,0.87,2.99,2.0,20.331222787986,568.415010069043,573.510001006812,13.4983586650828,35.43688161566,13.614081, ,14.8385218150331,0.671195871203719,80.16997959,10.203605946,2.925886948,0.0,0.0,6.22290194,0.477625576,0.0,36.3318042491699
39602,-41.7609147842449,7.03008,20376814.3161602,2.48779,58298.0,9.76,3.51,3.39178,0.68,3.0,2.89,,,,,,16.3255079666667, ,12.0099149473962,0.688249613917987,81.28111596,4.6382790400000005,0.009541554,0.0,1.005326128,13.065737318,0.0,0.0,14.142135623730951
39604,-41.7602751035167,7.03736,20535324.3080738,1.07074,25117.2,8.08,3.51,3.3838,0.69,3.0,2.9,,,,,,, ,12.0290380579704,0.688042306124662,81.24225235,4.761580179999999,0.009464536,0.0,0.99721126,12.989491678,0.0,0.0,14.142135623730951
39606,-41.7701484789461,0.0,324692.8512784,2.61358,78328.0,31.31,0.0,3.42054,0.0,0.0,0.0,,,,,,, ,0.0,0.0,0.0,94.65693842,0.0,0.0,0.0,5.343061576,0.0,0.0,0.0
39610,-41.7754321540768,0.0,194755.9016706,1.85014,23786.7,33.91,0.0,3.41807,0.0,0.0,0.0,,,,,,, ,0.19794168654653,0.998192650110449,2.019266859,97.98073314,0.0,0.0,0.0,0.0,0.0,0.0,0.0
39611,-41.774193460408,3.01229,12107812.5237637,6.30466,63304.8,29.75,3.53,3.41089,0.86,2.99,2.0,4.59719513082186,571.84816598918,575.38484637044,14.6923608834688,41.3556749826459,16.1694966666667,Gillows Dam,13.9171483864727,0.671573378598862,75.53087196,15.302251731,2.780961401,0.0,0.0,5.775274404,0.6106405079999999,0.0,19.748417658131498
39621,-42.4447271885552,6.2,26595356.858847,500.206,10337600.0,252.28,2.4,2.49875,3.78,2.66,1.9,10.3369883937123,574.805860773629,578.090737304894,19.8642369224957,54.2870107083621,5.2490966360018,Lake Hochstetter,0.0,0.0,0.0,12.88440541,13.125128707000002,0.146645205,0.0,73.843820682,0.0,0.0,58.309518948453004
39625,-42.4584563271208,27.6421999999999,166267.8558319,3.22604,297249.0,1268.7,3.7,4.33223,15.13,1.0,5.0,5.58038057377087,573.472494592922,575.448236926728,10.9649348572611,44.9797377246171,4.89977851448168, ,0.0,0.0,0.0,0.0,0.0,0.0,0.0,0.0,0.0,0.0,18.439088914585774
39653,-42.4680721870797,12.5897,424380.4986899,2.41405,101308.0,1281.28,4.12,4.66028,25.26,3.0,4.0,11.6110423225976,567.973628075144,574.352273458575,20.1942869898696,38.879070455356,, ,0.0,0.0,0.0,0.0,0.0,0.0,0.0,0.0,10.40486988,0.0,18.439088914585774
39668,-42.4144381344448,17.3939999999999,228112.7504079,2.30467,133625.0,554.53,2.73,2.80877,11.1,1.0,3.5,24.0003362716827,562.109930365454,571.820309653185,21.3259067207929,36.2344396014687,5.68411337884322, ,0.0,0.0,0.0,0.0,0.0,0.0,0.0,100.0,0.0,0.0,18.439088914585774
39673,-42.368352959076,27.6421999999999,259050.6995664,1.26066,116158.0,1301.45,4.08,4.70436,23.73,1.0,5.0,,,,,,, ,0.0,0.0,0.0,0.0,0.0,0.0,0.0,0.0,0.0,0.0,18.439088914585774
39676,-42.3614333601564,27.6421999999999,256308.1242093,2.96636,273322.0,1115.46,3.59,3.94777,28.56,1.0,5.0,3.67682228759551,570.915567436866,574.617639341072,9.32272851094405,32.8059351656875,, ,0.0,0.0,0.0,0.0,0.0,0.0,0.0,0.0,0.0,0.0,18.439088914585774
39677,-42.3502911654829,26.2887999999999,427867.1605914,3.48279,305195.0,1237.68,4.03,4.56824,22.7,1.0,5.0,6.68122564164619,570.40455880714,574.110899680845,13.3594276308214,34.3977363702763,, ,0.0,0.0,0.0,0.0,0.0,0.0,0.0,0.0,0.0,0.0,18.439088914585774
39678,-42.3223833470575,27.4128,258463.7599485,1.65214,150966.0,1215.08,3.97,4.54793,17.12,1.0,5.0,12.4933855396218,569.652350744058,573.854299658206,13.6427852894357,38.1135855309248,, ,0.0,0.0,0.0,0.0,0.0,0.0,0.0,0.0,0.0,0.0,18.439088914585774
39679,-42.341615615546,27.6421999999999,507309.4774088,3.24188,298709.0,1139.6,4.08,4.66186,26.46,1.0,5.0,4.73158588180918,571.788289839126,574.278713129829,17.32735874001,41.9060894614552,4.03018013042637, ,0.0,0.0,0.0,0.0,0.0,0.0,0.0,0.0,0.0,0.0,18.439088914585774
39680,-42.4208156988223,27.4128,726010.5613557,1.36469,124700.0,1002.59,3.64,3.99893,24.48,1.0,5.0,,,,,,4.81672666666667, ,0.0,0.0,0.0,0.0,0.0,0.0,0.0,41.87452278,0.0,0.0,18.439088914585774
39681,-42.4165420733099,27.6421999999999,457329.6259734,6.52046,600800.0,1145.19,3.74,4.1712,23.58,1.0,5.0,10.5607642135037,567.613443259395,572.429959126019,8.74633969323906,19.5527453779787,, ,0.0,0.0,0.0,0.0,0.0,0.0,0.0,4.459944005,0.0,0.0,19.235384061671343
39683,-42.4076546244143,25.4679,450585.6156472,2.24586,190658.0,1116.56,3.79,4.20795,16.61,1.0,5.0,14.5694630674101,570.264352295551,573.734885577533,20.98879626649,29.4590486478085,, ,0.0,0.0,0.0,0.0,0.0,0.0,0.0,9.577603015,0.0,0.0,16.73320053068151
39684,-42.4047108184728,26.0473,176853.459639,1.40606,122080.0,1214.18,4.0,4.51394,16.63,1.0,5.0,,,,,,, ,0.0,0.0,0.0,0.0,0.0,0.0,0.0,0.0,0.0,0.0,15.491933384829668
39687,-42.4050684807253,14.8278,210449.3162364,3.8677,191165.0,1191.78,3.88,4.32514,12.23,1.0,5.0,5.56008480819028,572.921318879246,576.328098279094,14.6236038592075,42.6480776895182,, ,0.0,0.0,0.0,0.0,0.0,0.0,0.0,0.0,0.0,0.0,17.320508075688775
39688,-42.3715781675419,17.9224,1719152.0044036,6.06003,362034.0,982.34,3.84,4.2659,25.74,1.0,5.0,20.8451834496696,562.684842255269,570.58621211428,15.870355739088,30.4785563765509,8.86337285714286, ,0.0,0.0,0.0,0.0,0.0,0.0,0.0,31.67930948,0.0,0.0,19.748417658131498
39694,-42.377012550446,19.6982,647889.2684228,2.00928,131931.0,471.78,2.88,2.72328,8.39,1.2,2.0,,,,,,5.11213292090899, ,0.0,0.0,0.0,4.228174724,0.0,0.0,0.0,95.77182528,0.0,0.0,17.320508075688775
39695,-42.3723666540567,0.0,121693.8125677,1.82698,120743.0,473.27,0.0,2.71007,0.0,0.0,0.0,,,,,,, ,0.0,0.0,0.0,14.98830459,0.0,0.0,0.0,85.01169541,0.0,0.0,0.0
39700,-42.3696947468287,27.4128,677633.8663812,2.37466,216987.0,991.65,3.74,4.11137,28.94,1.0,5.0,22.5221329710252,558.46538025625,567.472510648674,16.8908917139446,23.9933548453228,, ,0.0,0.0,0.0,0.0,0.0,0.0,0.0,36.33779744,0.0,0.0,15.165750888103101
39713,-42.2617570490662,8.51938,301543.2483202,2.36177,67069.4,119.72,1.83,1.78345,2.29,3.13,2.0,,,,,,, ,12.0219316919274,0.85042215012857,68.90349646,0.0,4.016363362,0.0,15.27211105,11.80802913,0.0,0.0,17.320508075688775
39718,-42.2542658481809,13.5248,259904.6543401,1.16556,52546.3,114.33,1.83,1.77757,3.5,3.41,2.0,,,,,,, ,14.1199457037667,0.870970840397051,69.07506697,0.0,0.0,0.0,13.45980015,17.465132885,0.0,0.0,14.491376746189438
39722,-42.2427667424352,8.49755,104030.9744459,2.57921,73056.7,127.51,1.93,1.90649,2.38,2.77,2.0,,,,,,, ,12.6706014718363,0.614427136636407,23.85829257,0.0,45.329020039999996,0.0,30.81268739,0.0,0.0,0.0,17.60681686165901
39727,-42.2396223252806,8.68816,464098.0644961,3.14713,91142.6,124.73,1.92,1.89327,2.99,2.07,2.0,,,,,,, ,16.8052180651929,0.666728573996499,42.93023438,0.0,34.66132624,0.0,15.44708468,6.961354695,0.0,0.0,23.916521486202797
39732,-42.2389627752252,18.0254,2590012.7236104,1.03449,62156.8,121.53,1.91,1.88234,10.04,2.12,2.0,,,,,,, ,12.2531113243734,0.617050221755008,19.47395824,0.0,0.0,0.0,7.856270064,72.65359474,0.01617696,0.0,14.142135623730951
39791,-42.2383633777214,27.6421999999999,185082.1142545,1.14991,105953.0,1251.98,3.86,4.34171,21.02,1.0,5.0,,,,,,8.87608297023809, ,0.0,0.0,0.0,0.0,0.0,0.0,0.0,0.0,0.0,0.0,14.491376746189438
39793,-42.2150538044235,0.0,171705.0019752,2.96144,272869.0,1300.09,0.0,4.44884,0.0,0.0,0.0,1.94810677088495,577.298161630249,579.471586255922,10.6559372393008,48.5709642147757,, ,0.0,0.0,0.0,0.0,0.0,0.0,0.0,0.0,0.0,0.0,0.0
39798,-42.2870977268358,27.6421999999999,348777.539271,1.59989,147415.0,1255.33,4.12,4.54893,19.31,1.0,5.0,,,,,,, ,0.0,0.0,0.0,0.0,0.0,0.0,0.0,2.617824827,0.0,0.0,14.142135623730951
39822,-42.1237443189247,26.0473,8138591.911597,3.50219,304075.0,794.42,3.58,3.8134,27.38,1.0,5.0,,,,,,, ,0.0,0.0,0.0,0.0,0.0,0.0,0.0,40.13126213,0.852655818,0.0,18.439088914585774
39823,-42.1312169057409,17.4872,510437.3303687,1.21775,70983.6,1238.58,3.98,4.36651,23.37,1.0,5.0,,,,,,, ,0.0,0.0,0.0,0.0,0.0,0.0,0.0,0.836021516,0.0,0.0,13.038404810405298
39837,-42.4104166065344,46.1171999999999,49565856.969481,258.466,39732400.0,624.6,3.42,3.56164,26.78,2.88,3.88,1.40890864098723,579.072119054662,580.874577261105,11.3654577738935,51.8549185183542,5.80779434335714,Lake Christabel,0.0,0.0,0.0,0.0,0.0,0.0,0.0,49.88525495,2.8681254750000003,0.0,54.49770637375485
39866,-42.1144271676676,12.234,155612.0365414,1.08169,44111.1,372.69,2.44,2.06455,1.96,1.1,2.0,,,,,,, ,9.52505271594343,0.507634152900616,81.79665488,0.0,8.419009652,0.0,0.0,9.784335471,0.0,0.0,20.248456731316587
39876,-38.3300750054334,39.3558,2441093566.88832,198.536,26045100.0,154.43,2.58,1.83258,6.65,1.42,2.99,41.8286356616661,537.37038269389,571.345300377253,11.8462975129867,8.86061856970005,24.2715133333333,Lake Aniwhenua,3.04404232651103,0.55642194871685,17.053329803,0.4483563,51.839999189,1.352592301,0.157253156,28.827409675000002,0.046883988,0.251080566,62.080592780675026
39879,-38.2503550141385,26.1919,32895.7683400999,1.12379,98113.9,343.13,3.25,2.97217,3.69,3.0,1.0,,,,,,,Green Lake,1.90517191435981,0.910816611771064,27.0276974,0.0,0.0,0.0,0.0,72.9723026,0.0,0.0,11.832159566199232
39884,-38.0738531385157,22.2562,4818360.162379,6.89679,511656.0,339.48,3.51,3.49907,8.66,2.61,3.13,2.40307360284785,575.604485766174,578.772163304849,9.28871402748047,36.6156525168687,6.484189,Lake Rotoatua,0.0,0.0,1.715258023,0.134469289,9.982010219,0.0,0.0,88.16826247499999,0.0,0.0,18.439088914585774
39885,-38.0236263613339,25.2701999999999,3920436.7065613,4.10232,345554.0,290.47,2.96,2.87332,3.67,1.32,2.67,28.613915107286,488.993729576421,554.747917360552,8.82545243900086,21.0122096655379,23.7747788,Lake Te Hapua,6.27031598941972,0.304646123135301,56.27105598,1.218728885,0.959093329,8.480524858,0.0,33.070596948,0.0,0.0,19.493588689617926
39929,-42.0819939431248,26.2887999999999,285850.9618395,1.69444,148482.0,1236.89,4.02,4.4249,22.15,1.0,5.0,,,,,,, ,0.0,0.0,0.0,0.0,0.0,0.0,0.0,0.243385626,0.0,0.0,13.784048752090222
39949,-41.8452616432283,6.19342,6552179.3829547,1.04132,21497.7,40.0,2.55,2.26903,16.74,3.14,3.33,,,,,,, ,0.0061300971552218,1.0,0.354018966,1.2993488690000001,2.71372924,0.0,0.0,95.274999733,0.357903187,0.0,14.45683229480096
39950,-41.8198603948098,22.3847999999999,1174262.3799249,6.54329,488233.0,69.81,2.73,2.49735,15.23,3.21,2.76,34.4634435345111,563.618957774569,585.897934934298,13.2441249102015,12.9177615321107,27.441272,Lake Rahui,0.0,0.0,0.0,2.940010877,0.0,0.0,0.0,97.05998912,0.0,0.0,22.135943621178654
39952,-41.7846095588346,11.2301,132533.4628497,1.02325,38304.1,137.05,3.46,3.38579,3.42,3.0,2.0,,,,,,, ,0.0,0.0,0.0,0.0,0.0,0.0,0.0,99.99999999699999,0.0,0.0,18.708286933869708
39953,-41.7833159461084,11.7661,290638.7099854,2.80559,110036.0,131.2,3.46,3.38483,3.86,3.0,2.0,,,,,,14.651126666666649, ,0.0,0.0,0.0,0.0,0.0,0.0,0.0,100.0,0.0,0.0,16.73320053068151
39958,-41.7644186758783,13.8651,342621.4034255,4.94816,228688.0,479.3,4.15,4.44269,18.26,1.0,4.0,6.64956784752072,580.073927482659,581.965421545875,14.3347526269538,65.8021021783492,7.367698936507924,Lake Rochfort,0.0,0.0,0.0,0.0,0.0,0.0,0.0,99.99999999799999,0.0,0.0,17.320508075688775
39961,-41.732912322005,3.16639,1993022.025326,3.32705,35115.8,2.59,3.18,3.02952,2.36,3.22,2.11,,,,,,, ,8.01580685931372,0.302959934410584,68.09303207,0.568599152,5.943996151,0.0,0.0,23.042507661000002,1.799902959,0.551961999,19.339079605813716
39964,-41.7462455316299,0.0,105914.2610576,1.41953,44115.2,659.99,0.0,4.30655,0.0,0.0,0.0,,,,,,, ,2.86816245805584,0.9371098298332,0.0,0.0,0.0,81.37330322,0.0,8.612303645,10.01439313,0.0,0.0
39974,-41.694420222787,18.175,2761221.9119637,5.70752,345780.0,690.91,3.93,4.32062,6.09,1.0,4.0,22.1844819267053,564.888406858946,575.353707475517,15.0248791095722,17.6447627863417,7.87471366666666, ,0.0,0.0,0.0,0.0,0.0,22.01581961,0.0,25.087703058000002,50.75691942,0.0,20.97617696340303
39979,-41.890718562283,22.2319999999999,29749441.3908136,1.01583,75279.3,122.76,2.48,2.19213,17.08,1.62,3.92,,,,,,, ,0.0,0.0,0.0,0.0,0.0,0.425480919,0.0,75.672071376,0.155245809,0.0,17.60681686165901
39991,-41.8693098885111,26.905,3964625.3960207,3.89661,349461.0,458.22,3.28,3.33693,24.64,1.0,5.0,,,,,,13.3934409111183, ,0.0,0.0,0.0,0.0,0.0,0.0,0.0,92.29610198,0.0,0.0,18.973665961010276
39998,-41.7073952885171,21.1923999999999,1688377.823194,1.38599,97908.3,481.51,3.48,3.4572,22.37,1.99,3.5,,,,,,, ,0.0,0.0,0.0,0.0,0.0,0.0,0.0,98.84092781,1.159072193,0.0,17.029386365926403
40004,-41.8983943557857,17.9965,2411896.5400974,2.41153,144664.0,295.82,2.84,2.5134,17.49,3.0,4.0,,,,,,,Lake Caslani,0.0,0.0,0.0,0.0,0.0,0.0,0.0,100.0,0.0,0.0,15.491933384829668
40005,-41.8908641544976,18.2075999999999,299919.9030545,1.75339,106417.0,396.68,2.86,2.51883,14.26,3.0,4.0,5.8181244801891,562.027541780087,569.75005687946,1.44073353174914,5.67802218103587,16.9950686666667, ,0.0,0.0,0.0,0.0,0.0,0.0,0.0,100.0,0.0,0.0,14.142135623730951
40008,-41.679733015512,3.19477,20415847.7633464,1.87873,20007.1,0.09,2.94,2.7494,15.52,2.53,3.39,,,,,,, ,1.45993590818911,0.859653835821468,29.35700888,5.66313469,0.180114034,0.056885599,0.584382724,63.199101362,0.9593727110000001,0.0,20.248456731316587
40010,-41.6701529383733,6.8724,305490.5858076,3.6061,82608.5,1.49,2.88,2.68497,0.53,3.0,4.0,,,,,,, ,2.04834237067467,0.859653835821468,41.64433789,16.446347854000003,0.0,0.0,16.247801137,0.0,25.66151311,0.0,27.422618401604176
40038,-38.6810509771666,19.8265999999999,758129.1188257,4.02503,266008.0,494.14,3.09,2.65158,10.53,1.44,2.55,,,,,,,Arahaki Lagoon,0.0,0.0,0.0,6.956384848,0.0,0.0,0.0,93.04361515,0.0,0.0,19.493588689617926
40050,-38.7678179012167,156.074,401697835.979041,4986.04,2593960000.0,598.72,4.05,4.37462,11.77,2.18,2.74,36.0145124268008,493.488310795404,571.508380181527,15.979157976568,14.6949803670501,4.10775650815561,Lake Waikaremoana,0.0024492274663552,0.0,0.047447533,0.542573194,0.0,0.133243461,0.0,99.174582254,0.102153556,0.0,104.95713410721541
40051,-38.6765334861444,0.0,5324320.6982851,1.2937,65487.1,579.22,0.0,3.11897,0.0,0.0,0.0,,,,,,, ,0.0,0.0,0.0,0.530504428,95.48130799,0.0,0.0,0.0,0.0,3.988187583,0.0
40069,-38.2880137067829,21.5921999999999,651169.211346999,11.2711,811226.0,438.97,3.38,3.14483,2.35,2.85,0.95,29.3582043502416,539.134806921323,565.287709696513,12.3972917428761,13.0252674131771,6.478545833333325, ,32.6428272546979,0.873324968423262,80.87088844,0.0,0.0,0.0,0.0,19.129111556999998,0.0,0.0,25.475478405713993
40070,-38.3042507996561,0.0,35632623.7361259,2.41758,94307.2,437.93,0.0,3.05228,0.0,0.0,0.0,,,,,,, ,10.7749958033426,0.855682493405731,68.37181664,2.692497293,15.856244751999998,0.0,0.476159252,10.744223993999999,0.1117826,0.369851421,0.0
40071,-38.2958912043129,15.8,40548688.777253,516.991,27228200.0,438.74,3.36,3.11771,2.92,1.93,3.07,27.0292181049348,487.089915441196,555.390124044853,9.68050369424655,25.0089522776418,5.143891333333335,Lake Rerewhakaaitu,10.7074502072036,0.853842155317584,68.66462978,2.186607435,15.973007034,0.0,0.479665595,10.823342356,0.112605745,0.37257493399999997,60.41522986797286
40072,-38.6584203271827,18.0537999999999,58175147.4733261,5.68715,342249.0,531.33,3.25,2.8731,1.74,1.01,3.66,40.7461290183245,576.450172550683,584.964711520154,15.337394147434,30.6519785233128,12.287374,Flaxy Lake,0.0,0.0,0.0,0.13665761399999998,98.52444901300001,0.0,0.425467132,0.156757664,0.0,0.756668576,22.80350850198276
40086,-38.4672636520323,13.3702,510096295.351286,2.64549,117902.0,197.58,2.67,1.92738,13.54,1.76,2.23,,,,,,, ,0.121234441208111,0.886402399596376,3.591541239,0.173921197,10.535553587999999,0.158336814,0.138185248,85.34647205,0.009772958,0.046216904,19.748417658131498
40101,-38.0618787557811,0.0,1608887.7701321,9.01946,604151.0,313.52,0.0,2.60446,0.0,0.0,0.0,41.5616277972256,504.487538146844,576.046852184073,12.2183773254409,12.7566774759934,,Matahi Lagoon,2.65753376920381,0.333993138300149,17.78538332,2.562248359,0.0,0.0,0.0,79.24132387,0.411044448,0.0,0.0
40102,-38.043978669653,83.0,39846268.4726599,1111.58,307536000.0,304.1,2.83,2.61553,6.43,1.98,2.5,35.1350089497764,565.685504385072,579.660953070211,14.9531344726478,24.5630450491122,1.06657730116175,Lake Rotoma,3.12240799406173,0.225596117318298,29.23400968,1.429627525,19.315184885,0.325218063,0.548634553,46.912382275999995,0.289453344,1.945489672,73.14369419163897
40104,-38.0737362964891,16.0436,631432.8566522,4.78653,255977.0,57.03,2.32,1.90519,6.03,4.0,4.0,0.261598047316564,571.52468821225,571.709665965453,0.233910037467787,8.85453967048653,, ,0.0,0.0,0.0,11.25606713,69.15498944000001,0.0,0.0,12.75982395,0.0,6.829119478,20.73644135332772
40107,-38.0583301591338,9.60659,558911.487007,4.47719,143369.0,34.26,2.35,1.94898,8.04,3.75,3.75,33.5442834434074,498.39361291976,567.074196400641,8.59693081536841,12.3593937560056,18.7250026666667,Lake Rotoitipaku,0.0,0.0,0.0,2.319600573,32.80754325,0.0,0.317231797,64.55562438,0.0,0.0,18.439088914585774
40110,-38.0890662754229,9.34552,3629988.932693,20.1641,628148.0,34.57,2.29,1.88585,13.94,1.97,2.79,34.4048237041195,497.474581895375,570.549023406771,8.85995925598633,17.6791756964966,6.89657233333334,Lake Pupuwharau,0.0958407001737878,0.845827900912647,1.675200696,3.390442941,61.132682679,0.0,0.0,33.801673684,0.0,0.0,26.457513110645905
40111,-38.0841271740423,11.0467999999999,281353.2085587,3.41746,125840.0,37.91,2.29,1.9029,2.8,1.42,3.14,,,,,,, ,0.0963894250676201,0.845827900912647,1.584725769,21.46664023,0.0,0.0,0.0,76.948634,0.0,0.0,18.708286933869708
40112,-38.0775975597816,4.72344,121100.0535768,1.7349,27315.6,39.61,2.25,1.88283,0.29,1.28,3.0,,,,,,, ,4.13727814695722,0.845827900912647,10.2766154,14.14923102,9.176675181,66.3974784,0.0,0.0,0.0,0.0,14.832396974191326
40117,-38.0457438812453,8.23021999999999,180042.8287109,5.27746,144782.0,14.02,2.3,1.90052,2.89,4.0,4.0,25.9273928631324,577.024063056136,583.283727812133,13.8409491242852,25.0155434295257,, ,0.0,0.0,0.0,0.0,78.78171356,0.0,0.0,0.0,21.21828644,0.0,20.0
40118,-38.0473394881663,6.74031,143821.5069953,1.12273,25225.1,15.86,2.32,1.90902,6.06,4.0,4.0,,,,,,, ,0.0070609244589301,0.0,0.0,0.0,97.89251935,2.107480653,0.0,0.0,0.0,0.0,14.832396974191326
40119,-38.0430352252327,6.08207,13269581.894757,13.2557,268740.0,15.15,2.29,1.89709,5.27,3.64,3.83,29.8783032874146,579.75747985751,581.907412420658,17.3002342989023,42.8818152222344,20.20631116666665, ,0.588265303976804,0.66310640748778,17.4285025,1.103069678,68.51955706,1.454659922,0.539952949,8.600367965,1.330844194,1.023045735,23.916521486202797
40120,-38.0417765411714,6.40506,12656130.014735,26.0162,555452.0,16.01,2.34,1.93954,5.35,3.66,3.86,26.1227525985302,494.085943863108,547.34436694935,10.3669746935567,12.5437274196601,16.964554,Lake Rotoroa,0.621734607820514,0.664932639569699,17.69859867,1.146549798,68.10849569999999,1.472520487,0.561321428,8.908595657,1.04038579,1.063532469,28.0
40122,-38.0527582143638,0.0,1884295.9186076,1.81993,43868.7,16.35,0.0,1.8132,0.0,0.0,0.0,,,,,,, ,8.09844163983859,0.933686346558637,21.64219976,6.136572389,71.21879384,0.0,0.0,1.002434008,0.0,0.0,0.0
40124,-38.1360976447829,56.9549,2836501081.03836,217.621,41315300.0,70.47,2.34,1.91874,7.17,1.48,2.95,30.3207226519079,494.938946274813,568.537826567669,9.91390830910686,13.757041837168,8.596947266666664,Lake Matahina,2.64195274917593,0.559149093309767,15.220641622,0.408023973,53.200267267,1.211401353,0.385995289,29.239051703999998,0.044333403,0.27040387,68.74590896918885
40128,-38.1642214423252,3.22419,102789.4173144,1.16452,12515.4,28.44,2.52,1.68385,1.33,2.0,1.0,,,,,,, ,0.0,0.0,79.05111011,11.43145626,0.0,0.0,0.0,0.0,9.517433629,0.0,16.431676725154983
40135,-38.0421017035289,6.31153,172576.307474,4.25978,89619.1,15.82,2.17,1.95607,4.98,1.0,3.0,33.0849073634347,526.336043794373,568.587833221243,12.6153678749507,20.1503777382233,,Lake Taikehu,10.7760898852361,0.867494558955319,82.21544405,17.78455595,0.0,0.0,0.0,0.0,0.0,0.0,17.88854381999832
40188,-38.018952248006,13.5,81906447.143471,790.097,35554400.0,296.87,2.76,2.57546,6.43,2.66,2.84,20.2748713332108,485.902144901513,533.041066464169,12.5146215592337,21.3340915052458,12.1659263333333,Lake Rotoehu,3.21692812120521,0.517975415353628,32.98487804,1.575358055,27.715901152,0.103608808,0.385331368,36.326175522,0.092214792,0.816532263,64.99230723708769
40190,-38.0398785366116,25.5840999999999,1166215.256835,11.5482,984835.0,316.89,2.83,2.61773,5.53,1.12,2.87,30.9757011549286,504.794815380761,566.066959042455,13.5176291159068,9.96843978819341,12.4431965333333,Onewhero Lagoon,9.4573046094113,0.333993138300149,77.07940272,1.51883727,6.390180429,0.0,3.322606287,11.688973298,0.0,0.0,24.145392935299274
40191,-38.0348140629438,27.3893999999999,1544950.039845,11.7288,1070820.0,315.07,2.82,2.59746,6.54,1.34,2.65,35.6028260770023,497.659740026836,569.180651362057,11.426646209456,17.0695543351562,10.133705,Whakarewarewa Lagoon,8.46325183860426,0.329895730399573,57.91458914,4.213923257,9.126277069,0.0,4.712013359,24.033197173,0.0,0.0,25.219040425836983
40202,-38.0280673795913,3.21735,1870680.9002917,9.02461,96784.6,19.75,2.34,1.94201,2.13,2.05,2.23,28.2119762034404,487.47269235357,555.747955440281,9.91141361634724,18.7759950695391,31.50428,Lake Tamurenui,0.142613345729968,0.0,39.283670935,0.0,56.41267436,0.0,0.0,4.303654703,0.0,0.0,25.238858928247925
40206,-38.0029577896351,0.0,108152.1163937,1.16294,12081.9,18.22,0.0,2.1554,0.0,0.0,0.0,,,,,,, ,1.77723903413094,0.855362026064891,88.39113119,10.28716492,0.0,0.0,0.0,1.321703892,0.0,0.0,0.0
40210,-37.9891532031441,3.25415,822203494.550548,3.01054,32655.8,16.79,2.64,2.25777,8.37,2.95,3.02,,,,,,, ,2.24031077330009,0.492834235846725,16.478279363000002,0.31105566599999995,41.440003652,0.46003839,0.330411334,38.637940379,0.34622045199999996,1.174705553,18.16590212458495
40211,-37.9875913522305,3.12034,260744.4212897,2.17053,22576.0,16.57,2.66,2.2766,1.36,1.04,2.76,,,,,,, ,0.693309796095413,0.855362026064891,33.46658635,0.0,48.15727507,0.0,0.0,18.37613858,0.0,0.0,15.811388300841896
40215,-37.9768057901968,0.0,822979271.542937,1.94784,18956.5,-0.09,0.0,2.44753,0.0,0.0,0.0,,,,,,, ,2.23965086250664,0.493114225853224,16.499600737,0.310858791,41.416486422,0.45974722,0.330202208,38.642315892,0.34600132,1.173962052,0.0
40216,-37.9738809141981,2.75198,829589446.96237,15.7695,144658.0,0.64,2.86,2.49618,8.36,2.93,3.01,40.7202776808154,497.796575252548,571.641663476902,11.553277735913,13.6133334202981,28.5258053333333, ,2.23607598487173,0.495411708697485,17.009861280000003,0.310516566,41.159368231,0.456565886,0.327917293,38.411179682,0.343607078,1.165838533,27.23967694375247
40232,-37.9710222016876,2.91857,740267.6982552,2.12154,20639.5,7.81,3.81,3.33783,9.49,1.98,1.51,,,,,,, ,0.0,0.0,0.0,0.0,56.51529697,0.0,0.0,43.48470303,0.0,0.0,16.73320053068151
40238,-37.9068870001901,0.0,167394.7914421,2.39401,23298.7,3.27,0.0,3.39673,0.0,0.0,0.0,,,,,,, ,0.965632704762461,0.920848160277793,0.0,0.0,0.0,0.0,0.0,100.0,0.0,0.0,0.0
40240,-37.9194003143673,0.0,763947.5970436,3.06045,29895.6,9.86,0.0,3.27152,0.0,0.0,0.0,,,,,,, ,9.44891361920384,0.965607068680255,0.0,0.0,0.0,0.0,0.0,100.0,0.0,0.0,0.0
40241,-37.9162435666681,0.0,256786.7103338,1.14355,11197.9,10.1,0.0,3.33057,0.0,0.0,0.0,,,,,,, ,8.24411007780752,0.965607068680255,0.0,0.0,0.0,0.0,0.0,100.0,0.0,0.0,0.0
40245,-37.9029043439166,2.72676,763992.2245255,1.26306,11480.2,25.16,3.86,3.50747,0.39,3.0,4.0,,,,,,, ,11.9496018215123,0.958688441356795,4.183242785,9.798551954,2.293289841,21.47162867,0.0,62.25328675,0.0,0.0,15.165750888103101
40253,-37.9125763112391,5.40657,2061517.879847,17.6792,318612.0,43.59,3.91,3.55996,0.33,2.8,3.73,40.3095879966345,489.370561565856,571.685899375242,8.60035055363039,21.9408798396029,32.3056993333334, ,8.90535376683605,0.930215432651062,64.0801978,1.366131849,0.0,23.7529694,4.465306624,4.3043174429999995,2.031076883,0.0,35.874782229304195
40288,-38.8629882387362,23.8686,92054.6714636,1.79894,143128.0,174.07,3.47,3.4085,10.22,2.31,2.63,,,,,,15.94844007709355, ,0.0,0.0,0.0,0.0,0.0,0.0,0.0,100.000000003,0.0,0.0,15.491933384829668
40289,-38.8581125417812,23.3902,539741.3727917,1.79693,140102.0,127.41,3.46,3.35512,9.1,2.0,2.0,,,,,,, ,10.1140812863946,0.233963896240307,54.01939751,0.0,0.0,0.0,0.0,45.980602485,0.0,0.0,13.416407864998739
40305,-38.8467983024312,20.0531,250576.3003754,2.58701,172925.0,480.43,3.99,4.26667,15.63,1.15,2.84,33.7854212530243,569.90595196212,574.525044789819,3.8835134532707,10.7371918224436,11.58446, ,1.59371653006059,0.0,47.22802359,0.0,0.0,0.0,0.0,52.77197641000001,0.0,0.0,15.491933384829668
40307,-38.8212734635046,19.5587,464249.2012558,1.49157,97243.8,480.28,4.04,4.39949,14.24,1.23,2.76,,,,,,,Umuomahu,3.07215557212813,0.0,18.40252207,0.0,23.54076317,0.0,0.0,58.056714765,0.0,0.0,15.491933384829668
40311,-38.8227654480832,24.1898,383997.1550937,1.04511,84269.6,375.75,3.82,4.08545,7.76,2.0,2.0,,,,,,13.2425773333333,Potaka,8.03185968035828,0.0,38.48317521,0.0,0.0,0.0,0.0,61.516824791000005,0.0,0.0,12.24744871391589
40312,-38.8162333272242,24.8453,370417.2704602,1.58001,130853.0,376.23,3.79,4.0271,11.67,2.0,2.0,,,,,,,Te Whakatutu,0.0042396497458586,0.0,17.55913824,0.0,2.714992996,0.0,0.0,79.72586876199999,0.0,0.0,16.431676725154983
40316,-38.8548197816239,12.8950999999999,65654.3111488999,1.05861,45502.7,300.13,3.76,3.88375,5.83,2.0,2.0,,,,,,, ,0.575324295016052,0.0,5.308673377,0.0,49.31688529,0.0,0.0,45.374441340000004,0.0,0.0,12.649110640673518
40320,-38.8249282933625,23.9051,434801.7458072,1.33878,106679.0,276.75,3.73,3.89435,10.99,2.0,2.0,,,,,,, ,8.89730441836816,0.0,82.08785915,0.0,0.0,0.0,0.0,17.91214085,0.0,0.0,16.1245154965971
40321,-38.8130931883259,10.0069,56642.7707896,1.60038,53382.4,558.17,4.0,4.35638,14.08,2.0,2.0,,,,,,,Hikaka,0.0,0.0,0.0,0.0,0.0,0.0,0.0,100.0,0.0,0.0,14.832396974191326
40323,-38.8064711774349,18.5601999999999,1662294.0218697,2.56349,158596.0,586.9,4.07,4.5016,13.06,1.19,2.82,7.51139434225731,488.321095086853,494.434540276751,11.8808578813492,13.9417843389381,11.1652381666667,Lake Kiriopukae,0.0,0.0,0.0,0.0,0.0,4.409840388,0.0,95.59015960400001,0.0,0.0,15.811388300841896
40325,-38.8057698630719,20.1949,486773.6866231,1.39721,94054.9,495.6,3.99,4.33173,15.09,2.0,2.0,,,,,,11.845466,Lake Wherowhero,0.0,0.0,0.0,0.0,0.0,0.0,0.0,99.209849356,0.0,0.79015064,13.784048752090222
40326,-38.8113574152346,27.0624,15588213.974754,26.9666,2432600.0,255.09,3.74,3.94505,12.28,1.47,2.8,29.8752402500864,498.411210527668,570.463030217755,5.58665552061632,15.9570730650402,19.8131656666667,Lake Whakamarino,0.0364509512628819,0.0,4.997018146,0.0,0.606568951,0.0,0.0,93.337959716,0.0,1.0584531940000002,27.910571473905726
40327,-38.8026911558775,19.1722,358568076.113581,4.59573,293700.0,452.2,3.94,4.27242,12.0,1.33,2.66,33.5689530806619,569.595174378587,573.446654537774,6.9872615256156,10.3290352528952,12.1584868996573,Lake Kaitawa,0.0025220071420381,0.0,0.046388655,0.5304646820000001,0.0,0.13110623,0.0,99.17665053500001,0.099873814,0.015516084999999999,20.0
40350,-38.8314387090959,12.8516999999999,53558.5484524999,1.02154,43761.8,359.83,3.61,3.69835,8.47,2.0,2.0,,,,,,, ,14.6861318553981,0.0,100.0,0.0,0.0,0.0,0.0,0.0,0.0,0.0,18.708286933869708
40355,-38.8271972505554,11.4896999999999,117594.5240211,1.19791,45879.0,256.78,3.42,3.43128,14.06,2.29,2.59,,,,,,, ,15.7670480245698,0.0,95.42996739,0.0,3.214661719,0.0,0.0,1.355370887,0.0,0.0,14.491376746189438
40358,-38.814071822734,11.8284,148778.276527,1.87767,74032.6,270.13,3.5,3.54733,8.6,2.0,2.0,,,,,,, ,16.3991400189399,0.0,100.0,0.0,0.0,0.0,0.0,0.0,0.0,0.0,15.491933384829668
40392,-38.7301824103837,17.3714,260231.3201394,6.60862,382670.0,957.45,4.46,4.95265,10.76,2.0,2.0,35.1491904200253,568.525048104594,581.653188274468,28.2708387743738,55.1818862962477,27.71757168149835,Lake Ruapani,0.0,0.0,0.0,0.962055918,0.0,0.0,0.0,99.03794408,0.0,0.0,20.493901531919196
40393,-38.7221373177134,18.3648999999999,1007042.0798975,2.08375,127559.0,880.0,4.39,4.85491,13.39,2.0,2.0,,,,,,34.79358316666665,Whano O Ruapani,0.0,0.0,0.0,0.0,0.0,0.0,0.0,100.0,0.0,0.0,14.832396974191326
40396,-38.7118710151168,34.6101999999999,18291725.741959,406.85,46937100.0,904.92,4.31,4.75277,6.83,1.98,2.03,4.17964848485241,578.6820095152,583.30011230014,19.1384085660842,58.6716042969519,,Lake Waikareiti,0.0,0.0,0.0,2.3682250600000003,0.0,0.0,0.0,97.63177494,0.0,0.0,58.73670062235365
40401,-38.6910884931131,0.0,388453.5012094,2.38603,137451.0,980.5,0.0,4.88813,0.0,0.0,0.0,,,,,,, ,0.0,0.0,0.0,3.591589459,0.0,0.0,0.0,96.40841054,0.0,0.0,0.0
40403,-38.6816858317246,17.3276,365844.9558902,3.82014,220646.0,999.79,4.43,4.94085,15.86,2.8,3.62,14.6587453464563,567.945527709242,572.128452274673,15.2558600487192,38.9428550836372,19.87568733333335,Kaipo Lagoon,0.0,0.0,0.0,0.050893545,0.0,0.0,0.0,99.94910645,0.0,0.0,19.748417658131498
40405,-38.6806374945183,17.1491,1093754.2105639,3.34392,191150.0,998.63,4.43,4.89695,8.97,1.87,3.05,,,,,,, ,0.0,0.0,0.0,23.03730731,0.0,0.0,0.0,76.96269269,0.0,0.0,18.439088914585774
40409,-38.718746775963,18.6278,104114.4700945,1.38364,85913.9,705.99,3.99,4.28063,0.4,3.0,4.0,,,,,,, ,10.9803382586037,0.0,87.98218105,0.0,0.0,0.0,0.0,12.01781895,0.0,0.0,13.038404810405298
40416,-38.6521164383539,19.0291,36644.5528221,1.22431,77658.4,498.21,3.41,3.48622,1.54,2.0,2.0,,,,,,, ,12.480183449214,0.0,100.0,0.0,0.0,0.0,0.0,0.0,0.0,0.0,13.416407864998739
40444,-38.8047859679716,11.3217,75303.4775713999,1.1195,42248.8,438.97,3.84,4.03008,9.34,2.0,2.0,,,,,,, ,17.8310255806611,0.0,100.0,0.0,0.0,0.0,0.0,0.0,0.0,0.0,12.649110640673518
40460,-38.7880194620508,10.7669,321174.8263792,3.58403,128629.0,245.46,3.52,3.53219,12.46,2.09,2.18,,,,,,, ,11.6776137671638,0.0,0.0,12.49798408,0.0,87.50201592,0.0,0.0,0.0,0.0,16.1245154965971
40474,-38.8393375972427,24.2998,93118.6829051999,1.09455,88657.8,124.22,3.42,3.31297,8.49,2.0,2.0,,,,,,, ,13.4566908772111,0.233963896240307,69.67044472,0.0,0.0,0.0,0.0,30.329555275999997,0.0,0.0,15.165750888103101
40509,-38.7765764097024,15.6647,61168.5735893,1.41869,74078.1,260.08,3.57,3.5875,2.78,2.0,2.0,,,,,,, ,9.44469092440539,0.0,86.34346878,13.65653122,0.0,0.0,0.0,0.0,0.0,0.0,16.1245154965971
40521,-38.7757225171332,25.8512999999999,5159881.9145414,9.44033,813482.0,255.87,3.71,3.76633,6.43,1.99,2.14,36.2106429686477,543.37080873478,572.206427959455,10.3013941866611,16.0081918996287,20.42281,Lake Rotokaha,15.8616608160222,0.0,94.53265168,2.038209805,0.599998543,0.411900629,0.0,2.417239346,0.0,0.0,22.135943621178654
40530,-38.7605547041622,11.1575,532507.8780945,1.07419,39951.0,184.01,3.39,3.33935,7.2,2.99,3.0,,,,,,, ,12.5982040129201,0.0,97.89427073,1.837936481,0.267792789,0.0,0.0,0.0,0.0,0.0,18.708286933869708
40534,-38.7728435666414,33.6837,883487.163876,11.0446,1240070.0,259.94,3.63,3.6622,6.57,1.95,1.95,28.0222379873123,491.618291316719,548.664642987801,11.3997606858186,13.017870546432,16.6288864,Lake Karangata,10.1131699565739,0.0,91.52656071,1.180040611,0.0,0.0,0.0,7.293398677,0.0,0.0,27.964262908219126
40535,-38.7681627040013,24.1513999999999,812429.9231771,5.57974,449195.0,265.15,3.65,3.70367,6.53,1.98,1.98,32.9706515407575,491.798589519398,573.067442406681,10.2768388656085,20.0522866435166,, ,11.8287329313276,0.0,98.525427,0.0,0.0,0.0,0.0,1.474573004,0.0,0.0,23.916521486202797
40545,-38.7531106766162,25.0811999999999,313262.365756,1.26296,105589.0,274.24,3.62,3.67827,8.97,2.0,2.0,28.2016285706921,550.743545571118,572.950370019082,4.01746758830464,13.6835864880854,17.1113835, ,11.890982410112,0.0,100.0,0.0,0.0,0.0,0.0,0.0,0.0,0.0,17.029386365926403
40552,-38.7491198926813,25.4906,384541.6897211,2.96941,252306.0,274.59,3.64,3.7009,6.1,2.0,2.0,,,,,,12.9888085454545, ,14.3774094342544,0.0,97.66365865,2.336341354,0.0,0.0,0.0,0.0,0.0,0.0,18.708286933869708
40554,-38.7553559117652,23.9859,410474.5953608,6.90443,552029.0,298.16,3.67,3.73717,2.85,1.96,1.96,28.1420255365723,502.888114623431,556.533636368958,7.84514640867101,17.8794140800582,20.5210581666667, ,10.4231297294636,0.0,72.89906783,2.33845809,14.47871327,0.0,0.0,10.283760813,0.0,0.0,20.248456731316587
40590,-38.7551418895873,24.6072999999999,676523.2155303,9.75906,800480.0,296.49,3.72,3.79702,7.56,1.98,2.48,24.7074786102137,498.699146504299,555.974099601832,6.27882953501305,14.8754360932853,26.2915126666667, ,14.411069741441,0.0,93.97632684,0.6222319000000001,0.0,0.0,0.0,5.401441261,0.0,0.0,21.908902300206645
40594,-38.7775509601309,22.6402,544739.1699378,1.02808,77586.0,415.44,4.05,4.22957,7.35,2.0,2.0,,,,,,, ,16.5943700376866,0.0,92.81259955,3.92934879,0.0,0.0,0.0,3.258051655,0.0,0.0,20.493901531919196
40601,-38.7574260687162,26.1929,644730.4578902,2.44762,213701.0,339.93,3.88,4.01567,7.61,2.0,2.35,,,,,,, ,17.3926533701932,0.0,98.76952636,1.134408153,0.0,0.096065492,0.0,0.0,0.0,0.0,20.493901531919196
40607,-38.7561367978415,12.1648999999999,50094.5892215,1.03415,41934.4,370.16,3.99,4.1555,0.35,2.0,2.0,,,,,,, ,10.0341571722583,0.0,74.0091386,25.9908614,0.0,0.0,0.0,0.0,0.0,0.0,15.491933384829668
40661,-38.7460791858112,26.0176,95019.7929735,1.55361,134737.0,275.19,3.6,3.64542,3.43,2.0,2.53,,,,,,, ,13.8610305590516,0.0,94.23271922,0.0,0.0,0.0,0.0,5.767280782,0.0,0.0,15.491933384829668
40679,-38.707935198097,12.2418,220683.974584,4.00181,163298.0,307.19,3.47,3.4868,11.57,2.0,2.02,27.3831618385161,550.349949222168,570.256904882072,19.250012256856,17.7390402132438,62.8596859666666, ,8.48958846603206,0.0,78.33242342,0.0,21.66757658,0.0,0.0,0.0,0.0,0.0,20.0
40742,-38.6648907494688,9.13471,66684.1768143,1.6079,48959.0,585.74,3.87,4.07568,6.25,2.0,2.0,,,,,,, ,10.9694564050477,0.0,100.0,0.0,0.0,0.0,0.0,0.0,0.0,0.0,16.1245154965971
40753,-38.843792608481,27.3502,1218815.5127365,5.85344,533643.0,332.61,4.1,4.15125,12.06,2.0,2.95,29.8128441173891,533.158136024062,564.737404035638,11.9435371773807,17.5309150966257,13.11008966666665, ,22.9466977933098,0.083957190157387,81.24362054,0.0,0.0,0.0,0.0,18.75637946,0.0,0.0,20.73644135332772
40765,-38.7459991378944,23.7932999999999,1415975.3099501,1.19841,95046.9,416.75,4.31,4.56574,10.03,2.0,2.22,,,,,,, ,11.5234857571017,0.0,93.48274881,0.0,0.046792359,0.0,2.997290629,3.473168201,0.0,0.0,17.88854381999832
40779,-38.7871240596704,21.4052,226829.2357629,1.36873,97659.7,239.88,4.22,4.2432,11.47,3.0,3.0,,,,,,, ,0.0,0.0,0.0,0.0,89.70721895,0.0,0.0,10.29278105,0.0,0.0,14.142135623730951
40837,-38.7335287991855,22.0929,4258399.7031046,1.47611,108705.0,415.98,4.38,4.6482,10.25,1.99,3.64,,,,,,, ,10.7244603784774,0.0001549578909682,86.38557638,0.222240812,4.857390962,0.0,0.0,8.534791846,0.0,0.0,15.811388300841896
40950,-38.6384544402519,26.427,41118644.7576761,1.67409,147470.0,259.84,3.77,3.88758,8.37,2.34,3.11,,,,,,, ,11.7838209906197,0.0180281356964676,92.90730701,0.050179470000000004,3.0442666710000004,0.0222787,0.0,3.899978822,0.075989327,0.0,17.029386365926403
40980,-38.636558626204,25.968,219127.1188071,1.50164,129982.0,260.25,3.81,3.95181,12.45,2.99,2.99,,,,,,, ,6.41040398710657,0.0272868766869594,64.41438703,0.0,0.0,0.0,0.0,35.585612971,0.0,0.0,13.038404810405298
40982,-38.6597836931432,11.8956,132454.2727203,1.77206,70265.8,297.2,4.05,4.22392,3.81,2.0,2.0,,,,,,, ,12.9492836833538,0.0025251548961556,92.91194027,0.0,7.088059732,0.0,0.0,0.0,0.0,0.0,17.60681686165901
41129,-38.723782025687,2.91962,273442.0296417,1.03462,10069.0,0.64,3.8,3.53385,0.12,0.7,2.81,,,,,,, ,10.4742768346023,0.0,54.499134829000006,21.946134049,0.0,2.518825283,0.0,0.0,21.03590584,0.0,15.165750888103101
41140,-38.6650710411026,2.93051,217029.200301,1.55539,15193.7,9.97,3.69,3.44491,0.12,3.0,1.0,,,,,,, ,0.0533705344458823,0.0,99.99999999900001,0.0,0.0,0.0,0.0,0.0,0.0,0.0,17.029386365926403
41141,-38.6590665605192,2.97514,1979147.0386028,2.80846,27851.9,9.2,3.65,3.43147,0.19,3.0,1.0,,,,,,, ,2.49944208389852,0.0,99.99999998999999,0.0,0.0,0.0,0.0,0.0,0.0,0.0,23.916521486202797
41142,-38.6640588701041,2.93051,2825130.1835771,1.87328,18298.8,9.15,3.69,3.46346,0.2,3.0,1.0,,,,,,, ,1.79461541392323,0.0,98.36234556,0.0,0.0,0.0,0.0,0.0,0.0,1.637654446,16.73320053068151
41285,-43.6891260033467,25.4679,51439.7425771,1.18433,100542.0,1285.34,5.34,4.99712,14.59,3.0,4.0,,,,,,, ,2.26629091194652e-05,0.0,0.0,0.0,0.0,0.0,0.138895904,0.0,0.0,0.0,14.142135623730951
41293,-43.6704889529485,15.0876,18718309.0392384,5.38361,270752.0,677.85,4.53,3.84134,16.09,3.38,3.22,29.3230826548653,528.247431511988,557.080303309374,10.3751360628643,16.642829852212,16.12192,Lake Denny,0.0114576790815091,0.0,32.25041878,0.563673765,0.0,3.702607345,33.94573033,3.7307466789999997,2.435600763,0.0,19.748417658131498
41294,-43.6641773706085,0.0,4348882.413229,1.31083,75733.6,679.06,0.0,3.87885,0.0,0.0,0.0,,,,,,, ,0.0111543959589675,0.0,67.47785575,0.35211698,0.0,0.336710277,0.0,2.258927181,0.0,0.0,0.0
41298,-43.6259846991698,7.56474,8708260.0209963,1.02389,25818.3,659.96,4.51,3.77663,6.44,3.84,2.14,,,,,,, ,0.0600099251544905,0.0,0.0,4.968296193,1.186943291,78.59863884,11.833741395999999,2.497555532,0.106322503,0.519333152,16.431676725154983
41299,-43.6359245103802,3.0,37265295.308289,166.788,1667880.0,639.76,4.51,3.79773,15.31,3.4,3.12,35.4748131844346,541.730520429098,571.959830136089,13.7145546562098,12.1627291958794,15.7592850954604,Lake Emma,0.0208290963618,0.0,0.121332081,5.687044038,0.289211343,40.67378207,21.478710339000003,2.920252019,6.03576788,0.12654104,44.090815370097204
41302,-43.6325431257268,9.38791,417689.5618299,7.03373,220107.0,654.29,4.54,3.89092,2.78,3.96,2.07,,,,,,,Lake Trinity,0.0127105875686361,0.0,0.038371985,0.0,0.0,99.96162802,0.0,0.0,0.0,0.0,21.213203435596427
41305,-43.6028643492803,18.0,43682521.845957,196.649,11798900.0,675.0,4.52,3.773,7.94,3.51,2.94,28.4550975565249,564.167562458489,571.290431835429,16.5376965902662,26.5695244587432,6.84322584316237,Lake Clearwater,0.151909228425536,0.0,0.0,1.134334399,0.061643317,28.20642872,10.21593929,0.871399267,0.0,0.099815958,53.72150407425317
41306,-43.6146345132843,13.0,6495998.001753,43.7516,1895900.0,675.94,4.55,3.81458,8.62,3.78,2.21,5.67387633082192,580.738269210541,583.174566227002,24.027121099603,47.1899465268729,4.42275634281344,Lake Camp,0.076184866963402,0.0,0.0,0.0,1.477223738,78.31563337,15.738557554,3.147244965,0.153568445,0.750106353,35.70714214271425
41314,-37.5589867777766,5.0,96599594.445478,444.573,7409550.0,13.09,3.2,3.01719,4.72,1.61,1.91,40.9860030557316,570.195588606976,578.001265861699,11.6151266568466,18.2534640459905,28.2679666666667,Lake Waahi,9.99375977597751,0.564048494462013,68.60544076,0.637328507,7.465331416,2.311856476,6.340218211,7.653833539,6.185884643,0.8001064449999999,55.51576352712804
41327,-37.5028955891521,6.20035,566300.9101151,1.00116,20691.9,18.55,3.31,3.15018,6.72,2.0,4.0,,,,,,, ,5.77981147622227,0.261650650926527,45.28769271,0.0,0.0,0.0,10.1071747,44.605132589,0.0,0.0,21.447610589527216
41328,-37.5229156103943,9.87617,530019.8059315,3.49245,114973.0,18.56,3.35,3.21057,3.98,1.0,1.0,,,,,,, ,10.525725697284,0.261650650926527,82.4742976,8.062574481,0.0,0.0,0.0,9.463127916,0.0,0.0,21.447610589527216
41335,-37.4839913583313,8.03194,1786779.7692607,1.43788,38496.4,19.08,3.2,3.04127,3.83,1.84,2.21,,,,,,, ,8.78696671244773,0.198335039349336,90.230494482,0.145776236,7.922836233,0.0,0.0,1.70089305,0.0,0.0,20.97617696340303
41354,-43.6228915135838,17.1078,8741888.604453,12.397,706951.0,658.81,4.51,3.77386,6.5,3.85,2.14,31.8770473765005,571.769783244069,580.485829461918,22.0235198749386,26.259366436229,,Lake Roundabout,0.0604996171475377,0.0,0.0,4.591580674,1.197184605,78.83356479,11.935846572,2.519105213,0.107239886,0.523814119,22.58317958127243
41359,-43.2887202462213,17.1675,5279216.314515,13.7872,788975.0,832.16,3.98,4.21968,21.24,2.95,3.67,,,,,,, ,0.524752660253326,0.0,0.0,2.586124402,0.0,28.27692846,0.0,0.415703894,20.41652079,0.0,25.92296279363144
41365,-43.2976878931693,17.3276,633721.9870284,2.47084,142713.0,568.3,3.44,3.52405,19.05,3.0,4.0,28.4520312930085,491.884792738147,555.876665892017,10.8060901836237,10.8771789345348,5.891346238750985,Lake Rubicon,3.64191628862138,0.343539348655892,47.16465386,0.0,0.0,0.0,0.0,52.655367045000006,0.0,0.0,17.60681686165901
41443,-43.0453498175486,23.7073,15043302.3339096,1.55046,122524.0,177.05,4.2,4.39546,13.82,2.76,3.92,,,,,,, ,2.33353560444644,0.0005420570589267,0.097505904,0.0,26.533603565,53.15623543,1.488806618,18.399889058,0.323959422,0.0,15.491933384829668
41470,-37.5793310332299,11.868,430752.218243,4.45538,176254.0,117.8,3.49,3.39944,8.53,2.84,3.15,40.5379948521227,564.804953884805,576.739287696739,17.5258734214846,13.671528695261,6.53304713333333, ,12.039154232075,0.0077659625618792,81.53553621,0.0,8.340511011,0.0,9.986558619,0.0,0.13739416,0.0,17.320508075688775
41471,-37.5723568381941,22.6571,1251831.0687364,2.8448,214849.0,75.33,3.43,3.29478,7.26,2.28,2.47,,,,,,, ,12.8535183605521,0.0072180201343999,49.91133438,0.544232072,13.38209804,0.0,13.86372302,15.104125904,7.19448658,0.0,18.973665961010276
41472,-37.5769935787544,11.7289999999999,72874.3820548,1.70567,66686.2,105.57,3.42,3.29832,2.8,1.0,3.0,,,,,,10.135920833333351, ,0.0,0.0,0.0,0.0,72.52963088,0.0,27.47036912,0.0,0.0,0.0,15.165750888103101
41561,-38.6023359303063,25.4131,621707.6770132,1.49826,126918.0,392.9,3.57,3.72073,8.9,2.42,2.46,,,,,,, ,13.135245254504,0.000732088825906,96.318146,0.0,0.0,0.0,0.0,3.681853997,0.0,0.0,14.142135623730951
41590,-38.5972859613922,0.0,434450.0381675,4.772,97271.8,15.55,0.0,3.33093,0.0,0.0,0.0,41.7485879473682,573.667974078711,579.958780230913,20.3988410659327,14.7207827224962,, ,9.28258757426457,0.0529836413007484,84.97121392,15.02878608,0.0,0.0,0.0,0.0,0.0,0.0,0.0
41679,-43.9857258539945,27.6421999999999,5218677.5064645,9.96874,918527.0,980.0,4.89,5.71684,31.1,2.12,2.57,,,,,,4.31153954361008,Lake Eggeling,0.0,0.0,0.0,1.574609207,0.0,0.0,0.0,0.0,15.842539084,0.0,24.145392935299274
41680,-43.956493011919,7.72468,3310032.8030573,2.56431,66028.3,28.55,2.74,2.58907,33.1,3.08,3.82,,,,,,7.04218799999999, ,0.0,0.0,0.0,0.99036339,0.0,0.275914565,0.0,81.91675674,4.118075114,0.0,21.908902300206645
41687,-43.9228225814298,2.92608,4878044.7890018,1.69726,16554.4,-0.02,2.72,2.81731,0.27,2.27,1.54,,,,,,,Macs Lagoon,0.472527541242836,0.0,5.654353778,37.01146822,0.0,0.0,0.0,57.33417801,0.0,0.0,13.416407864998739
41690,-43.9341062973295,2.97288,11960378.9534013,5.47346,54239.7,1.56,2.73,2.79121,10.04,2.71,2.31,,,,,,6.72686633333333, ,0.0071176798943418,0.0,0.0,17.32008958,0.0,0.084566917,0.0,81.471270249,0.0,0.0,21.633307652783937
41696,-43.889898183806,2.93444,278045.3350153,1.02762,10051.6,2.7,2.73,2.85992,1.09,3.0,4.0,,,,,,, ,0.842313521467396,0.0,8.065672712,12.438749289,0.0,1.894290239,0.0,69.065777287,8.535510472,0.0,16.73320053068151
41699,-43.8874036064407,3.38749,104113.1552846,1.48391,16755.7,-0.07,2.73,2.8724,0.0090117,3.0,4.0,,,,,,, ,0.0,0.0,0.0,25.93053844,0.0,0.0,0.0,74.06946156800001,0.0,0.0,15.491933384829668
41701,-43.9387252148946,3.44035,121109.1980405,1.11089,12739.5,14.18,2.72,2.78563,0.4,3.82,1.17,,,,,,, ,6.44553225228359,0.0,76.21498259,0.0,0.0,0.0,0.0,23.785017408999998,0.0,0.0,13.784048752090222
41704,-43.9143710674709,3.57508,393586.4245163,2.57357,30669.1,16.18,2.79,2.94026,1.68,3.0,2.0,,,,,,, ,0.0,0.0,0.0,17.64018183,0.0,0.0,0.0,82.35981817,0.0,0.0,18.439088914585774
41721,-43.8343580476454,27.6421999999999,6712022.3358572,4.44557,409618.0,1112.4,4.97,5.40029,33.07,1.69,2.25,,,,,,10.96931128065475, ,0.0,0.0,0.0,0.0,0.0,0.0,0.0,0.0,97.20703523,0.0,19.235384061671343
41723,-43.8318839472716,26.0473,3868023.5487676,1.50636,130789.0,1261.44,5.0,5.39788,31.58,1.33,1.77,,,,,,, ,0.0,0.0,0.0,0.0,0.0,0.0,0.0,0.0,90.65721663,0.0,16.431676725154983
41724,-43.8547617397027,16.2201999999999,198652.1666578,1.7575,95023.5,405.96,3.02,2.45617,25.56,3.0,4.0,,,,,,20.00194683333335, ,0.0,0.0,0.0,0.0,0.0,0.0,0.0,100.0,0.0,0.0,13.784048752090222
41727,-43.853463893969,26.0473,1731294.4208943,2.16578,188043.0,1734.26,5.67,6.32066,32.15,2.11,2.81,,,,,,, ,0.0,0.0,0.0,0.0,0.0,0.0,0.0,0.0,99.99935658000001,0.0,17.029386365926403
41738,-44.1667076514363,0.0,263552.1776232,1.85236,43583.8,491.54,0.0,2.47892,0.0,0.0,0.0,,,,,,, ,1.96273627400576,0.0,0.0,0.506095595,0.0,86.53010248,0.0,0.0,12.96380192,0.0,0.0
41743,-43.7508672740682,12.5897,7632942.9291483,3.31925,139295.0,1199.03,4.67,4.70472,31.9,2.2,2.94,32.0440265299957,491.083275186252,563.058713630847,11.4330798921371,18.4971492159893,, ,0.0,0.0,0.0,0.0,0.0,0.0,0.0,0.0,96.87189722000001,0.0,17.029386365926403
41746,-43.7569862882017,19.2626999999999,4276454.3565978,6.22461,399676.0,1314.98,4.84,4.95862,33.27,2.51,3.35,30.0085652264458,551.138002241205,570.694885347974,11.4726633338268,12.4325471895842,, ,0.0,0.0,0.0,0.0,0.0,0.0,0.0,0.0,95.77077191000001,0.0,20.73644135332772
41757,-43.6980684851782,42.3682999999999,36090346.625072,102.591,14488600.0,942.65,4.47,4.30853,30.33,1.57,2.09,,,,,,17.598300000000002, ,0.0,0.0,0.0,0.000767656,0.0,0.0,0.0,0.159519594,76.13745874,0.0,53.31041174104736
41759,-43.6631463584072,27.6421999999999,218364.3472209,1.9316,177979.0,1577.47,5.47,5.69903,23.11,0.09,0.13,,,,,,, ,0.0,0.0,0.0,0.0,0.0,0.0,0.0,0.0,69.215523304,0.0,13.784048752090222
41761,-43.7141925026235,26.0473,4970716.0314491,3.27086,283991.0,1323.53,5.33,5.63417,36.19,1.51,2.02,,,,,,, ,0.0,0.0,0.0,0.0,0.0,0.0,0.0,0.0,92.41576194000001,0.0,20.248456731316587
41768,-43.7110780751875,19.1381,98463431.63006,26.097,1664830.0,760.94,3.53,2.93446,29.04,1.5,1.9,31.3244092100493,559.751866230469,570.212763468504,17.0779890444605,21.4914625273751,, ,0.0,0.0,0.0,0.113250596,0.0,0.0,0.0,0.0,83.20120764,0.0,32.863353450309965
41772,-43.6824624656042,22.5431999999999,48337928.274601,63.9202,4803210.0,879.99,4.31,3.97887,30.13,1.57,2.07,24.1337635588429,489.276648239463,538.670801034525,8.57545353124761,12.2667693551178,,Hooker Lake,0.0,0.0,0.0,0.001636186,0.0,0.0,0.0,0.0,83.88691589,0.0,40.53393639902249
41868,-38.61911928213,14.9954,140766.7111723,1.52148,76050.3,440.21,3.86,4.0843,17.16,2.0,4.0,,,,,,, ,6.66167823390023,0.0272868766869594,72.05823676,0.0,0.0,0.0,0.0,27.94176324,0.0,0.0,20.248456731316587
41891,-38.6330566340369,25.9159,95038.6536117,1.91322,165276.0,259.64,3.76,3.88174,8.15,2.0,4.0,,,,,,, ,5.48091113631248,0.0272868766869594,68.04931036,0.0,0.0,0.0,0.0,31.95068964,0.0,0.0,18.439088914585774
42067,-38.6109855157958,11.0347,73263.3446373999,1.27122,46758.2,210.71,3.73,3.73777,8.42,2.0,2.0,,,,,,, ,7.39266352996926,0.0,72.57056918,27.42943082,0.0,0.0,0.0,0.0,0.0,0.0,16.1245154965971
42093,-38.5965042046901,0.0,3561276.771244,44.113,1412720.0,31.85,0.0,3.44047,0.0,0.0,0.0,35.0051572734531,553.32014103437,572.202454239007,10.9316022503294,13.3403621122945,,Lake Repongaere,8.1851589636833,0.0529836413007484,81.83397196,10.01126521,3.993641784,0.0,0.0,4.161121046,0.0,0.0,0.0
42121,-38.5334788054321,23.4319999999999,75409.7660552,1.03578,80901.3,243.64,3.36,3.40977,6.93,2.0,4.0,,,,,,, ,18.0951931634913,0.0,97.78333152,0.0,0.0,0.0,0.0,2.216668478,0.0,0.0,22.135943621178654
42284,-38.5011654878093,21.8143999999999,11527988.4169254,4.19226,304839.0,75.81,3.23,3.23304,10.4,2.12,3.4,38.5976520564678,533.190210937775,568.948739503187,15.2649056531792,15.0514260579905,16.433101083333348, ,11.222516894412,0.134193127860616,87.96745477,0.0,4.962159714,0.0,0.0,7.070385519,0.0,0.0,18.439088914585774
42332,-38.4411797745967,8.28496,714161.0982854,1.41873,39180.4,68.76,3.08,3.09598,8.91,2.33,3.44,,,,,,, ,0.567678674053104,0.438968424203123,74.18975871,0.0,0.0,0.0,0.0,25.81024129,0.0,0.0,16.1245154965971
42364,-38.5288975755372,14.8714,822987.0497902,4.23864,210115.0,54.01,3.52,3.55321,6.0,2.92,2.96,,,,,,, ,17.4212019454841,0.0,99.999999996,0.0,0.0,0.0,0.0,0.0,0.0,0.0,21.213203435596427
42476,-38.498223469839,23.9412999999999,173866.9005438,1.12153,89503.0,177.74,3.79,3.99165,6.31,1.73,3.46,,,,,,, ,11.2253129784783,0.0,95.76714696,4.23285304,0.0,0.0,0.0,0.0,0.0,0.0,17.88854381999832
42527,-38.4341660447778,24.9968,452657.8122879,1.71415,142828.0,377.57,4.17,4.64905,13.4,2.37,3.62,,,,,,, ,0.0572153024962266,0.0,0.512586828,0.0,61.54610268,0.0,0.0,37.9413105,0.0,0.0,13.038404810405298
42580,-38.3829750331381,23.4796,470018.6980075,1.47753,115640.0,84.51,3.08,3.20167,4.69,2.0,1.4,,,,,,, ,57.65322912129,0.0,72.403013239,0.0,15.10640588,0.0,0.0,5.838647952,0.0,6.651932925,18.16590212458495
42978,-38.4704416748928,24.2434,655013.0102535,1.96059,158438.0,78.94,4.09,4.40102,6.67,1.88,1.88,7.32911776125171,499.69990016945,512.446478770894,6.83623607010059,10.1844518466404,, ,9.91560079629656,0.0735725052859337,88.86702651,3.327940612,0.282267664,0.0,0.0,7.522765219,0.0,0.0,14.491376746189438
43087,-38.3331253380115,7.06071,5671390.5148743,1.40759,33128.7,14.91,3.81,4.18513,12.96,2.0,3.45,,,,,,13.76229, ,0.560288511101571,0.0,1.187426176,1.531690974,87.561714812,0.007740486,0.0,9.711427556,0.0,0.0,13.784048752090222
43116,-38.3139528535368,7.96583,753376.9555126,2.03147,53941.1,18.45,3.74,4.10307,5.77,2.18,2.72,33.0443131147107,522.049401278791,571.40246210929,10.2120738187375,13.0055146076783,22.2043857333333, ,0.680689458402984,0.0,21.598074431,0.0,0.0,0.0,0.0,78.40192556000001,0.0,0.0,14.832396974191326
43166,-38.1390375586779,4.58355,458562.7871381,1.55334,23732.8,37.54,2.84,1.89385,1.02,2.0,1.0,,,,,,, ,13.246441203738,0.939464108501489,96.09563174,0.0,0.0,0.0,0.0,3.90436826,0.0,0.0,13.784048752090222
43199,-38.0534483269976,21.0999,251516.967987,2.81398,197916.0,220.0,4.03,4.52272,5.83,2.17,2.82,30.2263745207881,508.094209402517,569.831947904285,7.65003447909696,9.14060290322733,, ,23.6124565271123,0.0,0.0,0.0,0.240887873,27.41572801,0.0,50.166708889999995,0.0,22.17667523,17.029386365926403
43231,-37.8933932610735,20.5033999999999,723146.4202467,1.97824,135202.0,76.69,4.09,4.30787,5.83,1.65,2.66,,,,,,, ,0.0661315970577027,0.0,68.081017,16.43383839,0.015352907,0.0,0.0,15.469791707000002,0.0,0.0,16.1245154965971
43235,-37.8676866404997,15.207,118935.5876115,1.22257,61972.1,137.69,4.1,4.2411,0.97,2.0,2.0,,,,,,, ,3.73282373744344,0.0,87.23194061,0.0,0.0,0.0,0.0,12.76805939,0.0,0.0,13.784048752090222
43269,-38.1053593537646,22.4619,12239883.127342,2.01558,150913.0,78.95,3.84,3.13597,16.71,1.51,2.96,,,,,,, ,1.04325583472829,0.0,7.52946437,0.0,18.28990692,7.086735702,0.0,67.093893015,0.0,0.0,15.297058540778355
43461,-37.8909077932689,14.1018,113138.8036347,1.013,47617.0,1090.07,5.69,6.15928,9.57,1.0,4.0,,,,,,,Lake Mangatutara,0.0,0.0,0.0,0.0,0.0,0.0,0.0,0.0,0.0,0.0,12.24744871391589
43562,-37.6152831399221,21.1997,544710.5970374,3.13516,221548.0,149.25,6.1,5.9976,2.3,1.95,1.82,,,,,,,Otopotehetehe Lake            (Mud Lake),4.32447815194498,0.0,65.89477001,0.0,0.0,0.0,0.0,34.10522999,0.0,0.0,19.493588689617926
43566,-37.6286187827479,2.91962,2730786.1992808,1.17778,11462.2,2.49,6.19,6.20983,5.49,1.56,3.08,,,,,,, ,13.7655326850704,0.0,58.394407187,4.608899983,0.175505326,0.0,1.499890402,35.321297104,0.0,0.0,14.491376746189438
43569,-37.6157778644739,2.91962,784463.2920352,2.52628,24586.0,2.49,6.25,6.25292,0.0,1.0,2.98,,,,,,, ,0.0,0.0,50.45914499,9.778778636,0.0,0.0,37.663662759999994,0.0,2.09841362,0.0,21.908902300206645
43574,-37.5788929269913,0.0,507251.8607467,1.19478,11654.6,11.3,0.0,6.2954,0.0,0.0,0.0,,,,,,, ,0.0,0.0,66.28511084,0.0,0.0,0.0,2.283479353,31.4314098,0.0,0.0,0.0
43635,-46.4713941737032,2.92982,480749.7552905,4.33222,42308.8,7.9,4.9,4.50187,0.42,4.0,2.0,,,,,,, ,17.2720256566775,0.331512852259478,91.05075181,6.851585937,0.0,0.0,0.0,2.097662252,0.0,0.0,17.320508075688775
43639,-46.6523111233969,3.32662,16271729.767289,25.8443,286580.0,5.5,5.46,5.05569,0.95,2.61,3.41,37.415428444158,541.156479278508,572.661191183013,21.1051258661742,16.0592694704165,24.5408763333333,Lake Brunton,15.9521157461444,0.264727527975549,83.28991809,5.295938253,0.87646092,4.541290971,0.84041121,2.338946071,2.817034485,0.0,30.708305065568176
43649,-46.5926611959001,5.0,3319782.282126,17.2081,286801.0,19.16,5.34,4.94598,1.08,2.9,3.87,20.9220855736361,487.081387350102,519.192242366418,11.1082834340526,25.2408219743445,11.472495,Lake Vincent,28.6818308558361,0.743773305513625,61.07324875,0.0,3.380316856,35.03182564,0.0,0.431607343,0.083001412,0.0,31.843366656181317
43655,-46.629986757119,2.88848,288952.8198908,1.93697,18649.6,20.13,5.44,5.04961,0.06,3.0,4.0,,,,,,,Lake Forest,11.3411007656894,0.378025026798912,90.07125378,7.676774947,2.251971275,0.0,0.0,0.0,0.0,0.0,16.431676725154983
43660,-46.6700114801876,3.79833,153079.4383277,1.13283,14342.8,16.62,5.52,5.148,0.33,3.0,4.0,,,,,,, ,7.77922653928615,0.0724683085417006,35.95176495,0.0,0.0,0.0,0.0,0.0,64.04823505,0.0,13.784048752090222
43661,-46.6511982869651,3.20499,1178276.0426774,1.71768,18350.5,12.82,5.47,5.08753,1.21,2.87,3.81,29.7723448985113,544.859082415614,566.558016871648,13.9604111273303,16.5583671975069,32.7644993333333,Lake Cook,22.2642075184498,0.113070572131604,97.47646922,1.653666366,0.869864412,0.0,0.0,0.0,0.0,0.0,13.038404810405298
43668,-46.6567731306388,5.0,6092401.926841,35.5269,592115.0,13.45,5.53,5.21153,4.01,2.85,3.8,5.92738763113168,568.442474654668,571.376294351968,14.326723715359,35.9262712559778,12.512735,The Reservoir,8.09459549182248,0.158821772416844,58.92083451,1.659026836,0.372420093,13.96114385,0.0,25.086574705,0.0,0.0,33.76388603226827
43684,-46.5583889295229,4.0681,227051.811075,4.12367,55918.3,12.98,5.23,4.80005,0.79,3.86,2.26,34.6657685698958,554.306855985269,574.662269647961,8.69860341471686,12.0518722382558,, ,15.4498782985086,0.40914286293562,99.73612233,0.263877667,0.0,0.0,0.0,0.0,0.0,0.0,19.748417658131498
43702,-46.328052625163,5.80718,753714.1241951,1.61299,31223.0,22.07,4.37,3.95824,0.22,4.0,2.0,,,,,,, ,0.432273117633534,0.0418845505966536,26.78839682,0.0,0.0,0.0,0.0,4.18801699,0.0,69.023586198,15.491933384829668
43823,-46.4590455930876,8.44075999999999,423371.4938086,2.29501,64572.2,14.96,4.9,4.49981,2.74,4.0,2.0,,,,,,, ,16.0128496732949,0.331512852259478,84.41272997,6.770352017,0.823721583,0.0,0.0,7.993196429,0.0,0.0,16.431676725154983
43829,-46.4544842595051,3.70961,1142439.2226543,6.20425,76717.9,11.68,4.85,4.47267,0.21,4.0,2.0,,,,,,, ,19.3028121074073,0.178893305737157,89.10002796,8.645922624,0.0,0.0,0.56503974,1.689009681,0.0,0.0,21.817424229271428
43846,-46.4393859813988,6.40379,17900993.754894,3.92618,83808.0,12.65,4.81,4.43362,2.7,3.99,1.99,,,,,,, ,22.0008267039122,0.176214849688234,93.38864746,0.010038826,2.054863702,0.406566873,0.943201048,3.196682095,0.0,0.0,17.88854381999832
43874,-46.2955768397247,14.3765,1037960.4359652,3.68496,176590.0,78.95,4.43,4.22545,0.44,3.92,2.0,,,,,,, ,26.3462328941828,0.428139553885121,99.15019902,0.0,0.849800976,0.0,0.0,0.0,0.0,0.0,21.213203435596427
43882,-46.2965566482615,0.0,423265.0356079,1.38096,51167.0,79.01,0.0,4.22544,0.0,0.0,0.0,,,,,,, ,26.8726083893899,0.428139553885121,99.55298659,0.0,0.0,0.0,0.44701341,0.0,0.0,0.0,0.0
43925,-46.2151297605789,10.6005,366944.5611618,2.69538,95240.7,42.71,4.22,3.93818,0.8,4.0,2.0,,,,,,, ,0.0,0.0,100.0,0.0,0.0,0.0,0.0,0.0,0.0,0.0,20.0
43926,-46.2122471026958,10.6005,679617.1919674,2.76385,97660.3,42.71,4.19,3.92263,0.77,4.0,2.0,,,,,,, ,0.0,0.0,100.000000004,0.0,0.0,0.0,0.0,0.0,0.0,0.0,18.16590212458495
43927,-46.2100804482484,8.05983999999999,818557.3272405,1.96179,52705.8,42.71,4.18,3.90788,0.74,4.0,2.0,,,,,,, ,0.0,0.0,99.999999999,0.0,0.0,0.0,0.0,0.0,0.0,0.0,18.16590212458495
43928,-46.2074372471238,4.74379,459725.7138216,1.15638,18285.3,42.79,4.18,3.90267,0.99,4.0,2.0,,,,,,, ,2.71690148214338,0.999889138441451,100.000000001,0.0,0.0,0.0,0.0,0.0,0.0,0.0,16.431676725154983
43940,-46.1660251308513,6.6743,238471.5332513,1.21432,27015.8,74.0,3.88,3.65232,0.66,2.72,1.36,,,,,,, ,18.1008871641618,0.431203693895227,97.10481779,2.895182208,0.0,0.0,0.0,0.0,0.0,0.0,16.73320053068151
43972,-46.1475550845293,9.17876,293865.2559519,2.15409,65906.2,66.78,3.76,3.50996,0.44,2.76,1.38,,,,,,, ,62.6668552822524,0.363443597197722,92.57438404,0.0,0.0,0.0,0.0,6.905973052,0.519642908,0.0,17.029386365926403
43974,-46.1397138714089,7.43613,897185.0359081,1.35792,33658.9,66.81,3.7,3.44548,0.19,4.0,2.0,,,,,,, ,90.6628318388922,0.383979576662951,94.79704742,0.0,0.0,0.0,0.0,0.403790898,0.0,4.799161686000001,15.491933384829668
43980,-46.0693881632528,22.5808,450506.6932784,1.13287,85270.4,150.83,3.91,3.73676,2.92,3.0,2.36,,,,,,, ,20.7399966360936,0.0161396620359048,98.81349872,0.0,0.0,0.0,0.0,0.0,0.0,0.0,16.1245154965971
44033,-45.8737738969085,8.84572,640148.431954,3.31652,97790.0,130.55,3.21,2.9853,2.15,3.73,2.0,,,,,,, ,15.7853885150647,0.608400103433971,90.57810307,0.0,0.0,0.0,0.0,9.421896935,0.0,0.0,17.88854381999832
44044,-46.0255450578495,8.49037,980478.3077093,1.56796,44375.3,73.06,3.4,3.16125,1.28,3.47,1.73,,,,,,, ,12.8979438330256,0.298662222495863,89.34400494,1.265697349,1.317226481,0.0,0.0,7.975437085,0.097634145,0.0,20.174241001832016
44045,-46.0263564299913,9.47833999999999,362134.5994683,2.21713,70049.1,78.63,3.41,3.18489,1.26,2.66,1.33,,,,,,, ,16.8253052851639,0.255873108029587,76.44805311,3.628805551,1.963335128,0.0,0.0,17.67988516,0.279921048,0.0,18.973665961010276
44110,-45.954227102823,21.7502,155045931.962433,1.69358,122785.0,113.47,3.24,3.10525,6.6,3.1,2.57,,,,,,, ,19.7431862929646,0.0630640797244015,48.496558815,0.0,1.694281929,39.85572982,0.151179035,8.284183721,0.005584402,0.098651963,16.1245154965971
44210,-46.5803868430438,3.0,157153.6330262,1.03054,10305.4,20.0,5.64,5.51338,1.27,4.0,2.0,,,,,,,Lake Wilkie,0.0,0.0,0.0,7.626720422,0.0,0.0,0.0,92.37327958,0.0,0.0,13.038404810405298
44248,-46.2165876051745,20.7502999999999,4516760.2857152,2.14976,148694.0,207.75,4.24,4.1666,8.04,3.45,3.09,,,,,,, ,18.3783825825373,0.160866332226679,99.66901221,0.0,0.330987794,0.0,0.0,0.0,0.0,0.0,15.165750888103101
44250,-46.2684289083371,8.71130999999999,531996.1295674,3.08932,89706.8,217.12,4.43,4.43417,3.75,3.89,2.21,,,,,,, ,17.4963433842567,0.0461993829641733,87.19967155,0.0,1.651466085,0.0,0.0,0.0,0.0,0.0,19.748417658131498
44274,-46.2405114835956,22.5071,6110618.3599209,1.48576,111467.0,238.29,4.41,4.50365,5.48,3.94,2.11,,,,,,, ,12.7289124213351,0.0,97.1393239,0.0,2.167463677,0.693212424,0.0,0.0,0.0,0.0,17.029386365926403
44322,-46.083025222423,21.2877,4335893.6938502,1.01424,71969.8,98.63,3.67,3.72172,3.45,3.0,2.0,,,,,,, ,20.3873550512683,0.646783496954158,88.4260443,0.0,2.934736223,0.0,8.639219481000001,0.0,0.0,0.0,16.1245154965971
44353,-46.1790660619643,16.3907999999999,3615162.8864889,1.99293,108886.0,56.76,4.12,4.17248,2.32,3.0,2.0,,,,,,, ,15.6077176319741,0.368541391209521,98.05048135,0.0,1.61370328,0.0,0.0,0.335815366,0.0,0.0,16.431676725154983
44355,-46.191444332858,7.11413,4723817.2065519,1.74705,41429.1,21.62,4.17,4.20655,2.53,3.0,1.99,,,,,,, ,11.4652329233238,0.199169841506146,94.70326256,0.0,2.312527256,0.0,2.472120723,0.512089461,0.0,0.0,17.60681686165901
44361,-46.1531832559207,22.3723999999999,2913848.9481805,1.88373,140478.0,95.65,3.9,3.97745,2.54,3.0,2.0,,,,,,, ,9.00598626086306,0.534424961784779,90.16126014,0.0,9.237483922000001,0.0,0.0,0.601255938,0.0,0.0,16.431676725154983
44364,-46.1694543783531,21.1693,3461368.029056,2.95911,208808.0,79.02,3.97,4.01433,1.87,3.0,2.0,,,,,,, ,8.77103604794714,0.526764860082373,98.48981673,0.0,0.0,0.0,0.0,1.510183275,0.0,0.0,17.029386365926403
44380,-46.101219801456,9.56192,1702550.10939,1.32886,42354.9,26.92,3.67,3.731,1.59,3.0,2.0,,,,,,, ,11.8417524766956,0.510183257647603,99.96055333,0.0,0.0,0.0,0.0,0.039446672,0.0,0.0,14.491376746189438
44387,-45.9210136153249,37.3462999999999,352837699.496067,5.47174,681164.0,96.15,4.35,4.46502,6.34,2.93,3.36,5.37966916875033,575.53818462539,582.562444000066,16.9629435569668,52.503882911444,9.404984499999994, ,1.99122717536292,0.0,23.56363779,3.135352613,24.916136415,6.403544667,0.985298618,3.81472459,0.08771977,0.062864485,24.979991993593593
44389,-45.8860896977574,18.9566,2453643.5674371,1.43681,90789.7,500.44,4.83,5.17513,4.13,3.0,2.01,,,,,,, ,0.228487096092662,0.0,0.0,0.0,97.864122146,2.135877853,0.0,0.0,0.0,0.0,15.491933384829668
44391,-46.0186458201438,2.2,76653932.95033,607.557,4455420.0,12.36,4.44,4.38273,5.73,2.71,2.47,32.2205309827573,567.677464303364,576.729457493294,19.9619526259837,25.7385216767378,16.1995498666667,Lake Waihola,12.475607645686,0.0840317459633832,74.08984074199999,2.850209522,16.191953519,0.26939218,1.721573216,4.161211844,0.024545921,0.691273052,75.49834435270749
44396,-45.992634759427,3.4064,246871.2262165,4.15824,47215.5,4.49,4.33,4.22575,0.42,4.0,1.0,26.5856608606164,493.487799175019,558.073913457377,8.52554469858481,19.9533124392199,32.2110767666667, ,0.0,0.0,0.0,100.0,0.0,0.0,0.0,0.0,0.0,0.0,20.248456731316587
44398,-45.9871415108893,3.11693,389203.9684513,1.1055,11485.9,15.65,4.28,4.20234,3.85,3.16,1.83,,,,,,, ,18.3664031377827,0.0619631161479304,85.88632902,13.28858847,0.0,0.0,0.825082508,0.0,0.0,0.0,17.029386365926403
44400,-45.984671838434,3.44208,79085.4792157,1.51556,17388.9,13.64,4.26,4.19373,0.65,4.0,1.0,,,,,,, ,9.71865186359265,0.0619631161479303,45.44700821,54.55299179,0.0,0.0,0.0,0.0,0.0,0.0,14.142135623730951
44401,-45.9827647459366,0.0,39864167.1761889,7.17041,70214.3,10.43,0.0,4.17513,0.0,0.0,0.0,23.61098125971,551.028699017624,563.687980117378,15.0160566034668,16.310915085932,, ,2.3603658710736,0.0605985825047517,11.13141436,2.749530589,83.75809649,0.0,0.119202466,2.241756089,0.0,0.0,0.0
44402,-45.9842519862813,0.0,392875.3086951,6.78329,72290.1,6.0,0.0,4.17337,0.0,0.0,0.0,24.9613432447044,528.163147160717,566.367067664853,20.2391870255541,11.7018969456462,, ,0.0,0.0,0.0,100.0,0.0,0.0,0.0,0.0,0.0,0.0,0.0
44405,-45.9987082440127,2.89132,70951788.424612,10.2845,99119.0,4.63,4.37,4.2548,5.72,2.72,2.47,31.2047866788735,562.356283267736,569.158662664667,16.3629630334735,28.4245200154403,19.427201, ,12.4275741791396,0.0840317459633832,73.539374734,3.5720042629999997,16.071652005,0.267390674,1.708782427,4.130295249,0.024363552,0.686137094,23.2163735324878
44406,-45.9942425863335,0.0,72502.4720418,1.12783,26308.7,0.55,0.0,4.25097,0.0,0.0,0.0,,,,,,, ,0.0,0.0,0.0,100.0,0.0,0.0,0.0,0.0,0.0,0.0,0.0
44408,-45.9900316742398,2.91811,273427.4015321,6.81311,66271.3,2.77,4.31,4.19533,0.16,4.0,1.0,26.6298830819525,557.145977348795,564.872484261901,15.1271207659599,33.0516685204775,34.694643433333354, ,0.0,0.0,0.0,100.0,0.0,0.0,0.0,0.0,0.0,0.0,21.6794833886788
44409,-45.9899836914537,0.0,81711.858452,1.50838,35185.7,1.89,0.0,4.1979,0.0,0.0,0.0,,,,,,, ,0.0,0.0,0.0,100.0,0.0,0.0,0.0,0.0,0.0,0.0,0.0
44413,-45.9799249692461,0.0,133172.6578756,2.42257,23829.6,4.79,0.0,4.14097,0.0,0.0,0.0,,,,,,, ,0.0,0.0,0.0,100.00000000099999,0.0,0.0,0.0,0.0,0.0,0.0,0.0
44414,-45.9810562276054,0.0,102931.4956459,2.27962,48325.9,3.59,0.0,4.1368,0.0,0.0,0.0,,,,,,, ,0.0,0.0,0.0,100.0,0.0,0.0,0.0,0.0,0.0,0.0,0.0
44461,-46.0183739642554,18.2316,102940.0547372,1.00933,61338.6,111.42,3.4,3.40072,0.48,4.0,2.0,,,,,,, ,17.2496691169089,0.987693633643253,100.0,0.0,0.0,0.0,0.0,0.0,0.0,0.0,14.142135623730951
44503,-45.8659518603542,8.57165,3090280.992707,2.00798,57372.4,156.75,3.01,3.03715,4.58,3.07,2.0,,,,,,, ,7.88128816816677,0.277125288551493,58.68323252,0.0,40.93274965,0.003517721,0.0,0.0,0.380500103,0.0,15.491933384829668
44505,-45.8622055392085,16.3197,2692071.0208373,1.12781,61352.0,157.41,3.02,3.03868,5.06,3.0,2.0,,,,,,, ,7.13392098390707,0.277125288551493,53.11756745,0.0,46.87840387,0.004028684,0.0,0.0,0.0,0.0,13.784048752090222
44517,-45.9072668803983,20.8238999999999,318553.4613522,1.03217,71646.0,218.23,3.34,3.4799,2.64,3.0,2.0,,,,,,, ,18.773259255442,0.258590603323153,92.30674236,0.0,0.0,0.0,0.0,7.693257637,0.0,0.0,13.784048752090222
44520,-45.9385079251672,0.0,149724.5122679,1.003,32094.5,899.9,0.0,5.33933,0.0,0.0,0.0,,,,,,, ,0.0,0.0,0.0,0.0,0.0,0.0,0.0,0.0,0.0,0.0,0.0
44565,-45.9196863660265,21.3502,2738199.281224,1.51652,107927.0,131.69,3.68,3.75253,6.8,3.0,2.0,,,,,,, ,16.7341808198564,4.8841270474166e-05,86.8788746,0.0,1.537520276,0.0,1.74732402,9.836281100999999,0.0,0.0,15.491933384829668
44570,-45.8929309242733,23.4953,5374057.7293435,3.88436,304215.0,237.77,3.82,3.92872,9.13,3.0,3.4,24.2216667835665,497.141163376585,547.958643935946,9.7167995598163,18.0109979990046,14.6911653333333,Malones Dam,0.0,0.0,0.0,0.657611674,94.27752541,0.0,2.311699026,2.753163888,0.0,0.0,16.431676725154983
44572,-45.8779329659337,22.9607999999999,8811057.8192784,1.39275,106596.0,176.77,3.65,3.7362,9.95,2.99,3.53,,,,,,, ,0.0342308987930424,0.0,1.57212313,0.0,79.678817734,0.0,0.0,9.758436049,0.0,0.0,14.142135623730951
44574,-45.8826464668815,26.7898999999999,2687498.2870172,7.24946,647373.0,334.19,3.85,4.00863,7.76,3.0,3.53,18.7038985943824,572.917556968455,579.13939550715,9.56287220462391,27.1854252823807,10.3669433333333,Phoenix Dam,0.0,0.0,0.0,0.0,96.62538244,0.0,1.583667863,1.790949692,0.0,0.0,20.493901531919196
44575,-45.8672555286478,24.0813999999999,4873485.655025,1.37488,110363.0,389.1,4.05,4.29777,7.89,3.0,3.94,,,,,,14.25046697351885, ,0.0,0.0,0.0,0.0,83.724046174,0.0,0.0,0.0,0.0,0.0,17.320508075688775
44577,-46.2818922379771,3.34665,444071.8343278,1.89626,21153.7,13.66,4.65,4.66865,1.62,2.85,1.83,,,,,,, ,26.5815393612818,0.181471764117941,90.58516332,0.244651196,7.107587716,2.062597772,0.0,0.0,0.0,0.0,16.73320053068151
44579,-46.2610752147297,3.23712,34080771.5476596,6.06371,65429.9,18.12,4.54,4.5651,3.01,3.0,1.94,24.6995687096946,551.344245269971,570.602316677666,15.5898191517798,13.6133037681208,109.7179675333335, ,23.6662756729974,0.213016723475664,94.6744614,0.0,3.520233551,0.0,0.81799131,0.37197698300000004,0.0,0.6153367599999999,20.248456731316587
44582,-46.2708619978431,2.88226,165241.2325834,1.39291,13382.4,18.32,4.6,4.61636,0.04,3.0,1.0,,,,,,, ,4.06497044778895,0.274565969429201,43.4918243,0.158623151,0.0,0.0,0.0,16.01565082,0.0,40.33390173,17.029386365926403
44583,-46.2648856494201,2.87499,490436.2208672,2.39089,22912.6,16.68,4.59,4.61676,0.19,0.0,0.0,,,,,,, ,1.92418895188199,1.0,86.2138299,13.7861701,0.0,0.0,0.0,0.0,0.0,0.0,16.73320053068151
44587,-46.2498021597146,2.85433,153808.4852836,1.06059,10090.9,15.11,4.55,4.57882,0.2,0.0,0.0,,,,,,, ,1.78746522252772,0.99467579240602,94.42427762,5.575722375,0.0,0.0,0.0,0.0,0.0,0.0,16.73320053068151
44599,-46.2271336602109,3.0,145748276.533152,131.738,1317380.0,21.03,4.6,4.64213,5.09,2.62,2.6,24.3718122876587,559.645663973269,571.938697053084,14.8277290819422,18.600535555584,22.7821844,Lake Tuakitoto,18.0021097449418,0.244921047295097,74.94224604,2.553692479,14.805443132,0.061459188,3.506587442,3.984034284,0.040759567,0.105777868,46.9041575982343
44601,-46.2061155027084,0.0,5630720.7942563,2.9398,28318.3,16.67,0.0,4.56324,0.0,0.0,0.0,,,,,,, ,23.0591314121757,0.392046592987918,74.69417422,12.66359119,1.494047518,0.0,0.0,11.148187066,0.0,0.0,0.0
44610,-46.1919039936643,7.05787,3889349.5234238,2.69737,63458.9,10.97,4.44,4.48092,3.15,2.34,2.83,,,,,,29.2189732666667, ,27.2393424034495,0.385863132835378,89.01748367,2.47647252,2.171380161,0.0,0.0,6.334663651,0.0,0.0,17.60681686165901
44613,-46.2758651562138,23.2684,700031.7753852,1.74966,135706.0,75.39,5.32,5.43583,6.44,1.14,3.85,,,,,,, ,1.36938705756552,0.932001469254548,0.0,0.0,38.74673252,15.09434529,5.789537766,26.05261932,14.3167651,0.0,19.235384061671343
44614,-46.2733825684949,20.2990999999999,1205946.8243107,1.01761,68854.9,59.49,5.32,5.42105,6.42,1.31,3.68,,,,,,12.68102866666665, ,0.951373497257898,0.932001469254548,1.805463614,1.31709206,51.69217137,8.688858037,3.306982906,25.01169842,8.177733589,0.0,13.416407864998739
44615,-46.2753522920601,2.93767,10510503.0655783,1.09452,10717.8,10.24,5.32,5.34298,6.43,1.45,3.47,,,,,,, ,2.76797221340801,0.652010427275785,23.04659578,0.0,64.91177007,3.030023653,7.156712832,1.465262099,0.38963556099999996,0.0,13.038404810405298
44619,-46.2493431791885,3.16083,27117522.3971025,1.39489,14696.7,15.17,5.27,5.30942,7.71,1.39,3.79,,,,,,, ,0.874134133625138,0.495672474156555,7.22314567,0.71262627,90.54333237899999,0.081595555,1.172122932,0.032836741,0.234340456,0.0,17.60681686165901
44657,-45.9841633930186,8.59107,211010385.880711,1.30018,37233.2,98.78,3.85,3.92832,7.35,2.99,2.9,,,,,,, ,18.2654125406788,0.0024021658842662,57.4892311,0.093280237,34.447497307,1.210714544,1.910816001,3.903461397,0.048554914,0.19247126,17.320508075688775
44674,-45.9236153328438,23.4524,5385793.7594311,1.39259,108865.0,203.07,3.94,4.10093,8.94,3.0,3.17,,,,,,13.915068, ,16.0516107802083,0.0,34.56392154,0.0,38.410597637,0.0,2.150849128,23.990455778,0.0,0.0,13.784048752090222
44677,-45.9319512321825,23.6289,3356681.9212335,1.51393,119242.0,217.65,4.09,4.29793,8.2,3.0,3.34,5.73310139741337,581.372283612902,585.595641914736,8.25248546260937,22.8124989331631,11.1342818,Hawkers Dam,24.9277215663139,0.0,43.33958673,0.0,35.17514793,0.0,0.0,21.48526533,0.0,0.0,14.491376746189438
44678,-45.9818400063598,6.99807,341901.0203194,2.31855,54084.6,3.44,4.29,4.1549,0.07,2.07,1.0,,,,,,, ,8.1047387517431,0.957205329776729,53.24340337,46.75659663,0.0,0.0,0.0,0.0,0.0,0.0,19.235384061671343
44686,-46.0045912364733,7.10012,4822709.2350096,1.03015,24380.6,16.53,4.52,4.2869,6.61,2.99,2.34,,,,,,, ,1.00172501557105,0.0399114252232471,25.68760154,0.0,73.41556445,0.0,0.0,0.896834012,0.0,0.0,14.142135623730951
44689,-45.9771013045672,3.27104,39921447.349569,31.3461,341781.0,14.82,4.24,4.16381,7.38,3.02,3.51,5.6008147577956,577.534859866097,584.274722105282,11.4729775106239,13.9272414658005,, ,2.37136493655958,0.0605985825047517,11.16774677,2.4321096509999998,84.03147897,0.0,0.119591538,2.249073076,0.0,0.0,32.4037034920393
44691,-45.9749054295016,2.93767,379592.0143294,6.17521,60469.0,10.85,4.22,4.1351,0.42,4.0,1.0,15.6370336834751,573.32417380335,577.676147641147,19.6530298403872,22.2030737799124,, ,0.0,0.0,0.0,76.42495481,0.0,0.0,0.0,23.57504519,0.0,0.0,20.97617696340303
44694,-45.9689130764842,1.0,563485982.856275,183.68,612267.0,7.25,4.21,4.07922,6.48,2.85,3.01,22.8655366207874,563.900471424951,577.388256739186,15.5349278959613,32.10347959367,13.891660038961,Lake Waipori,5.72836093350972,0.467661660186738,33.500904461,3.78628223,22.454768499,5.820782063,1.331616122,8.228032208,0.056344421,0.207557325,44.429719783046124
44710,-45.962534182613,2.91962,179476.098156,1.02286,9954.58,6.3,4.22,3.98398,0.27,3.0,1.0,,,,,,, ,39.9154906241002,0.385175550533797,100.0,0.0,0.0,0.0,0.0,0.0,0.0,0.0,19.235384061671343
44727,-45.9249227453218,3.24127,102647.8735447,1.08261,11696.8,9.75,3.78,3.50565,1.38,3.0,1.66,,,,,,, ,16.1069088755653,0.0,85.38989327,0.0,0.0,0.0,0.0,14.61010673,0.0,0.0,16.431676725154983
44734,-45.9094810042683,7.6699,3923185.9213219,1.15331,29485.8,13.25,3.74,3.37165,7.49,3.0,2.35,,,,,,, ,1.79397618699024,0.0,60.02911302,0.0,9.382889889,0.0,0.709904664,22.078472216999998,0.0,7.799620211,13.416407864998739
44735,-45.9078010385034,3.09376,75674.8325354,1.80721,18636.9,15.51,3.71,3.33493,0.93,3.4,1.0,,,,,,, ,0.0,0.0,57.45534087,1.52769821,5.616026943,0.0,0.0,0.0,33.81768311,1.583250872,17.029386365926403
44744,-45.8893857012933,22.9452,938080.5611703,3.98791,305012.0,127.84,4.09,3.78362,7.59,3.0,2.0,17.0696462092641,570.834322158181,580.491662497911,13.7863704952485,21.6349496735713,6.27474833333333, ,10.3981425054634,0.0,73.09427435,0.0,12.570573262,0.0,6.439100529,7.896051858,0.0,0.0,16.73320053068151
44745,-45.8938325631334,16.4614,1303322.0508557,1.00235,55000.1,65.86,4.13,3.79737,6.88,3.0,2.0,,,,,,, ,8.24143481734167,0.0,77.00178136,0.0,13.105228968,0.0,4.443758481,5.449231185,0.0,0.0,15.165750888103101
44746,-45.9007484289823,1.2,2621194.249236,18.7883,75153.0,14.35,5.04,4.7463,8.23,3.0,3.36,21.7109332132777,564.925167967925,572.770289697228,21.2373975358438,29.7333326831529,29.3179314,Tomahawk Lagoon,67.8010925608897,0.127171272165352,71.84062903,0.739024741,3.836683752,0.0,0.948528249,7.00684259,0.0,15.628291639,30.298514815086232
44747,-45.9014869911335,1.2,1947994.752469,10.2338,40935.2,14.99,5.19,4.93986,9.73,3.0,3.34,25.8556413815979,543.500496306182,565.230808836086,14.8468669541746,13.5060212986957,13.1199433333333,Tomahawk Lagoon,2.01890289525813,0.0,78.36485668,0.0,12.48733719,0.302240037,3.935329716,1.8125203380000001,0.0,3.097716038,25.219040425836983
45048,-45.7113373476053,19.2784,2413951.7534338,1.82499,117277.0,477.35,3.27,3.59032,2.34,3.0,2.35,,,,,,, ,11.3617823670705,0.0106353304211695,99.30962564,0.0,0.690374364,0.0,0.0,0.0,0.0,0.0,16.1245154965971
45110,-45.7343624194538,17.7683,410387.3279492,2.01884,119572.0,61.74,2.67,2.51804,8.27,3.0,1.35,,,,,,, ,9.26229933417063,0.0161040569835862,66.5503401,0.0,0.0,7.473315929,25.97634397,0.0,0.0,0.0,16.431676725154983
45121,-45.705998927106,20.1968999999999,242319.7313555,2.87156,193322.0,66.82,2.57,2.39395,11.76,3.0,2.87,,,,,,, ,14.8043660837636,0.0161040569835862,99.87377197,0.0,0.0,0.0,0.0,0.126228032,0.0,0.0,16.1245154965971
45123,-45.6993644044038,19.6949,911699.2262957,1.05423,69209.6,57.42,2.56,2.38378,21.21,3.0,3.67,,,,,,, ,2.37111944594252,0.0161040569835862,17.454482401,0.0,81.21080884,0.0,0.0,1.334708764,0.0,0.0,17.88854381999832
45150,-45.863127989394,20.1178999999999,2743222.3454182,2.07136,138905.0,400.7,4.36,4.60279,2.31,2.7,1.85,,,,,,, ,0.0,0.0,68.77030077,30.31127697,0.672728508,0.0,0.0,0.0,0.0,0.0,20.248456731316587
45151,-45.8458428515499,146.986999999999,335041560.065653,1816.92,890212000.0,394.87,4.37,4.60962,5.99,2.92,3.42,11.1737362970395,567.169945042868,573.628067450387,16.6566675658166,29.6886089579214,8.871298999999995,Lake Mahinerangi,2.20917461244006,0.0,26.37567429,3.491271293,19.768184944999998,6.936591879,1.088424881,0.790088083,0.098188068,0.027470477,86.23224454924039
45153,-45.8222924625268,23.1732,10820493.994559,12.494,965091.0,397.23,4.23,4.4296,5.57,3.0,2.72,2.96947968588521,571.484804911379,574.216065185033,13.1025365248671,59.5380376015164,13.152198,Lake Mahinerangi,14.0202339908632,0.0,90.49270879,0.166696584,3.215822987,0.0,0.0,0.0,0.0,0.122094573,30.199337741083
45155,-45.7964293304099,18.0627,3518216.791307,4.81176,289711.0,496.48,4.25,4.4728,5.88,3.0,2.62,22.8530061773453,555.015454112366,567.541029923771,14.2967532885037,18.9235094006742,,Knights Dam,14.4038508836515,0.0,91.78812193,0.513590592,0.290179997,0.0,0.0,0.0,0.0,0.0,17.86057109949175
45170,-45.7016783752776,15.4567999999999,2341032.3381084,2.10981,108703.0,619.56,4.06,4.17163,2.88,3.0,4.0,,,,,,, ,0.0041876830823513,0.0,91.74602968,0.039486245,0.0,8.214484075,0.0,0.0,0.0,0.0,17.88854381999832
45230,-45.7391791469935,24.956,2763985.8177573,1.01444,84388.2,348.89,4.03,4.24766,2.78,3.0,2.0,,,,,,, ,9.7836394518037,0.008227645592408,90.43680477,0.812756301,2.722127184,1.047120039,4.13920349,0.841988221,0.0,0.0,15.811388300841896
45246,-45.8467982270076,23.9938,3328227.5451814,3.69766,295737.0,116.72,4.59,4.32896,12.09,4.5,3.2,,,,,,, ,0.0133752877117633,0.0,22.13113041,0.0,16.18627594,0.0,17.947739344000002,40.797381617999996,0.0,2.93747269,19.493588689617926
45250,-45.8069445419408,26.0894,1599405.7223342,4.60696,400643.0,297.01,5.29,5.2649,10.86,3.02,2.12,33.0531671820816,557.507357881642,571.873350072327,14.868869253549,19.4591994094704,9.00735583333333, ,0.145876760526118,0.0,3.408072641,0.0,5.918543993,0.0,0.0,88.5324189,0.0,2.140964459,19.493588689617926
45252,-45.7924421529657,23.459,566533.5730577,2.29946,179810.0,409.96,6.12,6.13003,8.77,3.0,2.75,26.2382914979594,525.58270627722,565.508091147722,9.39114635497996,11.7378750198091,10.6207310666667, ,0.0,0.0,0.0,0.0,43.00703361,0.0,0.0,56.992966380999995,0.0,0.0,14.491376746189438
45260,-45.8525851979594,7.9308,852259.0571642,6.31429,166925.0,13.86,6.37,6.18642,9.53,3.0,4.0,19.254254041638,573.554051489464,577.032944221614,16.7036972753134,36.129634855652,24.1142626333333, ,1.17816799779145,0.0,63.05326892,11.36507639,3.313404163,0.0,0.0,22.268250521,0.0,0.0,19.748417658131498
45265,-44.2402432347792,18.5601999999999,171567.701919,1.45315,89902.5,715.35,4.16,4.60505,11.07,1.42,4.78,,,,,,, ,0.0,0.0,0.0,0.142804711,0.0,0.0,0.0,99.85719529,0.0,0.0,18.708286933869708
45266,-44.2600024355799,18.8143999999999,737623.3601357,3.28518,206029.0,1076.5,4.63,5.27465,14.79,4.0,4.0,23.4411767766374,494.510499099786,546.690042999747,9.41626246800448,19.133011675348,, ,0.0,0.0,0.0,0.0,0.0,0.0,0.0,0.0,0.0,0.0,18.439088914585774
45268,-44.2531725829229,17.1675,363948.9356558,2.91293,166692.0,1119.31,4.69,5.36295,12.52,4.0,4.0,,,,,,, ,0.0,0.0,0.0,0.0,0.0,0.0,0.0,0.0,0.0,0.0,14.832396974191326
45279,-44.2676001500012,13.651,1374445.2045243,1.66531,75777.2,953.38,4.68,5.3034,24.3,3.0,4.0,,,,,,, ,0.0,0.0,0.0,0.0,0.0,0.0,0.0,4.25298895,2.251812004,0.0,13.416407864998739
45285,-44.2681234116365,5.45338,5637256.6010726,1.52906,27795.2,55.64,3.17,2.98042,16.66,3.17,2.5,,,,,,, ,0.0267390189006083,0.0,0.0,0.35807981299999997,0.0,1.081852481,0.0,77.60650211000001,0.6145931,0.0,16.431676725154983
45288,-44.2340435876194,18.175,341257.9242375,1.19091,72148.9,879.05,4.34,4.85255,7.61,3.0,4.0,,,,,,, ,0.0,0.0,0.0,0.0,0.0,0.0,0.0,88.29311397,0.0,0.0,13.038404810405298
45290,-44.2296431977841,18.8143999999999,154489.1128282,1.73056,108531.0,874.59,4.32,4.83098,6.6,3.0,4.0,,,,,,5.631876226453205, ,0.0,0.0,0.0,0.0,0.0,0.0,0.0,100.0,0.0,0.0,14.491376746189438
45296,-44.203572491348,21.8928,6877016.2964237,9.27146,676594.0,134.55,3.1,3.05945,19.34,1.13,3.86,,,,,,8.942683666666671,Theta Tarn,0.0,0.0,0.0,0.0,0.0,0.0,0.0,38.105978585,10.40063127,0.0,20.97617696340303
45298,-44.1868509071797,26.7889,667292.1198623,2.8524,254709.0,260.28,3.25,3.27322,8.23,3.0,2.0,,,,,,7.37483616666667, ,0.0,0.0,0.0,0.0,0.0,0.0,0.0,41.742816266000005,0.583366092,0.0,18.439088914585774
45301,-44.1774648802396,20.9564999999999,1616990.1631877,1.47968,103363.0,124.96,3.11,3.0999,13.68,2.53,2.46,,,,,,12.839882,Woodhen Pond,0.0,0.0,0.0,0.0,0.0,0.0,0.0,90.664626336,0.0,0.0,18.439088914585774
45302,-44.1377712583633,28.3360999999999,3868275.3662789,3.78608,357609.0,434.71,4.06,4.49272,27.26,3.0,4.0,,,,,,5.587534360689145,Delta Tarn,0.0,0.0,0.0,0.0,0.0,0.0,0.0,96.758030513,0.0,0.0,21.6794833886788
45323,-44.1834727968903,24.751,267797.0324331,1.33914,110483.0,1172.92,4.94,5.7225,9.52,3.0,4.0,,,,,,, ,0.0,0.0,0.0,0.0,0.0,0.0,0.0,0.0,0.0,0.0,14.142135623730951
45324,-44.1847941188644,9.37068,163425.4447848,3.16564,98880.6,1235.57,5.03,5.83327,6.18,3.0,4.0,,,,,,, ,0.0,0.0,0.0,0.0,0.0,0.0,0.0,0.0,0.0,0.0,19.235384061671343
45326,-44.1559117918845,31.7291999999999,644038.4341972,1.97667,209060.0,113.11,3.13,3.11297,23.38,1.34,3.65,,,,,,13.3707513809524, ,0.0,0.0,0.0,0.0,0.0,0.0,0.0,60.706058389999995,6.114291939,0.0,17.88854381999832
45328,-44.1448556590182,13.8310999999999,506821.5448194,1.06564,49129.7,45.46,2.86,2.73127,22.6,3.0,3.09,,,,,,11.24726933333335, ,0.0095422323901216,0.0,0.0,0.0,0.0,0.880775687,0.0,99.11922431,0.0,0.0,14.142135623730951
45332,-44.1424934546913,8.93878,103608.7440813,1.24721,37161.9,78.56,2.85,2.72833,3.69,3.0,2.0,,,,,,, ,0.0,0.0,0.0,0.0,0.0,0.0,0.0,100.0,0.0,0.0,17.320508075688775
45334,-44.1399210813968,15.1701,509006.9307685,1.10416,55834.0,58.36,2.87,2.76647,10.53,3.0,2.6,,,,,,14.70128933333335,Lake Hamer,0.0,0.0,0.0,0.0,0.0,0.0,0.0,100.0,0.0,0.0,15.811388300841896
45338,-44.1364047912532,21.1986999999999,1244553.3785516,1.49901,105924.0,69.2,2.84,2.71767,26.29,3.0,3.65,,,,,,13.438521,Smiths Ponds,0.0,0.0,0.0,0.0,0.0,0.0,0.0,100.0,0.0,0.0,14.491376746189438
45341,-44.187940329711,21.5195,12003067.216861,18.1004,1298370.0,824.69,4.54,5.11735,26.88,3.0,4.0,,,,,,11.6273526666667, ,0.0,0.0,0.0,0.0,0.0,0.0,0.0,11.68722804,4.419865627,0.0,24.657656011875904
45346,-44.2560275214492,8.88118,131384.799365,1.32371,39187.1,783.64,4.49,4.76682,2.76,3.0,4.0,,,,,,,Lake Diana,0.0,0.0,0.0,0.0,0.0,71.20043048,0.0,28.79956952,0.0,0.0,15.491933384829668
45355,-44.1623059076529,9.67876,63896.969351,1.42624,46014.2,637.85,4.02,4.36063,11.93,3.0,4.0,,,,,,,Lake Porm,0.0,0.0,0.0,0.0,0.0,0.0,0.0,100.0,0.0,0.0,17.320508075688775
45356,-44.1629779309513,18.3648999999999,708917.1550905,2.43296,148936.0,624.1,4.02,4.36069,14.28,3.0,4.0,,,,,,7.380590166666661,Lake Bux,0.0,0.0,0.0,0.776230376,0.0,0.0,0.0,99.22376962,0.0,0.0,17.320508075688775
45358,-44.1435090856984,13.651,98471.1769776,1.90654,86754.0,930.74,4.41,4.95065,8.0,3.0,4.0,,,,,,5.28099078710178, ,0.0,0.0,0.0,0.0,0.0,0.0,0.0,74.62859976,0.0,0.0,15.491933384829668
45360,-44.2396859532034,27.6626,7180091.762925,68.7522,6339550.0,812.67,4.69,5.07443,34.31,1.06,1.42,28.8702343313443,570.659186630192,578.169070183059,13.7792056372013,24.5713975641777,14.5214954564961,Lucidus Lake,0.0,0.0,0.0,0.000556395,0.0,0.0,0.0,0.111261647,85.15367287000001,0.0,40.80441152620633
45361,-44.2084599043033,27.6421999999999,1133407.5429652,3.41714,314858.0,1527.81,5.92,6.9642,39.69,0.75,1.0,,,,,,, ,0.0,0.0,0.0,0.0,0.0,0.0,0.0,0.0,79.2382623,0.0,20.97617696340303
45362,-44.2224848632483,27.6421999999999,3185813.0828799,4.34499,400351.0,1134.68,5.64,6.48587,33.76,1.76,2.35,3.34536182011989,572.419954676774,575.593686696141,17.6744017497597,46.3949022482216,,Lake Castalia,0.0,0.0,0.0,0.0,0.0,0.0,0.0,0.0,91.97860537,0.0,20.493901531919196
45369,-44.2626406588095,26.4516999999999,4581390.3947391,1.08386,95566.5,263.31,3.74,3.49347,24.92,3.0,3.93,,,,,,, ,0.0,0.0,3.121431624,0.0,0.0,0.0,0.0,18.473258359000003,0.398312581,0.0,15.811388300841896
45375,-44.2650752971121,23.5595,2585530.6619475,2.26708,178038.0,257.49,3.62,3.26817,20.7,2.95,3.5,,,,,,, ,0.0,0.0,25.19175144,1.265791668,0.0,0.0,0.0,29.844511304999997,0.636758762,0.0,17.663521732655695
45378,-44.1689319062004,31.5849,1838024.98657,30.4785,3208870.0,1524.03,5.83,6.86652,28.21,0.93,1.24,4.95138019597162,571.485860347175,576.046729278483,13.9385166565217,45.2143220899269,, ,0.0,0.0,0.0,0.0,0.0,0.0,0.0,0.0,86.11249285,0.0,30.854497241083024
45379,-44.1731151505108,27.6421999999999,1782167.021545,12.3978,1142350.0,1162.66,5.43,6.21404,38.6,1.73,2.31,,,,,,,Crucible Lake,0.0,0.0,0.0,0.0,0.0,0.0,0.0,0.0,87.15760437,0.0,21.6794833886788
45381,-44.2515942501998,24.0008,2594089.9546124,2.23482,178791.0,242.63,3.43,3.00226,20.79,2.75,3.39,,,,,,, ,0.0449614892453412,0.0,13.81646509,0.263521466,0.0,0.0,0.0,46.349136972,4.241774043,0.0,22.135943621178654
45392,-44.231995225426,26.2887999999999,297198.3613978,1.41666,124141.0,1680.26,5.91,6.64462,25.34,3.0,4.0,,,,,,, ,0.0,0.0,0.0,0.0,0.0,0.0,0.0,0.0,48.85012187,0.0,12.649110640673518
45393,-44.2196100083171,27.4128,167873.2476242,1.9131,174811.0,1789.35,6.02,6.83545,20.51,3.0,4.0,,,,,,, ,0.0,0.0,0.0,0.0,0.0,0.0,0.0,0.0,53.07032749,0.0,15.165750888103101
45397,-44.2330626267474,14.6112,126038.6478781,1.1563,56316.5,1656.97,5.85,6.52948,14.01,3.0,4.0,,,,,,, ,0.0,0.0,0.0,0.0,0.0,0.0,0.0,0.0,48.33760079,0.0,14.491376746189438
45398,-44.2094060842753,11.6305999999999,1403611.1986012,2.00375,77682.5,295.18,3.48,3.16107,21.17,3.0,3.46,,,,,,, ,0.508295385664424,0.0,13.3063977,1.064439538,0.0,0.0,0.0,71.67573154,5.202288325,0.0,18.973665961010276
45405,-44.1790949366763,23.9851999999999,83687.7429387,1.0666,85275.3,289.38,3.76,3.6271,5.25,3.0,2.0,,,,,,, ,0.0,0.0,79.67427335,0.0,0.0,0.0,0.0,0.0,20.32572665,0.0,17.320508075688775
45410,-44.1912757211095,26.0473,408693.854128,2.29553,199307.0,1713.25,5.78,6.49527,17.77,3.0,4.0,,,,,,, ,0.0,0.0,0.0,0.0,0.0,0.0,0.0,0.0,55.05328292,0.0,16.431676725154983
45411,-44.1904325765949,37.5236999999999,11432546.796922,26.1261,3267830.0,923.74,4.72,4.9488,31.82,2.94,3.92,18.390865153388,574.903068745046,576.399787674021,8.30195601750109,55.8258832574831,5.42568954894778, ,0.0,0.0,0.0,0.0,0.0,1.158261002,0.0,7.56419698,10.858221239,0.0,38.39270764090493
45415,-44.3047605453087,17.282,639899.8076624,1.63701,94302.6,725.03,3.88,3.5603,5.77,3.96,2.06,,,,,,, ,1.78490676004256,0.0,74.22318808,9.328158329,0.0,4.467450402,0.0,11.98120319,0.0,0.0,14.832396974191326
45422,-44.3053597544252,16.3231,256878.808757,2.26148,123047.0,1553.18,5.15,5.45123,15.83,3.0,4.0,17.097814372706,563.081941709243,572.952050296418,15.7478425170123,25.3057415069392,, ,0.0,0.0,0.0,0.0,0.0,0.0,0.0,0.0,20.64987539,0.0,14.491376746189438
45432,-44.293566473096,17.7607,163146.9236677,2.74644,162596.0,1474.32,4.89,5.1163,10.47,3.0,4.0,,,,,,, ,0.0,0.0,0.0,0.0,0.0,0.0,0.0,0.0,0.0,0.0,18.973665961010276
45434,-44.2850525826214,14.8928999999999,2721128.1284925,5.89051,292422.0,1516.66,5.01,5.28702,17.2,3.0,4.0,7.29077767903261,572.037160042231,574.369587534014,16.1786030308429,53.3929287658745,, ,0.308121426698087,0.0,0.0,0.0,0.0,0.0,13.86189584,0.0,10.30512508,0.0,18.439088914585774
45438,-44.2321718565852,27.6421999999999,344160.8924757,1.16506,107349.0,1772.59,5.87,6.54223,30.78,3.0,4.0,,,,,,, ,0.0,0.0,0.0,0.0,0.0,0.0,0.0,0.0,68.59215625,0.0,16.73320053068151
45442,-44.26446013688,27.4128,685185.3302374,6.16393,563235.0,1873.31,5.98,6.68663,24.22,3.0,4.0,14.3452925938518,573.370181519745,575.030152653695,18.7970484143472,50.0559915089137,, ,0.0,0.0,0.0,0.0,0.0,0.0,0.0,0.0,52.19698421,0.0,19.748417658131498
45453,-44.1789742923768,26.2887999999999,965281.1996202,6.95844,609764.0,1660.9,5.63,6.29297,30.44,0.0,0.0,1.99958015613299,573.626293498788,575.529375696875,13.1125893586149,50.131110347817,, ,0.0,0.0,0.0,0.0,0.0,0.0,0.0,0.0,36.40869604,0.0,20.493901531919196
45458,-44.1943480157122,17.1675,372501.3672682,2.38019,136207.0,796.73,3.89,3.72603,17.58,3.15,4.0,7.92821647755536,568.442026322906,574.559527821075,12.4620603817317,36.2375829295283,, ,0.15738503236968,0.0,0.0,0.0,0.0,7.577100513,0.0,51.29865859,0.0,0.0,18.973665961010276
45460,-44.2596898121662,17.3276,270508.9489014,1.19301,68906.8,1269.56,4.67,4.81458,16.51,3.0,4.0,,,,,,, ,0.0,0.0,0.0,0.0,0.0,0.0,0.0,0.0,15.8621458,0.0,13.416407864998739
45468,-44.2652972469129,18.3648999999999,606455.8609092,1.63563,100127.0,1732.76,5.5,6.02622,12.61,3.0,4.0,,,,,,, ,0.0,0.0,0.0,0.0,0.0,0.0,0.0,0.0,17.3413964,0.0,14.142135623730951
45469,-44.2594691290641,17.1675,65921.6364852,1.09566,62699.4,1844.71,5.43,5.91823,13.72,3.0,4.0,,,,,,, ,0.0,0.0,0.0,0.0,0.0,0.0,0.0,0.0,41.6469509,0.0,13.416407864998739
45472,-44.2425128894042,21.9859,1298395.051081,14.5131,1063610.0,1557.18,5.34,5.82926,20.06,3.0,4.0,7.55912728914251,571.108125357204,576.403454005383,14.6793424323958,36.1897970295867,,Dumb-bell Lake,0.0,0.0,0.0,0.0,0.0,0.0,0.0,0.0,22.97324808,0.0,29.393876913398138
45478,-44.3037723022664,0.0,1958299.6488909,3.04609,181744.0,656.37,0.0,2.9326,0.0,0.0,0.0,,,,,,, ,0.0,0.0,0.0,2.479859281,0.0,56.56399927,0.0,4.144752779,5.071347762,0.0,0.0
45483,-44.3106291216376,17.1983999999999,4226723.262811,11.1729,640521.0,594.78,3.26,2.75421,1.78,4.0,2.0,17.8278021921022,567.293365211855,575.085922135495,17.4704233988048,33.9601266004331,24.99564275446775,Red Lagoon,0.240299681802765,0.0,85.28169369,6.883586076,0.979715611,1.773838012,5.08116661,0.0,0.0,0.0,25.219040425836983
45490,-44.2982306865844,18.0688999999999,245599.0316,1.04838,63143.4,564.3,3.17,2.62782,2.27,4.0,2.0,,,,,,, ,0.0,0.0,1.57269651,0.0,0.0,98.42730349,0.0,0.0,0.0,0.0,18.973665961010276
45493,-44.3103900230813,17.8592,246714.1386595,1.87986,111910.0,589.63,3.24,2.72315,1.55,4.0,2.0,,,,,,, ,4.18399209716434,0.0,0.0,0.0,0.0,0.0,100.0,0.0,0.0,0.0,18.439088914585774
45494,-44.3111028701838,8.63970999999999,291648.908875,2.76956,79760.7,592.09,3.21,2.70615,1.38,4.0,2.0,,,,,,, ,4.21701690632434,0.0,0.0,0.0,0.0,0.0,100.0,0.0,0.0,0.0,16.431676725154983
45498,-44.31028612554,17.5872999999999,79125.6564059,2.32576,136346.0,575.1,3.23,2.7113,6.76,4.0,2.0,,,,,,, ,3.11710889116314,0.0,0.0,13.94075385,6.173703605,79.88554254,0.0,0.0,0.0,0.0,14.142135623730951
45499,-44.3111936545703,18.8062,1811375.443698,33.294,2087110.0,595.3,3.21,2.69848,0.71,4.0,2.0,30.5082522483876,540.9388216572,567.669208971735,13.3846414621942,14.8561792499465,56.3020626,Swan Lagoon,3.43532293139757,0.0,37.4772185,0.0,0.0,46.68470046,15.83808104,0.0,0.0,0.0,34.64101615137755
45501,-44.2985796584226,13.3051999999999,16119175.463962,19.6938,873436.0,455.6,2.96,2.3332,4.31,4.0,2.0,28.9302458260801,504.81832410092,562.116458497771,11.7900644358834,16.4675793012747,4.572098873907995,Keland Pond,4.31036805646276,2.58775174627648e-05,89.32450661,0.0,0.0,4.713137694,5.84060543,0.0,0.121750267,0.0,29.698484809834994
45502,-44.2961049423577,10.8653999999999,11450623.7966334,2.36687,85723.5,458.46,2.92,2.29353,4.7,4.0,2.0,,,,,,, ,4.3438451613602,0.0,92.78512749100001,0.0,0.0,6.502716544,0.71215597,0.0,0.0,0.0,17.88854381999832
45503,-44.2982276649112,37.6195,218331263.650333,66.178,8298610.0,466.3,3.0,2.38558,7.24,3.65,2.57,3.21634750813682,579.120753416688,582.186651936111,8.91336292536333,40.2763334190253,9.89625713187302,Wairepo Arm,3.8265214907733,0.192010792444911,33.313435409,2.130430026,0.288794779,29.36832082,16.413977262,1.901298425,0.7578399229999999,0.0,42.76680956068619
45504,-44.2777979940547,15.9373,10351646.185946,23.4998,1248410.0,525.21,3.09,2.54414,12.99,3.63,2.73,4.19820433964539,574.290676845073,577.922090931532,16.9189777314076,38.3244400859212,6.28993,Lake Middleton,1.10962243654688,0.0,32.712259656,0.0,5.563880017,15.73388126,3.756840211,3.041170939,3.796711749,0.683080298,28.284271247461902
45514,-44.2345003798904,129.0,1196415935.27757,5926.77,2548510000.0,455.14,3.46,3.1064,23.81,2.84,3.32,23.0615256875487,515.253089127122,550.723325578422,5.78186159720732,13.1312267270226,0.8588635000000004,Lake Ohau,0.42442794282677,0.0,2.980952946,0.711824273,0.328117577,9.671680355,0.706168027,14.706042974,32.586504244,0.014311425,121.5236602477065
45518,-44.2782927251838,0.0,390228.3667651,1.01188,32778.2,544.52,0.0,2.51756,0.0,0.0,0.0,,,,,,, ,4.20578594539786,0.0,0.0,0.0,6.246744295,93.1557845,0.597471205,0.0,0.0,0.0,0.0
45520,-44.2680414851318,7.92729,2624694.79617,3.25166,85923.0,478.06,2.83,2.18739,2.67,4.0,2.46,,,,,,, ,0.0155721179673513,0.0,10.24333405,2.190829003,17.32704048,40.11532649,25.62092655,1.222342246,3.263516577,0.016684605,18.973665961010276
45525,-44.2787705623466,49.316,1428721081.33191,349.16,57397300.0,474.79,2.86,2.22571,20.38,3.02,3.16,16.1950081607788,564.148438215782,570.925348681145,15.2630888821579,35.2760439550543,1.80302166666666,Lake Ruataniwha,1.00866443810866,0.1114604246421,8.876296118,1.000106973,0.48154770599999996,13.68605498,4.486931839,12.06433078,25.974786394,0.04219619,69.23871749245504
45528,-44.2864445784576,20.5665,1425461716.386,1.7663,121089.0,435.29,2.92,2.28697,20.38,3.02,3.16,,,,,,, ,1.00876226201183,0.11146753785248,8.874892736,1.001236016,0.481471572,13.69410315,4.49053372,12.062423356,25.970679655,0.042189519,17.60681686165901
45534,-44.2217535353436,15.6206,71525179.4283902,4.67831,243594.0,517.13,2.94,2.36169,16.64,3.27,3.73,1.75470568166997,575.329928681909,578.278171703763,9.66602429403065,52.0276364721739,, ,0.283732125576759,0.0,2.698808528,0.028525232,2.262210978,30.99334298,4.182944898,5.388062461,4.519585178,0.0,17.88854381999832
45537,-44.2230747307303,18.5805,74542495.1960655,1.00112,62004.3,513.01,2.89,2.29891,16.0,3.3,3.71,,,,,,, ,0.300528846862159,0.0,3.872601705,0.12338744800000001,2.169500324,32.17262705,4.089031376,5.246885088,4.445551858,0.0,16.73320053068151
45538,-44.2198261182517,7.8155,303374.2024544,3.22572,84035.3,519.5,2.9,2.30292,0.64,4.0,4.0,35.1310758774779,489.257877491984,567.13837149381,14.5908966072911,14.1068259979722,,Loch Cameron,0.553268334976922,0.0,0.0,15.14218747,0.0,81.70915351,3.14865902,0.0,0.0,0.0,17.029386365926403
45539,-44.2150700145636,10.5352999999999,1026557.941425,1.87217,65746.1,519.92,2.94,2.35728,0.9,4.0,4.0,,,,,,,Lake Marino,0.750597369199143,0.0,8.611780812,0.0,0.0,91.38821919,0.0,0.0,0.0,0.0,16.1245154965971
45541,-44.2057329211501,22.3627,108440769.663901,16.3864,1221480.0,507.63,3.11,2.54751,18.76,3.25,3.58,36.9365515245646,493.70653317226,570.608272658748,12.4447231814947,11.5876840710932,,Lake Poaka,0.0380452592124248,0.0,0.0,0.094951889,0.240645998,2.061464599,8.178635567,3.354478273,25.69694667,0.0,28.24889378365107
45542,-44.2108637554473,7.82208,108401892.029838,1.07131,27932.8,517.04,3.07,2.49137,18.74,3.25,3.58,,,,,,, ,0.0385130557627826,0.0,0.0,0.11750007,0.240430414,2.080776818,8.217102087,3.3514731429999998,25.67392589,0.0,16.1245154965971
45543,-44.3043517360435,20.7786,3807592.9890349,6.64113,459977.0,451.13,3.2,2.66875,15.37,3.22,3.55,26.7844830707289,567.465027652752,576.319879180213,6.2447969904085,19.7369647622814,2.8930336411689552, ,7.14595718657085,0.450765097483778,0.0,1.191640997,0.0,24.29713657,74.19091511,0.319872822,0.0,0.000434499,18.973665961010276
45550,-44.1906971862625,9.30653,259084.6210062,1.05316,32671.0,556.3,3.41,2.89332,1.44,4.0,2.0,,,,,,, ,2.06718273375371,0.0,86.37954517,0.0,0.0,13.62045483,0.0,0.0,0.0,0.0,18.16590212458495
45560,-44.2401695126229,8.34845999999999,320938.5025723,1.29871,36140.7,455.16,3.36,2.7538,1.22,3.59,3.59,,,,,,, ,1.73393890085396,0.0,0.0,0.0,0.0,81.76784815,0.0,18.23215185,0.0,0.0,17.320508075688775
45590,-44.1103653952229,22.6508,86164.6709555,1.12479,84924.8,429.38,3.46,3.6696,5.8,3.0,2.0,,,,,,5.51553953144894, ,0.0,0.0,0.0,0.0,0.0,0.0,0.0,100.0,0.0,0.0,15.165750888103101
45599,-43.8770870290348,6.32181,864544.1306429,2.71032,57113.8,27.65,2.88,3.03567,21.89,1.03,3.76,,,,,,, ,0.0,0.0,0.0,1.816937705,0.0,0.0,0.0,91.07127077,7.111791526,0.0,16.30950643030009
45604,-43.8568079354855,2.93767,118500.4712449,1.12156,10982.6,10.34,2.79,2.93965,0.48,0.0,0.0,,,,,,, ,0.0,0.0,0.0,3.429047258,0.0,0.0,0.0,0.0,96.57095274,0.0,17.88854381999832
45607,-43.8595814346491,0.0,841552.5989748,1.40644,21198.3,0.37,0.0,2.87153,0.0,0.0,0.0,,,,,,, ,0.0,0.0,0.0,33.54224398,0.0,0.0,0.0,66.45775602,0.0,0.0,0.0
45610,-43.9292186157594,11.5239999999999,80638.7667901999,1.12172,43089.0,37.87,2.74,2.69807,4.22,0.29,0.39,,,,,,8.62878776190476, ,0.0,0.0,16.61119516,0.0,0.0,0.0,0.0,10.66781932,72.72098552,0.0,17.320508075688775
45630,-43.8490541819933,9.16419999999999,103129.9256874,2.91875,89160.0,1204.71,4.63,5.34546,9.81,3.0,4.0,,,,,,, ,0.0,0.0,0.0,0.0,0.0,0.0,0.0,0.0,0.0,0.0,19.748417658131498
45632,-43.9133358740502,10.1074,1858194.245758,1.15528,38923.1,877.67,5.05,4.22738,4.22,4.0,2.0,,,,,,, ,3.43561900874229,0.0,0.0,0.0,0.0,100.0,0.0,0.0,0.0,0.0,13.038404810405298
45638,-43.9014441806737,17.6343999999999,548488.9952221,2.53683,149118.0,906.5,5.04,4.2281,3.76,4.0,2.0,,,,,,, ,3.46974221942451,0.0,0.0,0.0,0.0,100.0,0.0,0.0,0.0,0.0,18.708286933869708
45641,-43.8984280392796,9.62689,67752.9163551999,1.3726,44046.2,916.44,5.03,4.22645,8.86,4.0,2.0,,,,,,, ,2.99634606242524,0.0,0.0,0.0,0.0,100.0,0.0,0.0,0.0,0.0,13.416407864998739
45674,-43.4980966930254,27.6421999999999,57703728.6312357,1.49025,137313.0,642.84,4.85,4.18102,22.32,0.72,0.96,,,,,,14.3473355555556, ,0.0,0.0,0.0,0.0,0.0,0.0,0.0,0.0,92.70661484,0.0,15.491933384829668
45678,-43.497550765096,43.9179,15870658.188939,10.5785,1548620.0,1027.61,5.78,5.57812,28.86,1.14,1.52,,,,,,, ,0.0,0.0,0.0,0.0,0.0,0.0,0.0,0.0,92.60060793,0.0,23.323807579381203
45683,-43.4392525174234,25.0132,2865020.2738165,8.95366,746533.0,96.32,3.99,2.8683,11.2,2.94,1.96,1.21886230756114,578.081121908355,579.278517521311,7.74514826319463,44.6932528405933,6.363345386446885,Lake Matheson,0.0,0.0,0.143036807,0.0,0.0,0.0,0.0,99.85696319,0.0,0.0,27.712812921102035
45684,-43.4203216084242,13.0136,234038.7283408,7.01021,304095.0,317.47,4.3,3.30672,6.63,1.0,2.0,2.20900930074219,576.656509247159,579.836684841383,5.40312374027283,42.5050169929258,5.16410980332713,Lake Lyttle,0.0,0.0,0.0,0.0,0.0,0.0,0.0,100.0,0.0,0.0,20.248456731316587
45686,-43.430301875501,42.1017,3258198.640558,31.7871,4460960.0,333.23,4.43,3.46067,4.12,2.92,1.99,3.62968271835361,572.948511913073,576.951633052966,13.6665443864856,36.3796015270956,5.319142470599695,Lake Gault,0.0,0.0,0.0,19.19364043,0.0,0.0,0.0,80.80635957,0.0,0.0,32.07802986469088
45688,-43.4251789983206,37.2828,1544449.395567,27.6392,3434890.0,333.52,4.45,3.48042,2.66,2.82,2.0,9.99503257323945,573.015063631269,577.091803094625,13.7943349922598,29.1556726989792,5.81355833333333, ,0.0,0.0,0.0,31.03422315,0.0,0.0,0.0,68.96577685,0.0,0.0,32.07802986469088
45691,-43.41934247797,10.5852,249127.533396,5.18949,183105.0,456.41,4.67,3.77805,2.54,3.0,2.0,5.20299280732314,570.098674963229,574.535855769851,17.8237825226584,43.4116085787288,8.24598833333333, ,0.0,0.0,0.0,0.0,0.0,0.0,0.0,100.0,0.0,0.0,19.748417658131498
45692,-43.4212727995211,27.9223,2085877.010263,57.9078,5389740.0,451.84,4.68,3.79877,1.34,2.66,1.77,2.0099385190521,584.896516580778,586.78276477032,14.1243501774115,51.9421671966908,5.42281922075039,Lake Mueller,0.0,0.0,0.0,0.0,0.0,0.0,0.0,100.0,0.0,0.0,33.166247903554
45693,-43.41289718188,21.0520999999999,85965.9405036,2.02197,141889.0,428.22,4.63,3.71295,2.9,3.0,2.0,,,,,,5.88827607843137,Lake Gibbs,0.0,0.0,0.0,0.0,0.0,0.0,0.0,100.0,0.0,0.0,22.135943621178654
45718,-43.5417299471016,16.8342999999999,597678.6326012,3.88069,217763.0,1094.61,5.27,4.90873,12.79,3.0,4.0,32.7836341380025,563.996618700862,575.883327593672,26.1411011435254,29.5711291736134,,Mystery Lake,0.0,0.0,0.0,0.0,0.0,0.0,0.0,0.0,0.0,0.0,21.6794833886788
45723,-43.51085157099,26.0473,1193837.7770265,2.3038,200026.0,878.74,5.16,4.81126,23.74,3.17,3.65,,,,,,, ,0.583354926519805,0.0,0.0,0.0,0.0,19.2705513,0.0,0.0,16.48690385,0.0,23.664319132398465
45724,-43.5702983058213,14.9795,15019604.9367663,9.57248,477970.0,629.77,4.45,3.77878,7.76,3.95,2.08,38.6764068408072,577.720598501948,580.577573720785,14.3327364508134,12.6622070138684,8.480894622482325,Moari Lakes West,1.6256409495811,0.0,50.80464387,1.844154871,0.0,3.301696135,0.0,3.539830835,0.0,0.0,22.978250586152114
45726,-43.5702957538248,15.0749,15100016.448445,1.77466,89176.0,624.63,4.45,3.77888,7.68,3.95,2.08,,,,,,,Moari Lakes Westb,1.61257018098686,0.0,50.4090262,2.732598031,0.0,3.267332488,0.0,3.502988711,0.0,0.0,19.235384061671343
45728,-43.7775451215438,7.1791,133864.0194042,1.42769,34165.2,11.89,5.11,3.99733,1.15,0.57,0.14,,,,,,, ,0.905223440924684,0.0,4.919732441,59.37625418,3.567725753,0.0,0.0,32.13628763,0.0,0.0,17.320508075688775
45729,-43.7889472812231,4.3822,237441.6182113,6.66444,97349.7,13.59,5.11,4.01681,2.46,4.0,1.0,16.2343179107095,577.613868962044,579.639388935592,19.0014139803211,36.4988520149831,, ,0.0170673078303005,0.0,31.18276423,67.05608297,1.761152797,0.0,0.0,0.0,0.0,0.0,25.45584412271571
45730,-43.7966484272427,4.4692,28057604.6366992,4.97595,74128.3,13.7,5.1,3.99806,19.4,3.79,2.84,,,,,,, ,0.264547698751036,2.93746780651659e-06,60.326749251,0.271694854,1.176454849,14.3224536,2.239943475,21.662703961000002,0.0,0.0,20.248456731316587
45779,-43.0939520225162,22.8789,104107.0546535,1.05852,80725.9,152.44,5.45,5.53418,11.63,3.0,4.0,,,,,,, ,15.1595098802437,0.0046844785025471,80.60597695,0.0,0.0,0.0,0.0,19.39402305,0.0,0.0,14.491376746189438
45788,-43.0911302806249,11.8253,106815.792021,3.21972,126914.0,116.89,5.63,5.58695,2.97,3.0,2.0,,,,,,, ,13.4831748888868,0.0046844785025471,100.0,0.0,0.0,0.0,0.0,0.0,0.0,0.0,18.16590212458495
45789,-43.0876478794686,23.4765,288034.0724014,2.90534,227357.0,107.48,5.72,5.6987,9.49,3.0,3.72,,,,,,, ,18.1408854271653,0.0046844785025471,100.0,0.0,0.0,0.0,0.0,0.0,0.0,0.0,14.491376746189438
45790,-43.0892274912121,12.0337999999999,106266.9940223,1.09481,43915.7,117.7,5.64,5.56463,4.25,3.0,2.79,,,,,,, ,19.4139646417264,0.0046844785025471,100.0,0.0,0.0,0.0,0.0,0.0,0.0,0.0,14.142135623730951
45809,-37.019558746491,12.0761,506382.8487803,5.56663,224077.0,9.48,5.22,5.28567,21.09,2.54,3.69,1.94719152516461,575.370409747848,577.574999262372,11.2937026065657,44.1137755400053,, ,0.264806172418126,0.0,0.0,4.062978197,0.0,12.28308173,0.0,83.26921198,0.384728086,0.0,18.439088914585774
45811,-36.9828229753284,22.6168,22590424.542603,47.0303,3545580.0,40.85,4.7,4.69686,12.66,3.15,3.99,32.51393746106,562.630871812495,572.824605627491,14.6188043634477,19.5304331319312,9.845122,Lower Huia Reservoir,0.0002525868783835,0.0,0.062432271,0.0,0.0,0.0,0.0,99.937567725,0.0,0.0,38.98717737923585
45812,-36.9635339158934,32.3654,8258447.479726,18.0142,1943450.0,181.0,4.79,4.88675,10.74,2.98,3.98,3.7229263897188,577.416827441815,581.23262123931,14.4846472182975,46.9305569229072,8.31005848809524,Upper Huia Reservoir,0.0,0.0,0.0,0.0,0.0,0.0,0.0,100.000000001,0.0,0.0,27.110883423451916
45813,-36.9582600477168,14.7708999999999,22570488.998859,51.1115,2516550.0,16.98,4.21,4.10963,9.39,2.92,3.88,1.51286050290015,582.126334855163,583.82162389628,9.42298289373419,52.6235437556988,10.5691453333333,Lower Nihotupu Reservoir,0.0,0.0,0.0,0.0,0.0,0.0,0.0,99.730677337,0.0,0.269322664,37.469987990390386
45814,-36.9483027214979,36.1922,9401297.419124,10.1961,1230070.0,219.62,4.53,4.60374,6.34,2.97,3.96,4.20181641493091,582.161967068572,584.387414831656,16.3908953500518,43.2628900992574,8.55029673333333,Upper Nihotupu Reservoir,0.0,0.0,0.0,0.0,0.0,0.0,0.0,100.0,0.0,0.0,27.349588662354687
45818,-36.8946697512308,0.0,1120569.1292409,9.77238,830350.0,76.21,4.42,4.31476,11.28,3.76,3.95,2.1405314455171,581.093361951448,584.062019299208,14.2443626247319,36.3278604425994,18.5431183333333,Lake Kawaupaka,0.0,0.0,0.0,0.0,0.400869853,0.0,0.0,99.59913015000001,0.0,0.0,23.45207879911715
45819,-36.8896397575484,15.0,5150892.784348,14.9802,749008.0,36.36,4.29,4.17235,12.04,3.74,3.98,2.11061499849177,582.335273494938,584.884623415949,14.4952698875472,42.1730186555253,9.6846125,Lake Wainamu,0.0296512498920591,0.277691686690643,3.509653222,0.0,0.0,0.0,0.0,95.82926099000001,0.661085792,0.0,30.59411708155671
45823,-36.8697971028711,6.16348,32545970.1587135,1.83456,37690.9,14.26,4.15,3.95238,10.13,3.11,3.95,,,,,,, ,0.357850329231166,0.0780607303561518,8.379173412,1.259126722,0.637545702,0.0,0.0,87.739784485,0.576805512,1.407564166,17.88854381999832
45826,-43.4646905180463,4.64765,11658859.7083865,1.37756,21341.3,40.37,4.6,3.96428,0.29,3.95,3.92,,,,,,, ,0.0002072809564046,0.0,31.58542052,0.0,48.756722360000005,1.571384665,0.071670613,0.907199525,1.319906405,15.787695911,13.038404810405298
45827,-43.4650285207175,4.64057,12829504.0837512,1.34543,20811.9,37.81,4.61,3.94572,0.29,3.95,3.91,,,,,,, ,0.000188342309004,0.0,32.48936149,0.0,47.066300085,1.453779191,0.065920391,1.033852784,1.577485284,16.313300771,13.416407864998739
45828,-43.4615930437972,3.96394,475009.1712308,1.36493,18035.0,36.01,4.6,3.93217,0.47,4.0,4.0,,,,,,, ,0.0,0.0,92.56484863,0.0,0.0,0.0,0.0,0.0,7.435151365,0.0,18.973665961010276
45831,-43.4655551993939,7.08316,1910556.4621202,1.65273,39021.7,29.92,4.62,3.93762,0.35,4.0,4.0,,,,,,, ,0.0,0.0,95.933284707,0.0,0.7756023,0.0,0.0,0.037956729,3.253156267,0.0,14.491376746189438
45835,-43.4685505717455,2.91809,15990783.0531856,1.26041,12259.9,29.7,4.63,3.93793,0.33,3.96,3.88,,,,,,, ,0.000151068832466,0.0,42.647793262,0.0,37.863778853999996,1.166701106,0.052903077,0.844777267,3.432101485,13.99194495,16.1245154965971
45836,-43.4618164079583,3.94215,1001239.18686,1.28571,16894.9,33.86,4.6,3.9165,0.26,4.0,4.0,,,,,,, ,0.0,0.0,98.5466278,0.0,1.453372198,0.0,0.0,0.0,0.0,0.0,14.491376746189438
45847,-43.4639483123678,3.35655,435766.5708407,7.87885,88152.5,23.3,4.43,3.7435,0.2,4.0,3.78,23.8576681211836,581.543909602427,584.501272468388,17.7929516905556,40.6195415125211,5.42211, ,2.66124458542343,0.0,49.56577565,0.0,0.0,0.0,0.0,0.0,0.0,50.43422435,20.73644135332772
45849,-43.4621699956565,2.89983,285597.7084896,5.81089,56168.6,23.25,4.41,3.7283,0.18,4.0,4.0,18.5648218356664,568.210473306423,576.05035783614,14.9232666467382,22.9025050542087,4.22168649206349, ,0.345148804622585,0.0,6.109280299,0.0,0.0,0.0,0.0,0.32897011,0.0,93.56174959,19.493588689617926
45850,-43.4642365276515,6.33391,94342.7911527999,1.52137,32120.7,12.17,4.27,3.58805,0.65,4.0,4.0,,,,,,, ,0.0,0.0,99.56476589,0.0,0.0,0.0,0.0,0.43523411,0.0,0.0,16.1245154965971
45851,-43.4655844876824,3.49351,85865.6520779999,2.20302,25654.2,13.65,4.27,3.58663,0.56,4.0,4.0,,,,,,, ,0.0,0.0,100.0,0.0,0.0,0.0,0.0,0.0,0.0,0.0,14.832396974191326
45854,-43.4510704507558,6.33045,82501543.1053759,1.72176,36331.7,14.67,4.22,3.57284,0.3,3.98,2.99,,,,,,, ,2.39141423669569,0.190796823716556,71.454030758,0.123369468,15.739067356,0.255101022,0.486701236,1.572271207,1.158609357,9.210849600000001,16.73320053068151
45856,-43.4520525532491,4.72188,225367.7317458,1.04365,16426.6,15.16,4.21,3.55422,0.36,4.0,2.27,,,,,,, ,2.37964428391338,0.0,31.874442,0.0,0.0,0.0,0.0,4.517668181,0.0,63.60788982,15.491933384829668
45890,-36.8688778462759,8.05266,897240.130438,3.45039,92616.2,13.94,4.15,3.95864,12.86,3.45,4.0,,,,,,, ,2.8650582920548,0.0,21.76650451,4.66705168,0.0,0.0,0.0,73.566443807,0.0,0.0,17.320508075688775
45905,-36.9041605224336,48.0264,8412932.167954,25.2863,4048030.0,213.83,4.34,4.3853,8.32,2.97,3.96,9.75415663137233,569.273143664581,575.974367506417,20.0751267731702,29.7705265058181,8.078090933333328,Waitakere Reservoir,0.0,0.0,0.0,0.0,0.0,0.0,0.0,99.999999997,0.0,0.0,37.52332607858744
45924,-44.6303056858731,41.8318,7010297.8519,108.072,15069500.0,1127.9,4.7,5.31063,27.11,3.0,4.0,13.4815995149116,569.641145540829,573.782583299065,14.6182867636466,40.502039721144,4.280118960341785,Lake Unknown,0.0,0.0,0.0,0.0,0.0,0.0,0.0,0.0,1.813125766,0.0,44.090815370097204
45930,-36.8855487929074,5.28329,790438.4773806,2.91084,51262.8,40.36,4.5,4.24144,1.25,1.34,1.73,,,,,,, ,0.0,0.0,0.0,0.0,0.0,3.45040462,0.0,0.0,0.0,96.54959538,19.748417658131498
45935,-36.8094355764722,11.3177,1056224.0392937,5.67857,214228.0,36.91,4.29,4.03704,7.03,0.99,3.99,6.95731018506683,579.435422286922,582.623974131296,18.3418654310662,32.6004907856201,17.0237503333333,Lake Okaihau,0.0216388542373342,0.158788275875359,27.66906683,0.0,17.33568463,1.267440892,0.0,52.50930515,0.0,1.218502507,18.708286933869708
45947,-36.7914773617024,24.5934999999999,318367.2872832,3.23097,264870.0,94.7,4.42,4.169,7.78,0.99,3.98,18.0410606685067,565.91798157922,575.063099496497,12.5479993413627,22.8041007503842,34.517493,Lake Paekawau,1.49461026094307,0.0,44.01421433,0.0,23.15162735,0.0,0.0,32.83415832,0.0,0.0,18.439088914585774
45975,-37.2809289247382,7.8968,1405676.5058331,1.47535,38835.1,18.48,2.01,1.96499,4.87,2.86,2.86,,,,,,, ,7.42216801516739,0.832606546892261,89.61859776,3.637161016,1.340911052,0.048600926,0.0,5.354729244,0.0,0.0,15.491933384829668
45979,-37.2811314454998,8.26892,192300.1118407,1.13409,31259.1,13.86,1.98,1.956,1.63,3.0,3.0,,,,,,, ,3.93861618732814,0.832606546892261,91.09265227,0.0,0.0,0.0,0.0,8.907347729,0.0,0.0,13.416407864998739
45980,-37.2770515264966,4.91248,36578641.6083937,2.44842,40092.7,13.13,1.97,1.94508,5.07,1.21,2.7,,,,,,, ,3.31065655619501,0.628327152611252,52.387787649,0.857647395,40.641382479,0.430097196,0.109902095,5.484902937,0.025025213,0.063255031,17.86057109949175
46015,-37.1159012519063,2.96244,241736.5590234,1.22319,12078.8,19.55,2.48,2.34408,1.2,2.0,1.0,,,,,,, ,0.455225178671468,0.731390822224844,96.28851785,0.0,0.0,0.0,0.0,3.711482153,0.0,0.0,13.038404810405298
46032,-45.3154999455241,27.6421999999999,1587427.6734427,1.09193,100611.0,892.17,4.37,4.98777,37.35,1.0,5.0,,,,,,, ,0.0,0.0,0.0,0.0,0.0,0.0,0.0,4.479639903,5.749188375,0.0,14.142135623730951
46034,-45.2884288810735,26.2887999999999,1522203.5373823,1.24488,109088.0,935.95,4.44,5.0972,33.86,1.0,5.0,,,,,,5.771967751550305, ,0.0,0.0,0.0,0.0,0.0,0.0,0.0,0.389074946,24.740016275,0.0,12.649110640673518
46037,-45.2802720727802,27.6421999999999,326947.665165,1.34129,123587.0,1253.98,4.77,5.65122,29.19,1.0,5.0,,,,,,, ,0.0,0.0,0.0,0.0,0.0,0.0,0.0,0.0,7.847566143,0.0,13.416407864998739
46039,-45.244596612712,27.4128,277006.4474243,3.46815,316905.0,591.6,3.86,4.0921,22.7,1.0,5.0,7.01939326084438,579.6299301475,582.413107036462,16.3107817793797,39.196420037989,4.77845573088348, ,0.0,0.0,0.0,0.0,0.0,0.0,0.0,86.17134245,0.0,0.0,19.748417658131498
46043,-45.2272915837394,31.7615,22767117.185985,33.8344,3582100.0,389.91,3.96,4.24039,26.63,0.99,4.98,2.38554642535758,582.674916469263,585.499602559715,15.7735016355705,41.845982278264,5.64725047423565,Lake Duncan,0.0,0.0,0.0,0.328003643,0.0,0.0,0.0,43.85397159,4.250369912,0.0,30.298514815086232
46047,-45.2097025921886,35.2794,3819189.697524,45.1342,5307700.0,999.56,4.78,5.47375,22.89,0.98,4.91,4.78454711638286,578.753507851646,581.916806357111,18.2470011027725,40.2233521871979,3.97621813374711,Lake Wisely,0.0,0.0,0.0,0.0,0.0,0.0,0.0,0.042597858,5.021261171,0.0,36.27671429443411
46050,-45.2055914551027,27.5417999999999,462432.8141471,5.55827,510282.0,1095.3,4.87,5.62231,23.14,1.0,5.0,31.3785120926596,520.933113149155,567.524760833116,12.1365674054103,13.9855681400869,, ,0.0,0.0,0.0,0.0,0.0,0.0,0.0,0.0,0.0,0.0,23.021728866442675
46051,-45.2497662155593,27.456,3102198.262022,41.8765,3832530.0,1004.46,4.71,5.42404,25.68,0.97,4.88,4.30240478468761,576.501451619533,579.989227320582,12.6557009442431,42.6518914312057,4.268937877988225,Lake Eyles,0.0,0.0,0.0,0.0,0.0,0.0,0.0,0.0,0.103374605,0.0,36.76955262170047
46054,-45.2267374882616,26.2887999999999,221107.7999677,1.41364,123877.0,1173.34,4.74,5.48073,14.44,1.0,5.0,,,,,,, ,0.0,0.0,0.0,0.0,0.0,0.0,0.0,0.0,0.0,0.0,17.320508075688775
46057,-44.0583128719035,0.0,103498.1099415,1.59463,15519.0,6.46,0.0,2.66069,0.0,0.0,0.0,,,,,,, ,0.0,0.0,0.0,100.0,0.0,0.0,0.0,0.0,0.0,0.0,0.0
46077,-44.0688714189838,2.90324,194230.054429,2.18731,21167.6,2.37,2.71,2.61863,0.27,4.0,1.0,,,,,,, ,0.920864947255888,0.0,90.22638064,3.677935718,0.0,6.09568364,0.0,0.0,0.0,0.0,21.213203435596427
46083,-44.0419744100136,0.0,635614.2445847,7.06825,87775.4,6.97,0.0,2.68441,0.0,0.0,0.0,,,,,,, ,0.0,0.0,0.0,55.89698199,0.0,0.0,0.0,44.10301801,0.0,0.0,0.0
46090,-44.0285714046739,10.6948,2965815.673065,17.3279,617727.0,15.51,2.78,2.72488,8.02,1.65,3.34,,,,,,6.04486093618317,Lake Jumbuck,0.0,0.0,0.0,0.76029078,0.0,0.0,0.0,99.23970922000001,0.0,0.0,31.368774282716245
46101,-44.0766092968643,2.89132,1008659.9868568,2.53006,24384.0,2.58,2.73,2.60722,7.25,3.52,2.06,,,,,,, ,0.494936522941431,0.0,45.08538077,11.526073908,0.0,0.0,0.0,43.38854532,0.0,0.0,17.88854381999832
46117,-44.1316152775772,23.6839,218653.4713883,1.83519,144881.0,78.27,2.88,2.79022,10.16,3.0,2.66,,,,,,8.481700976190481,Smiths Ponds,0.0,0.0,0.0,0.0,0.0,0.0,0.0,100.0,0.0,0.0,15.811388300841896
46118,-44.1321701452556,21.0035999999999,279435.9538851,3.84971,269526.0,74.43,2.86,2.76175,4.22,3.0,2.0,,,,,,6.959770833333336,Smiths Ponds,0.0,0.0,0.0,0.0,0.0,0.0,0.0,100.0,0.0,0.0,21.6794833886788
46122,-44.1305253047261,19.1193999999999,235238.2072107,1.78028,113459.0,61.22,2.85,2.72391,4.57,3.0,2.0,,,,,,9.61847905070235,Smiths Ponds,0.0,0.0,0.0,0.0,0.0,0.0,0.0,100.0,0.0,0.0,16.431676725154983
46124,-44.0793291122349,18.0717,2957860.5968583,1.83199,110357.0,472.12,4.0,4.45604,23.73,3.0,4.0,,,,,,12.07590016666665,Disappearing Lake,0.0,0.0,0.0,0.0,0.0,0.0,0.0,100.0,0.0,0.0,18.439088914585774
46125,-44.0382228063569,11.1739,900172.0495608,2.97753,110902.0,37.13,2.86,2.81898,24.55,3.0,2.0,,,,,,8.06339699999999, ,0.0,0.0,0.0,0.0,0.0,0.0,0.0,100.0,0.0,0.0,17.60681686165901
46129,-44.0142667354704,0.0,214972.742743,1.82818,145263.0,275.21,0.0,3.38592,0.0,0.0,0.0,,,,,,, ,0.0,0.0,0.0,21.91976567,0.0,0.0,0.0,78.080234323,0.0,0.0,0.0
46131,-44.1376439214218,17.2779999999999,688936.007606,14.4799,833943.0,973.83,4.53,5.12884,10.89,2.78,3.71,,,,,,4.78977572004706,Lake Leeb,0.0,0.0,0.0,0.0,0.0,0.0,0.0,11.64092282,0.0,0.0,26.981475126464083
46132,-44.1261713759533,27.456,1335813.90726,24.224,2216980.0,908.61,4.44,5.01123,18.61,2.98,3.98,,,,,,4.64775185897776,Lake Clarke,0.0,0.0,0.0,0.0,0.0,0.0,0.0,36.453960851,0.0,0.0,32.55764119219941
46137,-44.1136523987312,27.6421999999999,1356060.0449425,4.84178,446125.0,1162.55,4.71,5.40009,28.98,3.0,4.0,,,,,,, ,0.0,0.0,0.0,0.0,0.0,0.0,0.0,0.0,21.95057783,0.0,17.320508075688775
46138,-44.0930791261144,21.8405999999999,1460492.943422,15.8972,1157340.0,1183.03,5.06,5.94558,17.7,3.0,4.0,,,,,,,Lake Greaney,0.0,0.0,0.0,0.0,0.0,0.0,0.0,0.0,0.0,0.0,28.861739379323623
46140,-44.0512459245838,7.52362,38867617.635163,387.956,9729430.0,7.2,3.02,3.04399,18.35,2.99,2.36,12.888959035769,573.060575537877,577.891932060147,19.6407153983636,35.3132503348653,5.461482238898585,Lake Ellery,0.0,0.0,0.0,0.0,0.0,0.0,0.0,99.91099915000001,0.021736851,0.0,68.81860213634101
46141,-44.0414640952168,6.21958,1904177.5360511,6.16633,127840.0,17.38,2.82,2.75178,15.74,3.53,2.0,23.8437025282498,569.305631587682,575.50176750364,16.9802981875216,35.9442201164386,6.588825833333329,Lake Mary,0.0,0.0,0.0,0.0,0.0,0.0,0.0,99.999999999,0.0,0.0,20.97617696340303
46142,-44.0830957734912,27.4128,849190.993089,5.19593,474783.0,1074.26,4.96,5.81563,22.38,3.0,4.0,,,,,,4.554049698241575,Minim Mere,0.0,0.0,0.0,0.0,0.0,0.0,0.0,0.0,0.0,0.0,20.73644135332772
46152,-44.0743584767361,27.6421999999999,4568947.8614925,8.68488,800231.0,823.04,4.88,5.68815,30.16,3.0,4.0,6.56361968334583,578.247847969176,581.672678827515,15.0715002022693,46.9116923329132,4.298270366101615, ,0.0239647981651903,0.0,0.0,0.0,0.0,0.991080571,0.0,9.955801962,29.10292578,0.0,20.0
46153,-44.0706763910195,27.6421999999999,403443.2563354,1.75319,161540.0,564.06,4.03,4.43343,42.69,3.07,3.85,,,,,,5.99982926804568, ,0.0,0.0,0.0,0.0,0.0,0.0,0.0,34.53363334,0.0,0.0,18.973665961010276
46157,-43.9985961888303,2.91962,206319.3536802,1.51832,14776.4,-0.08,2.69,2.64549,0.01,3.0,4.0,,,,,,, ,0.0,0.0,0.0,0.0,0.0,0.0,0.0,73.67638902,26.32361098,0.0,18.439088914585774
46158,-43.9992644884247,2.98677,1591648.9333199,1.97914,19704.1,1.79,2.7,2.64852,0.25,3.35,2.3,,,,,,, ,0.0,0.0,0.0,19.78968147,0.0,0.0,0.0,80.21031853299999,0.0,0.0,20.396078054371138
46160,-44.0226023952198,4.18784,7719283.218219,55.8713,779933.0,13.8,2.73,2.66117,18.26,3.34,3.18,6.65445833668459,572.715174510784,577.481881752955,13.6198815561311,21.7945412563702,15.1015326666667,Lake Nisson,0.0,0.0,0.0,2.573035859,0.0,0.0,0.0,85.553544017,0.0,0.0,31.464265445104548
46161,-44.00777982028,6.32741,80607.9732993,2.10563,44410.5,55.8,2.78,2.76415,8.65,3.0,2.0,10.6797333390585,569.030911870638,574.127311098948,14.3799962787202,35.4540820063831,8.63426147026657, ,0.0,0.0,0.0,0.0,0.0,0.0,0.0,100.0,0.0,0.0,22.135943621178654
46163,-43.9754324038676,4.17779,4963042.7167421,3.90728,54412.7,0.59,2.71,2.71498,0.73,2.52,3.21,,,,,,,Waiatoto Lagoon,0.0,0.0,0.0,14.902802216,0.0,0.0,0.0,83.316867273,1.780330509,0.0,34.85685011586675
46164,-44.0225123692973,27.6421999999999,288545.0261994,1.35438,124793.0,1113.68,4.63,5.38617,39.21,3.0,4.0,,,,,,, ,0.0,0.0,0.0,0.0,0.0,0.0,0.0,0.0,60.46432974,0.0,12.649110640673518
46173,-43.9675241520427,0.0,487462.2457443,5.90905,89627.6,5.91,0.0,2.73005,0.0,0.0,0.0,,,,,,, ,0.0,0.0,0.0,100.0,0.0,0.0,0.0,0.0,0.0,0.0,0.0
46196,-44.139118516754,19.2626999999999,938774.2384717,2.36195,151658.0,1576.95,5.94,7.09182,22.06,1.27,1.7,,,,,,, ,0.0,0.0,0.0,0.0,0.0,0.0,0.0,0.0,100.0,0.0,14.832396974191326
46212,-43.9669290120408,43.5302,22758979.412041,63.9791,9283410.0,627.75,4.11,4.67307,29.46,2.62,3.43,,,,,,4.86754267830953,Lake Douglas,0.0,0.0,0.0,1.220080556,0.0,0.0,0.0,24.31908573,9.470823506,0.0,41.41255848169731
46214,-43.9570305130448,27.6421999999999,827866.2239599,3.54703,326826.0,1056.31,4.67,5.52297,25.39,3.0,4.0,6.97483568663656,571.963758299941,574.806241827864,12.5977872843748,37.9162312437562,4.331550804168099, ,0.0,0.0,0.0,0.0,0.0,0.0,0.0,0.0,0.0,0.0,18.973665961010276
46220,-43.9179741089936,6.98251,911989.405186,1.86975,43518.5,5.53,2.73,2.73292,18.59,2.64,2.45,,,,,,, ,0.0,0.0,0.061907859,0.0,0.0,0.0,0.0,79.76161556,20.17647658,0.0,18.973665961010276
46229,-43.8802771974045,2.97793,197909.3957342,2.74884,27286.2,0.26,2.75,2.92537,0.73,3.0,4.0,,,,,,, ,0.0,0.0,0.0,0.13621353,0.0,0.0,0.0,99.86378647000001,0.0,0.0,22.58317958127243
46233,-43.8776088865397,3.48965,1030812.6850653,2.47528,28792.9,2.25,2.75,2.934,0.88,3.04,3.73,,,,,,, ,0.0,0.0,0.0,2.036878697,0.0,0.0,0.0,97.963121303,0.0,0.0,20.73644135332772
46237,-43.8556000376556,4.42748,607896.5845198,2.67231,39438.7,2.09,2.75,2.94141,0.82,3.44,2.65,,,,,,, ,1.16340338688854,0.0,14.55018125,22.70330636,0.0,8.88231848,0.0,46.07740471300001,7.786789206,0.0,21.330729007701542
46265,-43.8326313017028,9.186,4172495.680981,36.8165,1127320.0,14.69,2.75,2.83546,1.72,1.72,2.41,2.97384422533765,578.952048738627,580.90314162896,8.22858601239457,42.9140725157506,27.14848,Tawherikiri Lakes,0.0,0.0,0.0,49.51884683,0.0,0.0,0.0,50.48115317,0.0,0.0,42.42640687119285
46267,-43.8291779634415,2.93725,397575.1593953,4.23772,41490.8,14.81,2.76,2.82653,5.09,1.0,3.11,,,,,,26.3877433333333,Tawherikiri Lakes,0.0,0.0,0.0,38.62204126,0.0,0.0,0.0,61.37795874,0.0,0.0,17.029386365926403
46276,-43.8140240023349,3.32184,189236.0579563,1.25501,13896.4,13.44,2.74,2.81991,1.78,3.0,4.0,,,,,,, ,0.0,0.0,0.0,5.199298764,0.0,0.0,0.0,94.80070124,0.0,0.0,18.973665961010276
46284,-43.804122627338,2.93298,460250.6527718,1.31156,12822.6,9.43,2.73,2.77396,1.46,3.0,4.0,,,,,,, ,0.0,0.0,4.450262411,28.460464748,0.0,0.0,0.0,58.46502108,8.62425176,0.0,18.439088914585774
46285,-43.8050379045571,2.95503,218554.8190408,1.12288,11060.4,12.39,2.74,2.77612,1.15,3.0,4.0,,,,,,, ,0.0,0.0,0.0,26.25199613,0.0,0.0,0.0,73.74800387,0.0,0.0,18.439088914585774
46298,-43.780666452161,6.24046,1478661.0024068,3.00972,62606.8,0.35,2.75,2.73706,0.55,3.25,3.25,,,,,,, ,0.0,0.0,0.0,12.14637674,0.0,0.0,0.0,82.01643906,5.837184197,0.0,24.24871130596428
46299,-43.7760643728539,2.91962,245321.5501744,1.08172,10527.4,1.55,2.75,2.73352,0.47,3.0,4.0,,,,,,, ,0.0,0.0,0.0,15.45200064,0.0,0.0,0.0,72.86252169,11.68547767,0.0,17.60681686165901
46301,-43.7667118238706,3.0,2136050.395572,10.1616,101616.0,2.51,2.76,2.71904,1.02,3.0,4.0,40.4259546664059,527.784359948164,571.887775713231,7.23185342526726,6.52698472248169,, ,0.0,0.0,0.0,1.728029572,0.0,0.0,0.0,95.96594422,2.306026206,0.0,30.166206257996713
46313,-44.0780680307738,27.6421999999999,292989.4985598,2.80458,258416.0,1633.05,5.42,6.09943,20.24,2.04,2.09,28.9568138591556,502.020013319008,560.915406438724,9.65313712992712,11.4334766399783,, ,0.0,0.0,0.0,0.0,0.0,0.0,0.0,0.0,67.4105493,0.0,15.811388300841896
46320,-43.9849823887903,27.6421999999999,1544383.655687,18.8623,1737990.0,1294.22,5.17,6.00518,26.97,0.00568541,0.00758054,,,,,,, ,0.0,0.0,0.0,0.0,0.0,0.0,0.0,0.0,20.85016364,0.0,23.916521486202797
46330,-44.0202506944382,27.6421999999999,160782.4606856,1.11875,103082.0,1487.03,4.72,5.14965,16.09,3.0,4.0,,,,,,, ,0.0,0.0,0.0,0.0,0.0,0.0,0.0,0.0,3.800896941,0.0,22.80350850198276
46346,-44.1117388863161,27.6421999999999,564752.4539412,3.31599,305537.0,1831.58,5.46,6.09329,28.57,2.75,3.67,41.6367810505864,492.114638915927,572.34197294087,11.8546129340858,11.5242526475598,, ,0.0,0.0,0.0,0.0,0.0,0.0,0.0,0.0,73.95688996,0.0,22.360679774997898
46353,-44.0804545762769,27.6421999999999,437750.0821912,1.16109,106984.0,1631.22,5.47,6.1016,38.13,0.0,0.0,,,,,,, ,0.0,0.0,0.0,0.0,0.0,0.0,0.0,0.0,62.97427065,0.0,17.88854381999832
46358,-44.0484610392869,21.8405999999999,1735723.5804287,2.1981,160026.0,1196.66,4.86,5.31172,37.42,2.04,2.72,,,,,,, ,0.0,0.0,0.0,0.0,0.0,0.0,0.0,0.0,75.3030921,0.0,17.88854381999832
46360,-44.0333551347318,27.6421999999999,676893.4133729,5.79225,533702.0,1927.83,5.96,6.83362,28.13,0.26,0.35,,,,,,, ,0.0,0.0,0.0,0.0,0.0,0.0,0.0,0.0,90.20814958,0.0,19.235384061671343
46366,-43.9880268993766,27.6421999999999,142893.4921175,1.1364,104709.0,1867.54,5.04,5.47432,29.02,3.0,4.0,,,,,,, ,0.0,0.0,0.0,0.0,0.0,0.0,0.0,0.0,100.0,0.0,17.88854381999832
46371,-43.9489186990062,20.5822,2121001.7402658,2.11688,145233.0,70.95,2.72,2.42362,26.53,3.0,3.18,,,,,,6.04891861904762, ,0.0,0.0,0.0,3.958178954,0.0,0.0,0.0,86.69285324,4.806067614,0.0,15.491933384829668
46374,-43.8651833762705,27.6421999999999,1015386.6800031,3.03559,279702.0,1076.02,4.85,5.59653,26.25,3.0,4.0,,,,,,3.9857908405277542, ,0.0,0.0,0.0,0.0,0.0,0.0,0.0,0.440259213,0.0,0.0,18.439088914585774
46381,-43.8345867342422,19.2626999999999,195846.9218926,1.64823,105831.0,1146.07,4.7,5.41205,11.45,3.0,4.0,,,,,,6.308702606345985, ,0.0,0.0,0.0,0.0,0.0,0.0,0.0,0.0,0.0,0.0,13.784048752090222
46391,-43.8263394688873,13.2274999999999,207316.8706397,2.16416,95421.3,1176.53,4.7,5.38125,14.7,3.0,4.0,,,,,,,Lake Dime,0.0,0.0,0.0,0.0,0.0,0.0,0.0,0.0,0.0,0.0,14.491376746189438
46395,-43.8098771941049,9.62562999999999,38559.9418403999,1.15087,36926.1,722.8,3.94,4.2876,9.54,3.0,4.0,,,,,,,Lake Law,0.0,0.0,0.0,0.0,0.0,0.0,0.0,100.0,0.0,0.0,12.649110640673518
46406,-43.7569748588199,32.7956,227576.8080034,2.65825,290596.0,175.77,3.16,3.08841,12.81,1.18,2.0,,,,,,7.9017580879267, ,0.0,0.0,0.0,11.29338683,0.0,0.0,0.0,88.70661317,0.0,0.0,17.88854381999832
46407,-43.7585590024452,24.6276,2040972.7080141,9.88452,811440.0,153.24,3.1,3.00659,19.24,2.28,2.75,,,,,,6.31029166666666,Lake Topsy,0.0,0.0,0.0,1.11045748,0.0,0.0,0.0,98.88954252,0.0,0.0,24.73863375370596
46412,-43.7854904453505,26.0473,525130.7509672,2.95069,256192.0,1167.3,4.82,5.3741,25.93,3.0,4.0,,,,,,,Lake Sweeney,0.0,0.0,0.0,0.0,0.0,0.0,0.0,0.0,0.0,0.0,16.1245154965971
46415,-44.1635026813858,0.0,314224.9171229,3.22559,112802.0,509.23,0.0,2.54102,0.0,0.0,0.0,,,,,,, ,0.0,0.0,0.0,67.006419911,0.0,25.48109693,0.0,0.0,7.512483158,0.0,0.0
46425,-44.1519462181863,0.0,182101.5386427,1.18439,31176.5,498.33,0.0,2.47179,0.0,0.0,0.0,,,,,,, ,0.0,0.0,0.0,7.789812509,0.0,92.21018749,0.0,0.0,0.0,0.0,0.0
46444,-44.1177506297899,26.2887999999999,395593.3830308,1.36811,119887.0,1558.44,4.8,5.0334,21.62,3.0,4.0,,,,,,, ,0.0,0.0,0.0,0.0,0.0,0.0,0.0,0.0,24.02708097,0.0,14.491376746189438
46461,-44.1205511413358,18.175,15491654.3043797,1.41204,85546.2,706.72,3.51,3.13277,21.95,3.17,3.65,,,,,,, ,0.0,0.0,0.0,0.0,0.0,0.411241515,0.775634447,1.256602881,23.88117918,0.0,14.832396974191326
46471,-43.9972302038591,17.6829,1355231.040668,2.04162,120339.0,583.85,3.28,2.82438,27.78,3.26,4.0,,,,,,, ,0.0,0.0,0.0,0.0,0.0,16.93189991,0.0,29.54180402,26.6094546,0.0,20.493901531919196
46476,-44.0719844364056,26.0473,254495.2210563,1.40134,121671.0,1643.02,4.85,5.0734,22.88,3.0,4.0,,,,,,, ,0.0,0.0,0.0,0.0,0.0,0.0,54.53016616,0.0,8.542711373,0.0,15.165750888103101
46483,-44.0489972568436,17.3939999999999,10902791.7618486,2.34482,135953.0,1138.88,4.52,4.59096,23.22,3.0,4.0,,,,,,, ,0.0,0.0,0.0,0.0,0.0,0.0,0.0,0.0,55.47577143,0.0,20.248456731316587
46484,-44.0318894950471,13.5629,8178953.383977,11.3027,510992.0,1336.03,4.79,4.96696,21.84,3.0,4.0,40.18902843285,569.336777673165,572.091244472323,9.99918726447003,9.66468987899018,, ,0.0,0.0,0.0,0.0,0.0,0.0,0.0,0.0,58.99704632,0.0,24.899799195977465
46493,-44.0110654800246,16.3231,728102.7752522,2.921,158932.0,1839.1,5.55,6.07352,21.72,3.0,4.0,,,,,,, ,0.0,0.0,0.0,0.0,0.0,0.0,0.0,0.0,93.57336113,0.0,17.60681686165901
46494,-43.9973454198692,17.3939999999999,2450385.6150352,1.15356,66883.6,1795.46,5.57,6.10613,18.58,3.0,4.0,,,,,,, ,0.0,0.0,0.0,0.0,0.0,0.0,0.0,0.0,79.32440144,0.0,16.73320053068151
46496,-44.0170977882254,21.9859,351325.6492969,1.71906,125984.0,1698.82,5.31,5.75888,24.96,3.0,4.0,,,,,,, ,0.0,0.0,0.0,0.0,0.0,0.0,0.0,0.0,71.69147649,0.0,16.73320053068151
46502,-43.9929543654876,24.6619999999999,866362.8975509,1.07924,88720.6,1812.15,5.59,6.12118,26.88,3.0,4.0,,,,,,, ,0.0,0.0,0.0,0.0,0.0,0.0,0.0,0.0,94.02704836,0.0,16.73320053068151
46503,-43.9857068007805,27.6421999999999,694748.07731,1.38898,127982.0,1959.35,5.59,6.10295,23.38,3.0,4.0,,,,,,, ,0.0,0.0,0.0,0.0,0.0,0.0,0.0,0.0,94.09789726,0.0,16.73320053068151
46534,-44.1363248932124,18.2942,8950452.3585084,1.60223,97705.3,613.79,3.45,2.94169,8.05,3.59,2.81,,,,,,, ,1.54702578492147,0.0,0.0,0.252573698,0.0,79.09508864,20.652337668999998,0.0,0.0,0.0,17.029386365926403
46543,-44.0828283936558,9.72185,348326.0375774,1.15348,37379.7,557.6,3.29,2.75647,3.5,4.0,2.0,,,,,,, ,1.66751487230593,0.0,0.0,0.0,0.0,100.0,0.0,0.0,0.0,0.0,16.73320053068151
46558,-44.0415327725669,9.67876,163301.9840384,1.47,47425.9,831.92,3.56,3.14418,7.27,3.0,4.0,,,,,,, ,0.0,0.0,0.0,0.0,0.0,0.0,0.0,0.0,0.0,0.0,16.73320053068151
46563,-44.0314161645147,9.53527,143146.320192,1.34572,42772.6,816.7,3.51,3.07365,13.02,3.0,4.0,,,,,,, ,0.0,0.0,0.0,0.0,0.0,0.0,0.0,0.0,0.0,0.0,16.73320053068151
46564,-44.0541800141344,70.0,1527739595.77021,17273.6,4030500000.0,477.64,3.23,2.6021,19.45,2.38,2.48,35.1214372989377,492.31003746671,566.954935632186,15.4384533274572,29.7491823412568,0.772577333333334,Lake Pukaki,0.234413990056367,0.0,3.837388423,1.129066763,3.258226583,9.656467375,0.9745530410000001,2.070497908,47.993656848,0.058244938999999996,176.53328298085887
46567,-44.0733673842601,17.4850999999999,4396657.2043464,1.04381,60836.7,550.0,3.22,2.64208,2.87,4.0,2.0,,,,,,, ,1.62388880104462,0.0,0.0,4.641247472,0.035679982,77.80757569,17.51549685,0.0,0.0,0.0,12.649110640673518
46580,-44.0099218137603,7.90109,130987.7075542,1.93163,50873.1,622.28,3.36,2.75052,0.97,3.0,2.0,,,,,,, ,1.44248963757694,0.0,100.0,0.0,0.0,0.0,0.0,0.0,0.0,0.0,15.491933384829668
46594,-44.0024050399264,8.11565,427836.3928017,3.79172,102574.0,747.26,3.63,3.10272,2.42,4.0,2.0,,,,,,,The Black Hole,1.08836955450742,0.0,71.21520248,20.95879974,0.638809119,1.778409424,0.0,5.40877923,0.0,0.0,21.447610589527216
46598,-44.0813312232132,17.9313,597519.0046393,3.83262,229079.0,614.89,3.36,2.79173,8.82,4.0,2.0,10.2115799568167,559.269708487514,571.657890555258,16.7223256397009,28.5557264594271,3.87874011825275, ,1.33302016690555,0.0,8.58322191,8.309796734,8.503222511,52.84279555,21.760963302,0.0,0.0,0.0,18.439088914585774
46602,-44.0687637181703,7.57112,1861104.1781397,1.79387,45272.0,672.34,3.35,2.78997,1.87,4.0,2.02,36.8746069727799,536.869315013495,572.256512516024,8.72215596045566,9.60951384117609,, ,1.67486585986859,0.0,95.32763402,0.0,0.8402636379999999,3.616316916,0.0,0.215785425,0.0,0.0,15.491933384829668
46604,-44.0720178783926,7.28124,231186.6103435,1.59846,38795.8,662.82,3.35,2.75833,1.36,4.0,2.0,,,,,,, ,1.33143028521392,0.0,0.0,15.52984074,0.0,49.81944382,34.65071544,0.0,0.0,0.0,15.811388300841896
46608,-44.0122872545963,16.9769,547715.0098515,6.14882,347959.0,816.41,3.63,3.08658,2.75,4.0,2.0,42.0433780225753,569.203421469497,572.975999548746,11.9092043812011,10.245131754477,15.1917457777019, ,1.43312632541955,0.0,0.0,11.50167901,0.0,88.49832099,0.0,0.0,0.0,0.0,22.58317958127243
46630,-43.8258585140804,27.6421999999999,2316932.5975801,5.61168,517064.0,1608.31,5.79,6.44595,36.01,1.86,2.48,43.783265980255,496.722053692948,572.480064292682,11.8667785062954,11.7323567246457,, ,0.0,0.0,0.0,0.0,0.0,0.0,0.0,0.0,98.36237284,0.0,19.235384061671343
46632,-43.8229841312557,17.3866,16739690.9313344,8.15461,472603.0,1094.26,4.42,4.42861,28.48,1.76,2.34,,,,,,,Richardson Lake,0.0,0.0,0.0,0.0,0.0,0.0,0.0,0.0,85.27990285,0.0,24.979991993593593
46635,-43.7707356162,27.6549,8413456.2912297,9.83367,906497.0,1133.88,4.61,4.65778,34.94,2.3,3.07,,,,,,, ,0.0,0.0,0.0,0.0,0.0,0.0,0.0,0.0,72.48420183,0.0,30.331501776206203
46651,-43.8013507631569,27.6421999999999,663785.1727778,5.22392,481336.0,1889.15,5.58,6.06818,23.66,3.0,4.0,37.5875752739184,493.033051616206,571.327280768589,17.4017498650335,25.1013367078606,, ,0.0,0.0,0.0,0.0,0.0,0.0,0.0,0.0,56.95602032,0.0,18.973665961010276
46694,-43.973895254713,15.0876,516956.4672697,2.53111,127294.0,878.85,4.03,3.4776,1.41,4.0,2.0,,,,,,,Swan Lagoon,3.26168768580867,0.0,0.0,0.0,0.164447476,89.40758541,7.415858771,0.0,0.0,0.0,17.029386365926403
46695,-43.9577982269422,0.0,284833.7269613,1.74004,55159.0,893.34,0.0,3.56378,0.0,0.0,0.0,,,,,,, ,1.53203363038399,0.0,0.0,2.386532302,0.0,45.00312476,0.0,0.0,0.0,0.0,0.0
46696,-43.954409162385,15.1067,1072515.2719502,3.88519,195642.0,868.41,4.37,3.72956,1.96,4.0,2.0,34.303805288162,523.216106827137,571.87093676044,8.2004449576329,14.975249529434,, ,1.31646845530966,0.0,0.0,5.886438987,0.0,37.02163311,0.0,0.0,0.0,0.0,16.431676725154983
46699,-43.9402629817473,17.1698999999999,120334.0548866,1.04843,60004.6,876.54,4.71,3.98432,2.28,4.0,2.0,,,,,,, ,2.99457627282897,0.0,0.0,0.0,0.0,100.0,0.0,0.0,0.0,0.0,15.811388300841896
46700,-43.9442480193266,17.5437,481677.9589297,9.80793,573557.0,869.28,4.7,3.96401,2.08,4.0,2.0,2.39325871794888,578.420448123536,580.836987697865,11.7743532120065,47.512083969177,45.19568833333335,Forks Lagoon,2.57773193050696,0.0,0.0,0.0,0.0,100.0,0.0,0.0,0.0,0.0,22.0
46701,-43.9147914112903,17.6043999999999,236880.10835,7.20791,422970.0,998.97,4.8,4.1899,2.75,4.0,2.0,,,,,,,Fred's Tarn,0.0,0.0,0.0,0.0,0.0,0.0,0.0,0.0,0.0,0.0,20.73644135332772
46723,-43.7296790003641,12.7464999999999,100624781.682703,241.764,10272200.0,-19.34,2.94,2.754,25.3,3.03,3.17,22.8707078005229,551.064105772172,561.264007147175,13.684547107724,22.8607360389411,6.83120333333333,Lake Moeraki,0.0,0.0,0.37658901,1.635656772,0.0,0.159453198,0.0,72.96521959399999,0.848631203,0.0,55.991070716677676
46724,-43.6963098661637,8.61811999999999,8072761.087402,31.3986,901990.0,15.26,2.85,2.50667,16.66,3.17,1.82,22.2078714554408,533.996815408722,555.445070914546,9.45950576553839,15.9339309634578,7.18380655079481,Lake Rasselas,0.0,0.0,0.0,2.062675508,0.0,0.0,0.0,97.93732449000001,0.0,0.0,31.464265445104548
46725,-43.7152847617803,18.4590999999999,83935940.405917,474.647,29205200.0,-1.68,2.89,2.5297,20.23,3.22,2.5,26.9498735957135,501.868995613319,552.949212979112,10.1287638844133,17.1274940023451,5.97131350083525,Lake Paringa,0.0,0.0,0.0,0.345567592,0.0,0.0,0.195060346,96.954382457,0.029821594,0.022995061,59.38013135721409
46727,-43.6987665017898,2.85203,104872.2460495,1.11556,10605.3,19.05,2.73,2.20808,12.09,3.46,1.37,,,,,,, ,0.0,0.0,85.31332707,0.0,0.0,0.0,0.0,14.68667293,0.0,0.0,20.248456731316587
46728,-43.694978202664,2.85905,1807917.6420726,2.7505,26212.8,17.37,2.76,2.23648,10.16,3.19,1.22,,,,,,, ,0.0,0.0,58.93931752,1.51714632,0.0,0.0,0.0,38.63957286,0.903963307,0.0,19.748417658131498
46736,-43.6805843231932,6.11804,608626.5787645,3.37427,68813.0,-35.88,2.78,2.2794,6.33,4.0,1.0,,,,,,, ,7.75637464837304e-05,0.134549600912201,70.29813202,0.112030005,0.0,0.0,2.004710827,18.80225313,8.782874022,0.0,21.908902300206645
46739,-43.6361721216625,11.0375999999999,11273500.8329018,1.24359,45754.2,12.93,2.97,2.53778,15.06,2.47,2.0,,,,,,, ,0.0,0.0,0.0,0.0,0.0,0.0,0.0,99.999999997,0.0,0.0,15.811388300841896
46742,-43.6055278093355,2.91962,386192.7820365,5.19063,50515.6,5.36,2.95,2.28163,1.11,3.96,1.03,4.3324245231027,491.442877827101,498.224121476713,5.91666139733199,22.9250089365633,7.10412233333333, ,0.0,0.0,0.0,85.43112719,0.0,0.0,0.0,14.56887281,0.0,0.0,21.447610589527216
46747,-43.6538529891325,2.86456,156757723.701079,1.21548,11606.0,14.72,2.83,2.14092,29.26,2.7,3.43,,,,,,, ,0.0267823488483868,0.134549600912201,1.05593694,0.766615508,0.0,0.440534045,0.0,47.083796146,14.26685304,0.0,18.439088914585774
46755,-43.6626999151116,17.3939999999999,109730.5798332,1.42313,82512.9,1035.19,4.48,4.46487,16.35,3.0,4.0,,,,,,, ,0.0,0.0,0.0,0.0,0.0,0.0,0.0,0.0,0.0,0.0,14.142135623730951
46758,-43.6860801847249,26.0473,817983.6296317,9.45647,821052.0,1389.85,5.43,5.82285,28.2,3.0,4.0,,,,,,, ,0.0,0.0,0.0,0.0,0.0,0.0,0.0,0.0,9.850547017,0.0,22.80350850198276
46761,-43.6396708240092,9.44724,48798.6823647999,1.365,42984.9,360.39,3.21,2.6919,14.38,1.0,2.0,,,,,,5.42644104761904, ,0.0,0.0,0.0,0.0,0.0,0.0,0.0,100.0,0.0,0.0,19.235384061671343
46762,-43.6005582220094,2.91077,2476878.0134841,3.77377,36615.2,0.59,2.93,2.20288,0.37,1.32,1.41,,,,,,, ,0.0042424336881561,0.134549600912201,0.23979772,60.949560852,0.0,0.0,0.0,36.909870529,1.9007709,0.0,20.174241001832016
46763,-43.6027655724236,2.97514,1761846.252686,15.0106,148862.0,9.64,2.92,2.15939,0.35,0.94,0.94,,,,,,,Lake Kini,0.0,0.0,0.0,100.0,0.0,0.0,0.0,0.0,0.0,0.0,24.49489742783178
46770,-43.5635093595387,11.9169,219913.5063311,2.17219,86285.9,91.15,3.12,2.31458,4.08,2.45,2.0,3.26775685560315,492.866748924077,497.154710687693,5.54661072106169,19.6247089650621,5.927255, ,0.0,0.0,0.0,0.0,0.0,0.0,0.0,100.0,0.0,0.0,18.708286933869708
46773,-43.6372772023145,26.2887999999999,477778.6428082,3.36725,295070.0,1201.1,4.85,4.89395,15.91,3.0,4.0,,,,,,, ,0.0,0.0,0.0,0.0,0.0,0.0,0.0,0.0,0.0,0.0,18.708286933869708
46774,-43.6402997150509,26.0592,610672.8562305,9.98559,867390.0,1193.7,4.86,4.90685,17.84,3.0,4.0,,,,,,, ,0.0,0.0,0.0,0.0,0.0,0.0,0.0,0.0,0.0,0.0,24.0
46775,-43.6398567713699,35.2794,2445452.11516,22.9441,2698190.0,1236.9,5.42,5.6947,30.45,3.0,4.0,,,,,,,Lake Rototekoiti,0.0,0.0,0.0,0.0,0.0,0.0,0.0,0.0,4.160475483,0.0,31.74901573277509
46792,-43.5244803503113,6.34832,700515.1315759,2.499,52881.5,14.98,3.26,2.25233,11.96,1.8,1.81,,,,,,, ,0.0887079475692552,0.133362325143147,4.186935423,1.256983654,0.0,0.0,0.0,87.7488875,6.807193422,0.0,21.6794833886788
46799,-43.4274664606988,6.81417,1355805.176734,10.3462,235002.0,6.07,3.52,2.49996,4.51,3.37,1.47,4.63075854585853,575.418354395462,578.43912074166,15.8593823762345,25.953800065314,18.54927, ,0.0,0.0,0.0,15.473432625000001,0.0,18.5495289,0.0,47.50792362,18.469114859999998,0.0,29.79932885150268
46809,-43.6121357912173,14.8278,228356.917779,1.94102,95936.7,1450.18,4.99,4.82605,29.45,1.31,1.75,,,,,,, ,0.0,0.0,0.0,0.0,0.0,0.0,0.0,0.0,48.43190813,0.0,13.784048752090222
46820,-43.646481515091,24.751,7687880.7775474,4.78506,394783.0,1084.8,4.99,4.88061,35.71,2.12,2.83,,,,,,, ,0.0,0.0,0.0,0.0,0.0,0.0,0.0,0.0,85.84427023,0.0,22.58317958127243
46822,-43.5795793679398,16.3057,23417131.0506928,5.09881,277133.0,876.5,4.77,4.3555,31.52,1.37,1.83,,,,,,, ,0.0,0.0,0.0,0.0,0.0,0.0,0.0,0.0,82.06630283999999,0.0,22.80350850198276
46827,-43.5757250011302,19.2626999999999,1096318.1696422,3.45793,222030.0,875.78,4.76,4.30917,31.82,3.0,4.0,,,,,,, ,0.0,0.0,0.0,0.0,0.0,0.0,0.0,0.0,26.76258557,0.0,20.493901531919196
46835,-43.699107386449,31.077,345059322.917505,208.585,21607300.0,739.28,3.84,3.17723,25.53,1.38,1.81,25.3385543792647,535.350352388735,558.26334631159,13.0150864501129,16.3604715638758,,Tasman Lake,0.0,0.0,0.0,0.410093596,0.0,2.123517511,0.0,0.030023876999999997,80.84002427,0.0,47.69696007084728
46841,-43.6777185593205,9.37068,145089063.689555,1.9338,60403.4,809.09,4.02,3.38507,25.87,1.04,1.36,,,,,,, ,0.0,0.0,0.0,0.0,0.0,0.145221001,0.0,0.004123995,93.63804174,0.0,16.431676725154983
46843,-43.6619601186523,17.1949,604502.3721906,2.09994,120361.0,742.35,4.06,3.42698,7.04,0.0,0.0,,,,,,, ,0.0,0.0,0.0,0.0,0.0,0.0,0.0,0.0,100.0,0.0,18.16590212458495
46848,-43.6605597793317,17.282,143602114.586219,9.01394,519262.0,797.33,4.15,3.52805,26.11,1.04,1.36,21.2633654147647,564.860748242162,570.339165609157,12.7414482710496,33.7764897259645,, ,0.0,0.0,0.0,0.0,0.0,0.146261193,0.0,0.0,93.62894346,0.0,23.45207879911715
46851,-43.6941840234652,14.1018,127371.1981527,1.03179,48500.1,2159.12,6.75,7.16773,28.27,3.0,4.0,,,,,,, ,0.0,0.0,0.0,0.0,0.0,0.0,0.0,0.0,99.99999999900001,0.0,16.73320053068151
46860,-43.6536473739468,18.8143999999999,142444440.896879,3.82373,239804.0,799.45,4.23,3.617,26.25,1.04,1.37,17.1500417915094,503.713893380101,544.483167580813,3.67499765298925,16.4288458278896,9.54983666666667, ,0.0,0.0,0.0,0.0,0.0,0.14726661,0.0,0.0,93.58863606,0.0,21.213203435596427
46866,-43.6447797114751,17.3939999999999,47852.5110009,1.63336,94702.5,1972.3,6.56,6.82758,7.15,3.0,4.0,,,,,,, ,0.0,0.0,0.0,0.0,0.0,0.0,0.0,0.0,100.0,0.0,15.165750888103101
46868,-43.6117884018946,17.5322999999999,7978491.085068,15.1532,885001.0,1018.51,4.98,4.49956,28.91,1.25,1.59,5.34805388150146,485.027350861979,493.922914911604,8.84717095667065,34.6519515495915,, ,0.0,0.0,0.0,0.0,0.0,2.68e-05,0.0,0.0,85.27841763999999,0.0,27.748873851023216
46878,-43.6148062445343,17.9224,1981128.331773,1.03216,61662.4,1654.67,6.29,6.2951,29.77,1.32,1.77,,,,,,, ,0.0,0.0,0.0,0.0,0.0,0.0,0.0,0.0,99.88333283,0.0,17.60681686165901
46879,-43.606839705312,17.282,556122.9467775,2.03998,117516.0,1017.25,4.94,4.41907,18.4,1.25,1.67,,,,,,, ,0.0,0.0,0.0,0.0,0.0,0.0,0.0,0.0,74.03118862,0.0,17.60681686165901
46884,-43.599383985977,17.4316999999999,1251640.4533016,1.63544,95028.4,1059.3,5.01,4.55313,18.91,1.26,1.69,,,,,,, ,0.0,0.0,0.0,0.0,0.0,0.0,0.0,0.0,35.65509729,0.0,17.60681686165901
46885,-43.6037104542058,19.2626999999999,82963433.8813309,1.55678,99959.3,1035.45,5.37,5.04752,26.78,1.22,1.63,,,,,,, ,0.0,0.0,0.0,0.0,0.0,0.005142722,0.0,0.0,91.07419367,0.0,17.029386365926403
46893,-43.5943614661835,16.3231,2685355.3839432,3.93116,213895.0,1515.77,6.08,5.98916,35.51,1.9,2.53,4.04203040028135,488.96785533248,491.513464296645,8.86667097639828,26.0693914693155,, ,0.0,0.0,0.0,0.0,0.0,0.0,0.0,0.0,88.18560994,0.0,17.320508075688775
46902,-43.5482499302542,16.7571,401836.805283,2.0006,111748.0,735.9,4.66,4.07508,31.65,2.85,3.81,,,,,,, ,0.0,0.0,0.0,0.0,0.0,0.0,0.0,64.66994289,35.034938079,0.0,17.60681686165901
46912,-43.4534271579276,27.4128,2868601.6930352,2.97956,272260.0,1327.48,6.55,6.71682,33.46,1.26,1.68,,,,,,, ,0.0,0.0,0.0,0.0,0.0,0.0,0.0,0.0,99.65780928000001,0.0,18.439088914585774
46918,-43.4674312645822,27.6421999999999,7095186.748383,12.1603,1120460.0,1211.71,6.29,6.27948,33.95,1.58,2.11,4.86988351750749,484.922992441694,495.767858207951,6.74815357700223,32.7180295345564,,Lake Barrowman,0.0,0.0,0.0,0.0,0.0,0.0,0.0,0.0,71.95346346,0.0,26.49528259898354
46920,-43.4031515606212,36.9037999999999,288907.2479674,1.33828,164626.0,253.28,4.3,3.39442,27.23,2.77,3.27,,,,,,9.70150647619047,Lake Wombat,0.0,0.0,0.0,0.0,0.0,0.0,0.0,100.0,0.0,0.0,17.029386365926403
46922,-43.3515214855044,25.6045,371230.2536012,5.69793,486309.0,84.07,4.11,2.96273,8.39,2.84,1.38,41.440940876238,485.060580185898,580.156289950561,11.2396811869758,24.7556768249692,30.17317,Lake Pratt,0.170615113727263,0.948780948780949,6.443777392,0.0,0.0,0.0,0.0,93.55622261,0.0,0.0,21.447610589527216
46926,-43.4204665176547,25.9631,10134380.552503,11.7512,1016990.0,1063.95,6.04,5.90901,31.61,1.24,1.66,,,,,,, ,0.0,0.0,0.0,0.0,0.0,0.0,0.0,0.0,88.71245411000001,0.0,27.2213151776324
46939,-43.3952610315255,27.6421999999999,3451008.7500814,1.0093,92997.6,1452.09,6.57,6.6775,25.4,0.22,0.3,,,,,,, ,0.0,0.0,0.0,0.0,0.0,0.0,0.0,0.0,98.05691106,0.0,16.1245154965971
46941,-43.359476129144,14.8928999999999,217095.2996138,1.63383,81107.8,619.68,4.27,3.32708,13.85,3.0,4.0,,,,,,, ,0.0,0.0,0.0,0.0,0.0,0.0,0.0,100.0,0.0,0.0,17.60681686165901
46942,-43.322857021509,2.83168,2195456.2060738,4.29206,40512.5,0.29,3.97,2.78034,0.69,1.47,0.79,,,,,,, ,0.0,0.0,1.329049354,34.368803758999995,0.0,0.0,1.027030693,58.601097506,4.674018683,0.0,20.97617696340303
46954,-43.2868564495598,24.0688,2054015.49606,57.1787,4587400.0,95.36,4.23,3.08538,6.56,2.86,1.92,27.6413559921634,487.281904127265,552.153632687201,12.4099761904251,25.4805926445775,5.515512524138455,Alpine Lake,0.0,0.0,0.0,6.485524019,0.0,0.0,0.0,93.51447598,0.0,0.0,37.469987990390386
46956,-43.2558173283635,11.2867,50963.7504693,1.49438,56222.0,111.61,4.16,2.9926,3.54,3.0,2.0,,,,,,5.34885726804568,Lake Miro,0.0,0.0,0.0,0.0,0.0,0.0,0.0,100.0,0.0,0.0,21.908902300206645
46957,-43.2448574226726,11.0989,26923029.029434,84.3186,3119470.0,10.37,4.13,2.96336,7.97,2.12,1.99,31.7121805018231,485.715407902852,559.877323547235,5.56745230950557,27.9551007508978,11.845196,Three Mile Lagoon,0.0,0.0,0.0,3.905402682,0.0,0.0,0.0,95.950672084,0.143925234,0.0,37.94733192202055
46959,-43.3141315179621,40.4819,53975450.045805,889.672,120052000.0,52.28,4.14,2.98836,14.37,2.62,2.5,31.0784422667113,559.45819109691,568.752390964824,12.2116400775598,22.9366641267247,6.43187333333332,Lake Mapourika,0.167567698176705,0.948780948780949,10.88510592,0.063804301,0.032908018,0.0,0.0,75.26699027699999,1.733224617,0.02741369,70.9929573971954
46964,-43.2490229704553,24.558,93365761.032226,244.603,20023200.0,39.65,3.96,2.77662,22.49,2.66,2.98,28.2576846332195,552.121952607831,565.480359360616,14.4968895813425,13.4989818843962,16.6432926192057,Lake Wahapo,0.540350596398224,0.980775906637679,4.55517638,2.6285613789999998,1.219942104,1.565351421,0.858952361,49.610115912,7.845483264,0.0,55.31726674375732
46983,-43.2248351279734,5.49235,1892427.2612526,3.32393,60854.0,19.44,4.13,2.96672,6.39,1.93,1.91,,,,,,, ,0.0,0.0,0.0,4.785184404,0.0,0.0,4.721984363,89.99137252,0.0,0.501458711,17.60681686165901
46985,-43.2003544159944,2.99071,67057.0704378,1.03345,10302.5,-0.1,3.99,2.81031,0.01,2.71,3.57,,,,,,, ,8.78381369398349,0.994329931990597,0.0,0.0,0.0,65.2814347,0.104951115,34.30428458,0.309329602,0.0,18.16590212458495
46986,-43.1882024919773,2.83234,388899.4781264,1.07749,10172.8,0.64,3.94,2.75798,0.34,1.38,1.58,,,,,,, ,0.0,0.0,0.0,86.67395829,0.0,0.0,13.32604171,0.0,0.0,0.0,14.142135623730951
46988,-43.1801984505755,2.89132,191450.5329568,2.219,21386.1,0.65,3.92,2.75815,0.23,2.4,3.1,,,,,,, ,0.0,0.0,0.0,86.39611027,0.0,0.0,13.60388973,0.0,0.0,0.0,20.73644135332772
46992,-43.1537182308642,13.1595999999999,1673454.488011,31.4246,1378450.0,13.07,3.82,2.68002,3.19,0.94,1.79,3.57714297612075,579.468979876185,582.50748965198,13.2327956638691,50.33252022273,6.20469757142857, ,0.0,0.0,0.0,12.618421312,0.0,0.0,4.186230494,79.701548625,3.493799569,0.0,36.91882988394946
46994,-43.1392603184772,3.01874,347828.914802,1.11431,11212.7,15.53,3.64,2.51293,0.63,4.0,1.0,,,,,,, ,0.0,0.0,0.0,61.71540054,0.0,0.0,0.0,38.28459946,0.0,0.0,19.235384061671343
46997,-43.2370670332554,11.207,703238.5272167,1.27994,47814.5,51.13,3.51,2.25612,2.21,4.0,1.0,,,,,,, ,6.55532210697105,0.956854882884646,48.5571436,26.97903933,0.0,0.0,0.0,0.0,24.46381707,0.0,14.142135623730951
47019,-36.9807777468804,4.5217,157149.3757355,1.58694,23918.8,0.99,4.68,4.46845,0.44,4.0,4.0,,,,,,, ,0.033802628644718,0.0,5.538568254,0.0,0.0,0.0,0.0,0.0,0.0,94.46143175,13.416407864998739
47032,-36.9510632858012,2.93298,1802279.9878999,1.86931,18275.5,9.21,4.08,3.83192,1.95,3.4,3.11,,,,,,, ,0.0,0.0,0.056144743,0.0,2.085319675,0.0,0.0,0.420012381,0.0,97.438523204,17.029386365926403
47033,-36.9241804075272,8.61151,4761748.6277911,3.49782,100405.0,4.29,4.01,3.7501,3.32,3.4,3.68,13.250975467011,569.731657148068,574.424084840331,19.4556236267168,35.3502593647291,, ,0.0,0.0,0.0,0.0,2.110341343,0.0,0.0,2.735020272,0.0,95.15463839299998,18.16590212458495
47045,-44.6794993901907,23.148,835342.3411302,2.57818,198933.0,279.12,3.91,3.0784,4.81,3.0,2.27,,,,,,, ,0.0289479423256215,0.0,3.3558199369999997,0.019023642,1.700145395,0.0,0.0,25.299591481,0.0,69.62541954,17.60681686165901
47048,-44.6397822541854,10.4196,113320.2972559,1.14323,39706.5,277.85,4.12,3.27789,1.47,3.0,2.0,,,,,,, ,2.03522135489843,0.0,88.61762281,0.0,0.374995092,0.0,0.0,11.007382102000001,0.0,0.0,15.811388300841896
47065,-44.5225008071312,27.6421999999999,360147.2779268,4.31964,398014.0,1036.04,4.39,4.97869,20.49,4.0,4.0,21.6344048706522,566.92221414868,573.795295770167,16.6314830881836,27.2699380290042,,Lake Mantle,0.0,0.0,0.0,0.0,0.0,0.0,0.0,0.0,3.748193675,0.0,20.248456731316587
47067,-44.5165517351403,26.7776999999999,476202981.182,528.54,47177000.0,-30.5,3.27,3.32044,26.23,3.16,3.78,27.141782123831,571.313391459528,575.371948321157,17.431614646173,36.6365457284226,7.85178333333333,Lake Alabaster,0.0,0.0,0.0,0.9265117519999999,0.0,1.010066639,0.0,52.455713876,9.653722565999999,0.0,79.81227975693966
47084,-43.1822691052892,9.00839,229117.2280926,1.21761,36562.3,33.38,3.4,2.14588,4.71,2.24,1.58,,,,,,, ,3.39078408181266,0.93698877777707,2.034554066,33.11272478,0.0,28.01013942,0.0,36.84258174,0.0,0.0,15.165750888103101
47090,-43.175004622775,12.9641,19130732.693996,14.5522,628855.0,36.46,3.38,2.13204,6.6,3.48,1.53,,,,,,24.8303047666667,White Heron Lagoon,4.35487751069582,0.942453545605333,32.6336605,10.629315058,0.652070487,0.5683207,0.000111419,55.514489775,0.002032066,0.0,29.086079144497972
47092,-43.1617372000146,12.0909999999999,355176.9161469,1.94116,78235.0,39.2,3.47,2.28019,10.96,1.0,2.0,,,,,,,Lake Darby,0.0,0.0,0.0,0.0,0.0,0.0,0.0,99.99999999799999,0.0,0.0,19.493588689617926
47094,-43.1594292467973,11.8656,1209584.2259355,2.1348,84435.4,40.06,3.47,2.28082,9.34,1.06,2.0,,,,,,,Lake Joan,0.0,0.0,0.0,0.0,0.0,0.0,0.0,99.99999999900001,0.0,0.0,17.029386365926403
47095,-43.1599529692041,22.0562,28034799.623128,143.317,10536800.0,33.9,3.4,2.19055,6.12,3.46,1.5,26.6552041040001,568.804530748157,575.110521092396,15.4226376060791,25.8202133298771,16.5808266666667,Lake Rotokino,3.78346449987275,0.941477974494965,24.54678284,9.557476342000001,0.490142024,6.552563276,8.38e-05,58.851424329000004,0.001527444,0.0,48.92851929090027
47096,-43.1328908363336,2.91962,111988.4633704,1.47581,14362.7,1.92,3.76,2.62375,0.47,4.0,1.0,,,,,,, ,2.71820889946301,0.93698877777707,23.82279333,8.738354119,0.0,0.0,61.56911817,5.869734379,0.0,0.0,16.1245154965971
47101,-43.1312389758161,3.17191,439278.9037546,1.61763,17103.2,10.03,3.61,2.44248,0.05,4.0,1.0,,,,,,, ,0.0,0.0,0.0,0.0,0.0,0.0,85.94977893,14.050221070000001,0.0,0.0,19.493588689617926
47104,-43.1237793513223,8.67481,188911.1891496,2.32748,67301.3,72.2,3.55,2.41927,4.91,2.15,2.0,,,,,,6.523344, ,0.0,0.0,0.0,0.0,0.0,0.0,0.0,100.0,0.0,0.0,14.491376746189438
47105,-43.1168440474555,13.4443,1192210.556296,2.01629,90358.8,68.87,3.57,2.46178,5.75,2.11,2.0,16.7484756902788,568.112147004778,573.489005243024,21.7738807166716,44.5025516340562,5.55583966666667, ,0.0,0.0,0.0,0.0,0.0,0.0,0.0,100.0,0.0,0.0,14.832396974191326
47106,-43.1192331136224,7.64456,315571.9709091,3.83077,97615.1,75.56,3.57,2.46178,1.19,2.6,2.0,10.6221153379233,573.839348298963,577.662067339702,17.9021777103695,35.6693647870981,5.876903166666665, ,0.0,0.0,0.0,0.0,0.0,0.0,0.0,100.0,0.0,0.0,17.60681686165901
47130,-44.06069384633,17.9636,474049.5755577,2.92614,175213.0,629.57,3.51,2.78338,5.34,3.8,2.78,,,,,,, ,1.38428097289976,0.0,0.0,9.621201354,0.0,61.17606868,28.94589196,0.0,0.256838,0.0,18.973665961010276
47131,-44.0586349005042,17.9636,526359.4740608,1.22506,73355.2,629.81,3.47,2.75642,5.33,3.82,2.88,,,,,,, ,1.30729152215989,0.0,0.0,10.71294745,0.0,59.67706984,29.37748021,0.0,0.232502494,0.0,13.416407864998739
47139,-44.087787698147,7.56474,100206.6705677,1.19756,30197.5,655.0,4.34,3.37515,0.64,4.0,4.0,,,,,,8.521963333333328, ,1.4363674214264,0.0,39.66024667,0.0,5.082611255,55.25714207,0.0,0.0,0.0,0.0,12.24744871391589
47143,-44.0151564257895,18.2750999999999,1437512312.59558,6.28499,382862.0,690.49,4.2,3.38077,18.6,2.9,2.93,24.0462716306406,553.456346349016,562.7797148486,15.0126625561325,23.1572652635855,13.137973017022,Scott Pond,0.404390958293696,0.0,2.469421969,1.01411831,0.43173255099999996,19.37488001,2.5416876609999997,1.201229024,42.993201287000005,0.09695133500000001,22.0
47156,-44.0149151120462,18.8143999999999,59914691.2219022,2.56841,161077.0,778.16,5.57,4.5982,20.22,3.19,3.72,,,,,,24.133467846231756, ,0.0975544183869307,0.0,0.0,0.0,0.0,22.0015395,0.393756462,0.58484256,21.248237855,0.0,17.320508075688775
47158,-44.001995280232,16.126,286556.7478756,3.35642,180418.0,778.94,5.67,4.62533,3.62,4.0,2.0,,,,,,46.6336, ,0.0,0.0,0.0,14.12353448,0.0,85.87646552,0.0,0.0,0.0,0.0,17.320508075688775
47161,-43.984479011933,12.2454,251336.8059257,1.54547,63082.9,772.81,5.95,4.83349,2.91,4.0,2.0,,,,,,, ,0.0,0.0,100.0,0.0,0.0,0.0,0.0,0.0,0.0,0.0,13.416407864998739
47162,-43.9871879266501,17.3273,671721.7359832,2.7105,156552.0,770.41,5.88,4.7888,3.64,4.0,2.0,,,,,,, ,0.0,0.0,32.74718899,5.668561358,0.0,61.58424965,0.0,0.0,0.0,0.0,17.88854381999832
47171,-43.996637938119,17.8323,759844.4424023,4.59048,272863.0,795.51,5.74,4.68698,3.85,4.0,2.0,23.9886251329609,547.099812574287,563.298019256894,15.1375001848248,23.7973877828746,, ,0.270042413122913,0.0,0.0,9.099822671,0.0,90.90017733,0.0,0.0,0.0,0.0,22.80350850198276
47173,-43.9916642228511,0.0,1076501.6307434,1.41627,81825.3,793.86,0.0,4.68063,0.0,0.0,0.0,,,,,,, ,0.181477742391578,0.0,0.0,12.492292921,0.0,87.50770708,0.0,0.0,0.0,0.0,0.0
47193,-43.9384367635329,27.0,52720399.572322,645.66,58109400.0,711.09,5.45,4.39516,4.83,3.96,2.0,17.5853854251105,568.094446097316,575.386473130876,17.5180957782185,25.4806254928155,4.38403273963338,Lake Alexandrina,2.93111640976564,0.0,4.877388502,0.918863402,0.387181868,89.46410096,2.924813963,1.224415848,0.0,0.203235454,82.52878285786117
47195,-43.9508601681728,17.6829,513295.7954093,1.81103,106747.0,755.65,5.86,4.7756,3.33,4.0,2.0,,,,,,, ,3.31320118694235,0.0,0.0,0.0,0.0,100.0,0.0,0.0,0.0,0.0,20.73644135332772
47196,-43.9548282904301,17.1491,1641146.1556738,1.51578,86647.4,757.63,5.95,4.85313,3.5,4.0,2.0,,,,,,,Trig 'n' Tarn,3.38781861013259,0.0,0.0,0.0,0.0,100.0,0.0,0.0,0.0,0.0,14.832396974191326
47197,-43.9506204786424,16.9342,190405.6068844,1.21385,68518.5,772.04,5.92,4.82298,2.25,4.0,2.0,,,,,,, ,3.19940151702629,0.0,0.0,0.0,0.0,100.0,0.0,0.0,0.0,0.0,13.416407864998739
47198,-43.9363647913431,25.4653999999999,48849034.016118,37.0901,3148390.0,709.56,5.6,4.50209,4.84,3.96,2.0,3.45695672631111,482.31107371802,488.823127456893,6.62777915871366,35.6834360314191,4.3216517496074704,Lake Mcgregor,2.92128221069105,0.0,4.666033251,0.879045658,0.370403848,89.71326443,2.800027909,1.303826906,0.0,0.267397996,30.512292604784715
47199,-43.9820156821541,17.577,4137654.518141,24.7522,1450230.0,774.71,5.82,4.69309,5.24,4.0,2.0,22.4094245912949,568.675895930834,574.442311846238,16.1574582694262,27.0251380886383,28.8843110605408,Roys Lagoon,0.0,0.0,56.03659471,3.240805504,0.0,40.72259979,0.0,0.0,0.0,0.0,33.2264954516723
47203,-43.977963510821,18.175,859963.7878767,1.37146,83087.3,864.2,5.87,4.80108,5.11,4.0,2.0,,,,,,, ,0.0,0.0,0.0,9.714884068,0.0,90.28511593,0.0,0.0,0.0,0.0,15.811388300841896
47204,-43.9629790072823,17.9313,1508821.7231477,1.07796,64430.9,751.18,5.93,4.83067,9.41,4.0,2.0,,,,,,, ,0.0,0.0,6.50724481,2.344800332,0.0,71.11788887,5.570018918,14.460047074,0.0,0.0,12.649110640673518
47205,-43.9261297389741,9.39594999999999,3445508.2838011,1.96356,61498.2,847.8,5.12,4.25895,3.57,4.0,2.0,,,,,,, ,3.44664478054219,0.0,0.0,0.996014273,0.0,99.00398573,0.0,0.0,0.0,0.0,13.784048752090222
47206,-43.9043459568402,17.68,457853.9597051,5.26752,310432.0,888.03,5.12,4.28103,5.07,4.0,2.0,18.4689174043039,569.230207977402,574.156936846008,15.7117873265092,27.021095514188,,Sunday Tarn,3.19261085985383,0.0,0.0,0.0,0.0,100.0,0.0,0.0,0.0,0.0,20.0
47207,-43.9041619285906,18.175,620061.9498962,6.09433,369214.0,730.41,5.21,4.12977,4.57,4.0,2.0,28.087689703509,483.408154449467,544.69575351246,10.5139321272229,22.777136068383,,Lake Murray,3.16802230794149,0.0,0.0,0.0,0.0,100.0,0.0,0.0,0.0,0.0,21.908902300206645
47210,-43.8987573976854,17.282,725309.7011765,8.78281,505947.0,875.01,5.1,4.21713,3.9,4.0,2.0,28.3207091995107,482.363466769328,540.078402067663,14.6159937701523,29.026936420602,,Grebe Tarn,3.1027381356584,0.0,0.0,0.0,0.0,100.0,0.0,0.0,0.0,0.0,22.737634001804146
47211,-43.8934225327764,17.2421,363428.6022206,2.3083,132666.0,900.16,5.06,4.21647,5.51,4.0,2.0,,,,,,, ,3.2151742801092,0.0,0.0,2.195290947,0.0,97.80470905,0.0,0.0,0.0,0.0,16.431676725154983
47212,-43.8898313357091,17.1245,259862.4502656,1.13598,64843.8,892.33,5.09,4.24993,2.32,4.0,2.0,,,,,,, ,3.1106500364455,0.0,0.0,0.08595093,0.0,99.91404907,0.0,0.0,0.0,0.0,16.431676725154983
47213,-43.8921282811953,18.2676,96259.5819125999,2.06215,125568.0,898.68,5.1,4.24784,1.91,4.0,2.0,,,,,,, ,2.77373399898486,0.0,0.0,0.31598513,0.0,99.68401487,0.0,0.0,0.0,0.0,16.431676725154983
47215,-43.8991515655961,18.5601999999999,197303.5563623,3.61291,223521.0,814.32,5.02,4.00592,4.88,4.0,2.0,,,,,,, ,2.90858373439516,0.0,0.0,0.0,0.0,100.0,0.0,0.0,0.0,0.0,19.493588689617926
47217,-43.8891682894591,17.6343999999999,798568.2667713,5.21484,306535.0,893.89,5.06,4.2216,4.74,4.0,2.0,38.9221881149858,487.843757915953,569.109113984755,10.2432628994991,25.5023167748336,, ,3.19662198028411,0.0,0.0,1.018907393,0.0,98.98109261,0.0,0.0,0.0,0.0,19.748417658131498
47218,-43.8890783667754,17.3325999999999,1142321.2111806,3.66656,211837.0,889.71,5.08,4.23577,4.09,4.0,2.0,32.0546715422214,553.109302243716,574.501177697286,9.31230528213229,11.9592194823132,, ,3.09879216623858,0.0,0.0,0.730894135,0.0,99.26910587,0.0,0.0,0.0,0.0,17.88854381999832
47220,-43.8841704161188,7.56843,94702.9820478,1.36655,34475.4,890.39,5.04,4.2004,1.93,4.0,2.0,,,,,,, ,3.26726214943462,0.0,0.0,0.0,0.0,100.0,0.0,0.0,0.0,0.0,14.832396974191326
47223,-43.88063939074,17.6829,223285.7288332,2.15979,127305.0,879.07,5.02,4.1622,2.58,4.0,2.0,31.538997964981,502.866769773913,560.853402342328,16.7037493298177,17.0596753557921,, ,3.18502261062363,0.0,0.0,0.0,0.0,100.0,0.0,0.0,0.0,0.0,15.165750888103101
47224,-43.8782347448673,9.92464,52051.7119712,1.42314,47080.6,893.52,4.98,4.11127,1.62,4.0,2.0,,,,,,, ,2.37658206283978,0.0,0.0,0.0,0.0,100.0,0.0,0.0,0.0,0.0,15.811388300841896
47225,-43.8817208353818,18.175,570105.6209698,5.86865,355542.0,858.61,5.0,4.10442,4.08,4.0,2.0,32.6939368100547,489.087903303441,563.929258542135,12.3464735815713,19.463786180875,,Hartley Tarn,3.13289100829653,0.0,0.0,0.0,0.0,100.0,0.0,0.0,0.0,0.0,23.874672772626646
47227,-43.9026592928157,9.29168999999999,7317393.4607322,3.91776,121342.0,713.13,5.25,4.12303,2.32,3.98,3.07,,,,,,14.9739566666667,Pierce Pond,3.37348169796397,0.0,45.00122065,2.379893176,0.759925775,33.42304378,18.23036556,0.0,0.205551054,0.0,17.320508075688775
47228,-43.8899347739105,120.0,1527942973.41312,9659.43,3863770000.0,685.79,5.35,4.27244,18.65,2.89,2.94,35.7022666393082,494.87906396981,568.033391677296,13.1461963485765,11.37055027146,0.745066,Lake Tekapo,0.400017764203925,0.0,2.478160481,1.012427362,0.364699153,19.27249514,2.416535003,1.20678883,43.171906192,0.061927394,159.37377450509229
47252,-43.8741289535116,17.2699,560386.4397409,7.05753,406277.0,817.2,4.93,3.99108,3.41,4.0,2.0,27.671461944866,485.432588293535,561.107588313801,11.9873785110783,26.106473031574,,Stony Tarn,3.12148352586255,0.0,0.0,0.0,0.0,100.0,0.0,0.0,0.0,0.0,21.494185260204677
47253,-43.8760609149238,17.4315,151506.2915792,1.015,58976.7,818.64,4.93,3.98628,3.64,4.0,2.0,,,,,,, ,3.26580051316906,0.0,0.0,0.0,0.0,100.0,0.0,0.0,0.0,0.0,17.029386365926403
47254,-43.869054311152,18.8284999999999,1082043.4354807,6.37369,400024.0,797.63,4.85,3.87793,4.29,4.0,2.0,40.3384474316462,524.641363884764,578.356656202827,10.1852060752877,11.4239242845047,,Tui Tarn,3.15190265020821,0.0,0.0,0.066763804,0.0,99.89592375,0.037312441,0.0,0.0,0.0,24.73863375370596
47262,-43.8529256464738,15.0749,1157083.7931584,7.39958,371826.0,712.58,4.84,3.74787,1.45,4.0,2.0,36.0412370482066,502.264580936475,571.296092949335,10.4753263704285,12.119890050489,,Rapuwai Lagoon,0.0,0.0,77.12583623,8.332382476,0.266751301,14.27502999,0.0,0.0,0.0,0.0,21.6794833886788
47272,-43.7791541836333,7.85534,223904.7400667,1.68427,44101.7,716.27,4.79,3.71325,2.13,3.26,2.0,,,,,,, ,1.83284956958616,0.0,29.67458312,0.0,7.443658413,62.88175846,0.0,0.0,0.0,0.0,16.73320053068151
47279,-43.8642220511596,25.4679,364803.4476045,1.19227,101215.0,1771.57,6.9,6.54472,19.23,3.0,4.0,,,,,,, ,0.0,0.0,0.0,0.0,0.0,0.0,0.0,0.0,42.86975549,0.0,16.73320053068151
47306,-43.7361121497997,17.1143,153786.2416003,1.42391,81230.7,709.36,4.61,3.62672,14.84,3.0,4.0,,,,,,, ,0.0,0.0,0.0,0.0,0.0,29.03764431,0.0,0.0,0.0,0.0,16.73320053068151
47314,-43.7741507447122,17.1143,1945165.4713252,1.16124,66245.8,1632.55,6.78,6.58115,19.89,3.0,4.0,,,,,,, ,0.0,0.0,0.0,0.0,0.0,0.0,0.0,0.0,37.91210283,0.0,16.73320053068151
47330,-43.7290609337546,17.3939999999999,579906.4414784,1.10036,63799.1,1773.11,6.7,6.54403,19.08,3.0,4.0,,,,,,, ,0.0,0.0,0.0,0.0,0.0,0.0,0.0,0.0,45.59513818,0.0,16.73320053068151
47334,-43.7050522857468,17.1675,215964.8152357,1.88225,107712.0,1548.5,6.27,5.94923,11.31,3.0,4.0,32.3761862937735,485.880127143314,561.443068550022,11.4274368161876,19.406215577465,, ,0.0,0.0,0.0,0.0,0.0,0.0,0.0,0.0,0.0,0.0,16.73320053068151
47338,-43.7154716037126,13.8887,978006.5577701,1.84323,85333.4,1727.27,6.52,6.34935,13.73,3.0,4.0,,,,,,, ,0.0,0.0,0.0,0.0,0.0,0.0,0.0,0.0,18.86843965,0.0,16.73320053068151
47342,-43.6828440010171,17.1675,266194.1668603,1.86478,106712.0,1879.26,6.83,6.8175,13.94,3.0,4.0,,,,,,, ,0.0,0.0,0.0,0.0,0.0,0.0,0.0,0.0,21.91394712,0.0,16.73320053068151
47382,-43.7304772530827,18.5601999999999,2692103.4296659,2.14179,132507.0,1421.85,6.21,5.86385,17.06,3.0,4.0,,,,,,, ,0.0,0.0,0.0,0.0,0.0,0.0,0.0,0.0,0.033923399,0.0,16.73320053068151
47383,-43.7297036312812,17.3276,248161.4014651,3.1227,180363.0,1413.31,6.36,6.08803,21.65,3.0,4.0,52.5341198430908,562.607728003295,586.335094889237,14.4247405298146,13.4575146789295,, ,0.0,0.0,0.0,0.0,0.0,0.0,0.0,0.0,13.49528953,0.0,16.73320053068151
47385,-43.7233493638828,18.5601999999999,386235.2869936,2.07798,128559.0,1447.81,6.05,5.63836,6.49,3.0,4.0,,,,,,, ,0.0,0.0,0.0,0.0,0.0,0.0,0.0,0.0,0.0,0.0,16.73320053068151
47396,-43.5567937115309,27.4128,362989.7800453,1.10021,100533.0,2114.34,7.13,7.44351,21.46,1.18,1.57,,,,,,, ,0.0,0.0,0.0,0.0,0.0,0.0,0.0,0.0,100.0,0.0,16.73320053068151
47399,-43.5005278578699,42.5236,25027526.893255,125.039,17723700.0,981.35,5.27,4.77541,29.59,1.32,1.67,30.4036421861246,483.339736366562,563.556387306311,10.7054636440534,18.6288082352042,, ,0.0,0.0,0.0,0.0,0.0,0.791923597,0.0,0.0,94.03983341,0.0,51.43928459844674
47404,-43.4788343858588,31.3228,63138480.983798,116.109,12122800.0,1023.84,5.34,4.90245,27.51,1.31,1.74,33.2877301577488,567.559437225536,572.133288885767,3.778297491584,8.2774404209535,, ,0.0,0.0,0.0,0.002177873,0.0,0.0,0.0,0.0,94.02157239,0.0,46.95742752749558
47406,-43.4614532505207,40.3282999999999,34097097.131744,114.846,15438500.0,1068.72,5.7,5.42048,26.56,1.05,1.41,15.6058686612687,569.835817417742,573.207626355529,2.95891450197106,8.84422383455153,, ,0.0,0.0,0.0,0.0,0.0,0.0,0.0,0.0,93.93488925,0.0,50.51732376126036
47414,-43.4047668119512,44.8248,13751935.177443,34.132,5099870.0,904.78,5.59,5.27046,34.22,1.94,2.58,,,,,,,Ice Lake,0.0,0.0,0.0,0.0,0.0,0.0,0.0,0.0,87.47045445,0.0,37.12142238654117
47416,-43.4147841867988,27.6421999999999,1518535.387383,2.60033,239596.0,1455.63,6.36,6.42068,33.76,1.28,1.71,,,,,,, ,0.0,0.0,0.0,0.0,0.0,0.0,0.0,0.0,99.94083859,0.0,19.748417658131498
47417,-43.4169385933471,27.4128,1679533.371316,2.14033,195575.0,1216.04,6.0,5.8971,35.89,0.01,0.02,,,,,,, ,0.0,0.0,0.0,0.0,0.0,0.0,0.0,0.0,99.10899413,0.0,15.491933384829668
47440,-43.3393480729326,19.2626999999999,3052423.1296958,5.505,353470.0,979.31,5.22,4.82995,27.01,3.0,4.0,,,,,,,Abel Lake,0.0,0.0,0.0,0.0,0.0,0.0,0.0,0.0,91.14228487,0.0,18.439088914585774
47454,-43.1402879747124,6.99061,431571.4468153,1.39151,32424.9,41.99,3.19,1.9662,0.52,3.0,0.75,,,,,,, ,7.30646003574854,0.936988777777071,62.63222668,0.0,0.0,0.0,0.0,1.761984801,35.60578852,0.0,14.491376746189438
47491,-43.0553251902421,9.11492999999999,20241580.480361,470.783,14303900.0,9.48,2.89,1.98985,6.61,2.2,1.97,33.2554941624333,485.558997565725,569.021388058177,10.5391568036631,28.3215769174328,5.74438676190475,Lake Ianthe,0.200821822628865,0.989693112795906,1.754164367,0.787621849,4.920530602,0.0,0.0,91.455836846,0.986250364,0.0,58.9915248150105
47492,-43.0185731457431,5.81357,309341.5852915,1.20056,23265.2,10.47,3.09,2.15954,8.87,1.61,2.0,,,,,,, ,0.0,0.0,0.0,0.0,0.0,0.0,0.0,98.43954165100001,1.560458347,0.0,21.908902300206645
47504,-44.3269590166313,17.7001999999999,389910.0650261,1.27655,75317.2,694.94,4.54,4.14663,5.79,3.0,2.0,,,,,,, ,7.94253864940105,0.0918626457530397,100.0,0.0,0.0,0.0,0.0,0.0,0.0,0.0,19.235384061671343
47549,-44.3101229031258,3.75067,13597205.0902513,4.0026,50041.4,40.59,3.89,3.28136,0.41,4.0,2.86,,,,,,, ,22.1871686347822,0.806633758000717,97.33918923,0.0,0.594491603,0.051298682,0.0,0.884145258,0.01038381,1.120491416,25.079872407968907
47551,-44.249631715725,3.68177,129559.0114272,1.97981,24297.3,39.59,4.32,3.56323,0.72,4.0,1.89,,,,,,,Spider Lagoon,17.4455100194179,0.86975268717854,84.31222499,15.68777501,0.0,0.0,0.0,0.0,0.0,0.0,17.60681686165901
47568,-43.8646444476172,3.19015,1071384.9872779,1.73621,18462.6,7.06,5.73,4.22221,0.05,2.76,1.58,,,,,,, ,2.12376273792859,0.410302864793217,99.05657871,0.943421287,0.0,0.0,0.0,0.0,0.0,0.0,12.0
47575,-43.808946098987,2.84446,273696.2272561,1.29348,12264.2,17.74,5.03,3.96742,4.18,3.92,3.85,,,,,,, ,2.64328041060996,0.174832406847391,50.16700349,0.0,0.3723545,49.46064201,0.0,0.0,0.0,0.0,15.165750888103101
47579,-43.8025427197762,4.0,118348212.955906,558.755,7450070.0,2.63,5.16,4.30935,16.45,3.81,2.91,5.69654732350392,492.999911536892,498.46353455748,7.79412595480818,18.7920203097245,33.8006228333333,Lake Forsyth (Lake Wairewa),5.54078127435289,0.0087132050238839,65.65310817,0.244508932,6.824682105,5.446112433,2.037844324,18.569550256,0.819959111,0.404234669,70.15696686716153
47616,-44.1177291230178,19.2784,879314.7328823,2.06834,132914.0,478.32,4.02,2.81531,4.75,3.0,2.0,,,,,,, ,10.0521690972675,0.0380894669638799,90.25265997,0.0,1.46692642,0.0,8.280413607,0.0,0.0,0.0,15.491933384829668
47710,-44.1921794157762,2.96643,141055.2501734,1.15061,11377.4,12.32,4.63,3.749,0.32,3.0,3.0,,,,,,, ,8.58352776549762,1.0,41.86349883,0.0,0.0,0.0,23.751080648,4.834352229,2.3450043230000004,27.20606397,19.235384061671343
47717,-43.8756417700054,19.1372,388322.5816255,5.17303,329991.0,512.22,4.4,3.4005,14.95,3.14,4.0,13.8560924340769,571.480950123245,576.212112042381,13.0581628432646,42.7052065727192,12.2527793333333, ,2.25737734781078,0.0,0.0,0.0,0.0,63.34080756,0.0,17.80407555,0.0,0.0,19.235384061671343
47718,-43.8847275227218,27.4923,613393.5405282,1.31524,120530.0,364.65,3.95,3.04616,25.39,3.09,4.0,,,,,,, ,3.74764028931469,0.0,0.0,0.0,0.0,91.81831358,0.0,8.092722447,0.0,0.0,17.60681686165901
47762,-43.680559315412,19.6982,1441104.9997771,1.36761,89797.8,471.42,4.17,3.13688,6.9,3.0,2.58,,,,,,, ,6.41877150728665,0.0325078125174428,0.0,0.549123855,22.92922616,75.58586998,0.0,0.935780011,0.0,0.0,14.142135623730951
47764,-43.6489643050366,26.2887999999999,758006.4478179,2.35396,206276.0,1605.77,6.04,5.77792,22.45,3.0,4.0,,,,,,, ,5.37377440775396,0.0325078125174428,0.0,0.0,0.0,0.0,65.01129305,0.0,16.66261999,0.0,14.142135623730951
47767,-43.6723605815939,17.1911999999999,48573.2415764999,1.07702,61717.7,729.12,4.65,3.75004,3.54,3.0,2.0,,,,,,, ,0.0,0.0,0.0,0.0,100.0,0.0,0.0,0.0,0.0,0.0,14.142135623730951
47791,-43.5857368166421,17.68,3298857.5517955,2.2934,135157.0,668.18,4.49,3.71578,3.35,4.0,2.0,,,,,,, ,0.507751883548239,0.0,0.0,6.641008789,0.0,58.27212839,0.0,0.0,0.0,0.0,16.1245154965971
47814,-43.501062792189,18.2536999999999,2104153.5632724,3.60209,219171.0,1232.81,5.48,5.2402,20.3,2.75,3.5,14.0824537208299,579.694506386101,583.800937935113,15.6873444550254,24.2859528905701,, ,0.0,0.0,0.0,0.721046389,0.0,0.0,0.0,0.0,26.0682831,0.0,19.493588689617926
47832,-43.6084035511993,9.61406,88768.2208364999,1.04764,33573.7,668.5,4.51,3.79783,2.03,4.0,2.0,,,,,,,Lake Donne,0.768497052971153,0.0,0.0,0.322856191,0.0,99.67714381,0.0,0.0,0.0,0.0,13.038404810405298
47833,-43.6059098910417,17.3798999999999,2073240.2962477,4.48153,259628.0,671.07,4.51,3.81132,10.02,3.69,2.6,44.3743206814242,506.797309707038,572.345806252947,10.2222566883984,16.5274134698733,16.49950924603175,Spider Lakes,0.585576200931687,0.0,0.0,23.20743555,0.0,68.3692143,0.0,0.0,0.0,0.0,18.439088914585774
47835,-43.6174665289403,15.0876,659817.5220352,2.44831,123130.0,644.36,4.49,3.78177,1.33,4.0,2.0,,,,,,, ,0.570346828482403,0.0,0.0,0.0,0.0,100.0,0.0,0.0,0.0,0.0,14.832396974191326
47836,-43.6146283796857,13.8762,466780.0724607,2.67264,123621.0,652.49,4.48,3.78467,1.15,4.0,2.0,,,,,,, ,0.776755836986217,0.0,0.0,0.0,0.0,100.0,0.0,0.0,0.0,0.0,18.973665961010276
47858,-43.5709841879419,0.0,181881.5723108,1.00049,50274.3,618.35,0.0,3.84868,0.0,0.0,0.0,,,,,,,Moari Lakes Eastb,0.0586657009303893,0.0,0.0,97.93775499,0.0,2.062245005,0.0,0.0,0.0,0.0,0.0
47859,-43.5745685975633,17.3735,83629679.5302477,9.48619,549360.0,626.83,4.56,3.94684,6.79,3.88,2.18,20.8188867015701,563.814321374672,571.283235499463,3.36395502481087,7.4820063190861,21.01106500000005,Moari Lakes East,3.05407518043119,0.0,45.402635724,3.932889579,0.391228858,30.18277187,1.679703275,1.772916341,0.0,0.0,27.386127875258307
47860,-43.5512143165979,17.3109,2600518.480673,19.3435,1116180.0,674.31,4.62,4.07968,8.68,3.86,2.27,6.85149493867329,575.233811225702,580.88756515811,17.0261686645948,31.2062671190479,,Lake Emily,3.62401638987194,0.0,0.0,10.48276043,0.0,86.48221813,0.0,3.035021431,0.0,0.0,25.03996805109783
47869,-43.5318368504634,14.82,6948099.341226,10.0371,495836.0,752.72,4.76,4.30977,17.59,3.2,2.76,,,,,,,Manuka Lake,0.697847315965788,0.0,0.0,1.831045874,0.0,15.36383067,0.0,0.0,30.24825435,0.0,22.978250586152114
47871,-43.5213484995169,0.0,239631.946548,3.35714,93421.0,765.81,0.0,4.24804,0.0,0.0,0.0,,,,,,, ,3.62763609914169,0.0,0.0,15.61940164,0.0,84.38059836,0.0,0.0,0.0,0.0,0.0
47872,-43.5028315045682,18.5601999999999,1001021.2155045,1.83849,113743.0,793.78,4.8,4.36378,10.58,4.0,2.0,,,,,,, ,4.26755865010493,0.0,0.0,6.108944117,0.0,93.89105588,0.0,0.0,0.0,0.0,17.029386365926403
47877,-43.5103940787207,20.1473,2248073.9928866,6.95743,467245.0,811.59,4.9,4.49687,15.41,2.62,3.21,,,,,,,Seagull Lake,1.06006789778213,0.0,0.0,1.645411068,0.0,23.95634062,0.0,4.847984514,4.325751537,0.0,20.248456731316587
47878,-43.4428399795544,18.5601999999999,1265234.0329067,1.88786,116797.0,855.86,4.72,4.25958,11.76,3.14,3.7,17.2891219638852,568.392303515815,575.622086559969,20.203470550075,33.0880929666576,5.109874989560295, ,0.0,0.0,0.0,0.0,0.0,0.0,0.0,0.0,0.0,0.0,20.248456731316587
47879,-43.4668232934511,9.59956,286083.4060925,1.3416,42929.2,810.59,4.64,4.12031,8.12,4.0,2.0,,,,,,, ,0.970731565966414,0.0,34.04045752,0.0,0.0,0.0,0.0,0.0,0.0,0.0,15.811388300841896
47890,-43.3947333744433,0.0,66692.9755121,1.27021,30697.2,673.12,0.0,3.86131,0.0,0.0,0.0,,,,,,, ,0.498303492951704,0.0,0.0,79.43211534,0.0,20.56788466,0.0,0.0,0.0,0.0,0.0
47892,-43.4741845528097,37.0,117866817.038742,694.528,85658400.0,692.39,4.57,4.0474,15.67,3.34,3.39,34.2340170598163,490.784155654055,569.872028487675,12.9644456829838,20.3314520098623,6.442334623490545,Lake Heron,1.21129640242617,0.0058712532295908,9.123970769,2.881611211,0.238781919,22.07701722,0.596178746,2.093395703,28.129573273000002,0.0,73.67496182557545
47897,-43.3798867820098,24.6619999999999,353143.2071396,1.48074,121727.0,1745.02,6.25,6.61167,19.51,2.08,2.17,,,,,,, ,0.0,0.0,0.0,0.0,0.0,0.0,0.0,0.0,57.55676674,0.0,17.029386365926403
47918,-43.4123251375417,26.7607,383819.0999143,1.04541,93252.8,324.22,3.99,3.57678,6.37,3.0,2.7,,,,,,, ,7.7922989492705,0.0168068147408597,52.79375844,19.78396649,0.0,0.0,0.0,19.842086091,7.580188982,0.0,17.320508075688775
47920,-43.3771357938249,24.8311999999999,686488.5423291,2.88114,238474.0,355.4,3.89,3.41185,11.02,2.77,2.77,,,,,,, ,1.28533642687671,0.0,21.22863916,5.591717641,0.759935957,0.0,0.0,40.241330606000005,32.17837664,0.0,15.0996688705415
47921,-43.3717764500988,25.2944,580954.9494048,3.48498,293835.0,386.0,3.91,3.50094,7.27,4.0,2.35,,,,,,, ,5.51856728770119,0.0,91.14492159,0.0,0.0,0.0,0.0,8.855078408,0.0,0.0,20.0
47940,-43.9545254684238,13.3375,1476354.3677551,1.26568,56270.2,84.37,4.4,3.71975,0.34,4.0,4.0,,,,,,, ,6.44874873555687,0.104977397453721,98.43813943,0.0,0.0,0.853110228,0.0,0.0,0.0,0.708750341,14.142135623730951
47943,-43.922854291002,8.65616,112420.7643515,1.61697,46655.8,92.96,4.35,3.77042,0.26,4.0,4.0,,,,,,, ,0.0,0.0,89.67920505999999,0.0,0.0,0.0,0.0,10.32079494,0.0,0.0,14.142135623730951
47962,-43.5216105274156,19.5153,61447.4798879,1.46696,95426.8,460.05,4.8,4.55847,3.38,3.0,2.0,,,,,,, ,0.0,0.0,32.31180939,0.0,67.68819061,0.0,0.0,0.0,0.0,0.0,13.784048752090222
47966,-43.4792429665202,24.8439,369939.6043363,2.35734,195219.0,280.76,4.22,3.80355,8.32,2.03,2.45,,,,,,, ,0.0770531454256143,0.0168068147408597,0.521979132,0.0,0.0,0.0,13.83042607,0.0,85.6475948,0.0,17.60681686165901
47969,-43.5079961755379,10.8757,254436.1705529,1.96361,71185.4,453.77,4.75,4.68429,0.95,3.95,4.0,,,,,,, ,12.8076142994665,0.0168068147408597,93.86416301,0.0,6.135836992,0.0,0.0,0.0,0.0,0.0,14.832396974191326
47979,-43.5235423717776,20.7201999999999,382970.7374346,2.85366,197095.0,369.83,4.74,4.67149,1.6,4.0,4.0,,,,,,, ,20.355726960119,0.434125709437082,97.7989172,0.0,2.201082801,0.0,0.0,0.0,0.0,0.0,17.60681686165901
47981,-43.515824200068,20.7201999999999,169414.9324822,1.10881,76582.9,377.27,4.68,4.60077,0.42,4.0,4.0,,,,,,, ,18.81367718455,0.434125709437082,83.37291261,0.0,16.62708739,0.0,0.0,0.0,0.0,0.0,12.649110640673518
48018,-43.3959846890887,17.3939999999999,6698395.6731117,5.35087,310244.0,579.33,4.28,4.20041,17.83,3.7,2.73,39.734181360353,494.07144180721,572.865868565574,15.0722744472709,19.6383820075577,, ,8.54890459190756,0.0168068147408597,5.959789917,0.0,0.0,52.3503303,0.0,12.137747306,1.763232539,0.0,20.445048300260872
48019,-43.4045180549155,0.0,430859.5095436,3.41247,196581.0,616.4,0.0,4.43119,0.0,0.0,0.0,,,,,,, ,8.49922037888595,0.0168068147408597,47.64475616,0.0,0.0,14.46039254,0.0,0.0,0.0,0.0,0.0
48020,-43.3865409343984,0.0,1074990.064846,1.24709,43367.3,475.63,0.0,3.69177,0.0,0.0,0.0,,,,,,, ,13.9218966088409,0.0168068147408597,72.42104843,3.063133674,0.246835136,22.90763229,1.361350469,0.0,0.0,0.0,0.0
48023,-43.380641741891,9.49916999999999,568334.5104446,2.13438,67582.6,717.64,4.4,4.38633,6.51,4.0,2.0,,,,,,, ,13.1399630031887,0.0168068147408597,0.0,7.910263732,0.0,92.08973627,0.0,0.0,0.0,0.0,14.491376746189438
48027,-43.4143264230632,18.6278,767370.9298684,1.70683,105981.0,613.81,4.46,4.44283,24.57,3.12,3.75,,,,,,5.03093881149023, ,2.73318080456428,0.0168068147408597,0.039183804,0.0,0.0,18.47849556,0.0,0.0,0.0,0.0,17.029386365926403
48078,-43.4523408336296,26.7889,1471548.9140288,2.23779,199827.0,258.83,3.64,3.26635,8.11,1.02,4.0,,,,,,, ,1.73226519655711,0.0891685037029698,25.93430281,0.0,55.70663637,0.0,2.072142885,0.0,16.28691793,0.0,17.320508075688775
48153,-43.7851825217952,0.0,531748.1020437,1.01304,9893.47,7.67,0.0,4.13107,0.0,0.0,0.0,,,,,,, ,16.6797200984363,0.872703475223036,84.7840991,0.146050896,0.0,0.0,0.0,15.06985001,0.0,0.0,0.0
48161,-43.7372587478117,0.0,3678824.0734161,6.17625,61368.1,14.51,0.0,4.12053,0.0,0.0,0.0,,,,,,, ,11.7228588050812,0.74091456881403,71.663528133,25.954874371,0.0,0.0,0.0,2.381597491,0.0,0.0,0.0
48163,-43.6992493627626,2.91962,1397059.3563189,1.02806,10005.2,6.4,5.07,4.11857,0.07,3.53,1.84,,,,,,, ,10.6539211872961,0.730008620078651,99.48584333,0.0,0.0,0.0,0.0,0.514156671,0.0,0.0,16.1245154965971
48177,-43.7858643792973,2.1,2678636960.04372,19781.0,138467000.0,16.59,5.34,4.10706,3.21,3.6,3.2,18.7589148570095,487.512560112061,504.338221785749,8.84078653244295,25.74207279121,129.6304533333335,Lake Ellesmere (Te Waihora),11.0687053050632,0.490621754555326,75.44020890700001,8.666127082,4.820908338,3.932816941,1.8747762650000002,2.8699091109999997,0.286882948,1.554445348,158.13917920616638
48179,-43.7458925592277,2.79887,2884521.2829134,3.37536,31490.7,28.28,5.23,4.0758,0.24,3.83,1.85,,,,,,93.1870066666667, ,33.8610438786462,0.120241375910121,93.68270734,6.297613928,0.019678728,0.0,0.0,0.0,0.0,0.0,18.708286933869708
48188,-43.274262772861,19.4263,174088815.143449,5.23059,338704.0,490.87,3.76,3.44812,17.95,3.33,3.39,4.8570756326373,486.027223642537,496.344664791875,9.58574108504382,21.3169737336384,, ,1.82159239684744,0.0011976734501924,8.582407615,1.002057168,1.262993471,23.49899474,1.073844945,19.31172944,23.444480566,0.0,21.447610589527216
48189,-43.2691489297015,9.91621,178255135.418826,1.06236,35115.2,516.36,3.81,3.50102,17.96,3.33,3.4,,,,,,13.460489, ,1.80507212585466,0.0011801013217259,8.44504182,0.986018734,1.242778619,23.62299202,1.056657511,19.225220151000002,23.878265135,0.0,16.431676725154983
48192,-43.2951020247738,0.0,282823.0674895,2.01154,52448.0,517.75,0.0,3.54954,0.0,0.0,0.0,,,,,,, ,6.05471692392503,0.0,100.0,0.0,0.0,0.0,0.0,0.0,0.0,0.0,0.0
48197,-43.3023235127571,15.3585999999999,1098085.3431791,1.84611,94512.1,549.61,3.87,3.6566,5.87,3.87,2.25,5.33302069322085,485.521850367952,496.115980142309,7.19933279504332,30.1403087196502,10.0137288405001, ,4.64378261623825,0.0,74.14501134,0.0,0.0,3.739188015,0.0,22.115800637,0.0,0.0,13.038404810405298
48198,-43.3131632386886,18.5761,101604.5179299,1.34399,83220.0,777.42,4.14,4.0788,16.13,3.0,4.0,,,,,,, ,1.68245536447243,0.0,0.0,0.0,0.0,27.78754438,0.0,72.21245563,0.0,0.0,14.142135623730951
48202,-43.3043994803201,0.0,56119.0064411,1.38385,75259.8,582.03,0.0,3.87638,0.0,0.0,0.0,,,,,,, ,5.18281654782542,0.0,0.0,0.0,0.0,100.0,0.0,0.0,0.0,0.0,0.0
48204,-43.2601257246696,9.9799,306120.8062982,5.05997,168327.0,526.88,3.89,3.52215,5.49,4.0,2.0,18.38719570501,571.338064613206,579.100360777119,13.7669985411915,28.7405364651855,23.11942, ,0.0,0.0,33.77499613,0.0,29.11828644,0.0,25.75463769,11.35207974,0.0,0.0,19.235384061671343
48207,-43.2190102081248,19.0712,566546862.202529,14.176,901175.0,492.8,3.75,3.43991,21.92,3.16,3.58,,,,,,, ,0.859801221793999,0.0007796591585488,3.454694176,0.57150935,0.445096865,15.11616302,1.325162154,24.857600674,29.357226508,0.0,30.0
48209,-43.2029744723477,10.3058999999999,582919.0783205,8.44859,290234.0,505.26,3.78,3.49956,8.77,3.0,2.04,,,,,,9.86109153333333, ,0.0,0.0,0.0,0.652254165,0.0,51.40833372,0.0,16.37372525,26.66766647,0.0,24.596747752497688
48213,-43.2396723712984,30.0,7127568.90232,65.4373,6543730.0,568.66,3.99,3.89522,24.19,3.14,3.91,24.8235318664805,566.513077439985,575.434883983731,6.25376775046148,17.0479851738828,5.55552072413835,Lake Selfe,2.39834694066825,0.0,0.0,0.122610456,0.0,43.87346382,0.0,28.524554431,21.024168597,0.0,45.232731511594565
48215,-43.2263682205259,17.6362999999999,737817.2003932,5.76505,338914.0,572.36,3.87,3.6754,13.63,3.25,3.48,,,,,,16.280221666666698, ,2.2259869461288,0.0,0.0,2.945373965,0.0,39.60961717,0.0,50.41729431,1.121760603,0.0,20.73644135332772
48216,-43.2291967732229,18.6693,8008610.2285392,4.34934,270664.0,571.75,3.86,3.69235,24.37,3.16,3.87,24.3582803009433,498.434056145885,552.759830534971,8.44199635925322,13.9573938986478,5.39847121008403,Lake Henrietta,2.15497984066486,0.0,0.0,0.952968861,0.0,38.87194265,0.0,32.389341119,19.165917775,0.0,18.439088914585774
48217,-43.2524272854109,23.0121,4870015.484623,17.633,1352570.0,592.29,3.85,3.70862,15.99,3.56,3.02,22.4226583402936,492.567436853829,509.602163623965,11.941895108572,20.5791986285904,6.62755784313725,Lake Evelyn,1.9840063192944,0.0,0.0,8.184524536,0.0,34.10488573,0.029161805,17.400875387000003,10.623507788000001,0.0,33.19638534539566
48266,-43.6020035101854,8.96854,394455.1525264,1.22583,36646.4,18.22,5.08,4.29635,4.87,4.0,4.0,,,,,,, ,0.0,0.0,68.88074157,0.0,0.270048614,0.0,0.0,0.0,0.0,30.84920982,15.811388300841896
48323,-43.5705425085908,3.0687,487022.274469,2.29892,23515.6,18.47,5.13,4.33902,0.29,4.0,3.68,,,,,,41.35476616666665, ,0.0,0.0,9.319300628,0.0,0.0,0.0,0.0,0.0,0.0,90.68069937,15.165750888103101
48324,-43.5628687951938,2.84885,521255.7044655,4.28448,40686.0,21.88,5.2,4.44445,0.28,4.0,2.37,,,,,,, ,0.0,0.0,50.02529032,0.0,0.0,0.0,0.0,0.0,15.35832825,34.61638144,19.748417658131498
48326,-43.5537513079509,3.03303,268480.0925869,4.90839,49624.3,17.81,4.94,4.1632,0.18,4.0,2.0,10.3307426635223,566.02078306247,575.390645558614,6.89425379188101,17.436862970277,, ,0.0,0.0,100.0,0.0,0.0,0.0,0.0,0.0,0.0,0.0,18.16590212458495
48329,-43.5262655399548,7.0888,360240.9392914,1.22007,28829.4,40.0,5.01,4.33967,0.46,4.0,4.0,,,,,,, ,0.0690471790511284,0.0,35.14217826,0.0,12.5183523,0.0,0.0,0.0,52.33946944,0.0,17.029386365926403
48342,-43.5276527764137,2.91962,385944.9497826,1.90421,18531.9,5.57,4.28,3.52618,0.09,4.0,2.0,,,,,,, ,0.0,0.0,0.0,0.0,0.0,0.0,0.0,55.91645942,0.0,44.083540582,16.1245154965971
48347,-43.468592873372,6.61638,147324.0577777,1.06271,23437.6,52.3,4.58,3.9876,0.37,4.0,4.0,,,,,,, ,0.0,0.0,3.34369628,0.0,12.570132767,0.0,0.0,13.98778391,0.0,70.09838704,13.784048752090222
48348,-43.4700223544099,8.63599,574904.6118762,2.27173,65395.5,29.69,4.7,4.01631,1.08,4.0,3.14,,,,,,, ,0.0,0.0,91.9497709,0.0,0.0,0.0,0.0,0.0,8.050229098,0.0,19.493588689617926
48353,-43.4299525780695,7.14749,249431.9213631,1.47158,35060.2,14.97,4.15,3.52052,0.28,0.83,0.41,,,,,,, ,1.55227211959736,0.255886622542627,4.346325732,0.0,0.0,0.0,0.0,55.69874791,39.95492636,0.0,15.811388300841896
48356,-43.4287610007721,6.62234,3014408784.92074,1.21157,26744.7,10.31,4.11,3.48586,17.36,3.19,3.55,,,,,,, ,2.2581107355944,0.650422680404992,17.266558269999997,0.797665796,2.021631529,12.445144,1.9806826569999998,29.778441238,13.386684659,0.039482236000000004,17.029386365926403
48359,-43.3842158697113,2.71735,761635.4416235,2.77821,25164.6,27.56,3.94,3.38899,0.32,4.0,4.0,,,,,,, ,1.54145611568823,0.0,97.21044979999999,0.0,1.555012421,0.0,0.0,0.0,0.0,1.23453778,15.811388300841896
48372,-43.3550717299143,17.7607,6799207.1484071,1.00868,59715.9,1366.67,5.81,5.91516,33.72,1.49,1.99,,,,,,, ,0.0,0.0,0.0,0.0,0.0,0.0,0.0,0.0,93.5832479,0.0,15.811388300841896
48374,-43.3041779333839,44.4029,34478709.807968,46.3965,6867130.0,1001.5,5.08,4.85289,30.02,2.85,3.8,34.3857843601899,537.229805628789,568.932741240505,7.77215150306034,10.9756921194418,, ,0.0,0.0,0.0,0.0,0.0,1.275459232,0.0,0.0,80.28306813,0.0,39.59797974644666
48375,-43.2715020696721,19.4811,4574047.1239957,1.12691,73177.8,942.11,4.91,4.67848,33.27,3.0,4.0,,,,,,, ,0.0,0.0,0.0,0.0,0.0,0.540678819,0.0,0.0,72.78303012,0.0,20.0
48381,-43.2748338452008,22.0398999999999,33139437.28968,17.7215,1301930.0,937.77,4.82,4.55908,28.93,2.99,3.99,34.2850192276308,490.585345408353,567.714890716981,11.0284167940188,16.5885055184754,, ,0.0,0.0,0.0,0.007212291,0.0,0.73092449,0.0,0.0,84.98190497,0.0,30.331501776206203
48384,-43.2508186713814,16.672,904469.3296115,2.88394,160270.0,1677.7,5.61,5.77937,21.37,3.0,4.0,,,,,,, ,0.0,0.0,0.0,0.0,0.0,0.0,0.0,0.0,98.1169163,0.0,16.1245154965971
48387,-43.1770790818386,31.5849,8027601.287785,23.0807,2430010.0,879.99,5.08,5.12729,29.5,3.0,4.0,32.5989306316971,549.14773807413,572.146433211426,12.9177283334514,25.7644618902545,, ,0.0,0.0,0.0,0.0,0.0,0.0,0.0,0.924304521,72.91734195000001,0.0,30.854497241083024
48393,-43.1532831633365,27.6421999999999,3849830.7663637,2.78607,256710.0,1395.8,5.99,6.48691,33.76,3.0,4.0,,,,,,,Reid Lake,0.0,0.0,0.0,0.0,0.0,0.0,0.0,0.0,86.35516263,0.0,18.708286933869708
48395,-43.1318414428118,27.6421999999999,2306467.378919,12.4187,1144270.0,1396.77,5.65,6.03708,29.58,3.0,4.0,,,,,,,Ivory Lake,0.0,0.0,0.0,0.0,0.0,0.0,0.0,0.0,94.5820906,0.0,24.24871130596428
48406,-43.3222802678944,9.54144999999999,70960.4663321,1.15702,36798.8,745.83,4.26,3.79362,3.68,4.0,2.0,,,,,,,Quagmire Tarn,0.0,0.0,0.0,0.0,0.0,0.0,0.0,0.0,0.0,0.0,21.447610589527216
48412,-43.2379193955496,26.0473,623874.6275506,1.01732,88328.0,1617.03,6.15,6.63057,24.71,0.94,1.26,,,,,,, ,0.0,0.0,0.0,0.0,0.0,0.0,0.0,0.0,80.35525652,0.0,15.811388300841896
48413,-43.2311069167715,16.672,943995.7849284,2.07473,115299.0,1712.07,6.27,6.82512,24.47,0.2,0.26,16.0102155110359,486.827088445938,493.905683604726,6.15352025873996,23.5836079675156,, ,0.0,0.0,0.0,0.0,0.0,0.0,0.0,0.0,97.0946387,0.0,15.811388300841896
48429,-43.2762545646675,10.3175,874283.9608932,1.77096,60906.3,453.42,3.81,3.37162,4.6,4.0,2.0,,,,,,, ,0.0,0.0,98.92791707,0.0,0.0,0.0,0.379526553,0.692556375,0.0,0.0,16.73320053068151
48438,-43.3507185422321,7.48971,263766.2698709,1.00539,25100.4,574.84,4.12,3.86182,0.91,4.0,2.0,,,,,,, ,5.70087505820317,0.0,100.0,0.0,0.0,0.0,0.0,0.0,0.0,0.0,15.165750888103101
48442,-43.3590950954682,17.3715,579799.6821422,2.28981,132592.0,578.93,4.1,3.85348,6.87,4.0,2.0,,,,,,, ,1.74239083189518,0.0,0.0,0.0,36.59023791,29.3970688,0.0,34.01269329,0.0,0.0,16.431676725154983
48445,-43.3489483883669,0.0,2466399.539099,6.42649,381071.0,498.98,0.0,3.80142,0.0,0.0,0.0,43.0751884056077,564.191917050564,586.752426312017,14.4998050598986,30.2540248511958,, ,5.03959986609873,0.0080458279237616,28.8032066,0.0,28.54063753,32.94023994,0.0,7.9571076949999995,0.0,0.0,0.0
48446,-43.3423194059868,0.0,12697164.6306149,2.43448,145296.0,495.67,0.0,3.69419,0.0,0.0,0.0,,,,,,, ,3.80021123045149,0.0058615462910291,4.695171391,0.312171541,3.954333754,45.30180565,0.0,19.619484351,1.123352232,0.0,0.0
48447,-43.3171903118865,10.0,5490713.463288,17.4515,581716.0,536.66,3.99,3.82338,17.32,3.05,3.88,5.7987431805497,486.477018602369,490.867912773664,7.08113093368406,26.347416922988,5.55487870346973,Lake Georgina,3.619953749241,0.0,0.080857861,0.0,0.0,61.55045821,0.0,38.36868393,0.0,0.0,27.110883423451916
48450,-43.3001506331388,15.6206,217356.519657,1.94271,101154.0,518.79,3.85,3.56984,1.86,4.0,2.0,,,,,,, ,6.0547169239201,0.0,10.08053108,0.0,0.0,89.91946892,0.0,0.0,0.0,0.0,16.1245154965971
48451,-43.2930186589039,200.0,255237192.470821,3687.6,2458400000.0,449.64,4.04,3.84198,17.9,3.29,3.47,10.6843844826332,569.045289825426,573.720546546182,12.3662162111441,39.1676363352057,0.83507030952381,Lake Coleridge,1.82729663671427,0.0009515300960577,7.681797401000001,0.855058321,1.103725453,27.11993543,1.155803567,19.522753536,22.633566597999998,0.0,125.85706178041819
48454,-43.2342942430257,17.7607,1318737.1356186,3.57701,211767.0,682.08,4.13,4.13235,27.0,3.0,4.0,30.8704954837745,499.374210001989,565.825428711283,11.4176256129532,16.3141049059127,4.88010142798291, ,1.46494039549914,0.0,0.0,0.0,0.0,24.62130165,0.0,19.928598959,46.24545713,0.0,20.493901531919196
48455,-43.2350974456349,9.0,4020386.278395,10.0417,301251.0,675.65,4.0,3.95995,28.89,3.0,3.99,9.52520872577585,573.125704336747,577.055191109318,16.2145532160826,40.2405289782677,3.97621813374711,Lake Ida,1.82765121573631,0.0,0.0,0.0,0.0,25.86134632,5.232734905,22.162431046000002,43.68486181,0.0,27.110883423451916
48456,-43.2212527701793,18.6278,2434143.118204,18.4073,1142960.0,667.12,3.88,3.87759,22.51,3.31,3.18,30.6933473335719,487.207299542265,561.565808531488,14.633671847732,26.9896985917535,7.19830814483754,Lake Catherine,2.10408065764287,0.0,19.46014546,0.0,0.0,12.1029623,6.313706589,20.114219558,26.72020809,0.0,29.444863728670914
48468,-43.1753683688746,12.544,11216179.338998,9.21502,385311.0,696.45,3.97,3.95542,22.56,3.26,3.6,22.6726356636239,496.927030568985,542.919145861255,8.12771079203959,11.2700645066071,4.79327718161005,Lake Lillian,0.0,0.0,0.0,0.320723137,0.0,13.05598779,7.86359782,5.3047485519999995,18.309025496,0.0,22.58317958127243
48470,-43.2060048266828,9.82069,97564.7057868999,1.74988,57283.3,859.87,4.16,4.33971,6.56,4.0,2.0,,,,,,9.45788666666667,Mystery Tarn,0.0,0.0,0.0,0.0,0.0,0.0,0.0,0.0,0.0,0.0,22.360679774997898
48491,-43.0818903692445,27.6421999999999,3125917.38652,1.62149,149405.0,1269.08,5.77,6.44745,33.62,1.0,1.34,,,,,,, ,0.0,0.0,0.0,0.0,0.0,0.0,0.0,0.0,84.13612090000001,0.0,18.973665961010276
48541,-43.1162025364091,17.1143,480145.5081603,2.66901,152260.0,1850.85,6.01,6.90058,17.36,3.0,4.0,42.6281615246186,572.367589609136,582.160444416496,17.9132652780399,26.0972114655514,,Casey Tarn,0.0,0.0,0.0,0.0,0.0,0.0,0.0,0.0,100.0,0.0,18.973665961010276
48581,-43.0503100604355,18.175,205516.4269951,1.56932,95074.4,1173.82,4.88,5.48293,9.52,3.0,4.0,,,,,,, ,0.0,0.0,0.0,0.0,0.0,0.0,0.0,10.80576886,0.0,0.0,14.832396974191326
48593,-43.3440479230381,9.62689,176703.7272421,1.20712,38736.0,853.86,4.52,4.72333,5.08,3.92,2.14,,,,,,, ,14.7598849984067,0.0168068147408597,0.0,0.0,0.0,100.0,0.0,0.0,0.0,0.0,14.832396974191326
48594,-43.3300040424341,19.2626999999999,2501355.7162365,1.37569,88331.5,641.44,4.14,4.12819,21.99,3.28,3.42,,,,,,9.42457711507937,Red Lakes,2.82306396529798,0.0,0.0,0.0,0.0,47.03484303,0.0,15.81062898,0.0,0.0,17.029386365926403
48595,-43.3275102774219,24.6619999999999,2133013.3495542,1.60807,132194.0,655.67,4.12,4.09044,22.16,3.3,3.38,,,,,,5.828389035111,Red Lakes,2.97861460499554,0.0,0.0,0.0,0.0,49.4057141,0.0,18.23428726,0.0,0.0,17.320508075688775
48597,-43.3023789080906,28.0,15106780.307012,88.3891,8249650.0,825.96,4.26,4.55858,19.97,2.97,3.8,5.28071197000453,488.403506822747,496.234171050095,9.3701674706352,23.7409001649013,5.40320414412563,Lake Lyndon,0.657619412175573,0.0,0.0,2.055314615,0.0,35.91461485,0.0,2.140941531,19.294217816,0.0,47.49736834815167
48654,-43.1389377142742,8.34826999999999,64582.4961098,1.78127,49568.4,634.85,3.03,3.27767,1.81,4.0,2.0,,,,,,,Vagabonds Inn,0.0214625715865995,0.0,0.0,0.0,0.0,100.0,0.0,0.0,0.0,0.0,13.784048752090222
48657,-43.1168771295677,12.8806999999999,3442440.57551,24.0036,1030610.0,615.66,3.06,3.33856,23.34,3.23,3.52,3.6293858283456,487.514495802287,491.572571064811,9.83790138508529,26.6755855557593,6.23245784313725,Lake Marymere,0.0049818938413865,0.0,0.0,0.0,0.0,14.72334401,5.251957521,3.9361369109999997,15.465041827,0.0,25.748786379167466
48660,-43.10526232457,17.0,18671042.568262,201.939,11443200.0,603.15,3.24,3.57492,20.53,3.37,3.57,21.6349402221516,510.935957023842,548.116391216698,5.63838537514295,14.5797368879622,5.9600035509877,Lake Pearson,0.0083578579471393,0.0,6.044774174,0.0,0.0,28.95042997,0.039370282,27.160735301,23.082839035,0.0,60.398675482166
48662,-43.0664146277003,10.5335,1108507.4822941,1.00851,35410.7,650.42,3.43,3.69605,25.08,3.25,3.5,,,,,,, ,0.0067721903849617,0.0,0.0,0.0,0.0,25.08111592,0.0,2.536989225,45.57676971,0.0,13.416407864998739
48663,-43.0622876374372,15.0,18046915.192409,62.3559,3117800.0,589.18,3.3,3.56835,18.07,3.39,3.7,6.65582952805935,579.061103720878,581.229341304745,13.8161428835358,33.8273466680625,5.14525266666667,Lake Grasmere,0.0106470235933413,0.0,6.698352182,0.39007249,0.050497379,34.13243637,0.0,9.180390163,24.392599205,0.0,39.16631205513228
48665,-43.0738808236104,0.0,145190.7473068,1.47567,84445.3,608.37,0.0,3.5135,0.0,0.0,0.0,,,,,,, ,1.11811021797894,0.0,0.0,0.0,0.0,100.0,0.0,0.0,0.0,0.0,0.0
48669,-43.1038849206328,4.0,2439584.893801,35.3622,471496.0,571.06,3.14,3.43357,19.32,3.46,2.94,17.9964103645537,493.898728528549,513.02009079929,6.84739788123526,18.4967744398588,5.97739057254008,Lake Hawdon,0.0129933757952492,0.0,0.0,1.664061894,0.0,58.52005403,0.0,0.0,6.999016579999999,0.0,32.03123475609393
48673,-43.0488441755448,6.7,1918387.996084,22.0044,491431.0,575.37,3.31,3.57128,14.23,3.68,2.5,25.0251480320549,499.316195032062,555.457896309324,9.03152663567725,17.1145396107272,5.556746340212485,Lake Sarah,0.458647650949929,0.0,0.000740292,0.114543297,0.0,69.60174332,0.120196433,23.013578965999997,4.810818487,0.0,27.386127875258307
48679,-43.1161402329113,17.3432,1163437.099408,12.9013,745832.0,677.8,3.39,3.76484,11.78,3.52,2.94,34.1097473346458,576.180124787636,582.496645868403,16.76488830552,21.1967180651344,13.3020148237562,Blackwater Lake,1.0192515133956,0.0,0.0,0.0,0.0,96.39647099,3.603529014,0.0,0.0,0.0,23.664319132398465
48681,-43.1131827707248,12.2542,351705.4995962,3.23794,132261.0,686.59,3.37,3.73202,1.84,4.0,2.0,,,,,,, ,1.10543596929711,0.0,0.0,0.0,0.0,100.0,0.0,0.0,0.0,0.0,21.213203435596427
48687,-43.1071306225028,7.60649,159896.3692774,1.32753,33659.5,695.83,3.33,3.67818,1.08,4.0,2.0,,,,,,, ,1.16397796939129,0.0,0.0,0.0,0.0,100.0,0.0,0.0,0.0,0.0,21.213203435596427
48700,-43.0550235603066,34.6419,2816047.987338,29.208,3372750.0,590.89,3.3,3.62562,11.96,3.46,2.98,7.82426671089441,569.994749027499,574.080336477364,17.2933685009832,38.4500705563818,4.58524769133615,Lake Letitia,0.854900957345196,0.0,0.019598017,0.350258622,0.0,81.17520985,1.755543823,16.699389691,0.0,0.0,38.157568056677825
48726,-43.2472592633253,18.0254,698985.2744105,1.18464,71178.5,123.55,3.8,3.65792,0.73,4.0,4.0,,,,,,, ,0.0,0.0,99.68853367,0.0,0.311466328,0.0,0.0,0.0,0.0,0.0,13.784048752090222
48748,-43.3597598310573,2.91962,101834.0413154,1.82103,17722.4,6.24,3.95,3.45868,0.06,3.0,4.0,,,,,,, ,0.0,0.0,0.0,0.0,0.0,0.0,0.0,0.0,0.0,100.0,14.832396974191326
48750,-43.3572012594597,2.91962,336332.260281,1.61838,15750.2,6.43,3.96,3.47473,0.06,3.0,4.0,,,,,,, ,0.637895646916415,0.0,26.18756711,0.0,1.466918435,0.0,0.0,0.0,0.0,72.34551446,14.491376746189438
48751,-43.3554567385412,2.91962,165340.6380496,1.60643,15633.9,6.61,3.96,3.48578,0.06,3.0,4.0,,,,,,, ,0.930654156779954,0.0,40.983128031999996,0.0,0.0,0.0,0.0,0.0,0.0,59.016871970000004,14.832396974191326
48753,-43.3482242116733,2.91962,357203.4988594,2.98704,29070.2,7.37,3.99,3.52088,0.06,3.13,3.73,,,,,,, ,0.386897048565026,0.0,18.966278717,0.0,0.0,9.09124839,30.00640711,0.0,18.16196916,23.77409663,15.811388300841896
48754,-43.3494806020418,2.91962,111158.4781528,1.40416,13665.4,7.22,3.98,3.51165,0.06,3.0,4.0,,,,,,39.4467306666667, ,0.0,0.0,5.219805224,0.0,0.0,0.0,92.49567671,0.0,2.284518067,0.0,13.784048752090222
48755,-43.346963697652,2.92982,341785.611151,1.80409,17618.9,7.6,3.99,3.52088,0.22,3.33,3.33,,,,,,, ,1.29813142589971,0.0,36.622784025,0.0,18.863944232999998,24.84996163,0.02809943,0.0,16.21379053,3.421420154,14.142135623730951
48756,-43.3447021122511,2.93051,334031.9859651,4.62814,45209.4,8.56,3.99,3.52726,0.21,3.34,3.3,,,,,,, ,1.39076221250667,0.0,39.055490699,0.0,20.117001435000002,23.60647086,0.029965964,0.0,13.54237948,3.648691561,17.60681686165901
48759,-43.3369557452377,0.0,317922.5265986,3.37596,32977.6,8.9,0.0,3.53763,0.0,0.0,0.0,26.7532128705687,576.79142308251,580.680892749975,15.275876721136,30.7558790160445,, ,111.396187929759,0.0,98.84602010299999,0.0,0.925933414,0.0,0.0,0.0,0.0,0.228046483,0.0
48761,-43.3671857629015,0.0,316707.2672118,1.45474,14157.7,3.85,0.0,3.62852,0.0,0.0,0.0,,,,,,, ,1.50799807317455,0.0,7.406426846,0.0,0.0,59.24777443,21.42171625,11.92408247,0.0,0.0,0.0
48764,-43.3243751242217,2.93051,316699.7977456,1.09368,10683.5,8.21,4.13,3.75627,0.07,3.0,4.0,,,,,,70.55585576666665, ,3.53722916355278,0.0,41.36178862,0.0,28.74013963,0.0,11.14032702,0.0,0.0,18.757744732,11.832159566199232
48798,-43.246735434973,2.96643,166223.6725106,1.98796,19657.2,12.26,4.55,4.39018,0.1,3.0,4.0,,,,,,, ,3.26353076577074,0.562906002236546,62.42562232,0.0,31.000019854,0.0,0.0,0.0,6.57435782,0.0,17.029386365926403
48800,-43.2320273690614,3.45424,167569.2481867,1.91939,22100.2,14.03,4.6,4.49336,0.11,3.0,4.0,,,,,,, ,9.63385937400313,0.0,76.25406582,0.0,15.45439654,0.0,0.0,0.0,8.29153764,0.0,17.60681686165901
48820,-43.1774985551226,9.43413,553130.0751863,1.26337,39729.3,38.1,4.62,4.65707,0.88,3.0,2.0,,,,,,, ,6.700408020769,0.0,96.08329061,0.0,3.916709389,0.0,0.0,0.0,0.0,0.0,14.142135623730951
48837,-43.0532431337941,7.70873,52278.0247109,2.17158,55800.3,80.15,4.61,4.76205,0.92,3.0,2.0,21.8312575024016,565.650607932877,572.055800327115,21.6249250388965,37.8082641190771,64.4887233333333, ,17.5622297904896,0.0,95.31208143,0.0,0.0,0.0,0.0,0.0,0.0,4.687918564,13.416407864998739
48841,-43.0223770314223,24.0515,57359092.377084,1.0434,83651.1,130.32,4.39,4.51198,11.29,2.74,3.84,,,,,,, ,11.6278873620781,0.0073334415696512,55.558264803,0.0,0.754772106,38.54102065,0.550292166,4.595650277,0.0,0.0,12.24744871391589
48843,-43.0327711176788,10.9552,148781.5806877,2.55878,93440.0,120.54,4.51,4.64225,3.65,3.0,2.59,20.90361548345,569.991307131009,574.419177404034,19.3168635387044,29.565165139386,, ,11.4018245217418,0.0221562427966408,100.000000004,0.0,0.0,0.0,0.0,0.0,0.0,0.0,15.811388300841896
48844,-43.0337418423705,21.3812,160961.6335501,1.52768,108879.0,107.9,4.52,4.6524,2.16,3.0,3.0,17.9264623778682,569.114929962798,573.91364948487,18.0901485731597,31.8224432427233,, ,15.7398561002848,0.0221562427966408,99.999999998,0.0,0.0,0.0,0.0,0.0,0.0,0.0,14.142135623730951
48993,-43.2055055261915,2.86505,2023024.8240736,2.20204,21029.9,16.65,4.7,4.63414,0.23,3.71,4.0,,,,,,, ,11.9005493132907,0.0189497102791449,90.917361879,0.0,6.56927899,0.0,1.143169424,0.9666375570000001,0.0,0.403552152,19.8997487421324
48994,-43.2005486190988,0.0,94386.0372835,1.07562,10272.4,16.59,0.0,4.65952,0.0,0.0,0.0,,,,,,, ,6.92473367098347,0.0403938399394092,100.0,0.0,0.0,0.0,0.0,0.0,0.0,0.0,0.0
48995,-43.1982152909393,0.0,114084.6170329,1.33696,13666.1,16.04,0.0,4.663,0.0,0.0,0.0,,,,,,, ,4.23755288125469,0.0359723778168803,65.6169334,0.0,0.059568722,0.0,0.0,15.38957944,18.93391843,0.0,0.0
48996,-43.1954466527046,0.0,193436058.480219,1.08319,11072.2,16.08,0.0,4.67295,0.0,0.0,0.0,,,,,,, ,6.75816849528916,0.0225656521393559,61.822313146999996,0.005813451,24.999249337000002,0.783844838,2.162842703,8.903220497,0.40661013500000004,0.916105892,0.0
48999,-43.1793551598059,2.89547,17802685.2496835,2.00879,19388.0,16.49,4.77,4.7478,1.75,3.63,2.56,,,,,,,Mimimoto Lagoon,10.190369772846,0.281983969769132,88.345653377,0.088010166,7.003020109,0.259463773,0.731589472,1.1521253519999999,0.562467448,1.857670304,15.165750888103101
49007,-43.1540110653591,2.95947,726447090.063374,8.19164,80809.7,7.17,4.86,4.86561,9.97,2.88,3.6,,,,,,, ,8.63448758019596,0.0788336908155888,51.077426724999995,0.017646877,10.028192479000001,25.56331149,1.4434733750000002,11.299346731,0.474932359,0.09566997099999999,26.267851073127396
49008,-43.1446700856455,6.99807,509636.7816271,3.21168,74918.5,-0.04,4.91,4.91173,3.19,3.0,2.83,,,,,,, ,12.5448224553968,0.398271174034945,83.62894309,10.1820984,6.124880639,0.0,0.064077865,0.0,0.0,0.0,24.49489742783178
49016,-43.060702820328,9.75674,99599.1861574,1.32718,43163.0,79.42,4.8,4.92943,3.34,3.42,4.0,7.02345732491172,571.588157186775,574.741352918283,16.6579956679039,30.1159852072556,, ,8.83926793567545,0.0,100.0,0.0,0.0,0.0,0.0,0.0,0.0,0.0,12.24744871391589
49018,-43.0456896064846,16.212,2291825.9988124,3.44731,186293.0,76.07,4.62,4.73588,1.15,3.0,3.22,28.5137337241015,537.875932442893,565.403695533014,10.2283949909082,15.8101560201008,, ,2.48333464832028,0.0221562427966408,98.554187489,0.0,1.44581251,0.0,0.0,0.0,0.0,0.0,16.431676725154983
49020,-43.0427012449265,6.55357,481501.9390062,4.5351,99070.3,68.62,4.69,4.77594,0.8,3.53,4.0,,,,,,, ,1.80238162343031,0.0112493527734109,96.49983133,0.0,0.0,0.0,0.0,0.0,0.0,3.500168671,18.466185312619388
49025,-43.0302100123309,7.12801,374548.081361,2.02203,48043.4,68.29,4.77,4.80527,1.43,4.0,4.0,3.26771717825522,490.745005692145,493.9972854235,7.6098951646539,23.9860918845649,, ,0.300914056664681,7.99730448596338e-06,100.0,0.0,0.0,0.0,0.0,0.0,0.0,0.0,13.416407864998739
49026,-43.025054184888,21.7517999999999,1163340.1602375,5.17849,375472.0,83.68,4.75,4.79368,3.52,3.48,4.0,24.8162161172403,561.81495782517,570.551931180317,19.2249798638213,26.3338629908003,63.5613258, ,11.3448997283272,0.124884642402927,98.7304384,0.0,1.269561598,0.0,0.0,0.0,0.0,0.0,17.88854381999832
49027,-43.0260968747841,16.3008999999999,790834.2603074,2.73088,148386.0,76.22,4.76,4.79614,3.52,3.52,4.0,,,,,,, ,13.1209438244067,0.124884642402927,99.37486653,0.0,0.625133474,0.0,0.0,0.0,0.0,0.0,20.0
49044,-43.0395591473193,0.0,3736969.0598667,1.02294,77553.3,119.89,0.0,6.08973,0.0,0.0,0.0,,,,,,, ,10.1484749551385,0.0450108459869848,77.14170025,0.0,14.73531742,0.0,2.082942577,6.040039745,0.0,0.0,0.0
49076,-37.5189729294877,7.65597,406675.7096105,2.23912,57142.1,24.12,4.0,3.71032,11.94,2.83,4.0,,,,,,, ,12.9767447637256,0.0252720353065199,99.53347156,0.0,0.0,0.0,0.0,0.0,0.466528436,0.0,17.60681686165901
49089,-37.4916000934714,7.03008,796140.6635137,2.72753,63915.7,8.96,2.96,2.86165,0.87,1.3,1.0,,,,,,, ,41.7430823294307,0.965898963012466,91.59687692,3.186548344,0.0,0.0,0.0,3.030082317,0.0,2.186492417,16.1245154965971
49090,-37.494540094937,4.5,3481196.942886,17.0711,424895.0,9.23,2.96,2.84844,1.18,1.08,1.0,30.8686495173798,566.100015095258,572.32816461081,16.5866488087941,16.7773558353011,39.9417794,Lake Ohinewai,10.1476318400978,0.945783250017371,95.98742814,1.848978545,0.340495756,0.0,0.0,1.287937295,0.0,0.535160262,27.65863337187866
49091,-37.4807815722073,3.17741,18071067.063888,14.8272,157040.0,7.76,2.86,2.77037,2.94,1.02,1.42,9.38094265878424,569.42739260679,571.770985634509,11.6201790465849,38.5555105970571,79.44868026666671,Lake Rotokawau,20.8764107461317,0.784207143235883,88.54753505,6.32192299,0.253560656,0.050545922,0.0,4.730745348,0.0,0.095690032,30.298514815086232
49147,-37.5410133193106,22.2216999999999,1013964.1419788,1.0462,77494.4,115.8,4.03,3.87158,4.63,3.87,3.87,,,,,,, ,11.4128932767593,0.0252720353065199,89.13783406499999,2.792056157,0.0,0.0,0.0,8.070109777,0.0,0.0,14.832396974191326
49148,-37.5350673813625,21.207,1301813.1311755,3.63763,257144.0,116.93,3.91,3.73086,4.67,2.03,2.13,,,,,,, ,12.8399252899124,0.0252720353065199,96.02551286,1.96137826,0.0,0.0,0.0,2.01310888,0.0,0.0,21.494185260204677
49151,-37.5435041659546,22.268,2184432.8214641,1.52871,113471.0,97.91,3.88,3.75641,3.86,2.0,2.0,,,,,,, ,10.6658247805792,0.0681315132182047,92.53997164,1.077823881,1.011210277,0.0,0.0,5.370994202,0.0,0.0,15.811388300841896
49152,-37.533774105929,18.3134,4272165.3331874,2.11952,129385.0,94.85,3.85,3.67862,4.18,1.93,1.93,,,,,,, ,10.740499214909,0.0621394274333267,93.50364426,1.075414466,0.558096026,0.0,0.0,4.862845246999999,0.0,0.0,15.811388300841896
49156,-37.4770012407266,8.9528,1360248.6104315,3.51922,105023.0,16.38,3.11,2.97224,3.06,2.27,2.18,,,,,,, ,1.95729891394388,0.0,62.3117165,0.0,0.0,0.0,0.0,37.688283502,0.0,0.0,16.431676725154983
49169,-37.546927865921,3.06507,17280562.625313,18.4968,188980.0,18.01,3.2,3.04249,3.33,1.65,1.39,33.043908987698,543.753247720337,570.622264285369,11.4267980123407,13.3330114536444,, ,10.5423324437636,0.59354348613503,80.30163037,0.704016566,0.839400488,0.937039684,10.83028077,6.2204413050000005,0.0,0.16719081,25.92296279363144
49176,-37.5263976759486,2.88764,3444582.6565797,7.47952,71993.8,19.76,3.15,3.00946,2.0,1.78,0.97,30.3896298627062,562.362873273575,571.043463721911,4.61032241047722,18.4158072203965,23.0461441666667,Lake Okowhao,2.65219829799961,0.481146416936827,83.75092132,4.055165077,2.341643555,1.748413814,0.0,4.123764295,3.659617796,0.320474146,22.360679774997898
49180,-37.4686907008179,3.5,327679395.339801,1078.62,12583900.0,17.07,3.06,2.93802,4.95,1.74,2.45,22.0583886876624,555.164193596836,565.438727634345,4.61517108224219,11.1430112056646,,Lake Whangape,11.791462319882,0.267136596632261,85.42843190299999,1.2492176929999999,3.313102833,0.135432522,0.531190545,9.257598512,0.031560069,0.053465923000000005,73.32121111929344
49181,-37.489184001834,7.01548,185102.7251148,1.13551,26553.8,19.64,3.08,2.96129,2.06,2.0,1.0,,,,,,, ,15.3990316315568,0.378099153378187,99.83734847,0.0,0.162651527,0.0,0.0,0.0,0.0,0.0,17.60681686165901
49186,-37.4871940120592,3.3,22159326.751847,283.815,8845720.0,16.51,3.03,2.92303,0.89,1.57,0.97,9.40762881584276,565.908016760217,573.395192137821,5.57951032949187,16.7097144786677,38.40060253333336,Lake Rotongaro,6.59788686336805,0.613593347444977,94.54959067,1.27816065,1.300359518,0.121833392,0.0,2.6594860860000002,0.0,0.090569684,48.744230427815765
49187,-37.477461409381,2.0,21400249.710923,44.4915,1790730.0,18.51,3.01,2.91116,0.9,1.58,0.96,23.9959906601376,493.958273665427,544.49379284429,7.26477167370237,13.8171531535416,67.0591605333333,Lake Rotongaroiti,6.80645419197384,0.602314604039222,94.27221425,1.224573278,1.327019992,0.113585048,0.0,2.978169484,0.0,0.084437951,36.40054944640259
49189,-37.4908121960871,7.05787,1105595.1786922,3.24514,76346.0,11.37,3.01,2.89627,0.5,1.74,1.0,,,,,,, ,10.3545659092277,1.0,94.37400845,2.369497486,3.256494065,0.0,0.0,0.0,0.0,0.0,19.493588689617926
49194,-37.4638757538535,6.4055,289450.1804478,2.11741,45210.1,18.99,2.97,2.87961,1.32,1.7,1.0,4.25216233819286,573.172628915959,577.255453899845,16.196116696967,45.455788149284,, ,10.9733239070881,0.378099153378187,72.56976263,26.18987763,1.240359741,0.0,0.0,0.0,0.0,0.0,15.165750888103101
49196,-37.4651135991406,8.41342,307785.1099658,1.34024,37586.8,18.28,2.96,2.8857,1.36,2.0,1.0,,,,,,,Lake Waiwhata,13.7137327800663,0.378099153378187,86.85939972,0.0,2.638312329,0.0,0.0,10.50228795,0.0,0.0,14.491376746189438
49198,-37.4635669131377,2.93051,376060.0338152,1.77391,17328.2,9.48,2.89,2.8043,0.73,1.74,1.25,,,,,,, ,0.113989238232042,0.0,90.19438204,1.77888171,0.0,0.0,0.0,7.606156594,0.0,0.420579658,16.73320053068151
49199,-37.578975619416,3.53144,782576.2755549,2.08639,24559.9,16.18,2.98,2.75622,4.84,1.57,2.12,6.37923047340344,568.514781693368,576.927406115418,15.6167295717843,47.6916128291983,, ,0.0089297969241129,1.0,69.10549067,1.597608936,0.0,0.0,0.0,29.296900387,0.0,0.0,15.165750888103101
49200,-37.5528849515986,2.5,6471128.355549,56.3943,469952.0,15.5,3.14,2.96075,5.28,1.08,2.27,27.4978188705687,568.545135094338,571.368682411265,15.4133800499035,34.8771519660866,67.9456133333333,Lake Hakanoa,0.880078919775946,0.0300779459658022,64.38149842,1.289970445,0.91399708,0.896091795,0.0,10.936555483,0.771337852,20.810548925,33.36165463522455
49228,-37.5369536459208,2.97205,294383.3279509,2.69789,26727.6,-0.05,3.08,2.91582,1.93,0.0,0.0,,,,,,10.52706, ,16.7701852633974,0.644723662244091,63.05196105,0.208861393,0.0,0.0,0.0,0.0,36.73917756,0.0,20.97617696340303
49238,-37.5336038123275,3.15349,883191.8118118,3.59761,37816.8,0.32,3.04,2.88127,2.46,0.01,0.03,,,,,,14.2780896666667, ,12.4543432016854,0.644723662244091,41.28195716,6.280479928,2.263300536,4.233968181,14.49607158,0.0,22.02075289,9.423469721,21.6794833886788
49239,-37.5267057401548,9.07658,13570626.459638,48.7564,1475140.0,15.82,3.03,2.87622,8.86,0.96,3.14,3.64174868506153,574.499542990477,577.805471470114,8.79444291882563,50.249544867543,,Lake Kimihia,6.93026826002678,0.626191972575949,42.36022708,0.901494918,5.448087366,1.55001453,0.160939789,48.113796895,0.152326755,1.313112677,34.899856733230294
49254,-37.5619806256036,3.55746,415525.6839026,3.08564,36590.1,14.7,4.2,4.39906,1.14,2.0,3.41,,,,,,, ,12.4539437528451,0.939914948979145,0.0,0.335060342,0.0,0.0,0.0,0.0,0.0,99.66493966,20.0
49257,-37.5549115662328,3.25568,158411.2638716,1.69711,18417.4,7.52,4.19,4.42778,2.03,2.0,1.0,,,,,,, ,0.0,0.0,0.0,100.0,0.0,0.0,0.0,0.0,0.0,0.0,18.708286933869708
49258,-37.5526350960042,3.91375,904654.5052063,1.37519,17940.6,6.65,4.19,4.42778,13.02,2.82,2.25,,,,,,, ,0.0,0.0,0.0,0.473984016,0.0,0.0,0.0,90.65635096,0.0,8.869665023,15.165750888103101
49259,-37.5531113432315,3.24919,131452.0664773,1.70357,18450.7,11.32,4.23,4.47128,2.4,2.0,1.0,,,,,,, ,0.0,0.0,0.0,0.0,0.0,0.0,0.0,0.0,0.0,0.0,13.784048752090222
49273,-37.4821289138664,6.99807,289382.0265034,2.26496,52834.4,0.0,3.49,3.37998,0.0,1.0,4.0,,,,,,,Lake Waikoura,0.0,0.0,0.0,17.46011511,82.53988489,0.0,0.0,0.0,0.0,0.0,17.60681686165901
49274,-37.4760319073315,5.85922,196518.5991326,3.21536,62798.4,0.0,3.45,3.32378,0.0,1.0,4.0,,,,,,, ,0.0,0.0,0.0,16.16596336,68.51563249,0.0,0.0,0.0,15.31840414,0.0,21.6794833886788
49291,-37.295394936464,22.5196,502253.5647301,4.87255,365760.0,114.49,4.62,4.35763,3.68,1.0,4.0,28.2160096640523,554.251390964271,571.692296224389,18.6139097009878,18.0517107408628,6.8513425826574,Lake Otamatearoa,0.800763065332938,0.0,95.12014367,4.879856327,0.0,0.0,0.0,0.0,0.0,0.0,17.88854381999832
49294,-37.275179344381,19.8421999999999,1097740.5034953,3.86132,92671.6,111.77,4.75,4.4833,4.56,1.0,4.0,,,,,,,Lake Whatihua,5.71899274061719,0.454304766174991,100.0,0.0,0.0,0.0,0.0,0.0,0.0,0.0,22.80350850198276
49295,-37.2793876186295,23.5516,841907.74018,5.90359,463464.0,96.79,4.71,4.42401,5.61,1.0,4.0,24.8391012284594,521.246014464773,555.967168441161,8.23312025606484,11.224680517359,,Lake Puketi,4.90081296293885,0.916442357910126,95.5483169,4.451683104,0.0,0.0,0.0,0.0,0.0,0.0,20.97617696340303
49307,-37.1854107759635,23.1649999999999,246916.0466147,2.46709,190501.0,109.5,5.39,5.29509,12.61,1.0,4.0,,,,,,, ,3.715636186436,0.846796414210029,82.44976339,0.0,0.0,0.0,0.0,17.55023661,0.0,0.0,17.60681686165901
49309,-37.1821665070083,25.5429999999999,488992.0321649,4.27016,363576.0,84.07,5.39,5.30946,9.78,1.05,4.0,28.6981719647617,527.552461864567,566.538096448814,14.4660264698677,15.7023973932814,15.170672,Pehiakura Lake,3.02827419443943,0.84679641421003,67.80046914,0.0,5.259763755,0.0,0.0,26.9397671,0.0,0.0,18.16590212458495
49327,-37.0480708636847,4.57675,241084.7168545,2.99726,45725.6,1.41,5.32,5.3531,0.46,1.0,4.0,,,,,,, ,0.0,0.0,0.0,0.0,0.0,0.0,0.0,0.0,100.0,0.0,16.911534525287763
49334,-37.0453421022425,6.40612,9751972.7285376,2.56386,54748.0,5.04,5.32,5.36748,11.67,3.27,4.0,,,,,,, ,0.183286475597047,0.0,0.0,3.0948839759999998,0.0,7.130923424,0.0,84.207300138,5.566892466,0.0,18.16590212458495
49337,-37.1927638996853,6.28925,5119087.808258,25.9233,543460.0,14.7,5.1,4.8803,7.25,2.23,3.28,35.1043387590172,546.398081985543,571.512786649699,10.4171243437793,13.497137144589,13.8928966666667,Lake Pokorua,3.47122840107764,0.809632050255578,70.50966321,0.0,8.047850583,0.0,2.182990861,19.259495343,0.0,0.0,27.748873851023216
49345,-37.2134173971286,6.70838,3308650.1454333,2.48923,55662.2,23.04,4.54,4.28322,1.19,1.16,1.16,,,,,,, ,7.34075388209342,0.243663575572892,80.439927034,0.0,3.48534329,0.0,0.333236178,2.955973819,0.0,12.78551967,20.0
49414,-37.2146092215834,7.03102,1259225.6365423,1.72494,40426.9,71.77,2.93,2.81214,0.86,1.0,1.0,,,,,,, ,0.274156289623899,0.417072554931938,96.301849357,0.0,0.0,0.0,0.0,0.0,0.0,3.698150638,17.88854381999832
49422,-37.2049667345548,13.4568999999999,399499.0156503,1.16114,52084.3,60.08,3.02,2.90587,1.18,1.0,1.0,,,,,,, ,0.220231561221983,0.351997058049884,95.6516562,0.0,0.0,0.0,0.0,4.348343803,0.0,0.0,17.88854381999832
49431,-37.1807789536717,5.48534,3596172.5231775,1.17443,21473.7,41.9,3.82,3.62958,1.52,1.63,1.63,,,,,,, ,5.74684209567014,0.0271942570105891,97.581121008,0.0,0.0,0.0,0.284452559,2.134426432,0.0,0.0,17.88854381999832
49493,-37.1040999755311,7.67004,39698.9016208,1.27019,32474.6,9.05,3.99,3.8084,1.13,1.71,1.29,,,,,,, ,6.41547310445023,0.666318613940726,100.0,0.0,0.0,0.0,0.0,0.0,0.0,0.0,17.320508075688775
49514,-37.0870509299395,3.79815,1640254.5178842,3.10672,39332.6,24.8,3.05,2.89812,0.7,2.0,1.0,,,,,,12.402250333333347, ,11.8507408208797,0.820095222433913,99.00923564,0.0,0.990764364,0.0,0.0,0.0,0.0,0.0,18.708286933869708
49530,-37.019501125772,7.38911,12577887.1359529,1.8292,45053.9,5.99,5.15,5.15259,12.12,3.29,4.0,,,,,,, ,0.0,0.0,0.354334646,3.035742551,0.0,0.0,0.0,95.27542924,1.334493562,0.0,16.73320053068151
49531,-37.0147754226971,3.75799,12404150.2360835,1.54907,19404.6,11.92,5.12,5.13423,12.29,3.32,4.0,,,,,,, ,0.0,0.0,0.359223706,2.177362376,0.0,0.0,0.0,96.50603023,0.957383685,0.0,17.60681686165901
49573,-36.9268959658048,7.01286,711337.9676804,2.74009,64053.0,6.97,3.84,3.52839,2.56,1.57,2.77,,,,,,, ,0.0,0.0,0.0,0.0,0.0,0.0,0.0,12.93461415,0.0,87.06538585,17.60681686165901
49574,-36.9349758099527,4.1705,843472.4347039,3.71376,51627.5,13.06,3.79,3.4265,1.25,3.7,3.55,,,,,,, ,0.0,0.0,0.0,0.0,0.0,0.0,0.0,7.844121069000001,0.0,92.15587894,20.396078054371138
49578,-36.9055044927589,2.92638,4188415.8889887,1.15638,11280.0,10.7,3.81,3.54248,2.69,2.25,2.19,,,,,,, ,0.0,0.0,0.0,0.0,0.827503572,0.0,0.0,4.351450436,0.0,94.82104598800001,14.491376746189438
49580,-36.8661830150527,7.83204,3850484.1143294,7.38522,192804.0,13.47,4.31,3.94934,3.27,1.87,2.8,2.47146142488982,575.394058312316,577.444855747591,12.4858642815517,39.4882003701765,, ,0.0,0.0,0.0,0.0,2.443553792,0.0,0.0,2.135075187,0.0,95.42137102400001,23.2379000772445
49583,-36.8194511241494,6.3212,1866436.9754782,5.46503,115152.0,10.16,3.84,3.5527,5.81,1.0,3.0,37.4509999750668,575.771144052624,580.20559024384,19.4447197229322,43.375653061535,29.6096998, ,0.0,0.0,0.0,0.0,0.0,0.0,0.0,32.03653196,0.0,67.96346804000001,23.366642891095847
49584,-36.9006235278535,8.92071999999999,399532.2368816,1.16719,34707.2,13.82,4.2,3.94222,2.68,4.0,4.0,,,,,,, ,0.0,0.0,0.0,0.0,0.0,0.0,0.0,0.0,0.0,100.000000004,14.142135623730951
49641,-36.6105123351754,8.19187999999999,166055.9489912,1.04025,28405.3,19.98,4.23,4.17112,3.18,1.0,3.0,,,,,,, ,0.0,0.0,0.482590062,0.0,0.0,0.0,0.0,0.0,0.0,99.51740994,13.784048752090222
49643,-36.365893348449,6.27843,4461025.415347,20.5843,430790.0,10.89,4.0,3.9954,6.29,0.99,3.19,30.9751712519566,548.283735954861,571.846390787182,10.8616355651089,13.6907787506522,19.50201166666665, ,8.41461565984643,0.238811705909225,70.593979074,0.54877559,2.958578003,0.0,3.14837256,22.713009782,0.037284998,0.0,27.92848008753788
49644,-36.3292011373457,7.49504,383586.8104478,1.48296,37049.5,27.97,4.07,4.10906,8.85,2.92,3.96,,,,,,, ,1.07267046608701,0.911843276936777,12.3425153,0.0,38.61049795,0.0,0.0,49.04698675,0.0,0.0,16.73320053068151
49650,-36.2847283396957,5.58493,45236.8998739,1.01711,18934.9,58.07,4.42,4.46078,3.97,1.0,4.0,,,,,,, ,0.0,0.0,99.95438216,0.0,0.045617837,0.0,0.0,0.0,0.0,0.0,15.811388300841896
49677,-36.6071539805152,6.64209,379317.9167879,1.58616,35118.0,56.16,4.05,3.92677,2.89,1.0,3.0,,,,,,, ,1.56081317260223,0.0,80.29281942,3.584096206,3.554256888,0.0,0.0,12.56882748,0.0,0.0,15.811388300841896
49694,-44.6839547135909,19.6222999999999,822419.4444184,2.45878,160823.0,490.62,3.48,3.49408,14.66,3.0,4.0,,,,,,, ,0.0,0.0,0.0,1.571069101,0.0,0.0,0.0,98.4289309,0.0,0.0,17.029386365926403
49697,-44.6255674746073,26.0473,292630.5460291,2.17513,188854.0,1272.1,4.51,5.19787,28.11,1.0,5.0,,,,,,, ,0.0,0.0,0.0,0.0,0.0,0.0,0.0,0.0,24.61480375,0.0,14.832396974191326
49706,-44.6161893833845,27.4128,2255973.7836847,2.705,247172.0,936.43,4.5,5.18333,39.27,0.68,3.42,7.96161552740432,578.477224875791,581.301115377915,15.8801570336807,39.0586094325348,, ,0.0,0.0,0.0,0.0,0.0,0.0,0.0,0.0,82.91180902,0.0,16.431676725154983
49714,-44.6078649535666,19.2261999999999,4156177.2311797,7.43373,476407.0,473.21,3.58,3.8045,25.39,3.94,4.0,20.6597808602271,499.485907234301,539.450819963092,10.2893208245726,16.1319429537171,7.29279433333333, ,0.0,0.0,0.0,0.0,0.0,0.0,0.0,61.32514648,15.946408361,0.0,21.447610589527216
49715,-44.5777624796559,27.6421999999999,1860365.9473155,9.33848,860454.0,1304.11,5.51,6.66549,33.86,0.66,3.33,29.4306102126382,537.938026006713,564.049178951915,13.9169970490805,17.7203935057605,,Lake Iceberg,0.0,0.0,0.0,0.0,0.0,0.0,0.0,0.0,100.0,0.0,23.2163735324878
49716,-44.5745110958372,27.3321,3292570.498173,17.4923,1593670.0,846.06,4.36,4.96183,38.43,0.94,4.74,26.7900606260405,555.420930509541,572.088346298189,13.7121380421089,21.4609866881385,4.5632156454876,Lake Agnes,0.0,0.0,0.0,0.0,0.0,0.0,0.0,0.0,40.937592236,0.0,26.720778431774775
49721,-44.5616024744698,20.6127,941081.8819952,5.72183,393141.0,-7.04,2.66,2.47126,21.86,1.0,4.45,16.3628471293208,571.303234657877,575.963291936902,9.34580609158971,20.6828020589728,14.3872705, ,0.0,0.0,0.0,0.0,0.0,0.0,0.0,99.999999999,0.0,0.0,21.6794833886788
49725,-44.6350622905858,27.4254,1201492.725155,16.2187,1482670.0,1461.29,5.36,6.32592,22.0,3.0,4.0,38.5692629181125,549.697963381636,570.358331915258,9.50005467841515,14.3503332749086,,Lake Nerine,0.0,0.0,0.0,0.0,0.0,0.0,0.0,0.0,51.071242729,0.0,24.979991993593593
49726,-44.6322161471413,14.411,194075.2871169,1.89266,90916.7,1502.44,4.92,5.69484,16.66,3.0,4.0,,,,,,, ,0.0,0.0,0.0,0.0,0.0,0.0,0.0,0.0,31.92052389,0.0,20.493901531919196
49727,-44.6259655172139,13.9722,380010.2940967,2.16354,100765.0,1537.04,4.81,5.533,17.7,3.0,4.0,,,,,,, ,0.0,0.0,0.0,0.0,0.0,0.0,0.0,0.0,29.64645882,0.0,18.973665961010276
49753,-36.7709537673044,13.6846,504885.1071951,3.07981,140487.0,52.96,4.12,3.82283,2.72,1.0,4.0,,,,,,27.436655, ,0.636069671421913,0.540067965121883,95.46653929,0.0,4.533460716,0.0,0.0,0.0,0.0,0.0,17.88854381999832
49880,-36.6131302932806,7.29966,1408422.248894,1.91046,46485.8,9.03,4.94,5.00287,2.9,1.0,2.95,,,,,,, ,0.0,0.0,4.293633186,0.0,0.595549984,0.0,0.0,3.0050141139999997,0.0,92.10580272,15.165750888103101
49884,-36.5913980958958,5.0,7907124.290249,23.5893,117947.0,17.07,4.52,4.34689,5.35,0.99,3.97,40.7586512114624,496.56811380954,571.738138622665,11.8561618164847,20.6902434246365,47.4507716333333,Lake Kereta,3.08835640443841,0.0679017986771196,51.50292718,0.799868978,18.20437154,0.692352833,0.0,28.800479472,0.0,0.0,35.199431813596085
49885,-36.585593647199,8.83391,3961788.982309,2.85546,84082.8,17.77,4.52,4.36749,5.44,1.0,4.0,,,,,,, ,0.421866610419018,0.0681423769948105,52.29421542,1.506504393,23.28259217,0.828831054,0.0,22.087856963,0.0,0.0,18.16590212458495
49886,-36.609800405055,2.88764,194504.9910982,2.36211,22736.4,19.64,4.5,4.31107,7.46,1.0,4.0,,,,,,,Lake Karaka,7.99792977277715,0.0678836803962939,57.56157218,23.61305348,4.215989748,0.0,0.0,14.6093846,0.0,0.0,15.165750888103101
49888,-36.5976265095453,8.79304,8473842.6127824,5.77534,169276.0,16.72,4.51,4.33012,5.29,0.99,3.97,19.0089506124778,559.700342275903,572.61461301113,6.78064827068272,12.6157082975136,56.42080933333335, ,3.48592548430492,0.067898311847706,52.1793345,0.731831744,18.58841677,0.633460972,0.0,27.866956019,0.0,0.0,21.447610589527216
49895,-36.5772124898424,23.0353999999999,476869.3215218,5.59591,429679.0,83.47,4.59,4.4681,9.34,1.0,4.0,39.6382322142308,529.943866725304,571.990927142909,9.58571494606352,9.62113923531382,, ,0.0,0.0,35.35148391,0.0,0.0,0.0,0.0,64.648516092,0.0,0.0,20.248456731316587
49951,-36.6979970540699,7.41449,1866723.1917002,1.35419,33468.7,20.08,4.3,4.04225,5.98,1.0,3.22,,,,,,, ,0.0219222127947756,0.0,16.57916403,0.0,0.545463223,0.0,0.0,82.87537275,0.0,0.0,18.973665961010276
49974,-36.6597959574879,2.93051,91425.5519884999,1.67684,16380.0,8.47,4.17,3.89682,0.41,1.86,0.93,4.89255824067872,572.704746160821,576.303451724963,12.8615573641813,41.6546414127256,, ,42.7869893984088,0.903902478554312,69.87214541,30.12785459,0.0,0.0,0.0,0.0,0.0,0.0,13.038404810405298
50036,-36.6581507232663,13.7012,1613947.8787392,2.15691,98507.2,39.27,3.94,3.75477,4.45,1.39,3.0,,,,,,, ,0.585693349183377,0.228755249754267,92.46258754,0.0,6.175704099,0.0,0.0,0.75209933,0.0,0.609609027,18.708286933869708
50093,-36.7877128249674,4.59484,495748.6119655,2.15764,33046.7,6.88,3.65,3.42693,1.17,2.0,1.0,,,,,,, ,0.0,0.0,0.0,0.182904606,4.588588372,0.0,0.0,0.0,0.0,95.228507018,20.0
50113,-36.7333187187843,2.87389,71067.9606116999,1.52894,14646.7,22.23,3.7,3.53037,0.94,2.0,1.0,2.85491229608281,487.098372367982,490.769099244065,7.51358091643118,31.5761373804456,, ,0.0,0.0,100.0,0.0,0.0,0.0,0.0,0.0,0.0,0.0,13.038404810405298
50139,-36.7455565326945,13.5625,887239.0420995,3.24247,146586.0,38.16,3.75,3.58785,2.85,1.09,2.99,,,,,,, ,0.0,0.0,2.837758874,0.0,4.113938455,0.0,0.0,2.205450888,0.0,90.84285177999999,20.85665361461421
50151,-36.7803493513613,57.0,2984644.710213,103.847,19731000.0,14.17,3.59,3.34597,1.34,3.3,3.27,26.0731761653189,517.872657004475,555.34116377162,11.0925668809692,14.8739226899542,1.923395445134575,Lake Pupuke,0.0,0.0,0.0,0.0,0.0,0.0,0.0,8.656429094,0.0,91.343570906,37.69615364994153
50152,-36.7134865367578,7.00634,74302.6619119,2.03251,47468.2,19.86,3.77,3.61725,1.22,2.0,1.0,,,,,,, ,0.0,0.0,100.0,0.0,0.0,0.0,0.0,0.0,0.0,0.0,20.73644135332772
50207,-36.343024878777896,11.0263,93458.4312381,1.79039,65804.6,167.72,3.69,3.82275,11.8,1.0,3.0,,,,,,, ,6.18056263476384,0.248295461627632,47.42476707,0.0,0.0,0.0,0.0,52.57523293,0.0,0.0,20.73644135332772
50215,-36.253770568917,6.31764,2955218.427163,11.2998,237960.0,9.26,3.71,3.76915,4.68,2.0,3.24,26.7127236604695,507.911444498266,562.355498558716,9.99766895258146,15.1543388705713,57.00366, ,5.07107296998442,0.0,87.44213845,0.231829801,6.121680324,0.0,0.0,6.126100653,0.078250777,0.0,24.08318915758459
50220,-36.2495103443615,6.42957,449966.6325693,1.19043,25513.1,9.18,3.38,3.44753,5.73,0.99,2.99,,,,,,, ,11.5289816952559,0.0,93.1873905,0.0,0.0,0.0,0.0,6.8126095,0.0,0.0,20.97617696340303
50242,-36.3660803788725,2.91962,206637.6545942,1.68019,16351.7,1.91,3.67,3.79802,1.55,2.0,1.0,,,,,,, ,4.36965785532011,0.0,86.44536173,0.0,0.0,0.0,0.0,13.55463827,0.0,0.0,20.97617696340303
50244,-36.377831029071,8.61463,448115.4277509,1.09893,31556.3,2.15,3.85,4.032,5.0,1.45,2.09,,,,,,, ,3.43286518196393,0.0,66.60867348,0.0,19.15805228,0.0,0.0,14.233274238,0.0,0.0,19.235384061671343
50245,-36.3749158736538,6.27126,2407997.1326394,4.23228,88472.3,3.58,3.96,4.17381,6.02,1.19,2.6,25.0443173915898,504.960476124471,550.235584367871,9.91895353834949,13.6531430991461,2.736571333333335, ,2.09291133039839,0.0,39.95150104,2.221797524,0.288655506,0.0,0.0,57.323808405,0.21423752,0.0,19.235384061671343
50254,-37.4277225142883,7.28686,3419395.4674625,3.58434,87061.9,17.91,3.06,2.94732,6.57,2.0,3.71,,,,,,, ,21.3217727588417,0.102243987943975,94.67515968,0.704080786,0.0,0.0,0.0,4.620759536,0.0,0.0,19.235384061671343
50255,-37.4221110964341,8.30711,5848375.0612417,1.19673,33137.8,18.86,2.96,2.8163,6.08,1.93,3.41,,,,,,, ,18.3323809766547,0.145074386462251,93.06622822,1.414905997,1.357244765,0.0,0.0,3.974885483,0.0,0.186735538,17.029386365926403
50269,-36.5279281005488,19.0,10600328.843609,27.7932,1760230.0,56.3,4.58,4.50385,4.89,0.98,3.94,29.1695962142224,570.497683147589,572.965441827747,5.87904358300837,9.96503251041416,24.7369796666667,Lake Kuwakatai,5.91820953805113,0.269319330997457,60.327850128,0.421877622,14.59386013,0.277975899,0.14992138,24.228514844,0.0,0.0,33.31666249791537
50270,-36.5113219634782,29.0,6583230.844743,106.605,10305200.0,76.31,4.58,4.52111,5.14,0.98,3.94,27.2090343885554,506.06670519472,561.338918098845,9.07863290951558,15.4734994055743,,Lake Ototoa,3.25088304286245,0.269226932478207,35.77263392,0.0,23.36585434,0.567728295,0.0,40.293783448,0.0,0.0,44.955533585978046
50279,-36.5301569609031,8.83071,917776.1135947,1.29419,38095.3,7.36,4.34,4.19227,3.54,1.02,3.92,,,,,,, ,10.9756579408894,0.269263806102266,95.47490059,0.0,3.141542943,0.0,0.0,1.383556466,0.0,0.0,18.16590212458495
50281,-36.4796439782437,2.97466,289378.3509272,1.14851,11388.0,19.3,4.59,4.47134,0.45,1.0,4.0,,,,,,, ,0.194100157441846,0.269643926319868,0.0,0.0,0.0,1.685126411,0.0,0.0,98.31487359,0.0,15.811388300841896
50285,-36.4799107791055,24.2909,2590398.377709,1.18199,95705.6,78.23,4.59,4.57373,3.27,1.0,4.0,,,,,,, ,3.88721704647402,0.269643926319868,34.034074362,0.0,60.044136449999996,0.0,0.0,5.921789189,0.0,0.0,14.491376746189438
50287,-36.4609245823519,5.50328,65913.7264254,1.10565,20282.3,47.51,4.31,4.21538,4.23,1.0,4.0,,,,,,, ,0.1551824280447,0.255430720972173,45.628201152,7.219802052,47.15199679,0.0,0.0,0.0,0.0,0.0,12.24744871391589
50289,-36.4468130935739,24.6723,248877.198723,1.68462,138545.0,92.9,4.56,4.56872,8.0,1.0,4.0,,,,,,, ,0.299991960116099,0.269643926319868,2.793417464,12.60481672,68.21661351,0.0,0.0,16.38515231,0.0,0.0,14.491376746189438
50298,-36.3894129382904,2.91962,85949.5530113,5.92414,57654.2,0.84,4.76,4.71957,0.04,1.0,4.0,,,,,,, ,0.0,0.0,0.0,0.0,0.0,0.0,0.0,0.0,100.0,0.0,20.0
50299,-36.3847703252522,2.96079,36045820.62751,19.4741,192195.0,1.67,4.76,4.71527,1.93,0.99,3.99,,,,,,, ,0.324994129278373,0.43774626899551,0.0,4.082982869,67.6434523,2.900611263,0.0,19.641072408000003,5.731881162,0.0,25.69046515733026
50300,-36.3793624147757,2.91962,977166.0551296,3.83697,37341.7,1.76,4.75,4.70946,0.28,1.0,4.0,,,,,,, ,0.0630875159944195,0.43774626899551,0.0,24.54378643,0.0,0.467490267,0.0,2.538242237,72.45048107,0.0,17.60681686165901
50301,-36.3928144065235,3.40692,37102143.475024,1.35912,15434.7,1.09,4.77,4.72595,1.82,0.99,3.99,,,,,,, ,0.31044627744978,0.43774626899551,0.0,4.740292638,65.45322115,2.806692208,0.0,19.121465512,7.878328485,0.0,15.811388300841896
50302,-36.3936252543413,2.83302,37442271.2547564,1.81507,17140.4,0.93,4.77,4.72622,1.8,0.99,3.99,,,,,,, ,0.307720413987649,0.43774626899551,0.0,4.719345235,65.16398268,2.794289406,0.0,19.036967559,8.285415113,0.0,14.832396974191326
50303,-36.394497165929,3.19477,38050296.6166372,4.26374,45405.7,0.7,4.75,4.69548,1.78,0.99,3.99,,,,,,8.13185823333333, ,0.302674453608509,0.43774626899551,0.0,4.872637373,64.38786535999999,2.761008807,0.0,18.961708694,9.016779761,0.0,17.88854381999832
50304,-36.3926117006689,3.98527,1121605.9875703,10.0026,132877.0,1.64,4.73,4.68343,0.45,1.0,4.0,,,,,,, ,0.0,0.0,0.0,10.2142114,0.0,0.0,0.0,46.72969337,43.05609523,0.0,21.908902300206645
50305,-36.3923871102599,6.99807,9501937.6128479,5.98805,139683.0,1.49,4.72,4.67768,1.88,1.0,4.0,,,,,,, ,0.671623514611532,0.43774626899551,0.0,3.464537658,27.500059088,4.955230231,0.0,45.07573365,19.00443937,0.0,18.708286933869708
50306,-36.3910146462733,3.212,36183840.9310454,4.14649,44395.0,0.89,4.76,4.72139,1.89,0.99,3.99,,,,,,, ,0.320078829642029,0.43774626899551,0.0,4.146152014,67.06666994,2.875878324,0.0,19.473596861,6.437702856,0.0,18.439088914585774
50307,-36.3827750982141,0.0,9073370.539706,22.1817,236661.0,7.56,0.0,4.68631,0.0,0.0,0.0,,,,,,, ,0.722730131642706,0.43774626899551,0.0,3.675483819,29.174461988,5.256940558,0.0,46.68263154,15.2104821,0.0,0.0
50308,-36.3709203143997,0.0,530826.8261628,4.16606,40544.5,4.62,0.0,4.69978,0.0,0.0,0.0,23.8840421146875,508.448379452155,550.431852426637,7.30011456135585,15.2021395576501,, ,1.05554128648835,0.43774626899551,0.0,10.10972453,0.0,8.322565068,0.0,81.08615656,0.48155385,0.0,0.0
50309,-36.3684011938457,0.0,31365657.3405639,8.77092,146182.0,7.72,0.0,4.6977,0.0,0.0,0.0,27.677500418676,552.466890272543,565.49824338658,14.6428396604141,16.7216300403658,,Lake Whakaneke,0.309121880203246,0.43774626899551,0.0,1.903562301,77.88268277,2.811687422,0.0,17.393036169000002,0.009031342,0.0,0.0
50310,-36.3607547086768,2.93051,450028.8022166,7.05939,68958.7,9.89,4.73,4.68955,0.05,0.97,3.89,,,,,,, ,5.84388957015265,0.43774626899551,0.0,2.0255475,0.0,48.15622468,0.0,49.81822782,0.0,0.0,20.248456731316587
50312,-36.3593995603544,0.0,7279743.1573633,4.94325,115741.0,8.36,0.0,4.70381,0.0,0.0,0.0,26.0215952382754,524.254430361525,558.719211845709,9.07516834969728,14.8546996748616,, ,0.130615208712634,0.43774626899551,0.0,0.409298211,89.6991219,0.947633852,0.0,8.907048372,0.036897662,0.0,0.0
50314,-36.3470686212242,5.5,23526351.021707,159.237,2919350.0,8.31,4.73,4.71809,2.02,0.99,3.97,24.2615744147864,542.422255321423,558.908971770324,11.9816643425063,20.7725367780025,13.6726066666667,Lake Mokeno,0.27625876433195,0.43774626899551,0.0,0.51395766,81.004138141,2.794013811,0.0,15.687890391,0.0,0.0,52.24940191045253
50316,-36.3359084685684,7.02252,2267086.9568411,1.71388,40119.2,7.85,4.73,4.71499,2.36,0.99,3.99,,,,,,, ,0.234793703557634,0.43774626899551,0.0,4.036744246,67.30155767,4.141269264,0.0,24.520428824,0.0,0.0,17.029386365926403
50318,-36.3190488968705,3.28966,447290.3662583,7.4164,81324.8,8.17,4.68,4.64084,0.28,1.0,4.0,31.0735352763914,528.767710205469,566.969893699516,14.1947962436296,23.8904956602486,, ,0.0041492545032971,0.43774626899551,0.0,36.28345916,0.0,0.042705712,0.0,0.231449706,63.44238542,0.0,22.135943621178654
50320,-36.3132493818964,5.0,1062228.884739,10.5503,175839.0,5.92,4.66,4.63254,3.99,1.0,4.0,2.79441975312512,569.812478169551,573.22535158878,14.6521108606003,49.8358139388589,15.09384488333335,Lake Karaka,2.82896626504243,0.43774626899551,0.0,0.116470612,49.4730057,22.91171833,0.0,27.49880535,0.0,0.0,23.2163735324878
50322,-36.3236380726207,0.0,171303.8700471,1.21443,11996.2,19.28,0.0,4.69664,0.0,0.0,0.0,,,,,,, ,0.0,0.0,0.0,0.0,93.82466667,0.0,0.0,6.175333333,0.0,0.0,0.0
50324,-36.3212250654131,0.0,383045.0988167,1.07593,11316.7,15.73,0.0,4.70018,0.0,0.0,0.0,,,,,,, ,0.0,0.0,0.0,0.0,88.88185021400001,0.0,0.0,11.11814978,0.0,0.0,0.0
50326,-36.3025983213725,21.594,118019.0641549,1.01137,72798.5,142.54,4.83,4.92017,5.58,1.0,4.0,,,,,,,Phoebes Lake,0.0,0.0,5.820071522,0.0,0.990719433,0.0,0.0,93.18920905,0.0,0.0,17.029386365926403
50327,-36.2678046331492,7.03008,910021.3020202,1.70988,40068.5,8.9,4.56,4.53413,4.99,1.0,4.0,,,,,,, ,1.20076308019949,0.0,0.0,6.186214705,54.7797885,7.152016324,0.0,1.281277402,30.60070307,0.0,17.029386365926403
50335,-36.2918887664264,0.0,3244053.2093003,2.47469,50937.3,11.29,0.0,4.60264,0.0,0.0,0.0,,,,,,, ,0.0,0.0,1.640464477,0.0,97.75680796,0.506691825,0.0,0.09603574,0.0,0.0,0.0
50336,-36.2747807425588,5.0,4797067.062328,10.9407,182344.0,11.77,4.6,4.60509,2.74,1.0,4.0,,,,,,, ,0.256490135890127,0.0,0.0,0.660032004,95.37977597,1.550060075,0.0,2.204507758,0.20562419,0.0,27.129319932501073
50345,-36.2517587345068,5.0,1975071.9076399,8.85216,147536.0,118.56,4.62,4.69866,1.88,1.0,4.0,19.2540044225062,495.586335955658,529.785202631259,12.3113642973421,17.7640366829386,14.9979755,Lake Rototuna,2.53501098019403,0.0,13.55097069,0.0,84.18469547100001,2.264333841,0.0,0.0,0.0,0.0,21.6794833886788
50349,-36.2574623627346,21.4990999999999,3080514.7519055,6.17801,442738.0,94.88,4.64,4.71085,2.93,1.0,4.0,,,,,,,Lake Rototuna Lower,3.65606106730505,0.0,15.47207284,1.922332011,72.775209863,9.830385288,0.0,0.0,0.0,0.0,20.73644135332772
50353,-36.3808206872048,2.93051,469349.100889,1.1617,11347.9,9.9,4.71,4.67673,1.65,1.0,4.0,,,,,,, ,2.32980672721003,0.43774626899551,0.0,0.0,0.0,16.79643466,0.0,42.81360598,40.38995937,0.0,14.491376746189438
50371,-36.3693672793176,7.5,2644515.5829723,7.3383,183458.0,57.5,4.62,4.64942,2.33,0.99,3.98,24.8369559964566,557.477643900377,568.597294451735,11.9517912840247,22.1849579391119,5.34419871428571,Lake Kahuparere,1.9953552313779,0.43774626899551,14.4011727,0.008238538,49.386707413,0.988791011,0.0,19.037805323,16.17728502,0.0,20.493901531919196
50372,-36.3649627057168,13.2517999999999,96466.3612422,2.00377,88512.1,52.85,4.62,4.6584,5.28,1.0,4.0,,,,,,, ,9.95521591045563,0.43774626899551,100.0,0.0,0.0,0.0,0.0,0.0,0.0,0.0,18.16590212458495
50373,-36.3629025747472,14.0,5765166.136865,77.0906,3597560.0,57.29,4.67,4.69353,2.72,0.99,3.99,3.77979427426685,574.090448511532,575.556300313742,14.9669309595841,52.9971495322866,5.929744092185596,Lake Kanono,0.379031625901903,0.43774626899551,1.219840153,0.0,65.598161373,2.00840553,0.0,21.000744806,10.17284814,0.0,37.749172176353746
50375,-36.3604794541309,14.5871,829357.8744206,1.09671,53326.3,57.86,4.61,4.66617,2.97,1.0,4.0,,,,,,, ,13.2243708344849,0.43774626899551,98.32239333,0.0,1.677606667,0.0,0.0,0.0,0.0,0.0,20.97617696340303
50377,-36.3511950370088,7.0,951220.956776,11.0426,257661.0,57.28,4.65,4.692,3.38,0.99,3.98,8.42834900967861,571.436259006832,574.169278922551,15.8748505213724,40.2173309565617,11.565258,Lake Waingata,11.7301527182201,0.43774626899551,98.79889017,0.0,1.201109828,0.0,0.0,0.0,0.0,0.0,23.916521486202797
50387,-36.342073377576,4.89524,162699.058005,1.88277,30722.0,51.49,4.78,4.80502,1.22,1.0,4.0,,,,,,, ,0.0,0.0,0.0,0.0,100.0,0.0,0.0,0.0,0.0,0.0,15.491933384829668
50395,-36.3452040976709,8.62431,152743.0681152,1.15583,33227.3,60.0,4.67,4.72542,2.86,1.0,4.0,,,,,,, ,5.11449259869517,0.43774626899551,36.8719634,13.9283539,0.0,0.0,0.0,49.19968271,0.0,0.0,13.784048752090222
50396,-36.3472681484607,6.16345,207069.5900982,1.73253,35594.5,59.99,4.67,4.7215,0.61,1.0,4.0,,,,,,, ,1.5107089700243,0.43774626899551,10.89129782,7.499064593,0.0,0.0,0.0,81.60963759,0.0,0.0,13.416407864998739
50401,-36.3275817899172,15.0,10180799.29981,139.568,6978380.0,51.05,4.7,4.75182,3.29,0.99,3.97,3.66299698095079,572.823539523219,575.700765806214,14.999525743064,45.5759738350226,,Lake Humuhumu,3.74042245571749,0.43774626899551,31.74140235,4.265449059,48.99483754,0.262505796,0.113951502,14.621853755,0.0,0.0,44.28317965096906
50403,-36.331171748789,5.5,10433978.911895,17.2132,614425.0,36.98,4.61,4.64973,3.46,0.99,3.97,5.57992454911502,569.973863144588,574.39753319649,14.3465863804868,40.2246058743648,17.75895166666665,Lake Rotootuauru,4.73555183941867,0.43774626899551,40.184964856,4.442683744,42.451962353999996,0.223601587,0.097063521,12.599723941999999,0.0,0.0,26.40075756488817
50405,-36.3191928853222,12.2665,3469047.7847315,4.81678,196950.0,52.24,4.71,4.77417,3.63,1.0,4.0,2.70447453403999,572.00523888078,574.36102402727,10.4464196435929,43.6766446634935,8.826632999999994,Lake Rotopouua,3.75189564881219,0.43774626899551,26.81891688,1.513455569,58.94755098,0.575229725,0.249702263,11.895144585999999,0.0,0.0,21.213203435596427
50411,-36.3202928136301,10.7838999999999,178100.2298034,1.17351,42183.4,76.55,4.6,4.63482,0.84,1.0,4.0,,,,,,, ,12.6822473398979,0.43774626899551,94.4979034,0.0,0.0,0.0,0.0,5.502096599,0.0,0.0,13.416407864998739
50413,-36.3467360389632,11.0,15144142.977873,25.6965,942203.0,59.99,4.65,4.69014,2.29,0.99,3.98,3.1997935607285,574.122178445997,577.598793444016,13.4074447042785,51.3995748597715,4.54408050557045,Lake Rotokawau,3.47043590417429,0.43774626899551,26.52902184,0.448268115,50.60646213,0.685593835,0.0,18.588174263000003,3.142479821,0.0,29.698484809834994
50462,-37.3466975816065,21.413,1182875.2555863,1.45843,104098.0,139.94,3.02,2.9461,3.47,1.23,1.26,,,,,,, ,0.999376545328031,0.0326772486124919,99.6262809,0.0,0.373719097,0.0,0.0,0.0,0.0,0.0,22.135943621178654
50464,-37.435166162476,7.31053,1708729.6316631,4.69309,114363.0,16.66,2.88,2.79738,1.23,1.0,1.0,6.52231305987113,577.280986200103,581.601970732191,11.9465750768637,22.9072131246583,53.5928546, ,0.394079713416106,0.0,34.27428269,38.49067696,0.0,0.0,2.209751983,25.02528836,0.0,0.0,17.029386365926403
50466,-37.4138606447119,2.89036,6429376.849321,2.10004,20233.0,14.73,2.8,2.71127,4.01,2.02,2.02,,,,,,, ,6.89583763805313,0.150676704005411,85.64461262,1.925917221,1.253672409,0.0,0.661198204,10.514599539999999,0.0,0.0,15.811388300841896
50469,-37.4211895592588,7.62066,1905179.2399264,1.10477,28063.5,15.96,2.78,2.73883,1.78,1.33,0.99,,,,,,, ,25.7891357515354,0.980352532159777,87.53427916099999,4.30753323,2.210075278,0.0,0.0,5.550455581,0.0,0.397656754,17.60681686165901
50470,-37.4230958153358,3.57496,3141578.805521,44.8757,534762.0,17.78,2.75,2.73599,1.1,1.32,1.0,27.2873153421915,575.354781140406,580.787973199687,16.3367147649502,23.8904491767848,132.68137969999998,Lake Kopuera,6.73097060274797,0.389120982624389,73.75087616,9.88158831,0.0,0.0,0.0,14.67029243,0.0,1.697243102,31.464265445104548
50493,-37.3403232911585,2.99324,5911745.3532387,1.34908,13460.4,19.71,2.32,2.2892,1.58,1.09,1.0,,,,,,, ,15.081345520221,0.061203255402179,80.66740135,11.7147459,0.27698046,0.0,0.0,7.340872292999999,0.0,0.0,20.97617696340303
50496,-37.3646471838488,0.0,100949.8805041,1.54218,16845.8,14.54,0.0,2.37388,0.0,0.0,0.0,,,,,,, ,2.28648181788083,0.335344709063412,21.04672373,78.95327627,0.0,0.0,0.0,0.0,0.0,0.0,0.0
50608,-36.543530025718,7.77774,1026176.4565282,3.64869,94595.3,13.1,4.2,4.19958,10.49,1.02,2.95,,,,,,, ,0.760427456441087,0.0,70.55049341,0.0,0.59923852,0.608355565,2.848558626,20.464865704,0.0,4.928488176,18.439088914585774
50629,-44.9071113716411,46.9741,12144345.608477,58.1875,9111020.0,495.3,3.75,4.08639,30.16,0.98,4.94,10.5348685029325,577.579173437776,581.698945678003,17.4189930843204,25.7699648714984,6.18761950986107,Lake Beddoes,0.0,0.0,0.0,0.958779959,0.0,0.0,0.0,46.79545299,0.265179659,0.0,38.07886552931954
50635,-44.9374732019868,27.4128,1501922.239121,3.38513,309320.0,894.88,4.06,4.57403,31.07,1.0,5.0,1.9179889044584,580.540708542075,582.04819809897,6.78837817590474,46.0256433513043,4.150640973065405, ,0.0,0.0,0.0,0.0,0.0,0.0,0.0,2.390019181,0.0,0.0,20.0
50636,-44.9334244638476,26.0473,871552.303455,1.06181,92191.2,909.24,4.01,4.5082,35.16,1.0,5.0,,,,,,, ,0.0,0.0,0.0,0.0,0.0,0.0,0.0,0.0,0.0,0.0,15.811388300841896
50639,-44.9307178574242,24.6619999999999,1046680.14208,11.1321,915137.0,835.84,3.98,4.47865,24.47,1.0,5.0,3.08047657603164,582.192123390401,584.145360128098,8.81839727703776,37.1369705201187,4.72438059902723, ,0.0,0.0,0.0,0.0,0.0,0.0,0.0,10.93526504,0.0,0.0,25.37715508089904
50644,-44.9325505841291,27.6421999999999,600982.842401,10.1985,939696.0,1205.63,4.51,5.24496,25.53,1.0,5.0,2.54799748363234,580.746396358539,583.6192963214,12.0884223615626,39.7471329177185,4.91027481189895, ,0.0,0.0,0.0,0.0,0.0,0.0,0.0,0.0,0.0,0.0,21.447610589527216
50645,-44.9215388245032,27.6421999999999,2103552.5411355,6.89324,635148.0,916.58,4.3,4.92405,31.89,1.0,5.0,27.5246755347893,566.309859600894,580.895959432056,12.331998129969,11.8461518948229,4.5708285320669, ,0.0,0.0,0.0,0.0,0.0,0.0,0.0,0.0,0.0,0.0,22.80350850198276
50646,-44.927637021386,18.2536999999999,1153815.4449622,2.81632,171360.0,836.03,4.16,4.73452,24.53,1.0,5.0,1.19812220471378,582.902605288947,584.117110436148,5.67342941694694,43.66815116036,7.35022245448178, ,0.0,0.0,0.0,0.0,0.0,0.0,0.0,16.62143942,0.0,0.0,16.1245154965971
50651,-44.938348521941,27.4128,7810251.452503,1.13059,103309.0,560.46,3.48,3.76505,30.19,1.0,5.0,,,,,,6.09964714183147, ,0.0,0.0,0.0,0.269361583,0.0,0.0,0.0,25.032873948000002,1.571695831,0.0,14.832396974191326
50657,-44.9221800971752,27.6421999999999,594270.9020804,3.5922,330988.0,764.87,4.09,4.6329,35.67,1.0,5.0,,,,,,3.97621813374711, ,0.0,0.0,0.0,0.0,0.0,0.0,0.0,0.095064892,1.522541276,0.0,20.493901531919196
50658,-44.9151340564448,26.2887999999999,7363042.2053215,2.42753,212723.0,577.1,3.65,3.99343,30.59,1.0,5.0,,,,,,4.508540735077036, ,0.0,0.0,0.0,0.0,0.0,0.0,0.0,30.16061211,0.0,0.0,17.60681686165901
50690,-45.5706462564041,25.4679,351221.5212617,1.76261,149633.0,1299.1,4.52,5.5199,15.17,3.0,4.0,,,,,,,Gem Lake,0.0,0.0,0.0,0.0,0.0,44.55068614,0.0,0.0,0.0,0.0,13.784048752090222
50693,-45.1713093554292,18.3834,584111.565262,2.85193,174760.0,1816.47,5.89,6.73432,25.13,3.0,4.0,3.00462149634398,579.155187659719,581.014360798034,13.7265111338684,61.5710681560253,, ,0.0,0.0,0.0,0.0,0.0,0.0,0.0,0.0,34.39449984,0.0,15.491933384829668
50694,-45.1733382089025,13.651,632407.0911693,1.82164,82890.8,1817.66,5.98,6.86698,23.37,3.0,4.0,,,,,,, ,0.0,0.0,0.0,0.0,0.0,0.0,0.0,0.0,31.97770214,0.0,15.165750888103101
50695,-45.1757232419213,27.4128,1478026.948348,10.162,928558.0,1737.36,6.07,6.9962,22.29,3.0,4.0,1.0445983400861,581.045054487938,582.142609123805,5.2934537847051,43.4298837050019,, ,0.0,0.0,0.0,0.0,0.0,0.0,0.0,0.0,20.34582636,0.0,21.447610589527216
50701,-45.1332412672083,26.2887999999999,343810.9430125,1.36953,120011.0,1848.39,6.27,7.17181,22.17,3.0,4.0,,,,,,, ,0.0,0.0,0.0,0.0,0.0,0.0,0.0,0.0,96.05874038,0.0,19.235384061671343
50704,-45.1363644809882,27.5417999999999,1789316.91582,19.1709,1760000.0,1788.05,6.32,7.24106,21.14,3.0,4.0,28.3293910366121,538.775508766665,565.202010876329,10.540952506598,10.4144280012673,,Lake Hope,0.0,0.0,0.0,0.0,0.0,0.0,0.0,0.0,79.54228507,0.0,24.289915602982237
50705,-45.1294972525685,14.1018,93224.8264761,1.02316,48094.4,1995.56,6.41,7.36773,16.23,3.0,4.0,,,,,,, ,0.0,0.0,0.0,0.0,0.0,0.0,0.0,0.0,100.0,0.0,22.58317958127243
50706,-45.1268393781883,26.0473,902228.9806428,1.47613,128164.0,1806.78,6.4,7.3433,21.91,3.0,4.0,,,,,,8.921047040616251, ,0.0,0.0,0.0,0.0,0.0,0.0,0.0,0.0,79.8315662,0.0,22.135943621178654
50708,-45.1489704315965,16.3652,1229275.2436435,1.53491,83730.3,1738.55,6.04,6.9003,27.86,3.0,4.0,,,,,,, ,0.0,0.0,0.0,0.0,0.0,0.0,0.0,0.0,71.56621606,0.0,22.135943621178654
50710,-45.1491062704346,24.6619999999999,842394.3109667,3.69881,304067.0,1696.63,5.94,6.7207,24.39,3.0,4.0,21.8347069796663,567.846374170502,574.353747145793,20.1698219068327,26.8480617132753,, ,0.0,0.0,0.0,0.0,0.0,0.0,0.0,0.0,21.06467754,0.0,21.6794833886788
50711,-45.1429337262148,27.5417999999999,1003748.90858,10.8,991510.0,1937.95,6.38,7.34794,21.42,3.0,4.0,11.7862595309314,574.325656222899,577.195141390358,17.2366090113876,25.8293935040551,, ,0.0,0.0,0.0,0.0,0.0,0.0,0.0,0.0,63.39100258,0.0,23.021728866442675
50712,-45.1421113838097,27.6421999999999,1270705.7974625,2.97164,273809.0,1787.01,6.26,7.14753,22.08,3.0,4.0,25.0542513922586,551.991303879756,568.906192431922,17.6118465904713,16.8408818027123,, ,0.0,0.0,0.0,0.0,0.0,0.0,0.0,0.0,52.78825695,0.0,20.493901531919196
50716,-45.1160559599094,27.6421999999999,298017.7494441,1.0301,94914.1,1909.95,6.19,6.99611,20.79,3.0,4.0,,,,,,, ,0.0,0.0,0.0,0.0,0.0,0.0,0.0,0.0,98.52653709,0.0,16.431676725154983
50717,-45.1086813914574,26.0473,686258.9829454,3.59383,312032.0,1716.79,6.14,6.88878,24.86,3.0,4.0,27.6646589354091,570.010215498024,574.59098440234,20.9997750118752,42.8499375182145,, ,0.0,0.0,0.0,0.0,0.0,0.0,0.0,0.0,97.92911648,0.0,16.431676725154983
50719,-45.120601706738,27.6421999999999,171871.6590616,1.40173,129157.0,1826.52,6.04,6.78737,26.44,3.0,4.0,,,,,,, ,0.0,0.0,0.0,0.0,0.0,0.0,0.0,0.0,100.0,0.0,16.431676725154983
50721,-45.1057228443021,14.1018,256922.3390728,1.06916,50257.0,1785.25,6.15,6.89525,19.4,3.0,4.0,,,,,,, ,0.0,0.0,0.0,0.0,0.0,0.0,0.0,0.0,87.29844151,0.0,16.431676725154983
50722,-45.1016617797311,16.3231,575416.2675387,1.80289,98095.5,1797.01,6.31,7.1062,20.66,3.0,4.0,25.5795263767942,558.286262612394,576.297107780268,14.2775990996938,17.2553114942461,, ,0.0,0.0,0.0,0.0,0.0,0.0,0.0,0.0,97.81436239,0.0,16.431676725154983
50768,-37.2576963789484,2.8979,71962.6016822999,1.16434,11247.2,20.79,1.97,1.92308,0.23,1.5,1.0,,,,,,, ,12.6641421667475,0.998595419847328,69.06415081,0.0,0.0,0.040635324,0.0,30.89521387,0.0,0.0,16.431676725154983
50781,-37.4359877429762,3.93454,280553.6829616,3.11648,40873.1,9.44,2.75,2.70112,0.13,1.77,1.0,,,,,,, ,0.0,0.0,83.93020129199999,5.658892771,0.0,0.0,0.0,10.41090594,0.0,0.0,17.60681686165901
50782,-37.4399396672595,1.8,245958460.085794,3437.42,20624500.0,6.76,2.7,2.65611,4.92,1.12,2.07,26.4484704023705,495.368789116048,557.584568285229,6.46600274874477,18.8185194995433,176.620966666667,Lake Waikare,11.1917377602108,0.574884548194356,86.381745105,2.827703786,2.398056016,0.093832433,0.06259068400000001,7.381465416,0.0,0.854606557,98.97474425326898
50783,-37.4061389103383,8.50929,442987.1665864,1.89466,53740.8,14.02,2.6,2.59117,0.74,1.04,1.0,,,,,,, ,5.18802103206458,0.349580741381235,100.0,0.0,0.0,0.0,0.0,0.0,0.0,0.0,19.748417658131498
50786,-37.4061632675791,2.91748,318532.0376037,1.06204,10328.2,10.04,2.54,2.49031,0.34,2.0,1.0,,,,,,, ,0.358589195232634,0.247136053546145,92.99303688,0.0,0.0,0.0,0.0,7.006963119,0.0,0.0,18.16590212458495
51150,-37.2307439251843,2.89494,258651.9286194,1.37899,13306.9,19.99,1.91,1.83243,0.01,2.0,1.0,,,,,,, ,41.3145529812838,0.981302412257998,100.0,0.0,0.0,0.0,0.0,0.0,0.0,0.0,14.832396974191326
51195,-37.0415302073739,6.98251,395967.1454816,1.79703,41826.0,4.28,3.07,2.87332,1.17,2.0,1.0,,,,,,, ,0.0,0.0,0.0,0.0,0.0,0.0,0.0,0.0,0.0,100.0,15.491933384829668
51196,-37.0407447093265,6.98251,2749530.2154263,2.52659,58806.4,3.41,3.08,2.87891,1.36,1.87,1.25,,,,,,, ,0.0,0.0,0.0,0.0,0.0,0.0,0.0,2.598894307,0.0,97.401105691,17.029386365926403
51224,-37.0908702583046,49.7485,13641623.350198,94.3355,15643500.0,179.58,2.36,2.40824,12.2,0.95,3.68,40.8284620858043,484.093373724632,569.800312213223,14.6726555039129,11.8222805314507,9.13350939999999,Wairoa Reservoir,0.0015995709385437,0.0,0.0,0.0,39.80303266,0.102314255,0.0,60.09465309,0.0,0.0,40.07492981902776
51225,-37.068353891219,31.5514,6699230.055818,13.9296,1465000.0,169.42,2.1,2.04524,5.39,1.0,2.76,19.7488587743792,485.56589921569,520.525898455938,8.27168386831364,22.6154328336125,10.9491765333333, ,2.08807105558518,0.0761478095650343,53.06629596,0.0,24.96075214,0.0,0.413577296,21.559374611,0.0,0.0,25.099800796022265
51233,-37.040535802208,22.378,196963.8454798,1.33436,99534.6,96.19,2.09,1.97289,6.59,1.0,3.0,,,,,,, ,1.15598220876629,0.26422185350129,40.97120363,0.0,2.743395154,0.0,0.0,46.36059529,0.0,9.924805927,13.416407864998739
51242,-37.0526517166562,36.6501999999999,22324675.338455,113.178,13826700.0,175.07,2.41,2.41269,8.88,0.96,3.82,7.28827386229464,483.265678940265,494.625159770447,11.192702412015,17.0058864248125,11.4285001666667,Cosseys Reservoir,0.0035097936888736,0.163410877847127,0.049293107,0.0,64.52900123,0.0,0.0,35.421705664,0.0,0.0,47.7283982551269
51282,-37.2276067519743,9.53497999999999,219075.2435119,1.02028,32427.9,33.68,2.03,2.03587,5.76,1.14,2.4,,,,,,, ,10.8993065226732,0.0,96.64553078,0.0,3.354469217,0.0,0.0,0.0,0.0,0.0,12.24744871391589
51368,-37.1026763313889,62.9818,41089885.084186,154.438,32422700.0,195.93,2.72,2.91739,13.56,0.98,3.93,40.657203484428,569.899633303758,573.394659725597,11.5817665136798,9.86597896624073,6.86073432234431,Mangatangi Reservoir,0.0014938665334444,0.0,0.030997395,0.0,0.03706113,0.347403374,0.0,99.584538106,0.0,0.0,40.8166632639171
51371,-37.0766706570603,45.7528,27610561.24033,123.851,18888400.0,172.56,2.49,2.55934,11.94,0.99,3.62,2.74971779023954,576.732725756725,580.679050064812,19.8815529501517,49.7818092941486,10.2069686666667,Upper Mangatawhiri Reservoir,0.0,0.0,0.173014826,0.0,16.376314511,0.0,0.0,83.450670666,0.0,0.0,52.44044240850758
51380,-37.0607435175452,3.54877,613840.487709,11.1356,131726.0,11.02,2.76,2.83584,1.79,2.0,1.0,2.46374371772477,576.302035608896,579.571541416753,12.6385609448474,43.8041128916384,41.51910153333335, ,3.09501686511064,0.550831184506501,65.50395621,5.339440151,0.0,0.0,0.0,5.657431686,23.49917196,0.0,23.68543856465402
51382,-37.0587931041899,6.99807,382755.173779,2.52871,58986.9,2.58,2.78,2.84287,1.26,2.0,1.0,,,,,,, ,1.39575106850947,0.550831184506501,36.29452715,12.936333754,0.0,0.0,0.0,0.0,50.7691391,0.0,20.248456731316587
51383,-37.0586285239288,6.99807,509379.1204711,1.50338,35069.1,1.21,2.79,2.85159,0.99,2.0,1.0,,,,,,52.3821879333333, ,0.97641624492444,0.550831184506501,22.05449734,23.21341826,0.0,0.0,0.0,0.0,54.7320844,0.0,20.0
51404,-37.4095464986892,0.0,713622.0127083,1.83012,17810.9,3.77,0.0,3.05725,0.0,0.0,0.0,,,,,,, ,0.0,0.0,0.0,100.0,0.0,0.0,0.0,0.0,0.0,0.0,0.0
51406,-37.4001517930398,0.0,231370.1537489,1.52036,14796.3,3.91,0.0,2.96668,0.0,0.0,0.0,,,,,,, ,0.0,0.0,0.0,16.82477216,0.0,0.0,0.0,83.17522784,0.0,0.0,0.0
51413,-37.4086119605387,0.0,499710.3399271,1.60463,15616.4,3.8,0.0,3.04527,0.0,0.0,0.0,,,,,,, ,0.0,0.0,0.0,90.04306807,0.0,0.0,0.0,9.956931933,0.0,0.0,0.0
51430,-37.2928144523091,2.91962,525078.1164711,8.54994,83208.7,0.92,2.93,3.16602,0.04,2.0,1.0,27.2053363783723,560.341136984663,573.738240031152,17.5222231071365,10.5095032459082,, ,22.4297156954009,0.959605395911961,0.0,100.0,0.0,0.0,0.0,0.0,0.0,0.0,25.495097567963924
51440,-37.3849767187922,22.7845,188495.60306,1.46143,110993.0,114.72,2.61,2.61237,7.26,2.0,2.0,,,,,,, ,0.0,0.0,4.536801118,0.0,0.0,0.0,0.0,0.0,95.46319888,0.0,13.038404810405298
51485,-36.9610945308981,4.72181,13939590.8213493,1.12357,17684.3,18.27,3.37,3.0177,3.96,1.27,2.1,,,,,,, ,23.048674546173,0.0234245924814883,38.17535941,0.0,1.614284792,0.0,0.001479447,6.782660567,0.06783192,53.35838386,12.24744871391589
51513,-36.9348471044811,7.60665,133285.3534761,1.26791,32148.6,20.4,3.39,3.15147,5.15,1.0,3.0,,,,,,, ,0.0,0.0,16.61736395,0.0,11.36873738,0.0,0.0,31.84955628,40.1643424,0.0,12.24744871391589
51528,-36.9677721989383,2.93051,503089.801552,1.07279,10479.4,8.94,2.72,2.54598,1.71,1.91,1.17,,,,,,, ,3.58028597972641,0.424450560177431,81.813692242,9.775020031,8.411287728,0.0,0.0,0.0,0.0,0.0,13.038404810405298
51602,-36.2390637122157,2.92249,477587.4518457,2.3894,23276.7,19.16,4.27,4.61775,3.83,2.65,2.97,,,,,,, ,0.532885899034991,0.0,53.02277704,45.46428004,1.512942916,0.0,0.0,0.0,0.0,0.0,16.431676725154983
51608,-45.5542744534623,27.6421999999999,851313.6798296,2.22278,204809.0,997.71,5.7,6.40757,27.43,1.0,5.0,10.5246849095035,557.871736553584,565.313182451211,11.7607048934446,32.7719688106004,4.77244613282496, ,0.0,0.0,0.0,0.0,0.0,0.0,0.0,2.944433454,4.112725395,0.0,15.491933384829668
51622,-45.5678615365135,27.6421999999999,270862.6485045,1.05428,97142.5,1045.3,5.49,6.33943,29.28,1.0,5.0,,,,,,, ,0.0,0.0,0.0,0.0,0.0,0.0,0.0,0.0,0.0,0.0,12.649110640673518
51624,-45.530114268875,27.0291,2475265.9803783,9.41915,848636.0,114.6,4.53,4.41892,29.68,0.97,4.63,30.4204839774373,500.982772628858,567.676841610124,12.3654316401879,17.0415798903347,6.07078862026862, ,0.0,0.0,0.0,0.0,0.0,0.0,0.0,97.217641019,0.0,0.0,24.979991993593593
51625,-45.5034500184264,25.3388999999999,48741255.929717,178.686,15092300.0,5.66,4.36,4.16503,27.23,0.99,4.66,3.99026864598318,575.220352111155,578.961556940738,17.1259978233655,35.9199637571712,5.24426955525847,Lake Beattie,0.0,0.0,0.0,0.273861188,0.0,0.0,0.0,91.918884181,0.07968288300000001,0.0,50.0
51631,-45.4758910846652,32.9183999999999,21816319.668352,36.0523,3955950.0,78.66,4.45,4.28866,28.03,0.99,4.77,23.8203950250091,547.959450786189,573.832413901908,13.8878498337805,23.1637861914172,5.576017733810035,Lake Swan,0.0,0.0,0.0,0.592327617,0.0,0.0,0.0,85.58548066,0.0,0.0,33.57082066318904
51632,-45.4402902891278,27.4128,338884.9820157,1.67908,153428.0,595.85,5.23,5.41768,23.49,1.0,5.0,,,,,,, ,0.0,0.0,0.0,0.0,0.0,0.0,0.0,71.79970772,4.036653764,0.0,15.491933384829668
51633,-45.4494248898688,13.651,32234.0138703999,1.04736,47658.3,751.99,5.04,5.13335,19.75,1.0,5.0,,,,,,5.6542465320197, ,0.0,0.0,0.0,0.0,0.0,0.0,0.0,100.0,0.0,0.0,12.649110640673518
51634,-45.4427584716083,27.6421999999999,1206030.248756,10.5638,973351.0,618.75,5.31,5.53245,24.03,1.0,5.0,9.54150284655695,568.020715754057,571.557963209488,17.6364170062619,33.5100945746109,4.19603169616104, ,0.0,0.0,0.0,0.0,0.0,0.0,0.0,67.25075912,0.0,0.0,30.199337741083
51637,-45.4397125833894,17.4872,1183568.444618,14.6269,852615.0,654.78,5.39,5.65238,21.11,0.95,4.77,26.527700544338,547.177476447072,561.438772852423,8.04067808793496,14.6282473585651,4.83849265354461, ,0.0,0.0,0.0,0.0,0.0,0.0,0.0,66.03286924,6.259312276,0.0,22.360679774997898
51638,-45.4428183003743,14.8278,435165.5798426,2.62104,129548.0,735.61,5.24,5.44825,16.51,1.0,5.0,,,,,,, ,0.0,0.0,0.0,0.0,0.0,0.0,0.0,48.1778818,0.0,0.0,20.248456731316587
51640,-45.4479878645572,40.1017999999999,5248965.538801,54.2215,7247930.0,387.41,5.16,5.32385,31.2,0.99,4.95,3.66548880962848,578.386440622088,579.667593006212,18.4680821248657,43.4662697207034,5.16529288017347,Lake Paradise,0.0,0.0,0.0,0.0,0.0,0.0,0.0,76.37217207,0.0,0.0,36.6333181680284
51641,-45.4960829318296,19.1016,5861203.3775539,2.21322,140920.0,291.61,4.35,4.26832,32.05,0.99,4.41,,,,,,, ,0.0,0.0,0.0,0.584883077,0.0,0.0,0.0,89.711794534,0.270818245,0.0,18.16590212458495
51644,-45.4993436987033,27.6421999999999,449881.1946856,4.46108,411047.0,1178.96,5.89,6.57147,22.57,1.0,5.0,6.52046417538243,574.516058412119,579.808701697741,18.3323334925629,31.6413679389424,4.74019726211952, ,0.0,0.0,0.0,0.0,0.0,0.0,0.0,0.0,0.0,0.0,17.320508075688775
51646,-45.4965449150055,27.6421999999999,296385.4789205,1.60243,147649.0,1026.18,5.81,6.4547,31.81,1.0,5.0,,,,,,, ,0.0,0.0,0.0,0.0,0.0,0.0,0.0,0.0,0.0,0.0,16.431676725154983
51647,-45.4861557693566,30.0065999999999,3784224.285173,17.9755,1797940.0,423.49,5.09,5.31942,34.83,0.99,4.46,9.80231843047401,577.48523412786,582.537230468754,12.9029685345107,24.0802688506636,4.910952609170285, ,0.0,0.0,0.0,0.0,0.0,0.0,0.0,84.694558083,0.446344362,0.0,29.698484809834994
51652,-45.4553704385497,27.3321,3920392.835476,53.3658,4862000.0,590.84,5.19,5.54037,35.3,0.98,4.93,31.9391550479209,568.987053785454,575.736415858065,23.0455306396454,25.2708090291073,4.43120880991293, ,0.0,0.0,0.0,0.0,0.0,0.0,0.0,45.775094706000004,0.86905183,0.0,36.742346141747674
51653,-45.4157919926887,18.3980999999999,4582357.81966,27.3646,1678190.0,492.33,5.18,5.33501,21.47,0.98,4.93,4.85067537721153,572.20906684398,576.563071772933,14.046683990257,32.1359272409907,5.01550781393446, ,0.0,0.0,0.0,0.0,0.0,0.0,0.0,92.165992412,0.045691126,0.0,30.512292604784715
51654,-45.4235842228963,25.4866999999999,2103752.259232,12.234,1039350.0,565.73,5.62,5.97546,27.79,0.98,4.94,16.7360331365478,563.414730293257,573.677328011127,18.1480769564983,32.644185168652,4.22547818888742, ,0.0,0.0,0.0,0.0,0.0,0.0,0.0,82.01619528,0.0,0.0,24.372115213907882
51655,-45.4138371796115,27.4128,529255.7459417,4.69144,428685.0,664.75,5.4,5.65542,16.69,1.0,5.0,21.4703076652401,561.277895676183,571.41687901235,12.3250642144098,26.160609408403,5.29482171021079, ,0.0,0.0,0.0,0.0,0.0,0.0,0.0,82.83463695,0.0,0.0,20.493901531919196
51656,-45.4131235819616,29.9120999999999,1917233.577091,36.3588,3625230.0,441.73,4.88,4.94916,26.26,0.97,4.87,22.311792719133,555.997922510191,567.685306667796,15.8672141993678,19.0461158595252,5.460454398079, ,0.0,0.0,0.0,0.0,0.0,0.0,0.0,100.0,0.0,0.0,33.91164991562634
51657,-45.4044972314206,20.4694,564801.386711,10.4878,715592.0,454.43,4.8,4.8285,16.13,0.91,4.58,16.1027829990487,557.94090045466,567.956796063118,20.2934148131798,31.114459872266,4.85165204976853, ,0.0,0.0,0.0,0.0,0.0,0.0,0.0,98.28788222,1.712117782,0.0,24.979991993593593
51658,-45.3964069096835,30.6456,3959001.118,25.5281,2607740.0,420.84,4.86,4.90967,27.42,0.98,4.93,15.1285964495142,561.11631228212,572.010275531035,10.8783861761994,15.6950256405836,5.03758671612257, ,0.0,0.0,0.0,0.0,0.0,0.0,0.0,73.762350015,0.284875195,0.0,29.732137494637012
51659,-45.3828075222176,27.6421999999999,1738717.505153,17.5113,1613510.0,566.01,5.16,5.34321,29.31,1.0,5.0,27.9571157357856,564.931540742764,570.497629345088,15.298439658895,25.699775147895,4.67553507483656, ,0.0,0.0,0.0,0.0,0.0,0.0,0.0,55.303357764999994,0.0,0.0,27.349588662354687
51663,-45.3569751289656,27.6421999999999,402364.4866936,1.43014,131774.0,796.57,5.81,6.28227,32.6,1.0,5.0,,,,,,4.357167546826105, ,0.0,0.0,0.0,0.0,0.0,0.0,0.0,3.580514866,0.0,0.0,18.708286933869708
51664,-45.350415972271,27.6421999999999,1458173.1220756,8.03679,740515.0,566.97,5.43,5.71645,37.46,1.0,5.0,27.2787947473591,571.50295815228,574.461765703284,23.1190079023943,30.5870049879864,3.97621813374711, ,0.0,0.0,0.0,0.0,0.0,0.0,0.0,5.918038027,0.0,0.0,20.0
51668,-45.4266968167942,27.6421999999999,1177728.237591,2.91648,268726.0,718.42,5.31,5.61147,32.26,1.0,5.0,13.2116595511738,559.386857795821,571.428796473071,15.1348786564032,25.4975174288485,4.20743111818035, ,0.0,0.0,0.0,0.0,0.0,0.0,0.0,28.4884647,0.436768362,0.0,16.73320053068151
51682,-45.5241055438366,34.4936,27289832.0741095,2.3258,267417.0,180.39,4.46,4.52928,35.83,0.98,4.53,,,,,,6.554000833333335,Stump Lake,0.0,0.0,0.0,0.429958017,0.0,0.0,0.0,47.2429356,4.143493084,0.0,18.16590212458495
51684,-45.5415267324349,27.6421999999999,2598035.1195569,6.54784,603322.0,973.36,5.68,6.35214,25.28,1.0,5.0,26.3615760752833,517.931227196506,554.939372223886,9.34017545403682,10.970134404314,3.97621813374711, ,0.0,0.0,0.0,0.0,0.0,0.0,0.0,1.207622792,10.47351941,0.0,20.97617696340303
51722,-45.5189373893958,27.6421999999999,718611.4466527,5.92671,546091.0,925.9,5.76,6.44922,24.43,1.0,5.0,4.94323185750273,581.448993373478,583.94991270351,14.2576826955551,26.7690021782616,4.1504808905400346, ,0.0,0.0,0.0,0.0,0.0,0.0,0.0,0.0,0.0,0.0,17.320508075688775
51726,-45.5218422722202,14.8278,1447489.9029094,4.6873,231674.0,1013.91,5.8,6.51639,25.22,1.0,5.0,4.88128166814823,579.484479166891,582.189669545033,13.223837293671,38.5584755355678,, ,0.0,0.0,0.0,0.0,0.0,0.0,0.0,0.166518839,1.621616823,0.0,17.88854381999832
51738,-45.5502672862101,26.2887999999999,477948.9824801,1.4131,123829.0,1097.17,5.92,6.71685,30.3,1.0,5.0,,,,,,, ,0.0,0.0,0.0,0.0,0.0,0.0,0.0,0.0,7.11566128,0.0,15.811388300841896
51739,-45.5510703987056,27.4128,680621.1377563,1.79066,163624.0,1093.31,5.87,6.67478,25.73,1.0,5.0,,,,,,, ,0.0,0.0,0.0,0.0,0.0,0.0,0.0,0.0,5.124704023,0.0,14.832396974191326
51747,-45.5370160733877,35.1642999999999,7221942.584412,22.0215,2581240.0,578.09,5.19,5.69247,34.11,1.0,4.78,25.4243388518641,485.953726276465,518.895035784738,10.7186092111871,24.1814281249797,4.24031857573394,Lake Louise,0.0,0.0,0.0,0.0,0.0,0.0,0.0,26.153100873,3.957663717,0.0,31.304951684997057
51748,-45.5379543931706,13.8887,7940083.2304707,3.3387,154568.0,592.46,5.2,5.73093,33.8,1.0,4.74,36.8431309053132,511.917135105934,570.689761915332,20.0508626469357,16.6683072219424,3.97621813374711, ,0.0,0.0,0.0,0.0,0.0,0.0,0.0,29.519530233,3.505662879,0.0,15.491933384829668
51749,-45.5358828782071,28.1192999999999,8611257.5310556,2.57015,240903.0,527.67,5.16,5.66928,34.06,1.0,4.69,,,,,,13.27773, ,0.0,0.0,0.0,0.0,0.0,0.0,0.0,32.823607087999996,3.228943582,0.0,15.165750888103101
51751,-45.5309217867166,28.7542,14177410.51832,19.6169,1880230.0,466.09,5.15,5.68339,33.41,0.99,4.77,35.6262194519812,484.605551283257,572.001352861117,14.5745066813878,24.1384405415185,5.215238232580175,Lake Colwell,0.0,0.0,0.0,0.0,0.0,0.0,0.0,33.669450827,2.884566612,0.0,28.0
51754,-45.4787299143536,27.6421999999999,1043536.857241,16.23,1495450.0,941.46,5.54,6.1731,29.64,0.97,4.85,28.7733962585903,486.673436247033,553.672675797346,14.9282733247525,19.0905435628769,4.54378577024628,Lake Troup,0.0,0.0,0.0,0.0,0.0,0.0,0.0,0.083292012,2.015583128,0.0,24.0
51758,-45.5568635884981,17.1675,180881.4865906,2.35074,134521.0,829.14,5.2,5.85283,16.61,1.0,5.0,32.8438905761281,493.202826536839,570.884226360791,13.7260480435493,18.4755078772122,, ,0.0,0.0,0.0,0.0,0.0,0.0,0.0,0.014072927,0.0,0.0,18.708286933869708
51759,-45.54494653042,27.6421999999999,416797.335553,1.00319,92434.7,1037.28,5.49,6.36043,28.85,1.0,5.0,,,,,,,Lake Percy,0.0,0.0,0.0,0.0,0.0,0.0,0.0,0.0,7.243834538,0.0,18.439088914585774
51761,-45.5121203445051,27.6421999999999,1284729.9640664,1.28863,118735.0,839.06,5.2,5.84423,28.1,1.0,5.0,,,,,,7.74858426804568, ,0.0,0.0,0.0,0.0,0.0,0.0,0.0,2.772174113,0.0,0.0,18.439088914585774
51769,-45.5583318943143,27.6421999999999,479184.5105015,3.70817,341673.0,1078.17,5.5,6.367,29.95,1.0,5.0,39.3113721600045,487.632580902383,573.48573414281,15.2896275244983,15.5880501593084,, ,0.0,0.0,0.0,0.0,0.0,0.0,0.0,0.0,5.357555837,0.0,18.708286933869708
51770,-45.5507673404935,27.4128,981207.2459484,2.75896,252102.0,960.65,5.55,6.45157,26.05,1.0,5.0,38.6958299306062,503.871115764674,570.86464958383,12.1975025623913,12.845046951239,, ,0.0,0.0,0.0,0.0,0.0,0.0,0.0,0.0,4.839485286,0.0,16.1245154965971
51774,-45.5579434430314,17.9224,1360746.5674717,2.3974,143224.0,914.62,5.31,6.10065,21.62,1.0,5.0,,,,,,, ,0.0,0.0,0.0,0.0,0.0,0.0,0.0,0.0,4.182751015,4.459163528,15.491933384829668
51780,-45.359966460365,26.0473,220691.0158543,1.09022,94657.5,772.65,4.95,5.26337,30.12,1.0,5.0,,,,,,7.13850085279753, ,0.0,0.0,0.0,0.0,0.0,0.0,0.0,87.82448644,0.0,0.0,14.142135623730951
51781,-45.3492591381662,27.6421999999999,603751.3642256,6.824,628769.0,941.52,5.47,6.02731,30.09,1.0,5.0,42.8080948706007,565.474579543501,571.987437560832,11.6431359120467,9.7829979252813,4.52941133550095, ,0.0,0.0,0.0,0.0,0.0,0.0,0.0,5.702073695,0.0,0.0,21.213203435596427
51783,-45.3951416351038,27.6421999999999,261006.6968788,1.05608,97307.5,975.67,5.41,6.05598,24.86,1.0,5.0,,,,,,, ,0.0,0.0,0.0,0.0,0.0,0.0,0.0,0.0,0.0,0.0,20.0
51784,-45.3800606428911,44.9727,39350351.771265,63.5596,9528170.0,340.74,4.63,4.89919,30.1,0.99,4.77,43.8849448397474,560.207148733641,572.134099004296,14.8251384602376,10.0531702636536,5.73682518470219, ,0.0,0.0,0.0,0.531836413,0.0,0.1090419,0.0,46.106467237000004,1.210178003,0.0,35.66510900025401
51785,-45.3495680431483,27.638,940346.679615,11.4472,1054590.0,1042.42,5.56,6.21581,27.24,1.0,5.0,38.749868735163,526.783496905583,571.049099710742,11.2284583078347,9.50656235824814,4.375458068201915, ,0.0,0.0,0.0,0.0,0.0,0.0,0.0,0.0,0.0,0.0,25.69046515733026
51786,-45.3685403164116,31.7380999999999,18001352.9368242,8.97376,949366.0,381.09,4.79,5.14645,28.87,1.0,4.68,33.3552334802836,570.5162937157,571.880376523684,7.66315090143907,9.31989449258231,5.872312275024575, ,0.0,0.0,0.0,0.713799339,0.0,0.2336449,0.0,53.66385346,0.244975591,0.0,25.25866188063018
51788,-45.3454483265475,27.3131999999999,899352.967428,9.7106,884092.0,970.95,5.32,5.91692,23.52,1.0,5.0,37.4085688248527,567.826259669613,572.613791775506,6.13500495436138,10.1849250375462,, ,0.0,0.0,0.0,0.0,0.0,0.0,0.0,0.0,0.0,0.0,24.289915602982237
51789,-45.3476987735304,14.7047,227205.953642,1.20108,58872.0,1007.45,5.28,5.85058,19.13,1.0,5.0,,,,,,, ,0.0,0.0,0.0,0.0,0.0,0.0,0.0,0.0,0.0,0.0,17.88854381999832
51790,-45.4446730921574,31.5849,1215851.933566,22.5135,2370290.0,988.52,5.5,6.26465,22.52,0.98,4.93,30.9322989733169,567.876733215452,572.418513618811,4.98162867272634,9.37691420059715,4.79360227061472, ,0.0,0.0,0.0,0.0,0.0,0.0,0.0,0.0,0.0,0.0,28.5657137141714
51793,-45.4445375116569,24.6619999999999,4903682.8458344,3.53692,290759.0,683.3,5.11,5.73576,29.07,0.98,4.92,40.5692760214428,509.82785278089,571.202048462883,10.2288189954609,9.43064309181678,4.13463676041753, ,0.0,0.0,0.0,0.0,0.0,0.0,0.0,19.44534384,1.023342414,0.0,16.431676725154983
51794,-45.4346817089132,26.3007999999999,3527825.742415,18.0066,1578630.0,732.63,5.14,5.78059,27.25,0.98,4.9,4.63998154275612,578.81391608358,583.59128800979,10.6259370844954,45.0928037518775,4.39794844147924, ,0.0,0.0,0.0,0.0,0.0,0.0,0.0,13.59377694,1.501302741,0.0,30.298514815086232
51796,-45.4310552287598,27.6421999999999,112637.6635664,1.04593,96373.1,1080.89,5.38,6.15627,25.83,1.0,5.0,,,,,,, ,0.0,0.0,0.0,0.0,0.0,0.0,0.0,0.0,0.0,0.0,15.491933384829668
51798,-45.4127365116034,27.6421999999999,1061359.0421756,1.63847,150969.0,1024.47,5.3,5.95357,28.89,1.0,5.0,12.2337320471997,568.600489244103,579.651101462709,14.7628296418659,43.6141103956931,, ,0.0,0.0,0.0,0.0,0.0,0.0,0.0,0.0,4.15612226,0.0,14.832396974191326
51799,-45.4071225349206,27.6421999999999,652271.3509601,2.30524,212407.0,999.11,5.58,6.33958,29.68,1.0,5.0,5.54824036260721,573.683297554748,580.632110440696,9.08420699351208,33.9964667658122,3.97621813374711, ,0.0,0.0,0.0,0.0,0.0,0.0,0.0,0.0,0.081208809,0.0,15.165750888103101
51801,-45.4096435241513,27.4128,734205.8127703,1.28429,117353.0,1064.69,5.57,6.3348,30.07,1.0,5.0,,,,,,, ,0.0,0.0,0.0,0.0,0.0,0.0,0.0,0.0,5.93794178,0.0,15.491933384829668
51808,-45.4425071944514,27.5717,1981105.192311,14.2124,1306200.0,893.54,5.42,6.22859,27.57,0.99,4.97,6.28592232448909,570.637213284153,578.839189685306,16.349712073694,36.6712468899566,3.97621813374711, ,0.0,0.0,0.0,0.0,0.0,0.0,0.0,2.565063544,0.0,0.0,26.19160170741759
51815,-45.5536921230138,18.5326999999999,303806.1879596,2.89436,178801.0,937.34,5.24,6.00607,10.52,1.0,5.0,,,,,,, ,0.0,0.0,0.0,0.0,0.0,0.0,0.0,0.0,0.0,9.379530183,15.491933384829668
51822,-45.522737003258,21.9085,858248.173308,12.9272,944051.0,190.85,4.07,4.34405,16.59,1.0,5.0,10.8593030123037,559.61092646716,571.487938263233,13.3282219857774,29.1364760847305,5.41994213383437,Lake Virginia,0.0,0.0,0.0,0.0,0.0,0.0,0.0,100.0,0.0,0.0,24.24871130596428
51823,-45.4947383257299,16.3231,618793.4100858,3.20112,174173.0,867.04,5.56,6.33725,29.05,1.0,5.0,8.11307015900075,564.295619693298,573.946990497254,13.7483988444036,33.9876701759627,4.37135324131991,Lake Mainwaring,0.0,0.0,0.0,0.0,0.0,0.0,0.0,0.0,0.0,0.0,17.029386365926403
51826,-45.5046954524161,27.6421999999999,3042139.47459,14.3835,1325300.0,785.62,5.28,6.06235,31.17,0.98,4.94,12.1778925401139,565.460403461114,570.260641334919,18.6124922749651,37.3225068734623,4.48836959903674,Lake Carina,0.0,0.0,0.0,0.0,0.0,0.0,0.0,38.70843559,0.0,0.0,26.720778431774775
51827,-45.4968368115184,26.2887999999999,2015111.006951,12.2864,1076650.0,804.21,5.43,6.28671,30.35,0.99,4.97,21.507606493418,548.067881494755,565.113279151819,14.3708022932967,12.79719224919,3.97621813374711,Lake Lucille,0.0,0.0,0.0,0.0,0.0,0.0,0.0,33.2723981,0.0,0.0,24.49489742783178
51832,-45.4900830785492,27.4128,186128.5552791,1.164,106361.0,1044.15,5.54,6.44143,26.89,1.0,5.0,,,,,,, ,0.0,0.0,0.0,0.0,0.0,0.0,0.0,0.0,0.0,0.0,19.748417658131498
51833,-45.4801133065337,17.4872,1373470.3059497,2.48298,144735.0,975.96,5.53,6.39345,22.83,1.0,5.0,,,,,,, ,0.0,0.0,0.0,0.0,0.0,0.0,0.0,0.0,0.0,0.0,16.73320053068151
51836,-45.4690504412904,27.6421999999999,868527.182472,11.2395,1035620.0,1068.14,5.52,6.32306,32.33,1.0,5.0,34.7540063177861,494.925362909081,563.211600979694,13.7679288290138,17.9818121453626,4.13075503161009, ,0.0,0.0,0.0,0.0,0.0,0.0,0.0,0.0,0.515912752,0.0,22.80350850198276
51837,-45.4596051000071,27.6421999999999,2623746.7251263,4.11141,378828.0,896.95,5.39,6.05808,30.82,1.0,5.0,27.712523290268,488.173187110533,556.044804736365,11.5628169354139,17.1826365545021,5.150175640637135,Lake Lucy,0.0,0.0,0.0,0.0,0.0,0.0,0.0,0.118617865,3.438028975,0.0,19.493588689617926
51838,-45.4601189718025,27.456,2549075.50774,21.877,2002180.0,890.48,5.48,6.20516,30.94,1.0,5.0,38.4548821558199,486.276965948658,569.263125890243,11.6249073149396,21.571426920575,4.87776863141641,Lake Matilda,0.0,0.0,0.0,0.0,0.0,0.0,0.0,0.0,3.789270521,0.0,28.19574435974337
51839,-45.4603363037983,27.6421999999999,793167.6685281,4.36557,402246.0,1024.18,5.71,6.59135,33.69,1.0,5.0,35.1283716164582,484.898363305115,568.715784771429,10.133080636841,31.0997574883071,4.25252985555409, ,0.0,0.0,0.0,0.0,0.0,0.0,0.0,0.0,11.06013774,0.0,17.029386365926403
51841,-45.4509625046182,26.0473,1122992.4620277,3.72653,323554.0,850.74,5.63,6.4175,30.69,1.0,5.0,,,,,,, ,0.0,0.0,0.0,3.233978188,0.0,0.0,0.0,8.084807294,0.086498576,0.0,16.73320053068151
51843,-45.4540338039887,27.6421999999999,560546.1765277,4.87454,449144.0,1100.38,5.3,6.01116,27.52,1.0,5.0,30.3997724005415,495.630387563571,555.81535814367,7.75437844362464,15.9355131587253,8.625900509803925, ,0.0,0.0,0.0,0.0,0.0,0.0,0.0,0.0,0.0,0.0,23.874672772626646
51845,-45.480791591501,27.6421999999999,1811550.0920576,6.23848,574818.0,770.46,4.95,5.54897,31.26,1.0,5.0,31.609346849775,498.243724357242,571.840066404274,5.40059013371283,14.0489300554756,4.2465423285071, ,0.0,0.0,0.0,0.548240988,0.0,0.0,0.0,26.55062123,0.0,0.0,20.73644135332772
51846,-45.454934664679,27.6421999999999,535365.208003,9.66141,890209.0,1175.68,5.54,6.40379,26.81,1.0,5.0,17.2268710011955,490.028523222673,496.126718462981,6.93468975002864,19.4677561264198,, ,0.0,0.0,0.0,0.0,0.0,0.0,0.0,0.0,0.0,0.0,20.73644135332772
51847,-45.4594713448126,27.6421999999999,1008044.2045919,1.8332,168912.0,978.02,5.41,6.26702,29.01,1.0,5.0,,,,,,6.13789993837535, ,0.0,0.0,0.0,0.0,0.0,0.0,0.0,0.0,0.0,0.0,19.748417658131498
51850,-45.4647126051534,42.0728999999999,4359651.480312,50.6641,7105280.0,886.14,5.05,5.73677,25.69,1.0,5.0,28.4567981241731,561.68762784193,575.892084763673,16.7747315417866,14.0301743499855,4.800546048841,Lake Norwest,0.0,0.0,0.0,0.0,0.0,0.0,0.0,21.4276606,2.833031892,0.0,31.74901573277509
51857,-45.4299872090712,27.6421999999999,511803.654777,3.33713,307485.0,745.39,5.28,5.701,37.14,1.0,5.0,13.0593162742263,488.445622094844,495.738905091613,10.7702960925724,18.9158192461438,3.9980336889108496, ,0.0,0.0,0.0,0.0,0.0,0.0,0.0,19.42640098,0.0,0.0,17.029386365926403
51859,-45.4004342952639,39.1576999999999,2708648.562116,77.5743,10125400.0,806.94,5.25,5.6608,23.26,0.98,4.91,33.5241237626374,499.622841337242,570.109998507575,14.6120957910759,15.0717643475327,4.99955586444482,Lake Browne,0.0,0.0,0.0,0.0,0.0,0.0,0.0,18.33201354,2.14803636,0.0,36.3318042491699
51860,-45.4313720714322,27.4128,537237.6969078,1.55661,142237.0,708.65,4.72,4.99568,28.29,1.0,5.0,,,,,,5.54808767206838, ,0.0,0.0,0.0,0.0,0.0,0.0,0.0,64.78520978,0.0,0.0,21.908902300206645
51862,-45.4447353639146,27.6421999999999,336153.3579534,6.37789,587663.0,1010.82,5.14,5.63674,23.36,1.0,5.0,33.3169409130549,489.822876436967,569.520707444111,11.6430942601081,20.2372479013877,4.638831204752255, ,0.0,0.0,0.0,0.0,0.0,0.0,0.0,0.04618058,0.0,0.0,18.439088914585774
51868,-45.4128071796413,27.6421999999999,1174124.8152862,8.18151,753850.0,689.1,4.97,5.41217,27.63,1.0,5.0,23.2321517153561,494.314954783034,531.056816155019,5.78797594328929,11.7079073003213,4.68837107449808, ,0.0,0.0,0.0,0.0,0.0,0.0,0.0,49.41550646,0.0,0.0,20.493901531919196
51869,-45.4125084072556,27.4128,480739.4554521,1.06497,97312.8,806.71,5.03,5.49977,28.88,1.0,5.0,,,,,,6.30716098261869, ,0.0,0.0,0.0,0.0,0.0,0.0,0.0,29.61996963,0.0,0.0,17.60681686165901
51872,-45.4002439585232,27.4128,273047.2150738,1.8055,164979.0,1078.34,5.59,6.34422,21.93,1.0,5.0,33.0670971532921,556.455476252058,572.138852282794,8.07843260047508,8.5294260136958,, ,0.0,0.0,0.0,0.0,0.0,0.0,0.0,0.0,0.0,0.0,17.60681686165901
51873,-45.3869111717408,14.8278,69997.3391509,1.74785,86389.0,1203.15,5.38,5.84977,9.16,1.0,5.0,,,,,,, ,0.0,0.0,0.0,0.0,0.0,0.0,0.0,0.0,0.0,0.0,16.73320053068151
51874,-45.380428563661,34.3789999999999,2342102.689443,42.5195,4872590.0,703.26,5.36,5.80713,30.04,0.99,4.96,21.2118390157289,488.172091493988,499.070805720826,13.2400337492735,26.5508072937849,4.884542046041,Lake Chamberlain,0.0,0.0,0.0,0.0,0.0,0.0,0.0,27.7517585,0.0,0.0,35.7211421989835
51875,-45.3904329316085,27.6421999999999,594120.3810851,1.81226,166983.0,598.56,4.65,4.75952,35.85,1.0,5.0,,,,,,5.16041385214195, ,0.0,0.0,0.0,0.0,0.0,0.0,0.0,27.16232094,0.0,0.0,19.493588689617926
51876,-45.3719650188393,35.6437,55731041.368949,16.5541,1966830.0,47.12,4.04,3.96499,31.29,0.99,4.84,,,,,,5.084607606156175, ,0.0,0.0,0.0,0.46235726499999996,0.0,0.128340371,0.0,49.435253227,2.178906476,0.0,29.698484809834994
51877,-45.3596371429793,27.3321,3372324.937299,34.8506,3175140.0,768.87,4.87,5.15541,27.48,0.97,4.86,21.1864324507178,487.544738585616,505.654786838644,12.4645877716581,21.4544753135905,4.563173303787369, ,0.0,0.0,0.0,0.0,0.0,0.0,0.0,34.09692619,0.292303282,0.0,36.0
51882,-45.4241580554534,27.6421999999999,488995.8832509,8.55846,788583.0,1260.08,5.36,6.18144,23.69,1.0,5.0,21.9154245342574,490.813330470021,506.808068587858,11.467280670678,21.2473323082675,, ,0.0,0.0,0.0,0.0,0.0,0.0,0.0,0.0,87.60635711,0.0,22.978250586152114
51883,-45.4161538005249,18.4346,654495.4474491,1.27911,78599.2,892.73,5.27,6.06268,28.03,1.0,5.0,,,,,,, ,0.0,0.0,0.0,0.0,0.0,0.0,0.0,29.34878095,21.16270927,0.0,16.431676725154983
51884,-45.4041111397806,26.0473,1052696.2733911,3.31333,287677.0,1038.17,5.46,6.31068,31.77,1.0,5.0,26.138642134455,496.227238614534,552.951815979715,7.75398946596155,18.1934881889791,, ,0.0,0.0,0.0,0.0,0.0,0.0,0.0,0.0,24.38169907,0.0,15.811388300841896
51885,-45.408554499519,26.0473,1563701.4419037,2.45273,212957.0,954.87,5.35,6.15282,31.44,1.0,5.0,33.827892077557,493.119867318954,571.615480404929,8.69684637565314,16.4136620257764,4.28692345777079, ,0.0,0.0,0.0,0.0,0.0,0.0,0.0,0.0,16.2570564,0.0,15.165750888103101
51892,-45.3881841786669,27.6626,1530540.797198,19.5577,1803400.0,1146.63,5.6,6.40565,31.18,0.99,4.95,40.2416863862424,542.634980501046,577.010473208902,9.87618843482005,10.3530506601084,, ,0.0,0.0,0.0,0.0,0.0,0.0,0.0,0.0,29.71447423,0.0,29.393876913398138
51894,-45.3967777727974,26.2887999999999,657545.7651539,2.11659,185475.0,975.1,5.27,5.99232,30.31,1.0,5.0,37.8436601362392,557.320756566134,574.391597877395,8.92072592718787,9.7438473821319,, ,0.0,0.0,0.0,0.0,0.0,0.0,0.0,0.0,0.0,0.0,15.811388300841896
51895,-45.37855138548,27.2787,1653978.65143,12.4111,1128530.0,1096.31,5.51,6.30963,30.2,1.0,5.0,39.9420362789308,562.121129771915,570.582047165842,16.225181511409,36.6284716450869,, ,0.0,0.0,0.0,0.0,0.0,0.0,0.0,0.0,14.52414624,0.0,25.88435821108957
51897,-45.3744917683537,27.6421999999999,1876331.8447234,1.88185,173395.0,1114.45,5.53,6.31979,29.85,1.0,5.0,,,,,,, ,0.0,0.0,0.0,0.0,0.0,0.0,0.0,0.0,11.82172804,0.0,20.248456731316587
51899,-45.3849548050027,27.5528,3074378.98704,24.2584,2227950.0,956.3,5.46,6.25116,30.9,1.0,5.0,34.1131875678667,558.439645051795,572.74312528396,13.8179970669613,15.4365429492091,3.97621813374711,Lake Annie,0.0,0.0,0.0,0.0,0.0,0.0,0.0,0.0,2.485476217,0.0,31.12876483254676
51900,-45.3615457074143,16.672,7533352.8310934,4.97817,276653.0,576.43,5.05,5.5775,27.34,1.0,4.39,22.7476465015963,491.803672704573,502.854056485208,10.0022372365833,17.6218182695685,10.0085533333333, ,0.0,0.0,0.0,1.693050573,0.0,0.333754471,0.0,59.72711825,0.024602828,0.0,19.748417658131498
51901,-45.3471099926489,25.4679,453459.5995928,3.57024,303089.0,818.83,4.86,5.32282,19.34,1.0,5.0,27.9611535094286,493.635868476932,548.669729601575,14.1300790172603,15.91854698912,4.68065838464787, ,0.0,0.0,0.0,0.0,0.0,0.0,0.0,58.88186435,0.0,0.0,18.16590212458495
51908,-45.3656924100495,27.4128,644590.4749043,6.04686,552537.0,1216.34,5.66,6.53794,18.94,1.0,5.0,20.7611155925683,489.224516791119,516.218043949006,13.3002912662203,16.4775469742554,, ,0.0,0.0,0.0,0.0,0.0,0.0,0.0,0.0,10.71488497,0.0,19.493588689617926
51912,-45.3987055280661,27.6421999999999,854071.0524167,1.52732,140728.0,962.85,4.99,5.5887,33.15,1.0,5.0,,,,,,, ,0.0,0.0,0.0,0.0,0.0,0.0,0.0,0.0,1.435388056,0.0,18.439088914585774
51913,-45.3848069812468,27.6421999999999,1036090.0766798,1.92411,177289.0,1039.94,5.26,5.98466,31.3,1.0,5.0,,,,,,4.430595047041905, ,0.0,0.0,0.0,0.0,0.0,0.0,0.0,0.0,8.660177484,0.0,15.491933384829668
51915,-45.382586659286,27.6421999999999,691033.5683755,6.26455,577220.0,993.84,5.14,5.85007,24.16,1.0,5.0,41.5542730614952,494.7359901389,571.208505159923,16.1175286094511,20.3642483141844,, ,0.0,0.0,0.0,0.0,0.0,0.0,0.0,0.0,8.476082914,0.0,18.973665961010276
51916,-45.3960179071289,27.6421999999999,613183.3660927,4.09326,377156.0,1156.96,5.62,6.53928,29.3,1.0,5.0,42.1226816848877,574.728880355676,581.47804968205,14.9030782365469,22.5693855916922,, ,0.0,0.0,0.0,0.0,0.0,0.0,0.0,0.0,12.39002123,0.0,17.88854381999832
51923,-45.356037479621,14.1018,43304.5859508,1.07225,50402.1,1417.17,5.38,6.16537,11.29,1.0,5.0,,,,,,, ,0.0,0.0,0.0,0.0,0.0,0.0,0.0,0.0,49.84126984,0.0,14.832396974191326
51926,-45.3648846880752,25.4679,894765.6918402,2.43827,206992.0,898.97,4.85,5.45189,32.09,1.0,5.0,,,,,,4.36087807731264, ,0.0,0.0,0.0,0.0,0.0,0.0,0.0,0.0,15.37132284,0.0,17.88854381999832
51927,-45.5796754937627,8.5489,6149294.541469,4.48113,127696.0,180.42,3.17,2.71055,5.8,1.85,2.09,34.0752508989493,558.4897469293,573.898868887765,15.0478856347799,11.2385426570835,11.1727916309524, ,0.0,0.0,0.0,18.42983765,0.0,0.0,0.0,81.57016235,0.0,0.0,17.88854381999832
51931,-45.5816843051478,12.0439,165213.613952,2.60233,104474.0,237.93,3.12,2.53055,1.57,4.0,4.0,29.4939794932135,532.782637453735,559.317659850102,10.2302767885458,12.8836202241361,19.9285486666667, ,9.56320087260694,0.0252043181882772,60.70835387,34.71499754,1.969373414,0.0,0.0,2.607275183,0.0,0.0,15.811388300841896
51938,-45.540403577521,27.4128,603650.7209545,3.86713,353363.0,1112.56,5.44,6.29083,24.89,1.0,5.0,30.0905441890111,495.43935301695,557.828516555486,14.4103961537773,20.4784689527484,, ,0.0,0.0,0.0,0.0,0.0,0.0,0.0,0.0,0.0,0.0,16.73320053068151
51940,-45.5136590538914,67.8001,5714681.093259,62.3291,14086400.0,262.09,4.2,4.49372,26.42,0.99,4.95,19.3596271888045,483.911815709463,502.777926665724,9.96425926602466,28.3049166224828,1.01508113181987,Lake Lois,0.0,0.0,0.0,0.0,0.0,0.0,0.0,77.04140332,0.0,0.0,40.29888335921977
51941,-45.5351183750791,27.6421999999999,941467.207415,11.5044,1060020.0,967.96,5.13,5.81912,25.44,1.0,5.0,35.7432439814293,529.474714041798,568.662324593915,11.7472574927487,14.4033238933441,4.57114000076826, ,0.0,0.0,0.0,0.0,0.0,0.0,0.0,0.0,1.117784831,0.0,20.73644135332772
51945,-45.5348342932717,27.6421999999999,2449037.9668801,9.73087,896609.0,850.86,4.86,5.40843,27.62,1.0,5.0,32.8115583858587,496.627866814953,556.737584323088,11.9168019070285,14.9991871808898,4.56080299322993, ,0.0,0.0,0.0,0.0,0.0,0.0,0.0,8.063684199,0.493046553,0.0,21.908902300206645
51946,-45.5300727261607,27.6421999999999,885056.1692589,7.9568,733145.0,1034.15,5.2,5.94719,30.07,1.0,5.0,38.0682381928732,557.93952066793,573.157865334625,22.2713106167647,12.6562219159889,, ,0.0,0.0,0.0,0.0,0.0,0.0,0.0,0.0,0.304579721,0.0,24.49489742783178
51947,-45.4744374223913,18.5576,297796.9209817,2.38713,147665.0,844.79,4.81,5.37342,14.98,1.0,5.0,,,,,,, ,0.0,0.0,0.0,0.0,0.0,0.0,0.0,20.44958978,0.0,0.0,19.748417658131498
51954,-45.5706124428999,51.4322,3032854.932181,43.7481,7500220.0,192.18,3.19,2.76009,3.34,2.45,1.81,35.7436772308386,506.52881262508,571.723157022206,15.2270573628618,16.0152708645053,1.06278766666667, ,0.0,0.0,0.0,20.06854814,0.0,0.0,0.0,79.931451857,0.0,0.0,35.0
51955,-45.5727850101624,0.0,925866.3888199,5.02775,164876.0,188.62,0.0,2.72118,0.0,0.0,0.0,32.5190302777584,495.593565915701,559.803191821128,12.8991562348906,13.1176615946861,, ,0.0,0.0,0.0,29.25784869,0.0,0.0,0.0,70.742151317,0.0,0.0,0.0
51956,-45.5700883105926,10.8673,354893.8833857,1.69855,61528.4,199.97,3.09,2.52892,1.36,3.93,3.87,,,,,,55.39829383333336, ,0.0,0.0,94.30026823,0.0,0.0,0.0,0.0,5.69973177,0.0,0.0,14.832396974191326
51958,-45.4860730701681,24.9514999999999,498660.928684,14.1229,1174620.0,311.61,3.49,3.33323,5.79,1.0,5.0,28.1247473462183,494.081295647743,558.486133613595,13.3181994256689,15.619273621087,5.469752141806721,Lake Richter,0.0,0.0,0.0,0.0,0.0,0.0,0.0,100.0,0.0,0.0,24.372115213907882
51959,-45.502416042874,20.89,208239.3084196,1.75645,122307.0,178.44,3.17,2.72786,1.41,4.0,4.0,,,,,,, ,0.0,0.0,0.0,0.0,0.0,0.0,0.0,100.0,0.0,0.0,16.431676725154983
51964,-45.494718841954,8.5489,91598.8260504,1.11582,31796.7,179.51,3.17,2.7244,0.79,1.0,2.0,,,,,,, ,0.0,0.0,0.0,0.048508669,0.0,0.0,0.0,99.70397274,0.247518595,0.0,15.811388300841896
51967,-45.4900063618002,0.0,683856.6901876,4.68383,280091.0,214.43,0.0,2.75465,0.0,0.0,0.0,36.4677076430409,492.87651623174,568.987429970329,9.49913820379102,9.79135116767343,, ,0.0,0.0,0.0,29.81921771,0.0,0.0,0.0,70.18078229,0.0,0.0,0.0
51969,-45.4395288766107,27.6421999999999,233099.8574731,1.88637,173811.0,1312.35,5.22,5.98985,23.44,1.0,5.0,,,,,,, ,0.0,0.0,0.0,0.0,0.0,0.0,0.0,0.0,33.79159053,0.0,15.811388300841896
51970,-45.4219200340404,17.3691,82343.0307571,1.90069,110044.0,557.56,4.03,4.23162,4.03,1.0,5.0,,,,,,9.108078000000006, ,0.0,0.0,0.0,0.0,0.0,0.0,0.0,95.23837008,0.0,0.0,16.73320053068151
51972,-45.4086623240242,27.638,2731351.326516,35.855,3303200.0,585.29,4.26,4.57387,30.12,0.98,4.9,33.8359271330655,485.908717390524,573.065465089072,13.5006488864717,15.2784331519641,4.90138765032573, ,0.0,0.0,0.0,0.0,0.0,0.0,0.0,32.55306041,16.72155133,0.0,33.27160951922825
51973,-45.4081834783046,27.6421999999999,251431.6705366,1.55251,143049.0,1275.1,5.58,6.53151,31.68,1.0,5.0,,,,,,, ,0.0,0.0,0.0,0.0,0.0,0.0,0.0,0.0,47.63330714,0.0,13.416407864998739
51974,-45.4480106560742,27.6421999999999,2634867.8386515,1.08523,99993.7,716.9,4.72,5.2172,39.36,1.0,5.0,,,,,,4.35494811910567, ,0.0,0.0,0.0,0.0,0.0,0.0,0.0,7.023741107,2.569920716,0.0,13.416407864998739
51976,-45.4130338148303,27.6421999999999,552914.6778082,2.96106,272834.0,1335.92,5.56,6.47959,26.07,1.0,5.0,35.7465517938905,507.348305186286,572.06499758623,16.9894329043308,15.8997114180799,, ,0.0,0.0,0.0,0.0,0.0,0.0,0.0,0.0,35.2433254,0.0,15.811388300841896
51977,-45.4150470946706,27.6421999999999,310989.4323863,3.61533,333119.0,1425.31,5.47,6.34815,25.35,1.0,5.0,,,,,,, ,0.0,0.0,0.0,0.0,0.0,0.0,0.0,0.0,56.62005143,0.0,18.439088914585774
51978,-45.4197446985378,27.456,1798853.407037,26.1727,2395330.0,1284.57,5.45,6.31675,24.06,0.99,4.95,41.699013352233,485.566787563611,573.978714847716,12.3116620360186,23.4438794816207,,Lake Victoria,0.0,0.0,0.0,0.0,0.0,0.0,0.0,0.0,27.27110628,0.0,27.110883423451916
51979,-45.4180970089843,21.8405999999999,666419.5724081,2.74737,200014.0,1332.76,5.5,6.39861,21.8,1.0,5.0,38.8224092532111,561.635652204664,574.248901746531,22.9843388947654,23.9621812884919,, ,0.0,0.0,0.0,0.0,0.0,0.0,0.0,0.0,50.16378247,0.0,18.973665961010276
51985,-45.3650665255013,42.0728999999999,15128585.141843,109.896,15412200.0,697.62,4.81,5.40507,31.34,0.99,4.98,37.5737133428661,497.839144985406,572.274513366886,17.1051402125897,14.185270023369,5.14502343184728,Lake Herries,0.0,0.0,0.0,0.0,0.0,0.146031317,0.0,27.95677115,11.251842,0.0,46.475800154489
51993,-45.3813274322225,24.751,413072.8539447,1.09702,90508.0,1266.43,4.94,5.64495,20.42,1.0,5.0,,,,,,, ,0.0,0.0,0.0,0.0,0.0,0.0,0.0,0.0,7.223051286,0.0,19.235384061671343
51995,-45.4073672408069,27.4128,554906.1596544,4.6092,421170.0,1292.75,5.06,5.7481,22.88,1.0,5.0,33.0600547914358,507.158966903238,564.304659106782,11.8876632857695,16.0020998372827,, ,0.0,0.0,0.0,0.0,0.0,0.0,0.0,0.0,0.0,0.0,19.235384061671343
51996,-45.3709341873753,26.0473,70723.6195922,1.10514,95953.1,1180.63,4.78,5.4051,20.27,1.0,5.0,,,,,,, ,0.0,0.0,0.0,0.0,0.0,0.0,0.0,0.0,0.0,0.0,19.235384061671343
52001,-45.3709953100618,26.0522999999999,2967420.061617,13.1398,1141070.0,215.68,3.14,2.99658,18.41,1.18,4.49,32.7204763061731,495.120789915534,562.363930964961,11.2999806594382,13.4047163646129,5.24191233333333, ,0.0,0.0,0.0,0.0,0.0,0.0,0.0,95.31531897,0.0,0.0,31.74901573277509
52009,-45.5483618661351,8.67793,177550.0890167,2.12013,61327.9,216.64,3.12,2.53637,0.55,1.0,2.0,,,,,,, ,0.0,0.0,0.0,43.80851684,0.0,0.0,0.0,56.19148316,0.0,0.0,16.1245154965971
52022,-45.5339923487059,9.42465,42690.9368644999,1.01394,31853.4,275.28,3.25,2.70305,1.25,4.0,4.0,,,,,,, ,15.4713156482908,0.0433572202807505,100.0,0.0,0.0,0.0,0.0,0.0,0.0,0.0,13.416407864998739
52026,-45.4951261238677,0.0,514115.2883519,5.14525,358499.0,197.04,0.0,2.751,0.0,0.0,0.0,30.1953257848304,499.125900132953,555.974186901063,13.6223591831853,13.2544548556687,, ,4.97775454814209,0.0433572202807505,25.23952176,0.112429823,0.0,0.0,0.0,74.64804842,0.0,0.0,0.0
52059,-45.4954998159683,24.6634999999999,12031315.2678416,8.49408,698312.0,335.64,3.36,2.88347,2.12,2.7,3.53,28.5909073727059,490.912911304956,553.503672418832,13.9383109438354,17.9922098782797,15.4624366666667, ,9.46912217907839,0.113470167584541,90.3108044,5.012094562,4.313963063,0.0,0.170876981,0.19226099,0.0,0.0,26.076809620810597
52064,-45.4718697001835,24.599,242157.7270439,2.79946,229546.0,275.68,3.46,3.05813,2.06,4.0,4.0,42.9135254605949,563.000851727008,569.942239243635,19.4407446467363,35.8690750450975,4.80841280656231, ,10.0353375665729,0.153894062692794,50.35469937,47.22073336,2.424567267,0.0,0.0,0.0,0.0,0.0,16.1245154965971
52065,-45.4309788603082,21.3809,513181.7092614,3.52521,251240.0,218.16,3.53,3.17454,2.19,4.0,4.0,32.922547516943,496.284601579012,556.362775384697,13.4626925002368,16.2299958113797,5.45854599809766,Lake Henry,13.5188027897555,0.153894062692794,64.79960959,3.530586497,13.32510227,0.0,16.881101609,0.0,1.463600033,0.0,15.165750888103101
52077,-45.3778442658224,24.134,2435017.332811,21.6628,1742700.0,213.02,3.15,2.96074,11.78,0.99,4.97,23.2811110314129,500.217822804406,540.459136308266,13.5263068320216,8.32476739358749,5.68419, ,0.0,0.0,0.0,0.0,0.0,0.0,0.0,100.0,0.0,0.0,28.844410203711913
52080,-45.3801167675259,25.931,1754206.5203868,5.22432,451573.0,234.51,3.14,2.92131,7.41,1.0,5.0,36.3258737830837,522.647490329659,573.179679504743,9.65855190609068,13.6940005885397,5.62752333333333, ,0.0,0.0,0.0,12.89590905,0.0,0.0,0.0,87.10409095,0.0,0.0,18.439088914585774
52083,-45.3743413644104,0.0,306999.6856634,2.05883,147874.0,257.4,0.0,2.93738,0.0,0.0,0.0,,,,,,, ,0.0,0.0,0.0,16.64365187,0.0,0.0,0.0,83.35634813,0.0,0.0,0.0
52087,-45.3682737950407,23.837,489530.5112648,4.49616,357250.0,212.01,3.02,2.80917,7.1,1.0,5.0,26.5303347086106,505.326954989694,551.132969951933,14.1341264967602,12.9955513408441,6.10124855742297, ,0.0,0.0,0.0,0.0,0.0,0.0,0.0,100.0,0.0,0.0,17.88854381999832
52088,-45.4073556743852,11.8526,452395.2967185,5.03087,198763.0,267.83,3.35,3.02879,0.87,4.0,4.0,,,,,,, ,0.0,0.0,1.935086639,11.92319806,0.666214579,63.58320163,19.32703248,2.565266614,0.0,0.0,20.71231517720798
52097,-45.4750917214981,12.3293,72259.8715075,1.35163,55548.8,367.06,3.41,2.99123,3.17,3.0,4.0,39.0536173095372,541.728121784833,569.039190770368,15.2226468956924,18.4705630178089,19.315298333333303, ,4.59734126786129,0.113470167584541,52.8045738,38.0997921,9.095634096,0.0,0.0,0.0,0.0,0.0,13.416407864998739
52098,-45.4671684929997,0.0,397890.6946782,5.90453,191867.0,377.54,0.0,3.02867,0.0,0.0,0.0,36.9448027760112,497.944540599466,570.602732840636,12.7135544736643,18.8833465481099,,Lake Luxmore,6.5457268986789,0.113470167584541,73.61147373,26.38852627,0.0,0.0,0.0,0.0,0.0,0.0,0.0
52099,-45.4721870022231,24.637,111461.5154231,1.56861,128819.0,348.59,3.38,2.9608,4.16,3.0,4.0,,,,,,, ,7.03520411544936,0.113470167584541,74.11946302,0.0,25.88053698,0.0,0.0,0.0,0.0,0.0,15.811388300841896
52112,-45.4605106974814,12.8294,359037.8469267,1.04561,44715.1,398.46,3.38,3.00347,5.16,2.88,2.0,,,,,,, ,25.9408733581739,0.782702474227445,42.84327739,0.226469256,29.64247269,21.77546014,0.0,0.0,0.0,0.0,13.784048752090222
52115,-45.4713846178741,23.8976,1428382.678682,28.8852,2300960.0,488.83,3.52,3.1725,5.36,3.51,1.97,37.5090836792782,512.46218580054,569.250185020249,13.4951951508186,20.845488844565,9.10212466666666,Lake Thomas,5.53273349182592,0.26772058725722,37.42446323,11.77573564,2.408137389,0.0,3.238415862,40.47561752,0.0,0.0,28.284271247461902
52117,-45.4536442030382,0.0,2461094.0804183,8.68651,747569.0,376.96,0.0,2.99028,0.0,0.0,0.0,16.4226762862433,484.225640149598,508.800147934923,12.3510682325309,20.017528379592,, ,17.1189145194005,0.735221039286492,35.11998543,15.03403554,4.838070668,17.03891876,0.0,7.466057691,0.0,0.0,0.0
52133,-45.3247828284402,26.2887999999999,240343.8927161,6.00579,526283.0,836.65,5.48,5.74002,14.6,1.0,5.0,33.6265390178776,501.868418720176,562.886144010849,10.4130811941495,15.7450235717631,4.98331804761904, ,0.0,0.0,0.0,0.0,0.0,0.0,0.0,14.53236694,0.0,0.0,17.88854381999832
52138,-45.2690652515276,26.3130999999999,3244016.23862,15.8791,1392760.0,551.24,5.06,5.21694,22.79,0.99,4.98,39.0532770704117,545.866399145919,572.513165341529,14.8319836903597,21.1739561018857,4.7908598926634,Secretary Lake,0.0,0.0,0.0,0.0,0.0,0.0,0.0,63.02676593,0.0,0.0,26.720778431774775
52139,-45.2647647430839,27.6421999999999,219724.8298113,2.06875,190616.0,596.29,5.09,5.24242,32.7,1.0,5.0,32.4757817675539,488.59237854697,564.495966712432,10.7889670294949,19.8703039745606,4.920766870443365, ,0.0,0.0,0.0,0.0,0.0,0.0,0.0,90.62155792,0.0,0.0,20.248456731316587
52140,-45.2596980613256,27.6421999999999,1934486.558351,12.5611,1157390.0,792.72,5.5,5.97357,26.62,1.0,5.0,41.3680439284878,530.015009902344,573.038673462343,16.0080709549491,10.2419176607206,4.581845957611945, ,0.0,0.0,0.0,0.0,0.0,2.706316604,0.0,41.33160683,1.183901887,0.0,23.643180835073778
52143,-45.2398998732206,31.7333,4263234.073013,18.7338,1981620.0,376.6,4.95,5.16071,32.39,1.0,5.0,33.6771250161234,486.034480900626,552.536922345841,11.1505190267547,20.3424972566461,5.718706643940861, ,0.0,0.0,0.0,0.0,0.0,0.0,0.0,67.85352350800001,0.0,0.0,27.694764848252458
52144,-45.2165353328816,27.6421999999999,772574.6351584,4.7088,433872.0,618.58,5.18,5.34004,21.46,1.0,5.0,33.9660322820491,504.361492025645,562.005826408099,15.0669044318722,15.8833958394203,4.81353443661184,Lake Astelia,0.0,0.0,0.0,0.0,0.0,0.0,0.0,76.48843327,0.0,0.0,19.748417658131498
52147,-45.2089041900119,27.5717,3704941.127417,27.7882,2553900.0,607.85,5.04,5.32578,29.14,0.99,4.96,37.6840233254123,497.978891340443,572.243638496171,11.7922876876408,10.6801015217203,4.83849265354461,Lake Dora,0.0,0.0,0.0,0.0,0.0,0.0,0.0,63.03828362,0.0,0.0,28.74021572639983
52148,-45.2026889054667,27.6421999999999,2231378.164261,18.9856,1749340.0,595.82,5.0,5.26959,31.3,0.99,4.97,40.7283324520397,556.123261409668,573.90225361591,24.259153184171,16.58754328974,4.20511318933477,Lake Pan,0.0,0.0,0.0,0.0,0.0,0.0,0.0,53.47605479,0.0,0.0,25.219040425836983
52151,-45.3219743374745,27.7769,2448408.2850901,4.70017,435187.0,549.08,5.25,5.66887,29.52,0.98,4.9,33.7732585023408,507.070070746995,569.82860440331,5.91028608830182,11.741906636359,4.41294329797072, ,0.0,0.0,0.0,0.0,0.0,0.0,0.0,41.69542617,0.0,0.0,19.235384061671343
52152,-45.3134513403353,27.5528,1509113.280162,29.9925,2754590.0,880.42,5.32,5.79942,28.08,0.96,4.83,24.2321401324208,491.394934404675,543.495952834677,11.0572678262271,18.8832341783056,4.4684942140998505, ,0.0,0.0,0.0,0.0,0.0,0.0,0.0,0.324596703,0.0,0.0,27.748873851023216
52154,-45.3058686461799,27.6421999999999,739088.0866325,2.65735,244850.0,998.61,5.62,6.23895,25.34,1.0,5.0,38.396702486576,499.58040570465,572.452128503986,14.1422307815241,17.2214319384665,, ,0.0,0.0,0.0,0.0,0.0,0.0,0.0,0.0,0.0,0.0,20.97617696340303
52155,-45.3411964406702,27.6421999999999,1519235.7108634,7.34763,677016.0,894.76,5.21,5.76192,23.25,1.0,5.0,33.951709891322,502.593440258919,564.358411625164,15.1749024161704,13.3278847268635,4.27968634755161, ,0.0,0.0,0.0,0.0,0.0,0.0,0.0,1.598452911,0.0,0.0,24.289915602982237
52156,-45.3376460925995,27.6421999999999,129754.7677753,2.92913,269892.0,1239.91,5.41,6.09058,20.76,1.0,5.0,,,,,,, ,0.0,0.0,0.0,0.0,0.0,0.0,0.0,0.0,0.0,0.0,17.60681686165901
52158,-45.2466934284806,27.6421999999999,1022748.8392943,1.91911,176828.0,695.34,4.62,4.85205,32.75,1.0,5.0,,,,,,4.20903965027232, ,0.0,0.0,0.0,0.0,0.0,0.0,0.0,31.74905276,0.0,0.0,16.73320053068151
52159,-45.2429736560771,27.6421999999999,1005163.313487,12.9483,1193070.0,695.45,4.96,5.32313,33.29,1.0,5.0,36.1487101580975,552.599995142139,573.12270716586,7.27491453711706,10.995924702195,4.531950716314006, ,0.0,0.0,0.0,0.0,0.0,0.0,0.0,27.11875069,0.0,0.0,22.80350850198276
52160,-45.2701248206296,27.6421999999999,309468.6217451,6.15293,566935.0,963.34,4.97,5.4684,22.27,1.0,5.0,30.967439720726,557.14595923527,570.003648913491,8.55734439240831,8.61859438899092,4.54159333333333, ,0.0,0.0,0.0,0.0,0.0,0.0,0.0,0.0,0.0,0.0,20.0
52165,-45.3453017521619,29.7601,14793582.9662895,5.42705,538366.0,448.18,4.74,5.17838,29.69,0.99,4.98,,,,,,69.7411022333333, ,0.0,0.0,0.0,0.109420811,0.0,0.0,0.0,33.03525802,2.8059722149999997,0.0,21.213203435596427
52167,-45.336906420958,30.9678,18505405.319474,17.5582,1812460.0,405.7,4.68,5.10745,30.38,0.99,4.98,27.1618102767252,494.699730801613,553.807915852722,11.2469529892749,15.5710132510774,6.13451637034896,Lake Norma,0.0,0.0,0.0,0.088881165,0.0,0.0,0.0,39.314015785,2.5303730140000003,0.0,24.49489742783178
52170,-45.3428413802119,27.6421999999999,593280.0614011,5.79811,534242.0,1055.56,5.39,6.17895,28.59,1.0,5.0,37.8476054407786,579.650674398785,587.348435939549,15.0418659836826,21.6358510549618,3.97621813374711, ,0.0,0.0,0.0,0.0,0.0,0.0,0.0,0.0,0.0,0.0,20.493901531919196
52171,-45.3411983706287,27.6421999999999,628687.6905866,7.70475,709921.0,1179.31,5.23,5.95368,25.33,1.0,5.0,37.7581094963252,533.879457685589,573.603092612559,13.0157955816921,15.2669866167575,, ,0.0,0.0,0.0,0.0,0.0,0.0,0.0,0.0,52.71548253,0.0,21.213203435596427
52176,-45.3314674619401,27.6421999999999,889165.136975,11.8646,1093210.0,1244.0,5.54,6.42523,25.4,1.0,5.0,39.1032189570536,548.888970586748,574.97502133492,19.1556176048851,16.3870374355788,, ,0.0,0.0,0.0,0.0,0.0,0.0,0.0,0.0,31.47542491,0.0,22.135943621178654
52177,-45.3435254573806,26.2887999999999,11058147.929376,10.5384,923470.0,734.82,4.63,5.09418,27.46,1.0,5.0,42.1740109199701,502.232429006909,573.503152526599,12.979794812132,21.4419728860599,4.20824971738837,Lake Freeman,0.0,0.0,0.0,0.0,0.0,0.0,0.0,12.20476871,10.205271782999999,0.0,23.874672772626646
52181,-45.3260106320628,25.9527,5612020.910578,16.9114,1462990.0,779.92,4.85,5.46509,26.75,1.0,5.0,39.8974272521748,563.399800667012,571.544851340562,15.3549150648959,10.6168330307163,4.32262263857642,Lake Minerva,0.0,0.0,0.0,0.0,0.0,0.0,0.0,4.398658761,8.666451967,0.0,24.596747752497688
52182,-45.3172767840567,27.6421999999999,127303.8652956,2.14765,197886.0,1214.56,5.03,5.70512,19.91,1.0,5.0,,,,,,, ,0.0,0.0,0.0,0.0,0.0,0.0,0.0,0.0,54.58912984,0.0,21.908902300206645
52184,-45.3080315443236,27.6421999999999,583417.3507693,1.48956,137249.0,952.62,4.96,5.60753,25.98,1.0,5.0,38.3262453768228,555.380779700344,569.761534030155,20.2953763743939,18.8751635954014,4.79595128205128, ,0.0,0.0,0.0,0.0,0.0,0.0,0.0,0.840595745,22.09922622,0.0,21.908902300206645
52186,-45.3089238151151,27.6421999999999,893723.8469208,7.64248,704184.0,1019.89,4.99,5.65844,25.72,1.0,5.0,36.5975171120742,559.275753496309,571.725474592413,17.0329352619856,20.0835521466715,,Lake Tuaraki,0.0,0.0,0.0,0.0,0.0,0.0,0.0,0.0,22.34215553,0.0,20.97617696340303
52188,-45.3115812933601,27.6421999999999,448780.732313,2.03391,187406.0,1143.59,5.24,6.06658,26.66,1.0,5.0,33.9913053734487,538.633847432556,572.782106572288,18.3816186830976,10.3761865175557,, ,0.0,0.0,0.0,0.0,0.0,0.0,0.0,0.0,23.91991467,0.0,20.73644135332772
52190,-45.3024886677381,27.638,8851887.5139102,8.80444,811125.0,653.83,4.49,4.94831,29.27,0.99,4.98,29.2067973714562,496.348726241615,559.526623686005,8.42078966580757,8.68221642676084,4.3280966648085,Lake Boomerang,0.0,0.0,0.0,0.0,0.0,0.0,0.0,20.385119234999998,16.387004918,0.0,24.73863375370596
52192,-45.2920789992384,27.6421999999999,192182.6546871,1.13603,104675.0,1043.54,4.76,5.20257,31.07,1.0,5.0,,,,,,15.9692066666667, ,0.0,0.0,0.0,0.0,0.0,0.0,0.0,0.0,0.0,0.0,15.165750888103101
52194,-45.2674334745955,27.6549,1190914.853633,14.5377,1340130.0,1034.14,5.18,5.77856,24.87,1.0,5.0,22.5105892146224,489.253013522538,519.099122124483,14.0370363663932,18.4082481071869,4.45562799782207, ,0.0,0.0,0.0,0.0,0.0,0.0,0.0,0.0,0.0,0.0,23.748684174075834
52196,-45.2689362229811,27.6421999999999,249802.809639,1.38438,127558.0,1259.65,5.0,5.58109,22.6,1.0,5.0,,,,,,, ,0.0,0.0,0.0,0.0,0.0,0.0,0.0,0.0,38.88568331,0.0,19.748417658131498
52199,-45.2646953147962,26.2887999999999,628230.3109517,4.77227,418191.0,1030.04,5.35,6.0416,25.95,1.0,5.0,29.6253398115176,554.12237538029,572.428365312041,19.0887863641335,9.74518138438006,, ,0.0,0.0,0.0,0.0,0.0,0.0,0.0,0.0,0.0,0.0,18.16590212458495
52202,-45.1467724105176,19.2626999999999,6399229.9539399,2.20892,141832.0,593.36,4.25,4.4596,28.25,1.0,5.0,34.2734353802562,487.428476453714,570.81745432916,15.311255449982,23.2363163879139,19.5033963333333, ,0.0,0.0,0.0,4.504572918,0.0,0.0,0.0,54.39432009,0.766039016,0.0,16.73320053068151
52203,-45.1364306614125,27.6421999999999,701457.1149092,4.95631,456678.0,861.57,4.83,5.36142,32.83,1.0,5.0,36.8314451204682,566.485276481215,573.723216178321,9.59538248219006,10.9634679686238,4.749808003843115, ,0.0,0.0,0.0,0.0,0.0,0.0,0.0,7.307669177,0.0,0.0,18.973665961010276
52204,-45.1508328752872,27.4128,509063.8274634,6.50036,593976.0,1071.3,5.01,5.64332,26.33,1.0,5.0,37.7057030842733,541.733726538406,572.977119945732,10.9844699260472,10.2542398076243,, ,0.0,0.0,0.0,0.0,0.0,0.0,0.0,0.0,0.0,0.0,19.748417658131498
52205,-45.1530563958028,27.5417999999999,2299614.616365,11.1005,1019090.0,727.06,4.64,5.10607,29.92,1.0,5.0,38.9226809440626,546.14450679991,572.832064395586,9.67193481175,9.93018026063227,4.593949521812345, ,0.0,0.0,0.0,0.0,0.0,0.0,0.0,33.9922292,0.0,0.0,22.80350850198276
52206,-45.1430947622813,27.6421999999999,605241.3583943,9.41806,867787.0,1033.34,4.75,5.26528,24.8,1.0,5.0,23.3896413038656,483.47421720125,530.859642920446,12.6339158903562,27.8835067664852,4.732069221082245, ,0.0,0.0,0.0,0.0,0.0,0.0,0.0,0.0,0.0,0.0,20.97617696340303
52209,-45.1866343369378,27.6421999999999,444558.1649552,3.04897,280934.0,1049.91,4.64,5.11795,19.78,1.0,5.0,30.9612749421902,560.850324485827,573.583262307466,16.6148911783596,12.8436320750363,, ,0.0,0.0,0.0,0.0,0.0,0.0,0.0,0.0,0.0,0.0,19.235384061671343
52221,-45.1633437925904,27.6549,3072733.28433,13.6916,1262130.0,621.86,4.59,5.14374,37.27,1.0,5.0,30.5530174559774,497.751202469418,568.243973034582,11.7119843393411,8.69364683802899,4.45808646390532,Tawera Tarn,0.0,0.0,0.0,0.0,0.0,0.0,0.0,14.79662674,13.59422379,0.0,27.27636339397171
52224,-45.1204407484223,27.6421999999999,1391983.8696204,7.46183,687539.0,778.03,4.96,5.44721,26.37,1.0,5.0,25.0243045993456,567.519437004064,573.033944586587,15.8884160042465,18.0257523099503,4.97335309384676, ,0.0,0.0,0.0,0.0,0.0,0.0,0.0,51.48739498,0.790210112,0.0,22.360679774997898
52232,-45.0925141406681,26.2887999999999,693178.3563467,6.47682,567560.0,1056.05,5.0,5.66429,22.34,1.0,5.0,2.48948109808589,578.078153574548,580.624189343692,9.21055769659523,37.7151639803604,, ,0.0,0.0,0.0,0.0,0.0,0.0,0.0,0.0,0.0,0.0,19.748417658131498
52235,-45.1295829795802,34.551,3763986.457383,28.0765,3233560.0,624.78,4.05,4.3633,31.4,0.98,4.92,28.9276701039069,506.64477650206,560.080259302883,6.42380926875453,5.9583530987788,4.7899947759563855,Myth Tarn,0.0,0.0,0.0,3.333004258,0.0,0.0,0.0,36.89722338,1.657632755,0.0,31.432467291003423
52240,-45.0676632170786,27.5528,3848147.953749,54.5823,5012990.0,624.03,4.49,4.86219,28.23,0.96,4.83,26.3633675501969,540.690637280316,558.441530262759,10.551727892438,13.1554802267514,4.75022209313725,Lake Shirley,0.0,0.0,0.0,0.0,0.0,0.0,0.0,63.689540484,4.175713232,0.0,41.49698784249286
52241,-45.0802988748398,27.6421999999999,1599355.010937,14.0046,1290390.0,741.39,4.56,5.02319,33.58,1.0,5.0,34.3714326712531,503.056859382215,569.522332337506,14.7992452465282,14.3877857279828,4.40829204517842, ,0.0,0.0,0.0,0.0,0.0,0.0,0.0,13.517368837,0.0,0.0,24.08318915758459
52243,-45.0693726064329,28.6613,175328308.807551,265.083,25325400.0,16.53,3.42,3.41189,31.97,0.99,4.78,31.7576239194155,494.034571440128,559.986648420326,12.6098073456041,11.344248355444,5.5981459637882,Lake Marchant,0.0,0.0,0.0,0.5341834590000001,0.0,0.040492126,0.0,66.666201571,1.742058873,0.0,58.01723881744115
52244,-45.0780348964831,31.3988,10344399.0145939,4.21734,441398.0,45.64,3.03,2.8882,32.2,1.0,4.95,,,,,,21.404455932995653, ,0.0,0.0,0.0,0.036684705,0.0,0.0,0.0,64.354395559,5.685586621000001,0.0,20.248456731316587
52246,-45.0484709387382,9.62519,89677105.8340689,2.01491,64646.3,36.22,3.09,2.92715,31.29,0.99,4.79,34.0996768331676,490.718756892828,568.732591500858,12.152018249884,13.3153661103668,7.70097966666667, ,0.0,0.0,0.0,0.579457662,0.0,0.076312832,0.0,69.99935011,0.82561847,0.0,15.165750888103101
52247,-45.0582817218058,27.5417999999999,1547519.240466,14.4366,1325360.0,772.63,4.16,4.52401,26.78,1.0,5.0,26.19247594905,569.841668301749,577.075756138904,17.5022362082459,26.9609761482341,4.61795203778489, ,0.0,0.0,0.0,0.0,0.0,0.0,0.0,22.65998387,0.0,0.0,23.916521486202797
52250,-45.2603044192182,21.8405999999999,400504.1217401,3.33774,242994.0,1079.57,5.34,6.01625,22.36,1.0,5.0,21.9399347656799,570.363903157366,575.268160390799,14.10852617484,34.934323678051,, ,0.0,0.0,0.0,0.0,0.0,0.0,0.0,0.0,0.048582413,0.0,20.493901531919196
52251,-45.2553946061203,27.6421999999999,676460.2697933,2.82532,260327.0,998.96,5.44,6.17255,34.03,1.0,5.0,,,,,,4.3193496409723, ,0.0,0.0,0.0,0.0,0.0,0.0,0.0,0.0,1.891761829,0.0,17.320508075688775
52254,-45.2670991309716,27.638,3049944.963818,29.3841,2707060.0,862.92,4.52,4.90689,28.71,0.98,4.91,16.7139565441234,564.55189681758,570.844767229848,22.5201241219855,28.1024882301412,4.806187331222921, ,0.0,0.0,0.0,0.0,0.0,0.0,0.0,6.297002539,4.905790955,0.0,31.432467291003423
52256,-45.2496375844696,27.6421999999999,742478.6846629,5.89203,542896.0,957.54,5.09,5.71123,29.03,1.0,5.0,3.19923127572065,580.493472702003,582.349529904092,15.3400631212557,34.7495393004037,, ,0.0,0.0,0.0,0.0,0.0,0.0,0.0,0.0,0.0,0.0,18.439088914585774
52257,-45.2521244716752,27.4128,1129368.4755995,2.29761,209946.0,954.32,5.11,5.76588,26.54,1.0,5.0,32.3187675902685,520.097161853015,569.780453328211,9.6415699220238,15.9907785791172,, ,0.0,0.0,0.0,0.0,0.0,0.0,0.0,0.0,0.0,0.0,16.1245154965971
52258,-45.2462354532483,27.456,4149013.591387,33.9734,3109240.0,859.66,4.94,5.52561,29.7,0.99,4.98,26.9213731004921,491.141776359688,543.991004399979,16.9854392975699,20.2384131524115,4.24799031451455, ,0.0,0.0,0.0,0.0,0.0,0.0,0.0,0.0,5.150871297,0.0,30.0
52267,-45.2897499086527,27.6421999999999,343112.9114656,1.22943,113280.0,915.36,4.71,5.26087,28.22,1.0,5.0,,,,,,, ,0.0,0.0,0.0,0.0,0.0,0.0,0.0,33.70219308,19.56640417,0.0,20.97617696340303
52268,-45.2859241849147,27.4086,3209534.993564,13.3527,1219930.0,909.79,4.77,5.32225,25.05,1.0,5.0,38.3295796020108,531.133629791655,575.474006091709,17.0717488081878,20.8631251850132,4.3448574463695895,Lake Eva,0.0,0.0,0.0,0.0,0.0,0.0,0.0,0.012089901,17.68149828,0.0,24.73863375370596
52269,-45.280047863211,24.751,2359693.648752,17.7309,1462850.0,914.82,4.85,5.45818,26.81,1.0,5.0,32.4267606501098,495.077541586469,560.207375556396,13.8580064751364,21.4111084195386,3.97621813374711,Lake Ione,0.0,0.0,0.0,0.0,0.0,0.0,0.0,0.0,22.1480273,0.0,27.92848008753788
52274,-45.2459422717026,29.6127,18227691.048163,26.2686,2592950.0,410.98,4.13,4.36671,30.02,0.99,4.98,10.2016509886522,484.044032346717,491.96827922886,10.457143497795,27.5071289905019,5.6854990770530645,Hidden Lake,0.0,0.0,0.0,0.098909716,0.0,0.0,0.0,31.23692895,4.328401243,0.0,33.166247903554
52280,-45.2503414062619,27.4128,1146504.77956,1.40453,128340.0,1042.01,5.0,5.69545,29.55,1.0,5.0,,,,,,5.86300146832805, ,0.0,0.0,0.0,0.0,0.0,0.0,0.0,0.0,20.19788043,0.0,14.832396974191326
52292,-45.2287140481936,54.9577999999999,22066185.792944,41.4299,7589650.0,268.27,4.18,4.27789,29.49,0.99,4.99,32.905049323925,509.234529214977,572.646723024755,9.62535688582673,13.5622945598412,1.04844906171606,Teardrop Lake,0.0,0.0,0.0,0.74233524,0.0,0.0,0.0,58.441739747,0.48134848500000005,0.0,34.785054261852174
52295,-45.2146372611559,26.2887999999999,234494.28915,4.53794,397657.0,832.55,4.72,5.11168,15.81,1.0,5.0,21.9329737776594,484.748805157082,513.358675838805,11.7132044132176,25.0188458253161,4.93829182221397, ,0.0,0.0,0.0,0.0,0.0,0.0,0.0,44.26378938,0.0,0.0,18.439088914585774
52296,-45.1962553963064,27.6421999999999,852579.7644719,2.71422,250090.0,798.18,4.76,5.14398,27.16,1.0,5.0,15.3745849825231,489.024759235226,497.928402390333,11.9074850483234,21.0212453931062,4.49123864835116, ,0.0,0.0,0.0,0.0,0.0,0.0,0.0,28.50023346,0.0,0.0,15.165750888103101
52297,-45.1926117063819,26.2887999999999,677951.3198587,5.03796,441473.0,799.8,4.86,5.27505,27.75,1.0,5.0,24.174830792485,493.814749393368,551.746028566542,12.3368011528558,15.2196049459061,4.36459418846987, ,0.0,0.0,0.0,0.0,0.0,0.0,0.0,19.6513888,0.0,0.0,18.973665961010276
52298,-45.1345740710006,27.6421999999999,837705.025816999,14.5433,1340030.0,873.47,5.05,5.44001,26.63,1.0,5.0,38.2319886635114,508.872745052781,572.379091745965,16.5627067363845,19.4019734020834,4.62426610198535, ,0.0,0.0,0.0,0.0,0.0,0.0,0.0,0.08037258,0.0,0.0,23.021728866442675
52299,-45.183374978459,27.6421999999999,217466.5338373,1.22124,112526.0,918.82,4.68,5.01685,31.83,1.0,5.0,,,,,,, ,0.0,0.0,0.0,0.0,0.0,0.0,0.0,0.0,0.0,0.0,22.135943621178654
52300,-45.1605262239784,12.6039999999999,195877.7642832,5.37108,225657.0,353.53,3.92,3.88267,6.87,1.0,5.0,,,,,,7.329919064916975, ,0.0,0.0,0.0,0.0,0.0,0.0,0.0,100.0,0.0,0.0,22.135943621178654
52301,-45.1586457878612,31.0784999999999,256497.80103,5.64638,584937.0,345.86,3.84,3.76834,9.72,1.0,5.0,38.8980543317557,521.378039407101,571.556437978984,19.9427778376694,20.219894685568,4.94528796428571, ,0.0,0.0,0.0,0.0,0.0,0.0,0.0,100.0,0.0,0.0,18.973665961010276
52302,-45.1325547632292,27.6421999999999,1144907.9780848,3.5616,328169.0,855.07,5.06,5.62603,26.65,1.0,5.0,37.3798868908608,490.479185697774,566.637997886589,17.2281465942194,29.7750094435153,4.0986543943006, ,0.0,0.0,0.0,0.0,0.0,0.0,0.0,13.76887278,0.0,0.0,17.029386365926403
52303,-45.2392184827986,27.6421999999999,343891.6210768,5.62077,517902.0,1024.77,5.11,5.68499,22.99,1.0,5.0,32.2736074039633,490.330800783372,557.980081437791,12.4271084231217,21.2640085113977,5.25656595852187, ,0.0,0.0,0.0,0.0,0.0,0.0,0.0,0.0,0.0,0.0,17.60681686165901
52306,-45.2163679058934,27.6421999999999,1289176.081276,10.0176,923030.0,914.36,4.92,5.46201,31.29,1.0,5.0,36.1702605490929,488.990652151265,567.191357639707,11.7388935108567,20.4832626310079,4.05448852515605, ,0.0,0.0,0.0,0.0,0.0,0.0,0.0,0.0,0.0,0.0,27.110883423451916
52307,-45.2041486924723,27.638,1281892.487181,17.8426,1643780.0,963.54,5.11,5.7327,24.67,1.0,5.0,21.3485631602416,489.435815254811,509.877677831451,11.0818143157875,19.2129434064847,4.46177781286405, ,0.0,0.0,0.0,0.0,0.0,0.0,0.0,0.0,0.0,0.0,25.92296279363144
52308,-45.1931652913054,27.6421999999999,649851.3059958,4.4059,405963.0,916.8,4.96,5.50107,24.39,1.0,5.0,31.3470901980048,504.590647590394,557.747018347087,13.5107064267222,15.970741636178,4.39054927854172, ,0.0,0.0,0.0,0.0,0.0,0.0,0.0,1.245405266,0.0,0.0,20.97617696340303
52309,-45.2042650403178,27.6421999999999,227331.5468988,2.74647,253062.0,1162.58,5.02,5.63608,23.29,1.0,5.0,41.1095648458524,522.000005964567,572.090721357625,10.6629102723705,9.35686894150718,, ,0.0,0.0,0.0,0.0,0.0,0.0,0.0,0.0,0.0,0.0,20.493901531919196
52312,-45.2414884094511,21.8405999999999,911091.2170195,1.72155,125332.0,986.71,4.73,5.3006,25.97,1.0,5.0,,,,,,, ,0.0,0.0,0.0,0.0,0.0,0.0,0.0,0.0,6.140654694,0.0,20.493901531919196
52321,-45.208565475402,27.6421999999999,380066.2212695,4.45969,410919.0,1239.68,5.05,5.7795,21.59,1.0,5.0,41.9803934057062,487.496666888641,574.192753035454,10.1725564138847,18.893564390195,, ,0.0,0.0,0.0,0.0,0.0,0.0,0.0,0.0,21.23966715,0.0,20.493901531919196
52322,-45.215673670322,27.6421999999999,1432434.2320351,5.13539,473179.0,867.62,4.51,5.02159,29.86,1.0,5.0,32.5575269442201,491.503981679856,566.139791865777,12.3739096410723,18.2095523340906,4.4421763236466, ,0.0,0.0,0.0,0.0,0.0,0.0,0.0,2.504667669,9.581393559,0.0,21.908902300206645
52328,-45.2033590432145,27.6421999999999,312374.0239375,2.66857,245884.0,1052.82,4.99,5.66472,25.74,1.0,5.0,33.652755503257,492.976652559392,569.382726163903,14.8893403231511,16.7652391230069,, ,0.0,0.0,0.0,0.0,0.0,0.0,0.0,0.0,0.0,0.0,16.1245154965971
52329,-45.2050435656905,19.2626999999999,170836.5981241,1.98347,127357.0,1117.79,4.86,5.52447,18.11,1.0,5.0,,,,,,, ,0.0,0.0,0.0,0.0,0.0,0.0,0.0,0.0,11.75611947,0.0,15.491933384829668
52335,-45.1972621894036,13.3646999999999,1556090.1649108,5.20867,232040.0,874.97,4.91,5.57714,22.96,1.0,5.0,39.3788785019617,545.868155498206,567.066794942292,17.8709302068175,29.8039927453597,6.17075904666613, ,0.0,0.0,0.0,0.0,0.0,0.0,0.0,4.492283242,1.302582681,0.0,21.6794833886788
52338,-45.1799174442692,27.6421999999999,789656.9402175,5.36669,494491.0,949.68,4.98,5.54965,23.66,1.0,5.0,30.1666417741069,508.99973493701,571.530898739474,7.15409604002149,11.8671828256003,4.89806480636655, ,0.0,0.0,0.0,0.0,0.0,0.0,0.0,0.0,0.0,0.0,19.748417658131498
52339,-45.1819285487194,27.6421999999999,340631.9342602,4.84715,446620.0,1033.25,4.95,5.50238,25.92,1.0,5.0,32.5798647991171,561.459308263352,574.648641483078,9.12524253794529,9.88993978583788,, ,0.0,0.0,0.0,0.0,0.0,0.0,0.0,0.0,0.0,0.0,17.60681686165901
52340,-45.1736976347364,27.7896,1820490.386478,21.5206,1993490.0,547.24,4.47,4.80684,27.52,0.96,4.82,33.7996965340293,493.264773996952,558.978448880448,13.1265582979868,21.8410476870207,5.22597824330775, ,0.0,0.0,0.0,0.0,0.0,0.0,0.0,62.79747436,1.200417349,0.0,24.979991993593593
52343,-45.053189889081,26.0473,489206.8791832,2.82028,244869.0,826.53,4.35,4.79243,28.2,1.0,5.0,39.2547952123766,506.580462893486,570.235479126662,12.4116439729703,19.5123027425212,4.61668581155182, ,0.0,0.0,0.0,0.0,0.0,0.0,0.0,3.680448067,0.0,0.0,22.80350850198276
52344,-44.9999365836963,31.2578,6376174.70314,29.6184,3086020.0,360.9,4.04,4.21019,28.97,0.99,4.97,37.5048072335177,550.179467421893,567.493577539304,11.2891105079449,19.0568113549564,5.22597824330775, ,0.0,0.0,0.0,0.0,0.0,0.537769434,0.0,78.68496857,0.0,0.0,30.463092423455635
52355,-44.9985313411694,27.3321,1113774.887303,18.1191,1650780.0,700.11,4.41,4.80486,29.89,0.97,4.87,40.2219159418975,561.784635682339,577.379172732404,13.8601439615329,15.2121293278828,4.739912736161145,Three Duck Lake,0.0,0.0,0.0,0.0,0.0,0.0,0.0,69.96718325,0.0,0.0,26.457513110645905
52358,-44.9792559514428,43.1796,5724808.655814,41.9625,6039750.0,385.38,4.16,4.47179,34.49,0.97,4.86,37.6740208769819,554.960088909475,571.58662887039,12.8432856284813,18.8386092081265,5.17044192296142, ,0.0,0.0,0.0,0.0,0.0,0.0,0.0,79.02989805,0.473652584,0.0,38.66522985836241
52360,-45.0063897040112,38.2903,4602618.9467392,2.77383,354035.0,319.3,3.74,3.8856,34.09,1.0,5.0,39.8839888561855,506.471820923394,573.602542033265,18.2471539080617,19.4661935270218,5.52681276995132, ,0.0,0.0,0.0,0.0,0.0,1.209259944,0.0,60.6798373,0.606500801,0.0,16.1245154965971
52362,-44.946633417581,26.5332,983245.1799167,4.93832,436764.0,531.75,4.06,4.30868,28.36,1.0,5.0,35.6974149227362,533.922566996134,567.98741287699,14.3365457053712,20.4002755462006,5.386766155122626, ,0.0,0.0,0.0,0.0,0.0,0.0,0.0,79.23687143,0.0,0.0,17.88854381999832
52363,-45.341130402775,27.6421999999999,74231.951086,1.99292,183629.0,1242.11,5.1,5.85475,16.9,1.0,5.0,,,,,,, ,0.0,0.0,0.0,0.0,0.0,0.0,0.0,0.0,0.0,0.0,15.165750888103101
52370,-45.3438233810045,27.4128,919456.4687305,6.70568,612738.0,1172.72,5.14,5.91122,24.45,1.0,5.0,36.7650385084165,531.11532644944,567.877963713765,14.6044034398026,14.7599400873384,4.09388323753415, ,0.0,0.0,0.0,0.0,0.0,0.0,0.0,0.0,12.851425674,0.0,20.0
52372,-45.344360531774,14.8278,525422.3940341,5.8919,291213.0,1216.06,5.21,6.04145,21.84,1.0,5.0,34.8444431989326,563.361060853883,575.335293720212,16.4186429098743,10.9624238457643,4.28571506148022, ,0.0,0.0,0.0,0.0,0.0,0.0,0.0,0.0,0.245916037,0.0,19.235384061671343
52374,-45.3239311355566,27.6421999999999,354665.84874,10.4817,965787.0,1453.35,5.56,6.51386,21.85,1.0,5.0,26.0812989098606,482.376344159758,531.537158870594,13.5834928778572,23.9606870204113,, ,0.0,0.0,0.0,0.0,0.0,0.0,0.0,0.0,66.08959221,0.0,21.6794833886788
52380,-45.3051466458475,28.4545999999999,12121471.607931,14.0277,1330510.0,633.06,4.33,4.73214,29.21,0.99,4.99,31.6342430781617,500.535529586122,562.732449851606,7.70705109599099,11.0855073571724,4.905611411909391,Lake Cecil,0.0,0.0,0.0,0.0,0.0,0.0,0.0,29.944664701,13.567378746,0.0,26.229754097208
52382,-45.3049364404025,18.6396,13071735.6500973,2.64903,164590.0,530.9,4.11,4.44437,29.06,0.99,4.99,36.5289558644381,557.497639955046,571.23064258457,18.8316208934648,20.8247313504363,5.4578948142186, ,0.0,0.0,0.0,0.0,0.0,0.0,0.0,33.815581433999995,12.440829057,0.0,15.165750888103101
52384,-45.34722331385,17.2608999999999,2772228.2819752,9.27349,533563.0,853.6,4.59,5.15779,28.16,1.0,5.0,36.773158098074,503.015192779472,569.38041408769,15.2991849992158,27.1882418444548,6.07410163006302, ,0.0,0.0,0.0,0.0,0.0,0.0,0.0,11.14324876,5.7592595730000005,0.0,23.68543856465402
52386,-45.3472151323652,27.6421999999999,650443.8897639,2.24137,206522.0,965.76,4.23,4.64449,30.23,1.0,5.0,,,,,,, ,0.0,0.0,0.0,0.0,0.0,0.0,0.0,0.118207408,0.0,0.0,17.029386365926403
52389,-45.29580822581,42.5236,2576328.607152,59.1191,8379870.0,778.31,4.38,4.8208,21.34,0.99,4.96,32.6355267329044,491.774707215275,568.932214206103,15.2318068615554,19.9607372525488,4.84375247086255,Lake Hall,0.0,0.0,0.0,0.0,0.0,0.0,0.0,40.70383754,1.094962781,0.0,38.57460304397182
52391,-45.293929577697,17.1143,945070.8201201,8.26333,471403.0,773.15,4.25,4.6535,15.42,1.0,5.0,35.2054737153567,554.206888373942,574.136053082413,17.4165035106455,17.425149441842,5.490013026632321, ,0.0,0.0,0.0,0.0,0.0,0.0,0.0,81.74315857,0.0,0.0,22.80350850198276
52392,-45.2911447560984,17.3939999999999,422015.7983301,2.88008,166987.0,768.91,4.35,4.80305,16.84,1.0,5.0,32.8747018537189,485.072184865359,566.347484879105,11.000432472098,22.6249679102117,5.22702702380245, ,0.0,0.0,0.0,0.0,0.0,0.0,0.0,89.45179574,0.0,0.0,20.73644135332772
52393,-45.2761931587506,53.1407,57906271.877178,100.095,17730400.0,306.15,3.69,3.8434,27.79,0.99,4.97,5.48753792348391,482.988191917589,493.654095840927,10.4485410479486,27.1615261665174,1.05255891858142,Lake Hilda,0.0,0.0,0.0,0.132186101,0.0,0.0,0.0,44.894155948999995,8.727466876,0.0,44.78839135311738
52397,-45.2547674562775,53.4401999999999,51066839.151134,155.853,27762600.0,318.76,3.76,3.92622,27.75,0.99,4.97,36.3856921300202,501.152297529767,570.919889765407,15.9379210049404,14.9226589984403,1.03904785833081,Lake Te Au,0.0,0.0,0.0,0.150124369,0.0,0.0,0.0,42.050817322,8.716448434999998,0.0,50.37856687124
52399,-45.2528847867835,27.6409999999999,1130515.9743093,7.20319,663679.0,552.16,3.82,4.03002,20.58,1.0,5.0,37.5473336699166,563.650997923797,574.208499368224,10.6037633183033,10.4100908752646,5.02133074669157, ,0.0,0.0,0.0,1.931677329,0.0,0.0,0.0,87.51386426,0.0,0.0,22.58317958127243
52400,-45.2860274486835,27.6421999999999,5546046.6688198,8.99297,828618.0,706.47,4.22,4.69431,26.45,1.0,5.0,32.4562142860255,485.757389074997,560.887786060083,12.3353311505751,22.3239264762678,4.36087807731264, ,0.0,0.0,0.0,0.0,0.0,0.0,0.0,31.503594651,0.0,0.0,21.6794833886788
52407,-45.2287770931891,25.4679,994198.6690732,4.70909,399769.0,1137.89,4.75,5.47677,21.12,1.0,5.0,35.1928813862729,498.906320470657,567.246368249213,10.3725937870292,18.5446168727548,, ,0.0,0.0,0.0,0.0,0.0,0.0,0.0,0.0,3.082350233,0.0,17.320508075688775
52408,-45.2404196442363,14.8278,147127.9460278,1.15509,57091.6,1111.67,4.27,4.81942,32.96,1.0,5.0,,,,,,, ,0.0,0.0,0.0,0.0,0.0,0.0,0.0,0.0,0.0,0.0,16.431676725154983
52410,-45.236679651489,26.0473,11295191.520339,14.3314,1244310.0,580.98,3.77,4.09796,27.01,1.0,5.0,33.916714596856,487.484746970001,565.131960452966,12.1981326133561,20.3645871663185,66.2406833333334, ,0.0,0.0,0.0,0.40480157,0.0,0.023054568,0.0,23.240828146000002,2.802171257,0.0,27.110883423451916
52411,-45.2306841934786,17.1143,1943422.9391901,7.64912,436363.0,869.22,4.29,4.86352,26.71,1.0,5.0,26.5388151705061,494.799781299864,553.224510377436,11.3047948984278,16.1860721366457,, ,0.0,0.0,0.0,0.0,0.0,0.138150503,0.0,29.37048626,2.508449309,0.0,20.0
52416,-45.215264408557,27.6421999999999,4807613.5753874,4.93933,455114.0,870.02,4.43,5.08292,28.63,1.0,5.0,24.2002468366454,487.038614496446,515.474988912155,9.32809159387016,20.2726543865175,3.97621813374711, ,0.0,0.0,0.0,0.309082995,0.0,0.0,0.0,0.0,0.858987381,0.0,21.6794833886788
52419,-45.2035101711885,14.1018,39886.4024658,1.18301,55608.6,1367.1,4.69,5.45397,12.64,1.0,5.0,,,,,,, ,0.0,0.0,0.0,0.0,0.0,0.0,0.0,0.0,0.0,0.0,20.0
52421,-45.2095130649765,27.6421999999999,755689.2493489,9.48502,873957.0,1168.28,4.75,5.53578,23.42,1.0,5.0,21.0232435144166,486.412088507167,505.609783158528,10.1337860275026,24.3131682200299,, ,0.0,0.0,0.0,0.0,0.0,0.0,0.0,0.0,4.754780388,0.0,21.213203435596427
52422,-45.210953939415,27.5417999999999,1504803.164587,13.6368,1251940.0,1127.4,4.71,5.5061,21.61,1.0,5.0,26.6602352692,481.210480813322,522.756246248866,9.91335596772543,31.3329237216565,, ,0.0,0.0,0.0,0.0,0.0,0.0,0.0,0.0,3.938371797,0.0,22.80350850198276
52425,-45.187565059064,21.8405999999999,207856.6886184,1.53145,111492.0,662.98,4.39,4.89902,24.93,1.0,4.62,,,,,,5.36027571452092, ,0.0,0.0,0.0,0.237637452,0.0,0.0,0.0,49.67162825,0.0,0.0,20.493901531919196
52429,-45.1715833035902,27.6421999999999,1314528.2602307,8.2471,759894.0,1066.82,4.86,5.56671,30.37,1.0,5.0,32.4240176269681,491.523158393696,568.694909081769,11.8479185450393,18.820464872137,3.97621813374711, ,0.0,0.0,0.0,0.0,0.0,0.0,0.0,0.0,30.36605932,0.0,24.08318915758459
52433,-45.1741274396539,27.6421999999999,251509.6132421,2.10048,193539.0,801.94,4.21,4.69038,28.23,1.0,5.0,,,,,,5.92334444432772, ,0.0,0.0,0.0,0.0,0.0,0.0,0.0,6.229707985,0.0,0.0,18.16590212458495
52434,-45.1585174958079,27.6421999999999,1437804.4419089,7.74726,713838.0,1049.85,4.85,5.56552,29.21,1.0,5.0,34.8111216760401,503.934424720321,568.251326460497,12.4087154748226,15.4296659823117,, ,0.0,0.0,0.0,0.0,0.0,0.0,0.0,0.0,30.89237585,0.0,19.493588689617926
52438,-45.1435628056658,27.6421999999999,500186.2476928,2.20547,203214.0,995.11,4.78,5.45054,27.45,1.0,5.0,,,,,,, ,0.0,0.0,0.0,0.0,0.0,0.0,0.0,0.0,12.16318266,0.0,18.439088914585774
52457,-45.2511462446299,27.6421999999999,450813.5095276,2.60705,240215.0,1103.57,4.51,5.2172,31.13,1.0,5.0,,,,,,, ,0.0,0.0,0.0,0.0,0.0,0.0,0.0,0.0,0.0,0.0,15.165750888103101
52461,-45.2130871722096,27.6421999999999,786814.2291175,2.78336,256461.0,1187.28,4.62,5.43543,25.67,1.0,5.0,33.1448941257749,493.273992206717,568.3502603337,7.02586991062261,18.4552927923528,, ,0.0,0.0,0.0,0.0,0.0,0.0,0.0,0.0,0.0,0.0,15.811388300841896
52463,-45.2162454756112,27.6421999999999,246781.4213797,1.36683,125941.0,1238.15,4.43,5.17083,26.11,1.0,5.0,,,,,,, ,0.0,0.0,0.0,0.0,0.0,0.0,0.0,0.0,0.0,0.0,14.491376746189438
52472,-45.3655962672343,24.7501,907449.3455724,7.70495,635661.0,250.86,3.07,2.91081,12.74,1.0,5.0,34.4523356901136,500.786027170401,557.618333135081,11.5197246958671,25.1469570676572,5.48825698949916, ,0.0,0.0,0.0,0.0,0.0,0.0,0.0,100.0,0.0,0.0,21.447610589527216
52473,-45.3639556007069,23.6850999999999,1714675.585215,14.6055,1153110.0,218.76,2.99,2.79178,10.34,1.0,5.0,15.9095272179605,486.339815035426,499.294969378907,10.6177550432458,17.2799970401944,5.38067682539683, ,0.0,0.0,0.0,0.0,0.0,0.0,0.0,100.0,0.0,0.0,25.748786379167466
52474,-45.3249697887753,23.5246,658346.1601033,6.83781,536190.0,293.62,2.89,2.7024,3.74,3.0,2.0,36.1905257036062,518.12899126856,570.684065579258,16.742326724231,16.2816611685833,8.56499733333334,Lake Te Aroha,0.0034876121702765,0.152333768379746,0.0,10.80127013,0.0,0.097023711,0.0,89.10170616,0.0,0.0,24.08318915758459
52475,-45.2930490845511,40.7087,7333088.383473,34.4622,4676370.0,880.67,3.75,4.26161,23.61,1.0,4.56,36.5569435710532,546.762404745154,569.469913214735,12.0911691635316,11.6255075806281,5.208330742070135,Lake Orbell,0.0,0.0,0.0,0.623128669,0.0,0.0,0.0,33.94831614,0.168199613,0.0,39.761790704142086
52487,-45.3463601185305,12.8751,96632.5358726,1.98088,85013.1,354.31,3.08,2.86925,1.45,4.0,4.0,,,,,,20.15749, ,0.708994915172974,0.0,61.79323748,0.0,0.0,0.0,0.0,38.20676252,0.0,0.0,15.165750888103101
52493,-45.368184897306,22.1605999999999,360512.8644798,1.10161,81374.3,419.25,3.23,3.01823,2.72,3.0,2.0,,,,,,, ,0.493572251097976,0.0,34.91636105,19.23974737,0.0,0.0,0.0,45.84389158,0.0,0.0,14.832396974191326
52495,-45.3574253955041,20.1404,596098.7451433,3.43391,230534.0,453.08,3.2,2.99777,3.99,3.0,2.0,36.379220171249,550.207189556976,569.521468374205,16.2321483779316,16.1535030556103,20.14925966666665, ,0.107506413263078,0.0,0.0,5.655184326,0.0,7.815351342,0.0,86.52946433,0.0,0.0,16.73320053068151
52507,-45.3077858970527,0.0,234853.8866436,1.53541,48967.9,274.64,0.0,2.57405,0.0,0.0,0.0,,,,,,, ,0.0,0.0,0.0,20.84653397,0.0,0.0,0.0,79.15346603,0.0,0.0,0.0
52508,-45.3064947669521,0.0,237080.4437066,1.66687,111745.0,269.41,0.0,2.57405,0.0,0.0,0.0,,,,,,, ,0.0,0.0,0.0,25.45630692,0.0,0.0,0.0,74.54369308,0.0,0.0,0.0
52515,-45.301183755394,0.0,589584.3307449,1.42748,95696.8,273.88,0.0,2.56443,0.0,0.0,0.0,,,,,,, ,0.0,0.0,0.0,12.04185217,0.0,0.0,0.0,87.95814783,0.0,0.0,0.0
52529,-45.303999971682,9.56575,48592.7730369,1.33324,42511.4,399.7,2.98,2.78465,0.13,3.0,2.0,,,,,,, ,0.0,0.0,0.0,0.0,0.0,0.0,0.0,100.0,0.0,0.0,14.142135623730951
52532,-45.2989796438167,0.0,2405957.552955,12.9133,887056.0,395.48,0.0,2.77643,0.0,0.0,0.0,32.6877035287436,495.543579892254,567.111516782266,12.1860979423123,14.6218750408333,, ,0.0,0.0,0.0,30.269493,0.0,0.0,0.0,69.730507,0.0,0.0,0.0
52538,-45.3129747761307,19.7409,2566142.2831644,4.41513,290529.0,455.8,3.26,3.16445,14.01,2.97,2.0,36.3334259367951,503.272540851143,570.132873415833,16.2400939177474,16.6383964695672,, ,0.332473519112817,0.0,23.32648123,0.0,0.0,0.0,0.0,76.67351877,0.0,0.0,25.92296279363144
52560,-45.2935706334349,0.0,417951.3086029,1.51786,101701.0,398.18,0.0,2.77194,0.0,0.0,0.0,,,,,,, ,0.0,0.0,0.0,36.40454742,0.0,0.0,0.0,63.59545258,0.0,0.0,0.0
52566,-45.2109936195383,417.0,3439075716.37772,34296.6,47672300000.0,169.44,3.49,3.67602,21.78,1.86,4.04,38.1587415412086,552.112459300768,573.141640285391,13.0438194293667,9.93709420369508,0.9639290000000008,Lake Te Anau,0.585638907986224,0.175156584191487,2.977363976,1.0315512980000001,0.578292037,2.280627984,0.037107064999999995,55.694704435,6.064605425,0.158942916,180.29975041580064
52570,-45.2306959213627,8.67667,540586.8401775,6.98528,202030.0,250.39,2.56,2.35758,1.45,3.0,2.0,38.29943659847,561.202047809943,574.898129473517,4.98834038689016,8.50809135384292,6.192324153529105, ,0.289000926273791,0.152333768379746,0.0,42.07878581,0.0,8.38466014,0.0,49.536554042,0.0,0.0,21.6794833886788
52575,-45.2433413344695,9.39594999999999,392530.5026122,1.05507,33044.6,628.67,3.34,3.42061,6.6,3.0,2.0,,,,,,, ,0.0,0.0,0.0,19.34074278,0.0,0.0,0.0,80.65925722,0.0,0.0,20.0
52576,-45.2018411832849,12.265,6930883.256603,11.1517,455917.0,217.34,2.45,2.23107,3.69,3.0,2.0,33.1991349143767,496.863382120231,567.741515380551,11.4962695514934,15.0457935163563,6.47778466666667,Lake Mistletoe,1.00364922146992,0.0,5.032563735,5.340929675,0.0,9.578218189,0.0,80.048288399,0.0,0.0,24.289915602982237
52577,-45.1746693398057,0.0,1818689.436772,39.1389,1168900.0,231.53,0.0,2.29327,0.0,0.0,0.0,34.7862899062231,567.158009613161,575.312626380043,14.9285146909475,11.5138264280928,,Bog Lake,0.0,0.0,0.0,0.0,0.0,0.0,0.0,100.000000003,0.0,0.0,0.0
52585,-45.1426226438837,45.8753,10520449.575833,76.7119,11730600.0,696.18,4.18,4.62578,27.92,0.99,4.97,34.3352626873382,497.058395351655,567.344876823083,15.947623454283,14.772479675513,4.88824109886362,Lake Bloxham,0.0,0.0,0.0,0.550001582,0.0,0.0,0.0,14.098986243,20.644215627,0.0,39.11521443121589
52591,-45.1183779923622,27.6421999999999,1004581.7940119,3.93373,362457.0,1010.76,4.81,5.54203,30.45,1.0,5.0,,,,,,, ,0.0,0.0,0.0,0.0,0.0,0.0,0.0,0.0,79.00033578,0.0,19.493588689617926
52592,-45.1153894207652,51.4727999999999,31997747.654715,61.6983,10585900.0,140.97,3.49,3.56885,34.42,0.99,4.94,37.6205127031644,505.459081451101,571.038449521816,12.704261338188,12.7902424476735,1.0281947040182,Lake Mackinnon,0.0,0.0,0.0,0.350981263,0.0,0.0,0.0,52.362663169,4.024416609999999,0.0,39.7994974842648
52596,-45.1317379277638,37.8522,1818893.0423466,1.98681,250684.0,244.33,3.06,3.0531,25.17,1.0,4.89,,,,,,7.72817030433509, ,0.0,0.0,0.0,0.46514983,0.0,0.0,0.0,69.96577029,0.0,0.0,15.165750888103101
52604,-45.1048020553455,27.6421999999999,554276.8285374,3.10114,285741.0,1182.54,4.65,5.36087,29.12,1.0,5.0,,,,,,, ,0.0,0.0,0.0,0.0,0.0,0.0,0.0,0.0,0.0,0.0,18.973665961010276
52613,-45.0984678542865,42.4228999999999,10834248.545734,166.894,23600400.0,709.79,4.09,4.58176,27.98,0.99,4.95,34.3440352757526,549.171981259156,572.952134595436,13.6144108599701,14.5639048174459,5.1041913807597545,Lake Mcivor,0.0,0.0,0.0,0.280649895,0.0,0.0,0.0,34.09459188,4.916158404,0.0,45.2990066116245
52615,-45.0808490338105,27.6421999999999,269512.7750771,1.91413,176369.0,800.05,4.14,4.59853,30.47,1.0,5.0,,,,,,4.26723567734341, ,0.0,0.0,0.0,0.0,0.0,0.0,0.0,0.0,0.0,0.0,18.16590212458495
52617,-45.0667250242122,44.2171,8975716.050983,87.0629,12832200.0,879.3,4.41,4.98875,26.57,0.99,4.96,27.0059678643542,489.026732234197,552.996878102524,9.69701951836858,22.8790086630247,4.401099897872745,Lake Wapiti,0.0,0.0,0.0,0.0,0.0,0.0,0.0,2.288995485,21.91631452,0.0,41.291645644125154
52618,-45.0407710921184,27.6421999999999,838213.2534774,5.18033,477319.0,746.67,4.3,4.766,31.33,1.0,5.0,40.4789422246943,524.258952041813,570.301925154134,13.8919733873891,23.9593364468777,4.04069666445172, ,0.0,0.0,0.0,0.0,0.0,0.0,0.0,24.18551868,0.0,0.0,19.493588689617926
52619,-45.037813142142,27.6421999999999,675933.195376,8.10228,746549.0,861.9,4.46,5.02955,29.06,1.0,5.0,15.2535101529837,483.210112201925,492.868155398105,8.91927934122064,25.9865383856796,4.43120880991293, ,0.0,0.0,0.0,0.0,0.0,0.0,0.0,18.5945661,0.0,0.0,21.6794833886788
52624,-45.0434192695119,26.2887999999999,1188664.0653986,8.59246,752952.0,930.1,4.66,5.30936,27.09,1.0,5.0,33.1004066749028,497.9097364409,563.456298620854,12.9175105912141,21.9052358422542,4.51212454163039, ,0.0,0.0,0.0,0.0,0.0,0.0,0.0,0.0,0.0,0.0,22.135943621178654
52638,-45.0834711540992,27.6421999999999,233114.9331898,4.1414,381592.0,1302.7,4.48,5.15582,20.88,1.0,5.0,16.2965669536571,487.393763063435,500.36135848163,8.9098647611842,22.1367659259948,, ,0.0,0.0,0.0,0.0,0.0,0.0,0.0,0.0,29.48940169,0.0,17.60681686165901
52639,-45.0754927910816,27.6421999999999,175838.0653599,1.85537,170955.0,1140.19,4.5,5.13853,23.56,1.0,5.0,31.3138306052276,488.319927436115,553.389051718282,12.0051563114207,14.5415382423959,, ,0.0,0.0,0.0,0.0,0.0,0.0,0.0,0.0,0.0,0.0,13.784048752090222
52641,-45.0643368549931,33.9151999999999,6001630.445681,30.2997,3425410.0,567.38,3.92,4.32821,33.91,0.99,4.99,39.4099762149409,510.069239137942,572.379574333027,13.5575736653367,11.988089161117,4.33620881046136,Lake Clark,0.0,0.0,0.0,0.154271743,0.0,0.0,0.0,28.39283868,0.168262754,0.0,30.886890422961002
52642,-45.042432945829,27.5528,2000751.805518,30.6402,2814080.0,935.48,4.26,4.81695,31.27,1.0,5.0,28.1016401242128,563.800685939957,574.618400359819,11.5259706914936,9.52696615678709,4.32501492601491,Lake Wade,0.0,0.0,0.0,0.0,0.0,0.0,0.0,0.0,0.0,0.0,28.5657137141714
52645,-45.0453847646954,27.6421999999999,179019.1618174,1.4527,133853.0,948.22,4.16,4.68452,32.33,1.0,5.0,,,,,,, ,0.0,0.0,0.0,0.0,0.0,0.0,0.0,0.0,0.0,0.0,20.248456731316587
52647,-45.1165107197794,17.6043999999999,12317723.6865835,8.94845,525107.0,697.23,3.72,4.05946,25.54,0.99,4.99,42.6012800499881,570.842962421353,573.952092832109,13.4870477832765,11.2816152195048,8.41046777777778, ,0.0,0.0,0.0,0.209195186,0.0,0.789617712,0.0,43.023817331000004,4.684600085,0.0,23.2379000772445
52649,-45.1126010462664,18.7290999999999,11968245.6312915,4.37464,273110.0,695.27,3.76,4.11957,26.1,0.99,4.99,26.5320264747196,492.382401760956,554.06103100391,12.0656105828514,17.6585377036067,5.92565752156014, ,0.0,0.0,0.0,0.214078115,0.0,0.547271037,0.0,42.214847049,4.533784135,0.0,19.05255888325765
52650,-45.121946787777,17.3276,1314374.9338613,8.62692,498279.0,678.27,3.71,4.06649,19.99,1.0,5.0,28.2403842433932,497.768429591586,562.284028298468,10.7551464326005,9.27786467041102,5.18876570973263, ,0.0,0.0,0.0,12.33919938,0.0,0.0,0.0,87.660800623,0.0,0.0,20.97617696340303
52652,-45.1494867170687,38.7501,8095121.571803,41.2928,5333670.0,282.71,2.75,2.72089,22.9,1.89,2.88,34.5792952790651,532.352288327068,569.263422322751,11.3210911260627,11.9205135074891,7.207601003569655, ,0.0,0.0,0.0,0.438454777,0.0,0.0,0.0,70.423774164,0.0,0.0,31.937438845342623
52658,-45.1057920502863,27.4128,434900.9583856,5.88896,538109.0,1265.17,4.34,4.99731,21.0,1.0,5.0,25.5407366401024,483.308552266316,537.896284917352,15.7420567522826,20.562749506255,, ,0.0,0.0,0.0,0.0,0.0,0.0,0.0,0.0,0.0,0.0,21.908902300206645
52660,-45.083253682175,27.4128,1943497.310304,10.7216,979696.0,795.71,4.02,4.47402,33.34,1.0,5.0,34.4443467904743,510.342706918768,571.190713455261,7.70379059839529,13.1384055612268,4.03680711867878,Lake Ogle,0.0,0.0,0.0,0.0,0.0,0.0,0.0,16.24811343,14.41615968,0.0,21.213203435596427
52663,-45.0751773596585,27.6421999999999,492848.5938369,1.57562,145178.0,957.32,3.95,4.39958,29.55,1.0,5.0,32.2824446001378,521.99211309502,566.143109268576,7.31293554104628,9.03476004975516,7.78909922198878, ,0.0,0.0,0.0,0.0,0.0,0.0,0.0,0.0,21.58106804,0.0,20.0
52666,-45.0694868651416,73.1300999999999,94621677.635724,338.556,82528700.0,196.27,2.95,2.94159,31.09,0.99,4.86,30.3079738852446,482.790490415855,556.908076559074,10.4973242347622,27.0911569329202,1.059385042647345,Lake Hankinson,0.0,0.0,0.0,0.124583346,0.0,0.045944865,0.0,49.47511416100001,1.213588285,0.0,62.864934582006846
52669,-45.0688399192505,27.6421999999999,1144197.385117,11.4818,1057940.0,1107.7,4.66,5.45975,27.69,1.0,5.0,9.53836743247408,482.188645252193,498.432284067815,11.5275045814377,28.1316115200631,, ,0.0,0.0,0.0,0.0,0.0,0.0,0.0,0.0,5.078736245,0.0,20.493901531919196
52677,-45.0584849292523,27.6421999999999,1464408.9432293,9.09137,837685.0,1053.89,4.38,5.04014,29.34,1.0,5.0,15.2772241972908,483.393538342391,507.613066289962,11.9715007035751,20.123487652286,3.97621813374711, ,0.0,0.0,0.0,0.0,0.0,0.0,0.0,0.0,7.839602094,0.0,25.65151067676132
52684,-45.09200387407,16.4773,5788386.600815,28.0857,1542590.0,794.43,3.72,4.10019,21.93,0.99,4.83,17.6944790846667,493.35118597883,513.74885553001,14.0633813392851,17.9293307158637,5.196632864670235, ,0.0,0.0,0.0,0.0,0.0,0.270984871,0.0,33.21553851,1.729320157,0.0,30.24896692450835
52697,-45.0002676077083,55.4872999999999,10268042.460611,26.1017,4827720.0,196.65,3.62,3.82023,33.13,1.0,5.0,31.8339617121722,569.450563255032,573.948566320802,26.2256623333953,33.574608442949,1.07868833771784,Lake Katherine,0.0,0.0,0.0,0.029851399,0.0,0.0,0.0,67.88415359,0.762693489,0.0,31.12876483254676
52722,-44.973817727331,26.8242,48607004.404947,177.435,15865200.0,26.08,3.03,2.9788,31.48,0.99,4.89,41.7605474167878,518.754427290394,572.844428432464,13.7731508953128,21.3800013813231,5.586563920134985,Lake Alice,0.0,0.0,0.0,0.056494553,0.0,0.014713679,0.0,67.076302885,0.659434455,0.0,51.526692111953004
52723,-44.9575468219587,27.6421999999999,414620.8571682,5.38796,496450.0,814.34,3.85,4.15742,20.02,1.0,5.0,38.3803953124871,557.654126758274,568.566828964162,12.9368895514337,27.4736250796444,5.004148235688625, ,0.0,0.0,0.0,0.0,0.0,0.0,0.0,64.99473109,0.0,0.0,19.493588689617926
52728,-44.9464212976158,27.4128,636893.4315717,3.95198,361116.0,867.88,4.17,4.66069,28.62,1.0,5.0,32.3361043524507,496.233525958402,564.335146056821,15.0724724895506,16.6577154473941,4.76729628641251, ,0.0,0.0,0.0,0.0,0.0,0.0,0.0,0.0,0.0,0.0,17.60681686165901
52731,-45.0381822424892,71.6658,54126002.514114,55.198,13186000.0,254.79,3.15,3.20024,32.39,0.99,4.86,29.0467914876376,561.684873449595,572.504622094527,13.4158659037313,10.0798486802579,1.05603896326476,Lake Thompson,0.0,0.0,0.0,0.205617792,0.0,0.076116172,0.0,45.812720342000006,0.22146386,0.0,37.04051835490427
52740,-44.9983696406231,31.3251999999999,18352414.506008,35.7475,3732660.0,458.44,3.53,3.77275,33.68,0.99,4.96,34.9065710323167,552.94792279127,574.922609737411,15.3587735988338,12.188996103019,5.07991003046854,Lake Sutherland,0.0,0.0,0.0,0.0,0.0,0.0,0.0,35.108226552999994,0.045418272,0.0,34.07345007480164
52748,-45.0019343644669,27.6421999999999,247616.7583547,1.63007,150195.0,1215.58,4.38,5.0788,26.47,1.0,5.0,35.8083536742751,499.232830908195,566.637112603807,13.6489378404918,19.008448747434,, ,0.0,0.0,0.0,0.0,0.0,0.0,0.0,0.0,0.0,0.0,17.320508075688775
52751,-45.007396296991,44.9988,3132798.452553,62.4792,9371640.0,1072.43,4.16,4.7451,24.8,0.95,4.78,39.8371577760952,539.415432720848,574.984754557053,7.69829551481222,12.556065183639,5.34104996892602,Lake Roxburgh,0.0,0.0,0.0,0.0,0.0,0.0,0.0,0.0,2.369398071,0.0,40.53393639902249
52770,-44.9755568718263,27.6421999999999,870537.808827999,14.6368,1348650.0,1119.48,4.49,5.18493,26.84,1.0,5.0,39.8498814424011,554.971398671235,571.494842680189,11.925775394011,17.426900571232,4.11789507085117, ,0.0,0.0,0.0,0.0,0.0,0.0,0.0,0.0,0.0,0.0,26.267851073127396
52772,-44.9743735486548,27.4128,699074.3433546,2.50604,228992.0,978.72,4.32,4.95055,32.48,1.0,5.0,,,,,,, ,0.0,0.0,0.0,0.0,0.0,0.0,0.0,0.0,0.0,0.0,17.88854381999832
52785,-44.9954352972063,27.6421999999999,534536.2689516,6.09897,561963.0,1190.52,4.27,4.88798,23.88,1.0,5.0,33.5082563972231,509.592742388257,572.434965700549,18.0012718100697,10.1361675779173,, ,0.0,0.0,0.0,0.0,0.0,0.0,0.0,0.0,0.0,0.0,20.248456731316587
52789,-44.9642940889251,17.9052,16796222.9907276,1.78503,106538.0,452.54,3.44,3.68673,32.79,1.0,5.0,,,,,,, ,0.0,0.0,0.0,0.040125684,0.0,0.111649133,0.0,35.194625131,0.639011851,0.0,17.60681686165901
52806,-45.0758654368132,14.9498,936507.5434253,6.12831,305391.0,538.11,2.9,2.85913,13.48,2.0,3.0,33.1954956163789,506.644093550743,569.886208347737,9.17212649389703,10.8813811029403,5.53346932737873, ,0.0,0.0,0.0,0.0,0.0,0.0,0.0,98.380168294,1.619831708,0.0,20.73644135332772
52807,-45.0404462431624,27.6421999999999,163406.7970033,1.34142,123600.0,1128.91,3.92,4.3914,20.6,1.0,5.0,,,,,,, ,0.0,0.0,0.0,0.0,0.0,0.0,0.0,0.0,0.0,0.0,17.88854381999832
52810,-45.0034091349176,27.6421999999999,419118.3461102,1.53263,141217.0,1195.65,4.25,4.8547,30.02,1.0,5.0,,,,,,, ,0.0,0.0,0.0,0.0,0.0,0.0,0.0,0.0,10.6986087,0.0,14.832396974191326
52813,-45.0006092237729,14.8278,149204.1850509,1.27719,63126.2,1071.09,4.28,4.9333,27.29,1.0,5.0,,,,,,, ,0.0,0.0,0.0,0.0,0.0,0.0,0.0,0.0,0.0,0.0,14.832396974191326
52815,-44.9984249881016,14.8278,63664.9465010999,1.03375,51094.1,1054.48,3.88,4.32623,17.7,1.0,5.0,,,,,,, ,0.0,0.0,0.0,0.0,0.0,0.0,0.0,0.0,0.0,0.0,14.832396974191326
52821,-44.995776832508,27.4128,620301.9633974,2.13925,195476.0,1120.31,4.37,5.03697,28.9,1.0,5.0,34.4202928943045,567.545676334817,572.076762054243,15.6742249442817,24.5206292773627,, ,0.0,0.0,0.0,0.0,0.0,0.0,0.0,0.0,13.62523899,0.0,14.832396974191326
52833,-44.9646014304185,27.6421999999999,1870620.1783364,3.78908,349128.0,1011.39,4.46,5.1823,33.11,0.83,4.19,32.6922684500295,495.158167604215,565.468719821844,14.4788386261525,27.2533683417573,3.97621813374711, ,0.0,0.0,0.0,0.0,0.0,0.0,0.0,0.0,12.25091934,0.0,18.973665961010276
52834,-44.9504444812832,27.6421999999999,629571.1745253,5.40438,497964.0,1351.81,4.72,5.56764,29.3,0.4,2.01,37.9198023281216,567.865605745638,573.285018531863,13.9330857618121,23.2567981731486,, ,0.0,0.0,0.0,0.0,0.0,0.0,0.0,0.0,53.13688806,0.0,18.16590212458495
52844,-45.0002093728081,27.6421999999999,393198.2959818,1.84384,169893.0,1412.43,4.39,4.97897,22.61,4.0,4.0,,,,,,, ,0.0,0.0,0.0,0.0,0.0,0.0,0.0,0.0,60.34562913,0.0,16.73320053068151
52846,-44.8989102501743,21.2153999999999,10399643.6012057,1.402,99146.9,57.42,3.21,3.07015,26.89,1.0,5.0,,,,,,, ,0.0,0.0,0.0,0.0,0.0,0.0,0.0,93.80010561,0.181559711,0.0,17.320508075688775
52848,-44.9011510782089,19.2068,2557157.8440809,2.01979,129313.0,509.03,3.96,4.20128,26.57,1.0,5.0,,,,,,11.9165993333333, ,0.0,0.0,0.0,0.0,0.0,0.0,0.0,79.80953781,0.0,0.0,16.431676725154983
52849,-44.8992953677477,18.7290999999999,1149788.1324371,7.21873,450667.0,515.04,4.03,4.31537,24.51,1.0,5.0,39.5865027659445,566.090663676582,573.727585801696,17.0218372190149,17.8967481416854,5.2586916452889305, ,0.0,0.0,0.0,0.0,0.0,0.0,0.0,90.97822035,0.0,0.0,24.596747752497688
52850,-44.8964844689477,17.7012,261530.6084006,1.47409,86977.5,526.14,3.98,4.24012,24.1,1.0,5.0,,,,,,, ,0.0,0.0,0.0,0.0,0.0,0.0,0.0,100.0,0.0,0.0,14.491376746189438
52851,-44.9205068253313,27.9845,4465656.432368,22.617,2109750.0,491.64,3.66,3.89002,31.06,1.0,5.0,38.5264559564325,550.850242198257,576.371672934706,11.9759677268438,13.9804228013138,5.14258016060098, ,0.0,0.0,0.0,0.0,0.0,0.0,0.0,80.548985116,0.423720087,0.0,29.444863728670914
52861,-44.8624858891048,27.6421999999999,573625.1423316,5.7534,530122.0,934.89,4.18,4.68982,27.29,1.0,5.0,24.9486779999519,492.403739545069,551.232462609453,10.3936162585005,19.391068355039,4.17562414933221, ,0.0,0.0,0.0,0.0,0.0,0.0,0.0,1.905645098,0.0,0.0,20.0
52863,-44.9381486674943,27.6421999999999,429663.7971833,6.35473,585529.0,1096.33,4.21,4.76496,20.29,1.0,5.0,39.6795125295941,499.890955304535,571.716623612567,15.9394273096442,16.4752282624648,6.55505794871795, ,0.0,0.0,0.0,0.0,0.0,0.0,0.0,0.0,0.0,0.0,18.973665961010276
52873,-44.8383577828546,22.3851,2874516.148388,1.26266,94215.9,104.76,2.9,2.87853,32.35,1.0,4.65,,,,,,16.3075562083015, ,0.0,0.0,0.0,0.504220532,0.0,0.0,0.0,52.983828957,1.256358228,0.0,18.439088914585774
52875,-44.8823946293427,39.6535,12960106.577171,32.3388,4274500.0,358.23,3.52,3.80049,33.27,0.99,4.99,34.7888893185976,494.286006115932,567.961990258069,11.2836128326676,9.3989351509611,4.57934850069904,Lake Bernard,0.0,0.0,0.0,0.0,0.0,0.199386213,0.0,49.008495759,0.230244955,0.0,34.322004603461025
52878,-44.8428705002205,34.4898,35951845.971303,16.9134,1944470.0,110.27,2.94,2.95429,34.12,0.98,4.88,38.2605409642148,504.892746185632,568.662556023289,10.7047234578711,12.3424763346621,6.11930566666667,Swan Mere,0.0,0.0,0.0,0.20182014199999998,0.0,0.0,0.0,43.076589842,3.7773594580000003,0.0,26.38181191654584
52881,-44.8085096294267,37.3836,12423285.0588061,1.24035,154563.0,315.96,3.74,4.0546,31.98,0.98,4.91,,,,,,15.8044097041586, ,0.0,0.0,0.0,0.0,0.0,0.0,0.0,67.57848704,0.600977374,0.0,21.908902300206645
52882,-44.8330064393485,32.9337999999999,42892843.8413374,4.55286,499810.0,129.95,2.85,2.82806,33.42,0.99,4.81,,,,,,8.959574145288805, ,0.0,0.0,0.0,0.365859539,0.0,0.0,0.0,47.642701362,3.2798802769999997,0.0,22.80350850198276
52884,-44.8161003771999,61.9930999999999,66948200.441525,220.325,45528700.0,72.03,2.88,2.86042,33.02,0.99,4.84,35.5061355751257,483.598640703654,567.992821402883,12.8824760917058,30.8446236890103,1.0307687345432348,Lake Grave,0.0,0.0,0.0,0.250206025,0.0,0.0,0.0,52.534294733,2.616430907,0.0,54.99090833947008
52887,-44.7877937095534,28.1114,7412280.158566,28.5233,2672760.0,487.64,3.77,4.13407,33.08,0.97,4.86,32.3350716983963,483.628173499844,562.329906403219,14.07817290522,27.1173779840898,4.7458159289242605, ,0.0,0.0,0.0,0.0,0.0,0.0,0.0,63.54583496,1.083754356,0.0,31.74901573277509
52888,-44.7981463734541,33.8249,66663474.0856198,5.74914,648214.0,101.84,2.88,2.84018,33.08,0.99,4.84,27.169007205643,481.745515142005,539.640149256059,13.249673528662,26.5436361723691,7.48776524009324, ,0.0,0.0,0.0,0.24302583,0.0,0.0,0.0,53.842570832,2.541346838,0.0,20.0
52889,-44.8360334254113,27.6421999999999,1670692.1017767,4.64213,427729.0,754.44,3.8,4.2106,32.43,1.0,5.0,32.3267815077414,483.677354004164,566.181632664042,11.0068427438883,26.3906332444025,3.97621813374711, ,0.0,0.0,0.0,0.0,0.0,0.0,0.0,9.204900813,5.068220674,0.0,18.973665961010276
52893,-44.8319787553562,27.4128,243965.6319156,1.08843,99455.9,1230.36,4.12,4.69459,26.39,1.0,5.0,,,,,,, ,0.0,0.0,0.0,0.0,0.0,0.0,0.0,0.0,29.84657173,0.0,15.491933384829668
52896,-44.8264501073851,45.8753,4322306.390146,44.139,6749640.0,875.1,4.27,4.92954,31.82,0.96,4.84,37.4839861565343,507.986042074419,563.170265731535,9.51707204104884,18.7400339192073,4.482374884086415, ,0.0,0.0,0.0,0.0,0.0,0.0,0.0,0.0,10.080433058,0.0,37.94733192202055
52901,-44.8071719703611,27.6421999999999,140431.27872,3.01189,277518.0,1205.3,4.47,5.17878,23.52,1.0,5.0,,,,,,, ,0.0,0.0,0.0,0.0,0.0,0.0,0.0,0.0,0.0,0.0,14.832396974191326
52902,-44.7768058052439,28.1192999999999,3383380.539262,19.728,1849120.0,509.97,3.97,4.42455,34.52,0.98,4.93,30.7873555340569,484.558926588971,566.754630269751,13.0589895642064,22.6778478298417,4.16826408083891, ,0.0,0.0,0.0,0.0,0.0,0.0,0.0,47.07502315,0.0,0.0,25.748786379167466
52904,-44.7627926097245,27.6421999999999,895156.7846974,6.46973,596125.0,826.33,4.37,4.98533,35.83,1.0,5.0,34.5060688601326,491.399875032864,568.873918015181,21.1476243935172,19.1242844447338,4.493170270796405, ,0.0,0.0,0.0,0.0,0.0,0.0,0.0,17.9641009,0.0,0.0,20.493901531919196
52905,-44.7354587616369,27.6421999999999,587317.8251011,3.9778,366518.0,939.16,4.4,5.0773,26.28,1.0,5.0,36.7888897916887,561.647392631553,573.843688761633,5.13814923931412,9.75866920516266,4.36674418230726, ,0.0,0.0,0.0,0.0,0.0,0.0,0.0,0.439609165,0.0,0.0,17.320508075688775
52906,-44.7766742170561,39.3667,3165456.632994,11.2086,1470820.0,271.32,3.12,3.23721,33.61,0.98,4.91,36.689924623203,523.641066396335,567.433810528148,12.3952443866915,15.275589981151,5.28672710224089,Lake Dale,0.0,0.0,0.0,0.0,0.0,0.0,0.0,57.2077129,0.0,0.0,22.80350850198276
52908,-44.7682422086198,27.6421999999999,1294151.4364013,5.02607,463106.0,943.46,4.32,5.00161,34.74,1.0,5.0,33.7561650889567,484.825564056984,566.726189675894,12.7661853674461,23.5699017115657,3.97621813374711, ,0.0,0.0,0.0,0.0,0.0,0.0,0.0,0.548204159,9.997181043,0.0,21.213203435596427
52914,-44.7526907472641,50.9209,9405453.135925,48.0268,8151890.0,372.38,3.75,4.13989,35.23,0.98,4.94,34.9271473833542,536.176890541147,573.092138345297,10.3108910102316,12.2733196457125,1.05851942063492, ,0.0,0.0,0.0,0.0,0.0,0.492222687,0.0,43.321888181999995,0.129092633,0.0,37.469987990390386
52919,-44.9370902172321,27.456,1796553.78723,37.0797,3393530.0,1027.41,4.1,4.66278,31.91,0.97,4.86,29.3202764250994,560.292335476483,574.110837736879,19.3023219601646,34.1580625584598,4.287806114139675, ,0.0,0.0,0.0,0.0,0.0,0.0,0.0,0.0,9.455804111,0.0,31.240998703626616
52924,-44.8916311707885,28.1992,10063003.423324,30.1808,2836920.0,473.18,3.42,3.6934,36.67,0.94,4.74,44.2761404861666,578.897975833111,583.977482685507,23.5426948710753,41.5664880317852,4.7709442114286,Lake Brownlee,0.0,0.0,0.0,0.0,0.0,0.0,0.0,15.17097754,12.653188082,0.0,32.07802986469088
52925,-44.8662045494962,27.6421999999999,454725.2999066,4.53976,418297.0,1133.93,4.26,4.90775,29.55,1.0,5.0,34.0826396240279,536.780100658705,569.989277105904,15.1798720373871,21.8384129811822,, ,0.0,0.0,0.0,0.0,0.0,0.0,0.0,0.0,1.164550194,0.0,17.029386365926403
52927,-44.8730965788821,26.0473,5213455.265352,12.2489,1063500.0,569.43,3.71,4.1155,37.51,0.91,4.56,36.6604477886167,494.491157668108,565.337826136808,14.8007499895652,14.46325681347,,Lake Sumor,0.0,0.0,0.0,0.0,0.0,0.0,0.0,6.300191949,16.875980077,0.0,25.69046515733026
52928,-44.8732978617409,27.6421999999999,5868500.964238,10.4896,966522.0,679.06,4.11,4.71612,37.04,0.93,4.67,37.537952962237,554.458066680856,573.94179841622,11.5826058647561,10.7624138784666,3.97621813374711, ,0.0,0.0,0.0,0.0,0.0,0.0,0.0,0.0,25.107252994,0.0,24.372115213907882
52931,-44.8603055116454,27.4128,2055883.9164761,1.36611,124829.0,613.36,3.94,4.4306,37.69,0.79,3.95,,,,,,3.957793093283695, ,0.0,0.0,0.0,0.0,0.0,0.0,0.0,2.212222089,28.96238052,0.0,20.493901531919196
52936,-44.8916199296656,27.6421999999999,1069319.014625,1.53891,141796.0,1136.07,4.34,5.06762,33.02,1.0,5.0,,,,,,, ,0.0,0.0,0.0,0.0,0.0,0.0,0.0,0.0,30.33945269,0.0,17.320508075688775
52938,-44.8628486386728,40.5752,804065.5407306,1.5622,211288.0,304.66,3.14,3.31952,41.55,1.0,4.76,,,,,,6.09988827159377,Hidden Lake,0.0,0.0,0.0,0.0,0.0,0.0,0.0,20.447690377,23.22952988,0.0,15.491933384829668
52940,-44.9217751223824,31.5849,10256736.767082,22.1456,2331550.0,701.02,3.82,4.24655,35.45,1.0,5.0,38.271378645569,504.077135275062,572.026221773606,13.55842062516,13.0898538617957,4.36087807731264, ,0.0,0.0,0.0,0.0,0.0,0.0,0.0,22.56901099,11.36185307,0.0,33.36165463522455
52954,-44.8956657584623,40.7507,74089810.482146,36.1667,4912730.0,281.63,3.13,3.24742,35.92,0.96,4.48,34.9822283624197,500.659404822655,571.512628773121,9.46159576524905,12.1499885017909,8.62190006349207,Lake Ross,0.0016670460972704,0.0,0.0,0.12766661099999999,0.0,0.067459409,0.0,34.45333976,19.628037139,0.0,35.66510900025401
52960,-44.8079787832509,44.2171,7676267.120482,110.968,16355600.0,926.78,4.4,5.12428,33.14,0.84,4.23,30.2784214914941,482.498414442976,560.322297277707,14.3496230672278,27.2504174270973,3.99220398351504,Lake Quill,0.0,0.0,0.0,0.0,0.0,0.0,0.0,0.0,25.40820673,0.0,37.469987990390386
52961,-44.8054462589771,27.6421999999999,1127767.688915,15.8051,1456300.0,1301.46,4.77,5.65962,30.92,0.48,2.4,30.6050741237825,488.952225157379,564.241102513009,12.1641817695164,17.8475255104797,, ,0.0,0.0,0.0,0.0,0.0,0.0,0.0,0.0,77.10911423,0.0,22.360679774997898
52973,-44.7814296443943,26.0473,641881.8950024,1.32165,114752.0,577.48,3.83,4.30558,37.51,1.0,5.0,,,,,,6.06610133206999, ,0.0,0.0,0.0,0.0,0.0,0.0,0.0,5.031462861,0.0,0.0,21.908902300206645
52988,-44.7722837778261,27.7769,3746484.2669991,1.68044,155592.0,544.23,3.48,3.84429,38.83,1.0,4.78,,,,,,4.91038489742949, ,0.0,0.0,0.0,0.0,0.0,0.0,0.0,0.804471983,4.99097419,0.0,20.73644135332772
52990,-44.8366742532397,26.0473,2838116.6910998,2.53188,219828.0,1050.82,4.35,5.09787,34.26,1.0,5.0,,,,,,, ,0.0,0.0,0.0,0.0,0.0,0.0,0.0,0.0,44.637831453000004,0.0,18.973665961010276
52991,-44.826226740533,27.6421999999999,1586672.4040224,6.768,623608.0,1202.53,4.53,5.38075,32.63,1.0,5.0,35.4742287936745,497.068314979554,566.707104990929,14.1660933298151,16.6996831206162,, ,0.0,0.0,0.0,0.0,0.0,0.0,0.0,0.0,69.75897683,0.0,23.2163735324878
52992,-44.8181747407396,27.6421999999999,1630366.854351,21.2854,1961250.0,1019.76,4.18,4.88966,31.79,0.97,4.87,29.7276977076242,494.035124136908,557.137224924545,13.094712996404,18.0030864655055,3.97621813374711,Lake Iceberg,0.0,0.0,0.0,0.0,0.0,0.0,0.0,0.0,8.399018956,0.0,28.5657137141714
52993,-44.7963971966546,14.1018,110166.6256111,1.53031,71933.8,1617.73,4.53,5.40797,22.86,1.0,5.0,,,,,,, ,0.0,0.0,0.0,0.0,0.0,0.0,0.0,0.0,100.0,0.0,21.447610589527216
52998,-44.8389006609792,36.8905,5443774.11627599,104.811,12888400.0,1345.25,4.87,5.85633,32.96,0.94,4.72,31.4249490668121,486.527071058574,564.081331755915,11.5009897027064,20.8317176880584,,Lake Erskine,0.0,0.0,0.0,0.0,0.0,0.0,0.0,0.0,80.48851667000001,0.0,45.033320996790806
53005,-44.7823506500013,27.6421999999999,1633116.8860987,1.14249,105270.0,1206.34,4.86,5.93707,38.92,0.99,4.96,,,,,,,Buttercup Lake,0.0,0.0,0.0,0.0,0.0,0.0,0.0,0.0,40.458297234,0.0,18.973665961010276
53006,-44.7953869285257,27.6549,6813945.574657,21.5168,1983480.0,772.65,4.29,5.10248,38.2,0.88,4.06,32.1903599496113,484.33154205868,569.485998523518,9.35507266683728,25.7035794536744,4.16826408083891,Lake Thompson,0.0,0.0,0.0,0.0,0.0,0.0,0.0,5.392249248,43.993150584999995,0.0,26.38181191654584
53011,-44.7257002392412,27.6421999999999,1251368.8371249,4.0793,375870.0,613.96,3.86,4.25879,31.66,1.0,5.0,38.7066002501538,487.291583830671,569.661686615945,12.5135069742013,24.6329025172873,4.61449666666667, ,0.0,0.0,0.0,0.0,0.0,0.0,0.0,60.64189319,0.0,0.0,22.360679774997898
53012,-44.6789400590349,12.0953,77128.0158966999,1.74425,70323.8,245.26,3.01,3.0167,0.91,1.0,2.0,,,,,,, ,0.0,0.0,0.0,0.0,0.0,0.0,0.0,100.0,0.0,0.0,18.16590212458495
53018,-44.7263566453726,27.6421999999999,394015.713974,4.43063,408242.0,797.65,3.53,3.84281,27.3,1.0,5.0,28.1412435943946,484.916483986174,540.168330291751,13.333271765426,18.4802947317205,4.36424307731264, ,0.0,0.0,0.0,0.0,0.0,0.0,0.0,60.59872435,0.0,0.0,18.973665961010276
53020,-44.7039298198513,27.3321,4629514.101032,13.6539,1243970.0,611.69,4.31,4.97689,34.47,0.96,4.82,27.0428609810172,483.559624144276,548.645624468517,13.3749384844676,25.59377318821,4.678996577984259, ,0.0,0.0,0.0,0.0,0.0,0.0,0.0,13.7389805,6.5434330670000005,0.0,26.457513110645905
53021,-44.7041752007614,27.5528,1278417.725529,12.8218,1177590.0,1165.06,5.03,6.01963,30.44,0.94,4.7,25.8422346746972,484.180234323784,549.098707238859,13.635941675405,27.5098964169065,, ,0.0,0.0,0.0,0.0,0.0,0.0,0.0,0.0,16.679047822,0.0,25.238858928247925
53022,-44.6934571789298,31.6805999999999,3925905.998648,23.1037,2439790.0,624.5,4.13,4.70713,35.92,1.0,5.0,40.5763544656604,490.756992280416,573.243557924469,10.5164186029483,15.7303497704894,4.601404659487866, ,0.0,0.0,0.0,0.0,0.0,0.0,0.0,37.68515091,0.0,0.0,30.199337741083
53023,-44.6934323650241,27.6421999999999,626817.4103581,3.51105,323510.0,1099.02,4.82,5.71291,29.94,1.0,5.0,26.9464720237893,487.670022776218,546.066535726856,13.8699618560479,25.966340754789,, ,0.0,0.0,0.0,0.0,0.0,0.0,0.0,0.0,0.0,0.0,19.493588689617926
53025,-44.6344037744441,23.5409,4475323.557835,115.841,9089970.0,425.74,3.49,3.75397,14.71,0.99,4.63,35.9121822326095,491.107096196798,566.331239041296,11.4754584404049,16.0172968009933,5.05011,Lake Ronald,0.0,0.0,0.0,0.0,0.0,0.0,0.0,83.92363318,0.0,0.0,42.21374183841087
53033,-44.6882196282612,31.7975999999999,3925805.410007,49.9263,5291790.0,826.29,4.43,5.13911,33.58,0.97,4.87,35.5999961732637,562.326080629677,573.764260628819,8.71113279114027,8.70142397038889,3.97621813374711,Lake Moreton,0.0,0.0,0.0,0.0,0.0,0.0,0.0,0.0,0.379985316,0.0,35.888716889852724
53034,-44.7012364458428,35.1995999999999,7311443.526942,57.8665,6789590.0,491.75,4.09,4.67337,40.92,0.98,4.91,32.3900309425912,528.540746559652,567.996421895205,12.1145375171956,9.19469521803765,3.97621813374711, ,0.0,0.0,0.0,0.0,0.0,0.0,0.0,6.217443351,8.277290504,0.0,38.18376618407357
53038,-44.7357313266473,0.0,1828300.5094255,1.48948,28692.8,-6.21,0.0,2.662,0.0,0.0,0.0,,,,,,, ,0.0,0.0,0.0,0.040922778,0.0,0.0,0.0,62.669486658000004,0.099336296,0.0,0.0
53048,-44.7327830839048,23.7143,930825.823171,25.4488,2011670.0,24.58,2.64,2.59028,20.71,0.9,3.23,43.0654112012292,488.958909910615,575.796071748209,21.6368654248491,24.7039035499538,6.638815694324535,Lake Brown,0.0,0.0,0.0,0.637556297,0.0,0.0,0.0,99.36244371,0.0,0.0,29.732137494637012
53059,-44.6961701080234,38.3496999999999,13101580.9294023,6.11042,781109.0,336.52,3.29,3.51433,38.28,0.92,4.61,33.135086519729,481.017410717612,564.143944724967,13.926449545621,33.4403775190834,5.577685922743595, ,0.0,0.0,0.0,0.0,0.0,0.0,0.0,26.380286050000002,10.218655015,0.0,19.235384061671343
53062,-44.7118548622047,25.3191999999999,236196121.316639,238.717,20147100.0,11.25,3.18,3.37058,36.7,0.98,4.79,40.8570683535213,538.928838250243,575.07887688659,18.004975961016,24.4912583454042,6.263037904761905,Lake Ada,0.0,0.0,0.0,0.39431114899999997,0.0,0.05745118,0.0,38.675562993,7.969019922,0.0,61.84658438426491
53076,-44.6721833941964,27.6421999999999,920768.6510777,4.01064,369543.0,1013.58,4.6,5.41466,33.84,1.0,5.0,14.1918335502405,485.08164425514,496.800978497454,11.1499699252912,22.9049747640238,4.00047732525473, ,0.0,0.0,0.0,0.0,0.0,0.0,0.0,0.0,0.0,0.0,17.320508075688775
53101,-44.5467262882425,33.6060999999999,6062875.429856,40.292,4513520.0,412.2,3.78,4.15689,32.97,0.99,4.99,37.5426246797993,485.105656182121,563.493339124505,11.1791710817501,23.1180167498309,6.604170691663185, ,0.0,0.0,0.0,0.0,0.0,0.0,0.0,43.67824935,7.056355126000001,0.0,32.202484376209235
53103,-44.5542673358469,27.4086,1155746.41321,12.2479,1118990.0,1093.14,4.34,4.97219,25.6,1.0,5.0,41.4721096696593,527.188047902765,575.08882645448,8.37924151436114,9.20159028017433,,Lake Pukutahi,0.0,0.0,0.0,0.0,0.0,0.0,0.0,0.0,39.62622837,0.0,25.69046515733026
53108,-44.5703982922765,27.6421999999999,4764623.1488856,2.76538,254804.0,827.85,4.78,5.58276,33.42,0.36,1.84,,,,,,4.03958317518041, ,0.0,0.0,0.0,0.0,0.0,0.0,0.0,0.0,95.14683101,0.0,18.973665961010276
53109,-44.557134023585,31.5849,9386443.17953,24.9859,2630590.0,757.34,4.32,4.92119,31.42,0.93,4.66,21.1591455598606,480.542397881052,509.637822029458,12.4976330504266,30.7952638447894,4.37518163185942,Lake Never-never,0.0,0.0,0.0,0.0,0.0,0.0,0.0,0.0,32.695089632,0.0,32.202484376209235
53113,-44.5393897905159,27.6421999999999,4045480.281411,13.2497,1220840.0,1105.97,4.96,5.83914,32.48,0.57,2.86,30.2433880718225,480.405908262125,563.817560621289,11.2914150255464,28.4606507860029,,Lake Truth,0.0,0.0,0.0,0.0,0.0,0.0,0.0,0.0,67.67669107,0.0,27.92848008753788
53114,-44.5281101089658,17.8968999999999,25346001.897181,11.8638,707750.0,216.52,3.25,3.36428,28.31,0.99,4.95,35.8717620747124,487.043488166009,567.527452958647,11.1470434230803,22.0862286770973,4.032127119396115, ,0.0,0.0,0.0,0.0,0.0,0.104518265,0.0,64.89989629,2.298972962,0.0,22.978250586152114
53117,-44.5301255590459,31.9152999999999,13704348.169153,54.3259,5779440.0,376.01,3.5,3.73342,30.09,1.0,4.97,6.52167237114056,479.496693600178,493.621031590176,11.6562497975383,29.8332598253866,6.03574, ,0.0,0.0,0.0,0.0,0.0,0.200213271,0.0,56.35787532,1.447736674,0.0,32.155870381627054
53120,-44.5224806225519,27.4128,2069541.0800927,4.09128,373845.0,806.28,4.44,5.09559,30.88,1.0,5.0,,,,,,, ,0.0,0.0,0.0,0.0,0.0,0.0,0.0,11.21610923,23.87530306,0.0,20.248456731316587
53121,-44.4839118202701,25.4679,484291.3565576,1.56967,133254.0,719.86,3.88,4.27673,18.64,1.0,5.0,,,,,,10.212272523809547, ,0.0,0.0,0.0,0.0,0.0,0.0,0.0,76.34103113,0.0,0.0,16.1245154965971
53124,-44.496534977278,27.4128,994030.4485311,9.64063,880921.0,969.76,4.45,5.06989,24.81,1.0,5.0,40.0740520747586,489.71364122803,572.54616563704,12.290988813537,24.533536544962,, ,0.0,0.0,0.0,0.0,0.0,0.0,0.0,0.0,5.125521843,0.0,19.748417658131498
53129,-45.3388168788167,27.6421999999999,2501807.1861412,1.27977,117919.0,1077.79,4.38,4.92665,34.92,3.0,4.0,,,,,,, ,0.0,0.0,0.0,0.0,0.0,0.0,0.0,0.0,34.80786505,0.0,19.235384061671343
53136,-45.3212472712826,27.6421999999999,328793.7761575,1.20314,110858.0,1557.61,4.88,5.68482,25.3,3.0,4.0,,,,,,, ,0.0,0.0,0.0,0.0,0.0,0.0,0.0,0.0,54.27472346,0.0,17.88854381999832
53145,-45.2953790332043,17.6738,33236215.816828,16.5501,975013.0,861.35,4.06,4.50238,24.81,3.14,3.64,7.52735929905223,481.287378620945,493.832144589424,12.3754854925789,26.1620341818013,7.58169114880952,Lake Nigel,0.0,0.0,0.0,0.354642291,0.0,0.0,0.0,5.651450984,12.64561481,0.0,25.69046515733026
53146,-45.3040913508812,19.4811,194807.3160559,1.88083,122135.0,1610.81,4.95,5.80285,18.01,3.0,4.0,30.72141225813,482.597762159137,564.30008425123,10.3864052194101,33.7645116286727,, ,0.0,0.0,0.0,0.0,0.0,0.0,0.0,0.0,53.59228533,0.0,22.135943621178654
53147,-45.3216401465835,27.6421999999999,462179.0246227,2.00186,184453.0,1455.81,4.66,5.42803,26.01,3.0,4.0,10.9885035013978,486.003086018761,502.674935644412,9.65056475422502,22.491606935928,, ,0.0,0.0,0.0,0.0,0.0,0.0,0.0,0.0,41.65778763,0.0,19.235384061671343
53149,-45.3199619744614,27.6421999999999,821217.9465537,3.08104,283890.0,1231.07,4.48,5.149,26.02,3.0,4.0,36.2018376686901,513.731685132967,571.321063529875,18.3871988538756,12.5080870849323,, ,0.0,0.0,0.0,0.0,0.0,0.0,0.0,0.0,50.09649975,0.0,19.235384061671343
53163,-45.2411054880526,18.6925999999999,1469514.258675,10.9149,680091.0,687.47,3.38,3.42445,14.35,3.55,2.88,21.7459045742167,490.982411443782,529.748407897867,8.98405414522347,18.8240925349733,4.63465405753154, ,4.76479901417318,0.0,0.0,0.0,0.0,43.10024678,0.0,0.0,12.40805634,0.0,24.08318915758459
53165,-45.2419145572217,0.0,185536.2841431,1.31256,78306.8,690.98,0.0,3.39013,0.0,0.0,0.0,23.6253512741312,480.329497411924,485.434294217628,7.87579276644607,35.2946258503469,, ,10.7867764441695,0.0,0.0,0.0,0.0,100.0,0.0,0.0,0.0,0.0,0.0
53167,-45.2911732713017,13.9722,95500.9266013999,1.24473,57972.0,1549.68,4.51,5.1571,17.29,3.0,4.0,,,,,,, ,0.0,0.0,0.0,0.0,0.0,0.0,0.0,0.0,43.76252022,0.0,19.748417658131498
53177,-44.3763096000483,8.56259,24255907.39089,9.2575,264227.0,-72.72,2.7,2.54367,16.31,2.6,3.42,38.6293629867302,491.845043055331,571.466106622,17.3866259273887,24.6562482005388,38.26127933333335,Mckenzie Lagoon,0.0,0.0,0.0,6.837471439000001,0.0,1.423363408,0.0,85.21860557500001,6.520559573000001,0.0,28.861739379323623
53185,-45.4923038137709,10.4601,223355.0862199,1.74334,60784.7,488.06,3.49,3.10309,2.69,3.0,2.0,,,,,,, ,14.6223925895035,0.12179068877838,87.36065119,0.0,12.63934881,0.0,0.0,0.0,0.0,0.0,13.784048752090222
53195,-45.4664697678439,19.6982,91133.3580429999,2.06384,135513.0,490.42,3.54,3.19902,5.31,3.75,2.0,,,,,,16.49748, ,11.3623446351067,0.19572184096992,88.09715399,0.0,0.0,0.0,0.0,11.88802304,0.0,0.0,14.832396974191326
53202,-45.4010027651545,18.4422,1206954.767674,6.36678,391391.0,494.52,3.45,3.25518,12.85,2.52,1.81,38.007714247356,485.836328920277,571.662853750612,10.240345456714,25.9184427481196,20.5099445460548,Lake Echo,0.0,0.0,0.0,8.552683678,0.0,0.0,0.0,41.50009456,0.0,0.0,20.493901531919196
53215,-45.43313995895,7.65356,194554.6270112,1.75692,44822.3,566.49,3.37,3.12297,1.54,4.0,2.0,,,,,,, ,4.70934129766441,0.0,28.37859683,71.62140317,0.0,0.0,0.0,0.0,0.0,0.0,15.811388300841896
53216,-45.4225581723086,18.9554,4689134.3196656,4.18957,264717.0,494.52,3.23,2.9749,8.05,3.37,2.9,,,,,,35.48606353333335, ,7.29038304263715,0.0,15.75832719,0.0,0.0,24.48244967,0.0,59.759223145,0.0,0.0,17.60681686165901
53219,-45.4255878487217,16.672,161022.9311278,1.02531,56979.9,954.04,4.12,4.30883,17.09,1.14,4.0,,,,,,, ,0.0,0.0,0.0,0.0,0.0,0.0,0.0,0.0,59.40758923,0.0,14.491376746189438
53258,-45.4022064329286,25.4679,688007.5718149,2.45659,208547.0,1195.51,4.48,4.96662,19.18,3.0,4.0,28.8579248220125,485.892657226593,558.673902850099,14.1247374483396,22.9045046369516,, ,0.0,0.0,0.0,0.0,0.0,0.0,0.0,0.0,15.31495065,0.0,14.491376746189438
53262,-45.4094764733785,26.2887999999999,899261.9947722,1.21364,106350.0,1305.78,4.62,5.29113,29.66,3.0,4.0,,,,,,, ,0.0,0.0,0.0,0.0,0.0,0.0,0.0,0.0,61.46248008,0.0,13.784048752090222
53300,-45.4761590946474,16.3231,3803676.698459,22.2273,1209390.0,1350.52,4.57,5.51466,15.85,3.0,4.0,22.0540282471037,481.586737208789,537.514744621137,13.0764983902139,31.1711238182915,,Lake Gow,0.0,0.0,0.0,0.232588308,0.0,0.0,0.0,0.0,1.107358429,0.0,30.397368307141328
53301,-45.4712638649306,24.751,454836.4028443,4.08351,336903.0,1347.45,4.56,5.49212,16.68,3.0,4.0,41.2736871619808,495.670618641362,574.816984136501,10.3490546391269,15.4975568938013,, ,0.0,0.0,0.0,0.0,0.0,0.0,0.0,0.0,0.0,0.0,17.029386365926403
53304,-45.475512763495,27.1729999999999,5425650.890827,44.6201,4041550.0,1285.31,4.5,5.41764,20.04,3.0,4.0,32.1987722093161,483.429666251692,565.450519555302,13.1394052163845,30.4674484911759,,Blue Lake,0.0,0.0,0.0,1.122059711,0.0,0.0,1.745631858,0.0,1.202274544,0.0,38.06573262134856
53305,-45.4685454150406,19.2626999999999,2114305.6764261,2.84391,182604.0,1353.66,4.72,5.73568,17.32,3.0,4.0,,,,,,, ,0.0,0.0,0.0,0.0,0.0,0.0,0.0,0.0,1.787887957,0.0,18.16590212458495
53306,-45.4632882456868,27.4128,1137249.5455778,3.16069,288811.0,1449.94,4.83,5.88122,16.84,3.0,4.0,12.3114427939207,478.965078668872,492.722160706952,13.1824616397951,37.262943750001,,Lake Laura,0.0,0.0,0.0,0.0,0.0,0.0,0.0,0.0,3.400374164,0.0,18.439088914585774
53307,-45.4607098707144,0.0,1832836.925637,10.0349,851892.0,1430.13,0.0,5.91645,0.0,0.0,0.0,16.2542900009064,480.864535567513,505.270093647062,14.851915178187,29.7774090325331,,Lake Scott,0.0,0.0,0.0,0.0,0.0,0.0,0.0,0.0,3.244886994,0.0,0.0
53308,-45.4533807404735,26.0473,372676.3156776,3.26506,283487.0,1473.81,4.89,5.97489,25.34,3.0,4.0,29.3703713627232,510.018369811782,558.676418711186,11.4991334195281,18.8696320087701,, ,0.0,0.0,0.0,0.556827022,0.0,0.0,0.0,0.0,11.15332595,0.0,15.491933384829668
53313,-45.4677886937981,23.5597999999999,1882230.1010669,2.01051,157890.0,1177.7,4.39,5.25172,15.57,3.0,4.0,,,,,,, ,0.0,0.0,0.0,2.600300049,0.0,0.0,0.0,0.0,1.050444765,0.0,15.165750888103101
53315,-45.4510460095547,17.1143,1092264.2208359,6.32344,360737.0,1477.13,4.72,5.73565,17.77,3.0,4.0,12.1251840731462,483.372253207514,506.072785679302,9.38448869340682,33.018859387138,, ,0.0,0.0,0.0,1.944626484,0.0,0.0,0.0,0.0,2.875600309,0.0,21.213203435596427
53327,-45.3289318035095,15.0876,467221.8174376,4.10556,206477.0,618.58,3.29,3.21892,3.2,3.94,2.0,,,,,,, ,2.17445145209192,0.0,0.0,13.77088656,0.0,13.08354109,0.0,73.14557235,0.0,0.0,18.16590212458495
53338,-45.3035037872074,35.036,345070629.456081,162.847,19018400.0,599.76,3.29,3.2408,22.3,3.3,3.56,42.4670062046195,570.597223665415,573.7676222508,6.99919264943218,11.0082538112536,6.37436966851399,South Mavora Lake,1.78130943024874,0.0,0.0,3.2705670629999997,0.0,13.05238298,0.0,7.350518857,26.167340114,0.0,54.31390245600108
53351,-45.235818232965,9.85643999999999,154952.5763303,1.04888,34460.8,1328.85,4.65,5.23842,11.55,4.0,4.0,,,,,,, ,0.0,0.0,0.0,0.0,0.0,0.0,0.0,0.0,17.16240168,0.0,13.416407864998739
53353,-45.2208592961971,39.0155,334530718.689997,1017.96,132387000.0,593.68,3.56,3.68207,22.56,3.29,3.58,40.2567522504313,495.420250030158,573.781954749523,12.5414961454597,15.4099514081163,5.83916937340277,North Mavora Lake,1.82630588246544,0.0,0.0,3.3743089669999997,0.0,13.33652996,0.0,4.5745594,27.299504066,0.0,96.04686356149273
53359,-45.3667911007039,27.6421999999999,593155.6847312,5.42284,499664.0,1455.76,4.83,5.55901,23.64,3.0,4.0,27.51331735787,485.817680617568,551.085290443176,12.2190962920096,20.7059097710243,, ,0.0,0.0,0.0,0.0,0.0,0.0,0.0,0.0,53.13424777,0.0,17.320508075688775
53362,-45.3517690680489,17.3939999999999,802498.7879404,1.09901,63720.8,1477.9,4.79,5.49365,17.83,3.0,4.0,,,,,,, ,0.0,0.0,0.0,0.0,0.0,0.0,0.0,0.0,32.86227911,0.0,15.811388300841896
53365,-45.3500975304689,18.6278,701726.1186862,1.39944,86895.0,1479.31,4.81,5.50345,17.92,3.0,4.0,33.7973443404327,479.993818980435,568.191146723423,8.97294514904309,42.7065453230785,, ,0.0,0.0,0.0,0.0,0.0,0.0,0.0,0.0,36.76526703,0.0,14.832396974191326
53370,-45.3241785906918,23.5597999999999,2028806.4226273,2.883,226410.0,975.64,4.21,4.63912,23.97,3.0,4.0,,,,,,, ,0.0,0.0,0.0,0.0,0.0,0.0,0.0,0.0,14.53256389,0.0,15.811388300841896
53371,-45.3406754540007,24.751,1434780.0160359,1.24405,102638.0,1314.42,4.85,5.56958,27.93,3.0,4.0,,,,,,, ,0.0,0.0,0.0,0.0,0.0,0.0,0.0,0.0,34.74163682,0.0,14.142135623730951
53382,-45.1959296609327,0.0,700702.9274999,4.17788,105400.0,732.91,0.0,3.57837,0.0,0.0,0.0,3.54517770757977,485.804004627876,487.506756923763,11.296890811604,25.6809992730795,, ,3.04650193223858,0.0,0.0,0.0,0.0,27.35290582,0.0,32.50676622,0.0,0.0,0.0
53391,-45.208487598265,26.0473,237755.0491315,1.21316,105332.0,1552.63,5.01,5.84087,21.25,3.0,4.0,,,,,,, ,0.0,0.0,0.0,0.0,0.0,0.0,0.0,0.0,90.28070159,0.0,13.416407864998739
53392,-45.2873065262959,20.1473,35587579.477032,11.681,784467.0,844.86,4.06,4.48107,25.15,3.14,3.63,28.6576781418562,491.800029188531,560.99749695455,10.4937912144067,17.6589937142888,6.4243279363268,Lake Ned,0.0,0.0,0.0,0.331433032,0.0,0.0,0.0,5.898591099,12.3142175,0.0,26.0
53401,-45.1714872152588,14.8388,4079814.375649,15.0631,745061.0,1215.02,4.51,5.10289,18.88,3.76,4.0,5.42024536335884,482.377094547192,491.825816991552,10.9568671708989,26.1504127246184,,Acheron Lakes,0.0,0.0,0.0,0.0,0.0,0.0,0.0,0.0,37.03227289,0.0,28.77498913987632
53402,-45.1618640449631,12.6582,2270294.105418,25.1893,1062840.0,1215.59,4.44,5.0017,18.21,3.85,4.0,19.4873818628245,483.263599791415,493.571087622587,9.71941389485733,28.5590275570259,3.97621813374711,Acheron Lakes,0.0,0.0,0.0,0.0,0.0,0.0,0.0,0.0,29.46360314,0.0,27.65863337187866
53409,-45.139822962062,27.6421999999999,650069.0006447,1.26956,116978.0,1308.64,4.65,5.30367,22.55,4.0,4.0,,,,,,, ,0.0,0.0,0.0,0.0,0.0,0.0,0.0,0.0,63.49824477,0.0,22.135943621178654
53412,-45.0682992337293,22.8331,965936.1954109,4.12414,313890.0,295.26,2.62,2.40064,32.08,4.0,4.0,37.4010443198246,491.439498365529,567.02414621088,12.3744860311792,20.2354207657762,8.644872844436264, ,0.001819325014376,0.0,0.0,0.0,0.0,0.027182863,0.0,78.20058471,0.0,0.0,18.708286933869708
53437,-45.1038445160766,26.2887999999999,371216.5140357,2.99235,262218.0,1550.95,4.73,5.43164,15.69,3.0,4.0,23.3213206578941,484.118695672919,503.035969759238,10.1180866171907,27.2747602067713,, ,0.0,0.0,0.0,0.0,0.0,0.0,0.0,0.0,86.51249996,0.0,16.73320053068151
53440,-45.0876509779598,27.6421999999999,1683626.8715088,2.54099,234128.0,1392.85,4.69,5.3529,29.89,3.0,4.0,35.0483888690129,493.609411612522,570.195995666905,8.87042265300974,13.1657125915464,, ,0.0,0.0,0.0,0.0,0.0,0.0,0.0,0.0,66.18910432,0.0,17.60681686165901
53442,-45.1031311966546,10.0833999999999,297218.3688335,1.82708,61410.3,670.48,3.43,3.49937,4.79,4.0,2.58,,,,,,, ,1.95864435972566,0.0,0.0,20.95091114,0.0,15.40768881,0.0,0.0,0.164618824,0.0,17.60681686165901
53462,-45.0427241049452,27.4128,606708.1197246,2.34622,214388.0,1340.72,4.39,4.95115,21.71,4.0,4.0,32.5007951575662,491.345142899784,566.387859001675,9.37134917085548,16.9483172926105,, ,0.0,0.0,0.0,0.0,0.0,0.0,0.0,0.0,35.17869179,0.0,17.60681686165901
53476,-44.9858884685479,24.4226999999999,1149238.1767871,2.32944,189637.0,352.58,2.64,2.39672,28.54,4.0,4.0,,,,,,61.9478995666667, ,0.0,0.0,0.0,1.302327012,0.0,3.727618093,0.0,75.466189809,0.0,0.0,16.73320053068151
53491,-45.0475007918842,18.175,16169710.6880967,5.38846,326450.0,695.77,3.54,3.63295,19.96,3.4,3.32,17.5510447015956,487.487263116506,492.304736505897,11.7602144772222,26.1095650445544,6.56214366666666, ,0.827633059019422,0.0,0.0,0.040641704,0.0,5.926930718,0.0,8.399534818,17.55956637,0.0,21.447610589527216
53492,-45.0300766281481,17.6829,1847893.0684358,3.27344,192946.0,736.66,3.57,3.6964,13.58,3.57,2.97,11.886513247065,480.734268955452,504.356973247333,11.6196166837853,29.1543327541476,16.123005, ,0.155524056931337,0.0,0.0,0.0,0.0,1.128724902,0.0,10.42806952,1.315583539,0.0,18.16590212458495
53495,-45.0170987366059,27.4128,459632.0252856,1.00766,92075.6,1448.85,5.04,5.87155,27.33,3.0,4.0,,,,,,, ,0.0,0.0,0.0,0.0,0.0,0.0,0.0,0.0,90.90840972,0.0,12.24744871391589
53509,-45.1424360220555,0.0,511271.1882358,1.66589,99522.7,895.75,0.0,4.44865,0.0,0.0,0.0,,,,,,, ,0.0,0.0,0.0,0.0,0.0,0.0,0.0,0.0,70.80789211,0.0,0.0
53516,-45.1269851950031,17.282,428981.2290422,1.19938,69092.2,943.87,4.16,4.54545,10.9,3.41,3.17,,,,,,, ,0.0,0.0,0.0,0.0,0.0,0.0,0.0,0.0,12.92780499,0.0,13.784048752090222
53519,-45.1075613305181,38.4821,6940951.887104,69.9298,8970150.0,423.67,3.15,3.03868,15.6,3.0,3.64,30.7794655708639,492.1597965314,555.198569218116,11.0983889832595,17.6937113113905,7.665003828546035, ,5.93333518898856,0.0,0.0,0.542197489,0.0,56.57259858,27.96527401,4.5668303439999995,0.0,0.0,42.035699113967404
53521,-45.0831591366422,23.7051,679659.6747464,1.45639,115080.0,398.45,3.08,2.91545,9.19,3.0,2.0,,,,,,, ,11.1360914339829,0.0,0.0,0.0,0.0,93.4211654,0.0,6.578834595,0.0,0.0,16.73320053068151
53532,-45.0680623101495,380.0,3365691279.64707,29825.2,37778600000.0,237.03,4.06,4.22559,23.28,2.93,3.65,22.5358961600665,482.79496284677,533.20477010709,11.8968844511501,31.5518982056116,0.848503666666666,Lake Wakatipu,0.864456984956914,0.0071830456449867,3.132214567,0.7803601899999999,0.6010067570000001,6.71689659,0.537610166,22.743791517,15.819100904999999,0.35114867299999997,172.36008818749195
53545,-45.0452530857889,18.1282999999999,4554234.353216,28.1688,1702170.0,467.74,3.73,3.74438,25.1,3.0,3.62,30.3873266009347,486.0220187482,556.462332015538,8.7754268637561,23.2497918871042,4.631182485765935,Lake Dispute,2.21194743558573,0.0,0.0,0.0,0.0,41.34250422,0.0,58.096258428,0.0,0.0,39.68626966596886
53547,-45.021596106564,27.6421999999999,658882.6443,5.60296,516261.0,1594.33,5.46,6.28472,22.76,3.0,4.0,35.8711564702152,498.405636972,566.073612195228,18.0576519864109,21.7574558675895,,Lake Isobel,0.0,0.0,0.0,0.0,0.0,0.0,0.0,0.0,41.11337231,0.0,20.0
53548,-45.0270483257442,17.1143,2305259.4999588,3.17366,181049.0,572.21,3.99,4.07393,26.21,3.0,3.43,,,,,,5.12054266666667,Lake Kirkpatrick,2.09256287820197,0.0,10.34119393,0.0,8.663281313999999,54.30714395,0.0,26.688380815,0.0,0.0,18.973665961010276
53549,-45.0028644566596,24.9766,19057052.839672,81.2339,6763170.0,525.85,3.86,3.85764,23.81,2.96,3.52,36.812432522326,502.184580364025,570.255510088627,11.3988454119454,20.6216328638321,4.523979574499785,Moke Lake,1.90910524132937,0.0,16.91807743,0.0,2.637012097,32.66887103,0.0,18.182914531999998,1.81262694,0.0,36.932370625238775
53550,-45.3906959615883,12.907,9415753.5632866,3.30092,142017.0,320.46,2.54,2.46652,19.45,3.15,3.83,,,,,,, ,5.7019848968403,0.227136125944202,28.8502163,0.0,29.041627886,1.770928095,0.13445465,3.934608108,0.576615503,0.0,20.73644135332772
53552,-45.3769443501207,23.2685999999999,171789.5778393,2.20003,170638.0,294.16,2.53,2.38695,3.24,3.0,3.0,,,,,,, ,14.9312556914747,0.227136125944202,86.02391307,10.78026095,0.0,0.0,0.0,3.195825977,0.0,0.0,18.708286933869708
53580,-45.2697802214235,27.6421999999999,250792.5534101,1.53303,141255.0,1510.15,4.78,5.49775,22.2,3.0,4.0,,,,,,, ,0.0,0.0,0.0,0.0,0.0,0.0,0.0,0.0,0.0,0.0,16.73320053068151
53581,-45.2647632991948,27.6421999999999,269318.6870759,1.85137,170586.0,1525.1,5.01,5.84645,22.91,3.0,4.0,37.7769126533599,492.331367452321,571.304288239329,11.9121313174047,17.5830317273651,, ,0.0,0.0,0.0,0.0,0.0,0.0,0.0,0.0,0.0,0.0,16.73320053068151
53597,-45.2250054963203,27.4128,284402.47453,1.47186,134492.0,1769.51,5.63,6.54406,19.32,3.0,4.0,,,,,,, ,0.0,0.0,0.0,0.0,0.0,0.0,0.0,0.0,22.93964996,0.0,16.73320053068151
53604,-45.4128776622088,18.6278,534723.8943518,1.16901,72586.9,1618.63,4.96,6.03515,11.65,3.0,4.0,,,,,,, ,0.0,0.0,0.0,0.0,0.0,0.0,0.0,0.0,2.208101949,0.0,16.73320053068151
53611,-45.39555992641,17.1675,670254.0468821,1.91679,109689.0,1529.35,4.9,5.92683,15.56,3.0,4.0,,,,,,, ,0.0,0.0,0.0,0.996235122,0.0,0.0,0.0,0.0,0.960185078,0.0,16.73320053068151
53615,-45.3992148956448,18.6296,393717.5682656,1.04798,65078.3,1671.01,5.11,6.21927,18.61,3.0,4.0,,,,,,, ,0.0,0.0,0.0,0.0,0.0,0.0,0.0,0.0,20.25672952,0.0,16.73320053068151
53616,-45.4020270515828,24.751,835569.7844544,7.35158,606530.0,1516.39,4.87,5.91471,14.28,3.0,4.0,23.6503406551484,486.748541444509,540.554132721347,11.9363250937121,27.2997226509396,, ,0.0,0.0,0.0,2.095248688,0.0,0.0,0.0,0.0,5.422350745,0.0,21.6794833886788
53624,-45.3178776463866,9.19853,332347.9145815,1.03839,31839.0,787.7,3.69,3.99968,8.13,3.0,3.14,,,,,,, ,0.0,0.0,0.0,0.0,0.0,79.91221982,0.0,0.0,0.0,0.0,16.1245154965971
53641,-45.3308895542592,9.85643999999999,466628.9766274,2.11585,69515.9,1668.35,5.2,6.23272,10.32,3.0,4.0,40.2616292974829,513.036111468054,571.939528219266,13.0775857518311,10.3925609703558,, ,0.0,0.0,0.0,0.0,0.0,0.0,0.0,0.0,6.512748272,0.0,14.832396974191326
53647,-45.3390244285253,17.9313,388506.753875,1.87973,112353.0,1514.68,4.91,5.85226,6.05,3.0,4.0,25.1798601842962,490.177069296897,541.74996322346,10.5570024190649,20.7632211875852,, ,0.0,0.0,0.0,4.500847777,0.0,0.0,0.0,0.0,0.0,0.0,14.832396974191326
53680,-45.1883479410925,16.7191,799898.5454491,1.43364,79897.2,1593.02,5.62,6.41533,29.99,3.0,4.0,,,,,,, ,0.0,0.0,0.0,0.0,0.0,0.0,0.0,0.0,33.76513951,0.0,16.431676725154983
53683,-45.1802120215228,27.6421999999999,569322.3468044,4.79434,441754.0,1734.17,5.73,6.54793,24.02,3.0,4.0,33.1717667577993,495.107218764984,566.312705313154,12.0682105174819,18.0794824749794,, ,0.0,0.0,0.0,0.0,0.0,0.0,0.0,0.0,10.58308486,0.0,19.748417658131498
53689,-45.1717260049493,27.6421999999999,1003123.0161919,1.10479,101796.0,1627.31,5.79,6.59443,27.34,3.0,4.0,,,,,,, ,0.0,0.0,0.0,0.0,0.0,0.0,0.0,0.0,21.38176437,0.0,14.491376746189438
53707,-45.0033539707324,27.0,1872507.257095,25.47,2292300.0,391.2,3.86,3.42301,13.35,3.0,2.75,9.9916600860347,487.339606144544,502.473208748746,14.0581217375556,22.4539788149503,4.81300229165962,Lake Johnson,5.70803252787508,0.0,85.10529453,0.0,0.478347569,3.474267503,0.0,5.6998185249999995,0.0,0.0,31.12876483254676
53716,-45.0822952844949,18.3648999999999,719466.9640522,3.39761,207989.0,1714.6,6.28,7.01503,15.47,3.0,4.0,,,,,,, ,0.0,0.0,0.0,0.0,0.0,0.0,0.0,0.0,25.9872867,0.0,18.973665961010276
53717,-45.0794831603007,27.4128,1639808.9888644,5.14918,470511.0,1694.63,6.22,6.90913,15.68,3.0,4.0,32.4680833101146,512.947617190224,566.006457188781,11.796031099018,16.7443295602623,, ,0.0,0.0,0.0,0.0,0.0,0.0,0.0,0.0,37.63668687,0.0,23.68543856465402
53722,-45.0733200340475,24.6619999999999,296001.6292174,1.18887,97733.1,1646.66,6.08,6.70332,23.47,3.0,4.0,,,,,,, ,0.0,0.0,0.0,0.0,0.0,0.0,0.0,0.0,27.16811532,0.0,16.1245154965971
53730,-45.063734408473,25.9527,1349792.488081,12.8361,1110430.0,1799.69,6.51,7.32359,25.52,3.0,4.0,40.2602942921112,484.870974724158,572.25358500281,14.6144642339594,22.2373111585912,,Lake Alta,0.0,0.0,0.0,0.0,0.0,0.0,0.0,0.0,53.1144669,0.0,22.58317958127243
53750,-44.9951567206413,24.8248,154576.3143996,2.82599,233848.0,377.24,3.91,3.28497,1.33,3.0,1.0,,,,,,, ,1.10028191667417,0.0,100.0,0.0,0.0,0.0,0.0,0.0,0.0,0.0,18.708286933869708
53753,-45.1853098008518,16.3231,341826.1948063,1.71361,93237.7,1812.79,5.95,6.82379,20.3,3.0,4.0,33.1671676660022,545.286354494211,570.679095229786,9.58540961463565,14.480673005441,, ,0.0,0.0,0.0,0.0,0.0,0.0,0.0,0.0,16.42985172,0.0,16.73320053068151
53781,-45.0571716768144,17.9248,648596.7334912,1.30015,77683.1,215.69,4.14,3.24707,2.11,3.0,2.0,,,,,,, ,0.0127854512868409,0.0,85.90623222800001,0.0,0.045827578,11.83034046,0.004387747,2.213211993,0.0,0.0,19.235384061671343
53787,-45.0525076357947,17.8694999999999,1960594.778679,1.15059,68535.2,220.71,4.19,3.275,2.02,3.0,2.0,,,,,,, ,0.0165344149807038,0.0,91.14127828,0.0,2.167212528,5.097438211,1.022070436,0.0,0.0,0.57200055,16.73320053068151
53827,-44.9460414321024,27.6421999999999,409678.4835392,3.22567,297215.0,1593.36,4.86,5.64111,21.45,4.69,4.0,34.9331039382679,499.848002303181,564.367446403196,11.7704512635013,21.3520009624875,, ,0.0,0.0,0.0,0.0,0.0,0.0,0.0,0.0,76.14283635,0.0,16.73320053068151
53851,-44.8756274730198,46.0236,35024175.094236,271.442,41642500.0,456.55,3.23,3.3439,27.61,2.91,4.24,34.3681343225303,545.330097548709,568.935466195484,11.5099472012539,14.0241444700654,5.74908788033663,Lake Gunn,0.0,0.0,0.0,0.054469151,0.0,0.0,0.0,50.405187807,7.177922437,0.0,62.44997998398398
53864,-44.8919246696336,26.0473,7059015.7085322,5.10323,443085.0,935.69,4.22,4.70793,33.32,3.0,4.0,5.08508809167242,574.650223770474,578.577800869271,15.8089536948916,35.4831057680126,7.45281754839022, ,0.0,0.0,0.0,0.0,0.0,0.0,0.0,0.966416245,26.933550954999998,0.0,19.748417658131498
53866,-44.8644351229445,27.6421999999999,1307244.3788855,3.35625,309247.0,1349.01,4.86,5.64147,34.67,3.0,4.0,,,,,,, ,0.0,0.0,0.0,0.0,0.0,0.0,0.0,0.0,52.88979246,0.0,18.16590212458495
53868,-44.851067422887,27.4128,2247699.2021419,1.76747,161504.0,1008.78,4.15,4.77783,45.23,1.0,5.0,,,,,,, ,0.0,0.0,0.0,0.0,0.0,0.0,0.0,0.0,94.48445001,0.0,14.832396974191326
53870,-44.8263123744343,12.5897,1636947.8480978,2.08281,87406.9,1097.43,4.75,5.7004,40.74,1.0,5.0,34.5213129238798,559.412948885552,573.907085161173,17.9252540785119,23.058021682266,, ,0.0,0.0,0.0,0.0,0.0,0.0,0.0,0.0,99.99847259,0.0,14.142135623730951
53872,-44.8447955040683,32.9275,8693203.123333,58.9652,6471910.0,481.36,3.4,3.61891,28.66,3.3,4.18,34.2468938137174,559.926629783615,575.776879445594,17.4497558434043,12.1383096004495,5.60676516934459,Lake Fergus,0.0,0.0,0.0,0.210020742,0.0,0.0,0.0,65.614558062,4.053795077,0.0,45.47526800360829
53877,-44.855395643622,25.9808999999999,12480646.724688,73.3894,6355740.0,617.05,3.51,3.72823,23.98,3.42,3.91,25.7259583075487,563.72823453199,572.856029917701,6.07824211769343,10.4123792980856,5.458831818126985,Lake Mckellar,0.0,0.0,0.0,0.156063038,0.0,1.438354276,0.0,61.189930502,1.233296514,0.0,44.721359549995796
53885,-44.8305793375623,22.6244,917145.0470609,2.61094,196903.0,491.11,3.36,3.54919,29.2,3.93,4.02,,,,,,14.3171233333333, ,0.0,0.0,0.0,1.071149947,0.0,0.0,0.0,88.36463514,0.031297968,0.0,17.60681686165901
53886,-44.8194067551476,17.1675,1400018.766934,8.09753,463382.0,691.74,3.59,3.86519,19.87,3.95,3.85,30.9830804215494,565.517876217299,571.069202866842,14.8668462992662,8.71485328053326,6.364916696247705,Lake Howden,0.0,0.0,0.0,0.0,0.0,0.430258584,0.0,87.07607647,0.0,0.0,27.964262908219126
53897,-44.6671814602119,14.8278,138962.330478,1.08281,53519.0,2196.9,6.6,7.72575,17.9,3.0,4.0,,,,,,, ,0.0,0.0,0.0,0.0,0.0,0.0,0.0,0.0,95.20734399,0.0,12.649110640673518
53929,-44.4974093595832,21.724,1052984.0121795,2.73759,198238.0,410.84,3.87,3.67086,29.68,3.0,3.84,,,,,,, ,0.20030459551333,0.0,8.882169453,0.0,0.0,0.0,0.0,73.16442218,0.618400486,0.0,16.911534525287763
53934,-44.5372742964123,38.6518,158178.9739655,1.38698,178697.0,312.14,3.9,3.36032,31.99,3.0,3.69,,,,,,, ,5.45380848434781,0.0,0.0,5.784860676,0.0,81.69485749,0.0,0.0,0.0,0.0,15.165750888103101
53954,-44.4353862194501,25.6029,164571.0478054,1.3108,111867.0,376.5,4.27,3.73897,10.9,3.0,2.0,,,,,,, ,0.935455508825434,0.0,0.0,0.0,0.0,5.520265184,0.0,94.47973482,0.0,0.0,13.038404810405298
53956,-44.433614976296,21.6707,587134.4387149,3.62997,262214.0,399.36,4.28,3.76001,19.97,3.0,2.58,,,,,,17.35080306429535, ,4.27089211930081,0.0,0.0,0.0,0.0,25.2042115,0.0,69.93756094,0.0,0.0,18.439088914585774
53958,-44.3768273780222,26.3492999999999,2291674.0290863,2.97478,261279.0,279.47,3.82,3.27163,14.22,3.0,2.38,,,,,,, ,7.56952596367153,0.0,17.192906078,1.622006074,0.0,38.00935985,0.0,29.183210326999998,0.0,0.0,16.73320053068151
53963,-44.3400419226711,33.9151999999999,45010884.053261,106.899,12085100.0,641.03,4.55,4.81042,25.6,0.49,0.66,,,,,,17.9741866666667, ,0.0034944926516647,0.0,0.0,0.005465192,0.0,0.144476424,0.0,0.0,82.47546367,0.0,46.4327470649756
53966,-44.305417541145,27.6549,2339779.914395,24.2386,2234390.0,1358.32,5.8,6.71013,28.21,1.8,2.41,,,,,,,Cloudmaker Lake,0.0,0.0,0.0,0.0,0.0,0.0,0.0,0.0,48.386636030000005,0.0,30.886890422961002
53981,-44.3552827971228,24.0469,5168993.6051234,1.42542,114257.0,264.96,3.68,3.1523,20.27,2.99,3.76,,,,,,, ,0.0,0.0,0.0,0.0,0.0,4.889965114,0.0,34.828084315,1.544337592,0.0,16.73320053068151
54000,-44.7862121151644,45.8789999999999,19730505.570464,80.2716,12275900.0,667.39,3.94,4.47231,35.28,0.84,4.24,21.3224640968548,568.350376948336,573.858946152138,17.6510800656769,9.86534512180551,4.814821335849735,Lake Marian,0.0,0.0,0.0,0.0,0.0,0.0,0.0,1.608335625,65.23485488,0.0,42.05948168962618
54001,-44.7562413087446,27.6421999999999,3245994.9630422,1.22244,112636.0,1241.83,4.6,5.46385,36.26,0.79,3.97,,,,,,,Lake Marianette,0.0,0.0,0.0,0.0,0.0,0.0,0.0,0.0,90.85036448,0.0,17.320508075688775
54003,-44.7537067954798,27.6421999999999,2440130.095932,3.50223,322698.0,1234.85,4.86,5.86027,36.84,0.79,3.96,33.0060700042666,493.362505343323,565.817891517162,14.2560519994291,15.5126464356196,,Lake Mariana,0.0,0.0,0.0,0.0,0.0,0.0,0.0,0.0,87.72021363,0.0,17.029386365926403
54005,-44.7717380719457,27.4128,779045.2178522,8.19016,748383.0,1526.9,4.76,5.64728,28.87,1.0,5.0,45.3006211540971,532.709621492314,574.840616492567,14.1883564367436,29.232055513125,, ,0.0,0.0,0.0,0.0,0.0,0.0,0.0,0.0,89.21863833,0.0,20.248456731316587
54008,-44.7571413156294,17.1675,231431.7204194,1.38358,79175.2,1470.27,4.71,5.56488,23.87,0.36,1.81,40.4956321844552,514.139939248244,570.918513989397,13.377552757631,15.086375971161,, ,0.0,0.0,0.0,0.0,0.0,0.0,0.0,0.0,100.0,0.0,18.16590212458495
54016,-44.8436649123733,12.5897,373344.5619427,1.40507,58964.8,978.31,3.98,4.41592,22.65,3.0,4.0,,,,,,, ,0.0,0.0,0.0,0.0,0.0,0.0,0.0,42.55959681,0.0,0.0,17.88854381999832
54019,-44.8565784972911,26.0473,603265.7647313,1.93086,167645.0,1597.61,5.37,6.2665,25.79,3.0,4.0,13.5883401002033,568.872634445466,574.953339009098,16.983070059054,10.5137985738445,, ,0.0,0.0,0.0,0.0,0.0,0.0,0.0,0.0,81.082082306,0.0,17.88854381999832
54021,-44.8469088151578,25.4679,654321.1569353,5.31219,450968.0,1694.77,5.59,6.60365,24.54,3.0,4.0,28.8250139507592,559.935614269179,570.530555982546,8.86965317927591,7.79565434852241,, ,0.0,0.0,0.0,0.0,0.0,0.0,0.0,0.0,63.9378738,0.0,22.360679774997898
54022,-44.8043224940135,27.6421999999999,516772.719123,3.82666,352591.0,1277.16,4.85,5.67555,30.91,3.0,4.0,29.5026922694796,506.941232619621,560.069535573395,11.8355382224586,20.3833294885011,,Lake Roberts,0.0,0.0,0.0,0.0,0.0,0.0,0.0,0.0,4.2925446,0.0,20.493901531919196
54024,-44.802249858222,27.4128,268224.7931185,1.63629,149517.0,1093.84,4.27,4.77228,26.23,3.0,4.0,,,,,,, ,0.0,0.0,0.0,0.0,0.0,0.0,0.0,0.0,45.02574691,0.0,16.1245154965971
54025,-44.7632133496825,28.4545999999999,5821118.900866,22.7044,2153480.0,887.81,4.45,5.10637,30.99,3.09,4.0,26.8786701455974,493.123152820758,554.306561946659,6.84647173791544,19.2481117738254,5.07140291662297,Lake Mackenzie,0.0,0.0,0.0,0.0,0.0,0.551537122,0.0,15.88582691,14.4370868,0.0,33.166247903554
54035,-44.9506239406497,28.521,800725.6615338,7.22464,686847.0,454.63,3.46,3.4699,30.24,3.0,4.0,40.0735312587614,503.378984615576,572.010558632802,11.3149902564883,10.1933902558634,3.950276865079365,Lake Rere,0.0,0.0,0.0,0.0,0.0,0.292426538,0.0,77.722035844,0.0,0.0,24.08318915758459
54037,-44.8843157041082,19.1451999999999,2826755.7584568,5.55426,354457.0,449.05,3.38,3.23845,13.88,3.0,3.59,,,,,,12.77357506666665, ,0.0,0.0,0.0,0.0,0.0,54.27806164,0.0,27.80313719,1.314370256,0.0,21.447610589527216
54038,-44.9642579571874,16.8342999999999,252094.9013449,1.0266,57607.1,836.14,4.33,4.57805,22.27,3.0,3.04,,,,,,6.14774847317388,Dukes Tarn,0.0,0.0,0.0,0.0,0.0,0.0,0.0,2.743060633,0.0,0.0,15.811388300841896
54039,-44.9515686652655,17.1143,4902320.977834,35.765,2040300.0,808.37,4.28,4.49928,21.61,3.0,3.29,24.1533981541752,570.133234130609,573.885380339077,17.9618596314706,11.3357802198266,4.43714491787204,Lake Luna,0.0,0.0,0.0,0.0,0.0,0.0,0.0,3.451181513,0.769142751,0.0,44.15880433163923
54045,-44.8635779110888,27.4128,826664.558301,1.89016,172715.0,1538.57,5.32,6.20532,23.39,3.0,4.0,,,,,,, ,0.0,0.0,0.0,0.0,0.0,0.0,0.0,0.0,57.49026012,0.0,14.491376746189438
54050,-44.842423143459,26.5766999999999,9804696.115796,17.4287,1543990.0,304.05,3.2,2.98059,9.85,2.99,2.01,32.7970427680862,561.499915433001,568.959757878252,11.172256453104,22.4385442136416,19.8896044, ,6.69911054515021,0.0,23.81994513,14.761074436000001,3.2579299539999997,40.56583371,1.555250157,15.524189928,0.426564918,0.08921177500000001,33.2264954516723
54058,-44.7451905023099,26.0473,782420.9837117,1.04786,90979.4,1289.05,4.62,5.54788,27.37,0.75,3.79,,,,,,,Black Lake,0.0,0.0,0.0,0.0,0.0,0.0,0.0,0.0,39.597673979999996,0.0,12.24744871391589
54059,-44.7323949932574,27.6421999999999,1093387.0792211,3.07021,282891.0,1095.58,4.39,5.16505,34.43,1.0,5.0,35.4566003943406,540.462293590036,567.540033012173,12.157753396493,23.642941636654,, ,0.0,0.0,0.0,0.0,0.0,0.0,0.0,0.0,53.318780593,0.0,17.320508075688775
54060,-44.7227581309552,35.1642999999999,12926229.476001,127.917,14993800.0,942.64,4.23,4.92953,28.01,0.94,4.73,35.0967603841405,533.507916094609,566.37197593077,11.3742237204229,11.899718074641,4.36087807731264,Lake Adelaide,0.0,0.0,0.0,0.0,0.0,0.0,0.0,0.851251674,38.462349407,0.0,50.49752469181039
54061,-44.7342000814174,27.4128,591827.1639322,1.31278,119956.0,916.21,4.43,5.18835,49.19,1.0,5.0,,,,,,, ,0.0,0.0,0.0,0.0,0.0,0.0,0.0,0.0,97.08603309099999,0.0,21.6794833886788
54071,-44.6935032046314,27.6421999999999,2719583.5304215,9.95412,917180.0,1145.96,4.41,5.12451,31.87,0.39,1.97,33.4581649683192,505.141191306739,565.429970111376,12.7001097083955,12.7826475834996,, ,0.0,0.0,0.0,0.0,0.0,0.0,0.0,0.0,93.56280884,0.0,21.447610589527216
54073,-44.6561166094857,31.6805999999999,5461378.003882,48.653,5137850.0,1228.51,5.08,6.07343,34.79,0.83,4.15,22.2062019462311,561.01831781584,568.475167350829,14.5508962708862,27.948131660584,,Lake Turner,0.0,0.0,0.0,0.0,0.0,0.0,0.0,0.0,73.08135517,0.0,33.67491648096547
54077,-44.6902703488928,27.6421999999999,1317880.335912,11.5122,1060750.0,1142.75,4.1,4.63247,33.1,1.0,5.0,30.2307919227922,562.278832253622,571.519253663611,3.12930803467574,9.87497340895524,,Rainbow Lake,0.0,0.0,0.0,0.0,0.0,0.0,0.0,0.0,70.508740726,0.0,21.213203435596427
54078,-44.6600572822804,0.0,10447064.0584918,4.24814,85685.4,18.03,0.0,2.37398,0.0,0.0,0.0,36.1786484281313,557.405918942164,567.567075694432,13.7933628002162,20.6365755754955,, ,0.0,0.0,0.0,0.0,0.0,1.835842576,0.0,46.203248689000006,6.554909733000001,0.0,0.0
54080,-44.6499752262421,26.0473,586834.822389,5.14366,446595.0,1230.81,4.64,5.34888,20.46,4.0,4.0,1.82805443725199,573.418469894119,575.36810730908,17.5033430145602,39.752375820652,,Lake Hyslop,0.0,0.0,0.0,0.0,0.0,0.0,0.0,0.0,14.80321428,0.0,17.029386365926403
54085,-44.7315906080988,26.2887999999999,198269.9360984,1.68029,147243.0,1191.94,4.9,5.72348,35.93,3.0,4.0,,,,,,, ,0.0,0.0,0.0,0.0,0.0,0.0,0.0,0.0,0.0,0.0,15.165750888103101
54088,-44.7252695973458,27.507,5899851.395589,22.2766,2042540.0,1224.81,4.59,5.29511,23.36,3.0,4.0,27.7638922969347,553.287593401041,562.696676708524,12.3081097937302,15.6632244919634,,Lake Harris,0.0,0.0,0.0,0.0,0.0,0.0,0.0,0.0,23.87532915,0.0,30.0
54093,-44.7076457588408,27.6421999999999,194981.6650855,2.16175,199185.0,1438.02,4.87,5.71917,17.03,3.0,4.0,25.1559350434118,580.365635101732,582.016169485606,15.0092989691887,37.5997968565048,, ,0.0,0.0,0.0,0.0,0.0,0.0,0.0,0.0,0.0,0.0,17.320508075688775
54094,-44.7050680197922,26.0473,2576515.730029,29.0302,2520530.0,1424.29,5.12,6.0468,21.11,3.0,4.0,32.7120102168958,555.954148217886,571.987163902333,22.5845577449479,23.081363488221,,Lake Wilson,0.0,0.0,0.0,0.0,0.0,0.0,0.0,0.0,44.04156944,0.0,30.512292604784715
54110,-44.6204538857383,26.2887999999999,406121.5996317,1.61976,141939.0,1476.53,5.26,6.14221,28.89,3.0,4.0,5.12195544634358,489.159511589021,493.337607046426,6.40426554727693,28.7173632667484,, ,0.0,0.0,0.0,0.0,0.0,0.0,0.0,0.0,4.89119716,0.0,17.88854381999832
54124,-44.5641489961341,27.6421999999999,438753.1533603,5.14641,474194.0,1738.14,5.89,7.03162,27.61,2.91,3.88,19.5967948543165,494.241158040747,538.866214916545,10.1026885115526,17.2712730689352,, ,0.0,0.0,0.0,0.0,0.0,0.0,0.0,0.0,4.084922717,0.0,21.213203435596427
54128,-44.5679561664718,26.0473,2585297.7484067,4.66372,404924.0,1396.15,5.2,6.00802,32.47,2.37,3.16,40.6137800476416,505.243327948827,572.107313562088,11.4313402175266,12.9826602341407,,Lake Mystery,0.0,0.0,0.0,0.0,0.0,0.0,0.0,0.0,43.30873828,0.0,20.248456731316587
54132,-44.7380797538484,60.7094,63076905.34978,176.686,35755000.0,313.93,3.38,3.27142,25.5,2.8,3.5,10.7518964054653,492.630388073876,506.240957094229,8.47344825922017,19.5929431323175,4.969766489139515,Diamond Lake,1.13128786063525,0.0,9.235698292,0.61418775,0.110458572,1.414642925,0.0,35.452096193,17.992893923,0.0,48.92851929090027
54141,-44.7620195849951,18.6530999999999,65084203.175299,12.4786,775882.0,334.78,3.23,3.03061,25.48,2.8,3.5,31.0069235473823,564.119282000139,573.240934865525,18.8484259146299,12.2426092618453,17.392395,Lake Reid,1.1623757718026,0.0,8.99450479,0.579965943,0.104303953,1.954622325,0.0,36.546795407,16.990351405000002,0.0,24.24871130596428
54144,-44.7046698043431,39.4581999999999,8376686.221643,62.0331,8159040.0,351.76,3.27,3.19065,19.42,3.0,4.0,31.7288198997827,558.166217976299,569.758064438141,11.0071610267985,7.06604724996587,6.46202838387246,Lake Sylvan,0.0,0.0,0.0,0.565849633,0.0,0.0,0.0,93.2177222,0.0,0.0,35.0
54154,-44.5790151097391,17.1675,3366208.0904094,3.13401,179344.0,1172.06,5.12,5.73866,27.74,0.68,0.91,,,,,,, ,0.0,0.0,0.0,0.0,0.0,0.0,0.0,0.0,91.86891469,0.0,17.60681686165901
54156,-44.5625861218549,27.6421999999999,3362459.752152,17.1716,1582210.0,1380.6,5.67,6.52005,28.52,0.84,1.12,22.8543468545911,567.770499544837,576.516718893033,17.7751016723425,10.3931902763115,, ,0.0,0.0,0.0,0.0,0.0,0.0,0.0,0.0,92.46951044000001,0.0,24.73863375370596
54174,-44.6055625145658,26.0473,1204210.4578026,4.22397,366743.0,1141.39,5.2,5.59179,26.82,3.0,4.0,6.44396647816313,571.912122652099,575.853272887647,17.7803569244792,23.028437414125,, ,0.0,0.0,0.0,0.0,0.0,0.0,0.0,0.0,0.017696969,0.0,20.73644135332772
54177,-44.5903870918467,45.0307,23568756.73249,303.633,45576000.0,1056.4,5.19,5.62717,26.65,2.89,3.86,37.013636655339,565.746928436139,573.122471203505,10.0867693974879,9.72852410701559,7.426821469134095,Lochnagar,0.0,0.0,0.0,0.0,0.0,0.0,0.0,0.0,38.303782696999995,0.0,56.568542494923804
54181,-44.9612775595825,20.4127,3857572.0936749,2.21579,150768.0,439.67,3.98,3.63188,15.12,3.0,3.34,,,,,,,Downeys Dam,0.0,0.0,29.85864267,0.0,2.3726467810000003,1.048423411,20.711794031,0.0,0.0,0.0,19.235384061671343
54190,-44.9812329845025,35.0,51145709.932739,273.819,31945600.0,324.78,3.9,3.3332,11.05,2.99,3.01,28.245019103732,563.63296373662,571.790001269205,20.8894128774397,34.5582231026384,8.90161663473374,Lake Hayes,1.08314447194809,0.0,49.275466588,0.046737633,5.918480839,10.87269631,7.402873156999999,3.596293956,0.0,3.0591312999999998,55.226805085936306
54191,-44.9701207777962,10.5866,225091.1271945,1.31112,46267.7,454.95,3.96,3.4529,5.67,3.0,1.15,,,,,,, ,0.0,0.0,100.0,0.0,0.0,0.0,0.0,0.0,0.0,0.0,19.235384061671343
54196,-44.959255684383,23.2459999999999,153254.3385853,1.79234,138883.0,410.6,3.91,3.41669,2.52,3.0,4.0,,,,,,, ,0.274090632341494,0.0,91.97919289000001,0.0,1.443074083,0.0,0.0,6.577733031,0.0,0.0,15.491933384829668
54237,-44.8569887517617,17.1675,1407377.267886,1.00772,57666.8,1635.31,7.25,7.4896,15.87,3.0,4.0,,,,,,, ,0.0,0.0,0.0,6.749484894,0.0,0.0,0.0,0.0,16.68400202,0.0,13.038404810405298
54238,-44.8564286133258,13.8887,884875.1372412,2.03331,94133.4,1715.39,7.43,7.70323,14.06,3.0,4.0,,,,,,, ,0.0,0.0,0.0,0.0,0.0,0.0,0.0,0.0,17.72761947,0.0,14.142135623730951
54255,-44.7057038269439,18.8143999999999,175399.7885057,3.64184,228397.0,655.99,4.31,4.05742,6.9,3.0,4.0,31.0633659777668,561.894903907293,571.114848964027,5.48541287699143,8.80452985866862,8.04194403021977,Lindsays Tarn,0.50715088457158,0.0,0.0,0.0,0.0,47.86799982,0.0,5.288077837,0.0,0.0,17.029386365926403
54274,-44.5954502690219,16.7191,21849032.0102207,5.07319,282730.0,1078.38,5.04,5.37562,26.59,2.9,3.87,,,,,,6.3013245455186, ,0.0,0.0,0.0,0.0,0.0,0.0,0.0,0.0,37.512720305,0.0,20.73644135332772
54288,-44.642257456909,17.3939999999999,21053533.8111187,1.11456,64622.1,1194.02,5.6,5.83048,24.01,3.0,4.0,,,,,,, ,0.0,0.0,0.0,0.201460225,0.0,0.0,0.0,0.0,7.106833560999999,0.0,17.88854381999832
54296,-44.6908287085477,26.0473,536524.6321248,2.33787,202984.0,1772.68,6.45,6.9009,19.29,3.0,4.0,,,,,,, ,0.0,0.0,0.0,0.0,0.0,0.0,0.0,0.0,14.59237273,0.0,15.811388300841896
54298,-44.68799179578,17.1143,382468.4696192,1.36231,77716.2,1789.02,6.53,7.03053,19.15,3.0,4.0,,,,,,, ,0.0,0.0,0.0,0.0,0.0,0.0,0.0,0.0,18.26695479,0.0,12.649110640673518
54309,-44.647548118673,33.6445999999999,419833.4145114,3.20454,359386.0,393.74,4.14,3.48603,19.23,3.0,2.0,31.5737035523704,570.24973689263,573.10592951952,7.57053953848797,9.78636377397787,5.2247430508176,Diamond Lake,2.37336857215882,0.0,0.0,0.0,0.0,58.80356925,0.0,41.196430743,0.0,0.0,15.165750888103101
54311,-44.6626333440252,24.9432,1814191.6953383,5.23629,435367.0,294.32,4.16,3.38803,23.03,3.0,3.08,,,,,,, ,2.71892050042158,0.0,3.544878379,2.562625346,0.0,59.6633843,0.0,24.92171296,1.565283591,0.0,23.45207879911715
54326,-44.6309554527975,26.4990999999999,806561508.352828,16.5475,1461640.0,263.34,3.99,3.20292,25.5,2.83,3.52,,,,,,, ,1.52288694241405,0.0,6.785383778,0.923755242,0.034918265,10.42683007,0.253581822,15.048716552,13.481385162999999,0.003813564,24.24871130596428
54333,-44.5809399285161,25.968,1448302.8394428,1.09294,94604.6,262.93,3.99,3.37997,18.39,3.28,3.42,,,,,,24.4361933333333, ,10.4615196423913,0.0,20.35563969,7.359709606,0.0,34.74123058,0.0,12.75965229,0.047327926,0.0,18.973665961010276
54337,-44.5747661005535,23.8447,415757.7482457,6.84576,544117.0,291.97,3.97,3.38124,15.41,3.43,3.13,,,,,,19.1283433333333, ,11.5394526288094,0.0,40.08405193,5.232811585,0.0,28.99655346,0.0,25.46385222,0.222730802,0.0,22.360679774997898
54342,-44.6236834642863,17.4845,828520.5965154,6.65037,387595.0,263.24,3.95,3.16085,7.73,3.0,2.92,,,,,,, ,17.81094202625,0.0,69.59686046,0.0,3.741197934,20.58446374,0.0,6.077477868,0.0,0.0,20.248456731316587
54348,-44.5101265710586,14.8278,326897.3282066,2.53444,125267.0,1279.61,4.82,5.61322,17.12,4.0,4.0,,,,,,, ,0.0,0.0,0.0,0.0,0.0,0.0,0.0,0.0,48.75708614,0.0,18.439088914585774
54351,-44.4999182844853,24.751,1703246.950908,4.32156,356543.0,844.53,4.21,4.6954,29.68,4.0,4.0,24.4725453217614,564.435504374967,571.863997186286,8.65820227452931,9.2244108614705,3.97621813374711,Lake Speden,0.0,0.0,0.0,0.0,0.0,0.0,0.0,11.6753709,14.51597138,0.0,16.431676725154983
54356,-44.4513427548357,24.8504,1127523565.605,2284.5,189236000.0,-39.39,3.27,3.36298,27.14,2.42,4.0,45.1304198056946,570.540540764142,573.438721780692,10.4096366886913,10.3411541671602,10.6872440570541,Lake Mckerrow,0.0,0.0,0.0,0.6673241489999999,0.0,0.622530802,0.0,51.928471812,14.757710177,0.0,121.2435565298214
54361,-44.4381619292798,13.3712,113480.6719617,1.32594,59097.9,1476.73,5.04,5.90086,16.47,4.0,4.0,,,,,,, ,0.0,0.0,0.0,0.0,0.0,0.0,0.0,0.0,55.77356475,0.0,13.416407864998739
54374,-44.514723426194,26.2887999999999,145448.0517462,2.44509,214262.0,1434.28,5.34,6.23518,15.0,3.0,4.0,5.88734628493979,489.122090498311,498.25080471939,9.05637339929237,19.3492634037645,, ,0.0,0.0,0.0,0.0,0.0,0.0,0.0,0.0,0.0,0.0,14.491376746189438
54375,-44.5159689764952,24.6619999999999,1442501.949541,11.7378,964930.0,1471.75,5.34,6.25857,20.34,3.0,4.0,23.2935345290543,488.874059301814,530.942881883977,14.8178924257425,22.0425524858519,, ,0.0,0.0,0.0,0.0,0.0,0.0,0.0,0.0,33.69352649,0.0,23.2379000772445
54393,-44.4865667488728,27.6421999999999,679635.2485287,2.52634,232779.0,1253.69,4.75,5.41629,23.69,4.0,4.0,34.6501018656511,483.597483164265,574.205681662679,11.7406890797642,18.1094118589936,,Lake Never,0.0,0.0,0.0,0.0,0.0,0.0,0.0,0.0,0.0,0.0,21.447610589527216
54397,-44.4601824055563,27.6421999999999,323972.4923359,4.59041,422963.0,1460.16,5.0,5.75612,20.61,3.0,4.0,20.3916756783557,502.508780871607,541.942326271027,6.76659873618379,15.6698446758011,, ,0.0,0.0,0.0,0.0,0.0,0.0,0.0,0.0,0.0,0.0,17.320508075688775
54400,-44.4141578143002,9.53527,93697.5727839,1.15307,36649.4,1057.89,4.76,5.50802,14.83,4.0,4.0,,,,,,, ,0.0,0.0,0.0,0.0,0.0,0.0,0.0,0.0,0.0,0.0,16.73320053068151
54402,-44.4230054285573,13.9722,72261.3244377999,1.98563,92478.8,1319.45,4.9,5.70132,9.54,4.0,4.0,5.50897890462369,486.525719449995,494.203750093622,11.5230284667796,23.3120235377507,, ,0.0,0.0,0.0,0.0,0.0,0.0,0.0,0.0,0.0,0.0,16.73320053068151
54406,-44.4203646920524,10.2911,289960.3554409,1.37384,47127.7,1301.4,4.78,5.5245,15.56,4.0,4.0,,,,,,, ,0.0,0.0,0.0,0.0,0.0,0.0,0.0,0.0,0.0,0.0,18.439088914585774
54407,-44.4211911829118,27.4128,2708032.0464598,6.42686,587261.0,933.3,4.73,5.44317,28.19,3.98,3.98,4.74308892682005,486.167321240361,492.712773889162,12.5719661553842,27.433025115332,3.91951610434018, ,0.0,0.0,0.0,0.0,0.0,0.0,0.0,1.158814708,11.81476855,0.0,20.97617696340303
54408,-44.417030067676,27.6421999999999,3143322.1110229,1.86331,171687.0,872.14,4.68,5.35543,28.19,3.98,3.98,24.9062551324971,488.233497302389,531.395040796418,9.90185384373125,21.8071875587919,4.196665825034675, ,0.0,0.0,0.0,0.0,0.0,0.0,0.0,6.994342086,10.02566919,0.0,15.165750888103101
54413,-44.4082999376482,44.4177,4080782.079596,35.5792,5267830.0,861.48,4.44,5.03148,23.13,3.97,3.97,44.6144767996706,486.405392339944,572.814468490407,10.3220370208993,16.8478895898569,4.571249865600465, ,0.0,0.0,0.0,0.0,0.0,0.0,0.0,23.99324868,0.0,0.0,35.6931365951495
54415,-44.3298229422385,8.05433,361608.9767936,1.58625,42587.3,-18.42,2.75,2.61181,14.14,1.17,3.71,,,,,,, ,0.0,0.0,0.0,0.0,0.0,0.0,0.0,88.848455742,11.15154425,0.0,18.439088914585774
54427,-44.3419582689584,21.0935999999999,1049998.7898954,2.82846,198875.0,119.2,2.96,2.8761,17.1,2.03,4.52,,,,,,6.27701670836876, ,0.0,0.0,0.0,0.0,0.0,0.0,0.0,100.0,0.0,0.0,20.73644135332772
54435,-44.3841169397722,32.591,194275091.243148,231.896,25192400.0,-26.59,2.89,2.73821,24.71,3.09,3.85,24.4877642239205,571.689359907662,575.202076448314,2.53202938737591,10.6749762552783,7.409614287619689,Lake Wilmot,0.0,0.0,0.0,0.8428309549999999,0.0,0.419026749,0.0,62.73473528900001,6.20823876,0.0,49.49747468305833
54437,-44.3615881409194,12.7445,1206294.9557487,1.77063,75219.1,28.02,3.13,3.10793,33.64,3.77,3.84,,,,,,17.20705971045625, ,0.0,0.0,0.0,3.832882962,0.0,0.0,0.0,88.58256276,0.0,0.0,16.1245154965971
54443,-44.3390879218375,18.4524,560905.539518999,10.7556,661556.0,175.63,2.9,2.79799,10.07,3.0,4.0,35.3531417889622,569.45897777844,574.51792384501,7.6875604663543,9.62194518961582,5.16927690985099, ,0.0,0.0,0.0,0.0,0.0,0.0,0.0,100.0,0.0,0.0,25.45584412271571
54467,-44.484634239182,0.0,5010660.2097829,6.8109,627561.0,1193.41,0.0,6.90229,0.0,0.0,0.0,,,,,,, ,0.0,0.0,0.0,0.0,0.0,0.0,0.0,0.0,86.33787967,0.0,0.0
54468,-44.4593447518379,27.6421999999999,4801036.430765,1.25742,115859.0,777.41,4.34,4.6928,30.77,1.3,1.73,,,,,,, ,0.0,0.0,0.0,0.0,0.0,0.0,0.0,1.572122804,72.992316901,0.0,16.1245154965971
54475,-44.4521038606722,15.7934,6243860.0498373,1.59159,83788.8,1277.58,5.4,6.16367,22.06,0.75,1.01,,,,,,, ,0.0,0.0,0.0,0.0,0.0,0.0,0.0,0.0,91.71939669,0.0,15.165750888103101
54486,-44.4075576287638,44.2171,24803410.676118,48.9637,7216780.0,638.1,4.55,5.0304,24.96,0.58,0.78,,,,,,,Lake Williamson,0.0,0.0,0.0,0.0,0.0,0.0,0.0,0.0,77.91013774,0.0,34.64101615137755
54487,-44.4448478179944,27.6421999999999,5146393.7615959,6.72998,620105.0,1052.13,4.79,5.36345,34.36,1.31,1.74,,,,,,, ,0.0,0.0,0.0,0.0,0.0,0.0,0.0,0.0,81.07631683,0.0,22.80350850198276
54511,-44.380966867895,27.6421999999999,743328.3860951,1.69041,155755.0,1350.69,5.54,6.53157,27.59,3.0,4.0,,,,,,,Crescent Lake,0.0,0.0,0.0,0.0,0.0,0.0,0.0,0.0,54.17995136,0.0,17.320508075688775
54514,-44.3627607008818,27.6421999999999,1953188.8100443,2.58779,238441.0,1287.32,5.58,6.5604,31.78,1.1,1.47,36.7371120678828,560.616906953278,572.638995116007,11.4115990506443,12.6839886381694,, ,0.0,0.0,0.0,0.0,0.0,0.0,0.0,0.0,67.67356738,0.0,16.1245154965971
54515,-44.3771443771831,27.507,3838789.9138699,5.73505,525847.0,971.33,4.7,5.24124,31.12,1.02,1.36,43.9991004400614,570.357457772113,573.600440856106,8.75215554890868,11.5774167524479,, ,0.0,0.0,0.0,0.0,0.0,0.0,0.0,0.0,59.78161786,0.0,23.021728866442675
54560,-44.3094940832116,0.0,3678948.8479133,2.82281,27099.3,15.05,0.0,2.5421,0.0,0.0,0.0,31.9444776324243,498.096741545605,570.371887458189,8.70219746320572,14.6973090216519,, ,0.0,0.0,0.0,18.70371476,0.0,0.0,0.0,81.296285236,0.0,0.0,0.0
54561,-44.3053198485688,10.3061,49807182.966723,89.4447,3072770.0,15.91,2.72,2.55878,14.91,2.29,3.2,13.672264795047,491.473474470829,518.650986683134,9.67536057439143,18.8661123908776,13.64192066666665,Waiuna Lagoon,0.0,0.0,0.0,5.1246273460000005,0.0,0.0,0.0,93.148857095,1.230478867,0.0,37.49666651850535
54562,-44.3265149342904,17.9455999999999,787098.621271,5.95244,356067.0,66.85,2.89,2.77647,10.49,1.93,3.12,29.5546039187915,493.800609321752,553.89613060364,7.90743208639654,13.8438413179806,5.14493956668063, ,0.0,0.0,0.0,0.0,0.0,0.0,0.0,100.0,0.0,0.0,21.213203435596427
54578,-44.2896703695339,9.02871,212699.3703504,1.68541,50723.5,1045.93,4.66,5.29825,10.43,1.0,4.0,,,,,,, ,0.0,0.0,0.0,0.0,0.0,0.0,0.0,0.0,0.0,0.0,18.973665961010276
54589,-44.2882170077491,19.2626999999999,509227.8271776,7.05311,452873.0,1073.59,4.77,5.4568,16.76,1.0,4.0,8.12441717391689,485.705642822038,495.679019015623,13.3837821009843,31.7113445247156,, ,0.0,0.0,0.0,0.0,0.0,0.0,0.0,0.0,15.74669629,0.0,20.493901531919196
54601,-44.2820974446512,17.9224,845941.3364578,5.89905,352417.0,1037.6,4.59,5.2067,15.47,1.0,4.0,35.842844800537,562.023711051252,575.009976636218,19.568465604429,20.0914948216247,, ,0.0,0.0,0.0,0.0,0.0,0.0,0.0,0.0,52.41264355,0.0,19.748417658131498
54618,-44.384271585444,45.1843,8711206.382021,32.7545,4933290.0,513.55,4.39,4.59649,31.13,2.52,3.36,36.2677972378485,492.751702582294,572.325761743624,11.1925734086878,13.4157323797406,17.37107, ,0.0,0.0,0.0,0.0,0.0,0.0,0.0,10.63581002,30.661072108,0.0,35.0
54621,-44.4069099683827,37.8378,5663134.11446,24.6801,3112800.0,1023.46,5.36,5.88082,37.18,0.93,1.25,25.6845638967961,485.557216843525,542.668036128338,11.2968504820576,26.3989928368315,, ,0.0,0.0,0.0,0.02373039,0.0,0.0,0.0,0.0,75.8282328,0.0,27.129319932501073
54645,-44.5618843147927,26.3556999999999,1033599.5530324,2.45187,215402.0,270.53,4.01,3.45728,16.71,3.11,3.36,,,,,,, ,14.0228505228931,0.0,30.66318207,0.0,0.0,41.79581343,0.0,15.86747888,0.702009542,0.0,16.73320053068151
54649,-44.5433153181229,25.8577,1473008.1540939,1.21929,105093.0,292.33,3.97,3.43817,19.44,3.14,3.71,,,,,,, ,9.34154023373745,0.0,28.04980594,0.0,0.0,19.64995561,0.0,46.541875675,0.0,0.0,14.832396974191326
54650,-44.5281137459898,26.2887999999999,371008.7567141,1.48138,129812.0,1453.31,6.13,6.56687,23.17,3.0,4.0,,,,,,, ,0.0,0.0,0.0,0.0,0.0,0.0,0.0,0.0,0.0,0.0,15.811388300841896
54655,-44.5330577524255,27.6421999999999,991365.1440085,3.10084,285713.0,1413.81,6.04,6.41649,22.71,3.0,4.0,,,,,,, ,0.0,0.0,0.0,0.0,0.0,0.0,0.0,0.0,0.037809261,0.0,20.97617696340303
54660,-44.5335765596283,26.0473,768641.7040258,1.93392,167911.0,1674.05,6.23,6.62255,23.62,3.0,4.0,,,,,,, ,0.0,0.0,0.0,0.0,0.0,0.0,0.0,0.0,50.4399525,0.0,14.142135623730951
54672,-44.5258892048788,311.0,2789072045.90696,20399.8,21147800000.0,233.74,4.59,4.21587,24.58,2.89,3.62,37.6787619953092,482.150063360229,574.895157844241,10.2035664275355,20.557746939591,0.887103166666667,Lake Wanaka,1.01639471235467,0.0,5.187529496,0.792593307,0.138391406,7.533984076,0.20737187,23.613929814000002,11.312297337,0.37030190199999996,182.7867610085588
54683,-44.4618681450041,26.2887999999999,2837132.7587609,1.38566,121424.0,1478.83,6.25,6.85408,26.9,3.0,4.0,,,,,,, ,0.0,0.0,0.0,0.0,0.0,0.0,0.0,0.0,17.26301249,0.0,16.431676725154983
54687,-44.4592372949633,24.6619999999999,171370.5758949,1.17477,96574.0,1484.93,6.25,6.87078,27.24,3.0,4.0,,,,,,, ,0.0,0.0,0.0,0.0,0.0,0.0,0.0,0.0,7.382205514,0.0,14.491376746189438
54703,-44.4378817699201,36.0959,191194.3963279,1.26721,152471.0,335.51,4.05,3.48368,20.15,3.0,2.0,,,,,,, ,15.0039750729097,0.0,0.0,0.0,0.0,96.83923339,0.0,3.160766606,0.0,0.0,15.491933384829668
54720,-44.878893105342,26.0473,371324.7189686,1.43169,124305.0,1714.93,7.29,7.50241,21.89,3.0,4.0,,,,,,, ,0.0,0.0,0.0,0.0,0.0,0.0,0.0,0.0,17.44000655,0.0,13.038404810405298
54730,-38.0357793445624,126.0,661831516.418703,3369.11,1415020000.0,270.4,3.16,3.10361,4.72,2.05,2.22,42.1939765201918,559.616146249367,572.946752303894,13.3362909715962,10.3310121640478,1.59814630916915,Lake Rotoiti,5.10591498599251,0.508369301580903,42.991217375,0.504325385,23.353566492000002,0.73440224,0.637991376,23.485056369000002,0.154944102,8.138496661,102.59629622944485
54731,-38.12860935257,78.5,70415376.242011,1072.79,280713000.0,302.04,3.56,3.4029,10.31,2.56,3.03,32.6027935313663,485.497064604742,561.691805076888,14.7044244047519,23.3887748451602,1.18292682926829,Lake Okataina,0.154063622444291,0.0679405520169851,3.390334723,0.094092249,10.35392071,0.795280863,0.055785441,85.299841271,0.010744742,0.0,78.07688518377255
54732,-38.1995177171609,87.5,377688501.434506,4115.42,1200330000.0,278.48,3.39,3.15381,8.06,2.62,2.44,37.0073032227074,565.991326517178,576.576914128638,17.2902383648632,31.9107705383943,1.26700680272108,Lake Tarawera,3.90535089092276,0.382035511702176,24.36499636,0.346411156,15.661564769,0.515457694,0.48960496200000003,56.322544949000005,0.373412521,0.671058551,102.37675517420935
54733,-38.2649752285955,125.0,92801903.377193,902.344,375977000.0,333.17,3.31,3.04355,6.16,2.82,1.86,41.055642429565,546.36872057723,571.030434357201,12.888266656702,10.7181318621035,1.78787878787879,Lake Rotomahana,9.21233545731709,0.474516423622924,45.02664271,0.531732435,14.122414627,0.073961709,0.272411263,37.223713393,0.335817403,0.4386029,78.0
54734,-38.7958632946658,162.8,4049179699.70698,61264.5,33246200000.0,257.06,2.85,2.92558,7.16,1.63,2.71,35.9705327263532,488.483798075811,568.776213107016,11.1665019669843,24.282570344291,0.7860610263522885,Lake Taupo                    (Taupomoana),1.56931344017759,0.205233693947376,16.082908595,1.115218101,26.486366204,0.346400567,0.88885172,43.651478987000004,2.743058316,1.100926863,199.8874683415646
54735,-45.5182169641501,444.0,4640162934.5239,14177.7,20982900000.0,141.64,3.99,4.08076,22.29,1.67,4.18,37.9938503304597,563.728005428902,571.796179471895,9.04003123068632,9.27641242171398,0.9929478614718604,Lake Manapouri,0.561492417511323,0.162104946153495,3.029985162,1.179618885,0.42137361199999995,1.661627717,0.028355927000000003,55.970877935999994,5.355467256,0.131488821,164.31372432027703
54736,-44.4734801461898,384.0,1544582107.94567,15177.0,19426500000.0,283.16,4.97,4.71666,24.98,2.93,3.8,37.976092155976,569.404054320972,572.472330403356,11.0988732086716,9.35455394708665,0.871567577208336,Lake Hawea,0.638668649654582,0.018893268040146,2.44396046,0.114843107,0.068713966,5.376559176,0.324642317,29.202361723000003,13.165216326,0.06954902099999999,155.74337867145428
54737,-45.0197671256646,60.0,12125622935.0853,2673.41,534681000.0,188.02,4.73,4.13741,21.23,2.94,3.65,36.9912761011779,569.925135551671,575.527820532012,13.9634475114096,12.7217100556447,2.24383495882476,Lake Dunstan,1.24731104959105,0.0657715609371644,6.859133104,0.619706016,0.42958238699999995,15.63807657,3.0974773530000004,15.879000318,8.98348175,0.392217463,92.10863151735563
54738,-42.7032310693632,134.5,326766260.959848,1373.11,615612000.0,504.71,3.22,3.46022,22.7,3.13,3.72,44.245109053753,569.173027297351,574.455084011307,10.333102119725,11.9980305955586,0.952731000000001,Lake Sumner,0.0325081590772655,0.0,2.455218731,0.42905163500000004,0.0,2.727421396,0.173284259,54.755419309,3.713354056,0.0,96.0
54739,-44.318287119215,9.54466,1255657.438494,27.1769,864647.0,590.33,3.24,2.72739,1.01,4.0,2.0,36.9019762071318,546.613266616888,570.458034749598,11.263863993749,10.1583945253316,26.14614,Raupo Lagoon,3.35692124247626,0.0,0.0,0.0,0.0,18.2559705,81.7440295,0.0,0.0,0.0,36.05551275463989
54741,-41.655221292969,31.4651999999999,137911870.716658,56.7868,5956020.0,338.16,3.3,2.98062,22.27,2.8,2.65,32.9567758303452,500.437870964025,567.121792554984,14.5457618656098,17.6687071223411,9.014938198412697,Lake Matiri,0.170813227275837,0.0,0.0,0.05733304,0.0,1.497489087,0.0,83.653118619,3.887956437,0.0,38.07886552931954
54742,-46.5672120953799,5.0,225954052.943297,1358.92,22648700.0,2.12,5.49,4.98489,0.34,2.42,1.94,3.50874874618818,577.328527659523,580.73266075776,10.8622065355477,36.443245280604,11.8480667,Waituna Lagoon,10.1421308872586,0.678602245308044,65.56759908,22.261939767999998,3.2784898270000005,2.420822606,0.294645222,6.046380922999999,0.105451413,0.0,98.2344135219425
