"LID","Type","State","PredictedValue","LowerCI","UpperCI"
"1","Total Nitrogen","Current",523.553985262395,340.826752828387,792.575033356656
"1","Total Nitrogen","Reference",483.159529374514,244.762013888157,1041.81136292367
"1","Total Phosphorus","Current",48.4946690140089,18.431419893781,103.851595357302
"1","Total Phosphorus","Reference",10.0723903800439,2.93370369829163,33.5153820677333
"3","Total Nitrogen","Current",614.151589890279,418.140556005782,878.854891057865
"3","Total Nitrogen","Reference",326.40323692619,165.105834012316,638.472639608585
"3","Total Phosphorus","Current",36.0066888622189,18.7337691467363,69.2946943812912
"3","Total Phosphorus","Reference",12.3199033859207,5.61160342248646,30.000832254432
"4","Total Nitrogen","Current",590.361811148243,406.545688488889,880.027046984802
"4","Total Nitrogen","Reference",324.257316800056,176.34971936874,637.568287182591
"4","Total Phosphorus","Current",35.9316328878715,17.0698738133144,72.8137097758904
"4","Total Phosphorus","Reference",13.2685122253224,5.34729082547124,33.3222420607717
"229","Total Nitrogen","Current",214.128009173011,139.721404993041,304.770605935056
"229","Total Nitrogen","Reference",182.052888921188,93.0712278916861,347.776229997576
"229","Total Phosphorus","Current",8.67491225089809,5.49578439073309,14.1266548461001
"229","Total Phosphorus","Reference",10.114809116954,6.10593576568174,17.4778635644487
"381","Total Nitrogen","Current",760.654252682569,535.718978562742,1125.85552323103
"381","Total Nitrogen","Reference",463.906218589694,234.651391688049,947.973879858266
"381","Total Phosphorus","Current",20.9299431076112,12.2812106515859,36.7830671471866
"381","Total Phosphorus","Reference",8.46701995047503,3.10214832815593,23.6993749101957
"476","Total Nitrogen","Current",165.120508563443,103.727656648228,247.105740199168
"476","Total Nitrogen","Reference",131.707336402202,67.3670217884545,251.006906751085
"476","Total Phosphorus","Current",15.0295452729886,8.44307425246089,27.7422530292249
"476","Total Phosphorus","Reference",5.29692571244799,3.79585563770451,7.73101905060003
"511","Total Nitrogen","Current",2476.50331888383,1606.97433420972,4045.48016544996
"511","Total Nitrogen","Reference",625.955033557494,317.003157694717,1347.48511309905
"511","Total Phosphorus","Current",97.8786006547012,50.7606846442403,190.649631990871
"511","Total Phosphorus","Reference",26.0620465548134,4.10019035622123,157.644301566542
"515","Total Nitrogen","Current",1024.96357265472,701.253714519057,1537.4359575391
"515","Total Nitrogen","Reference",607.760937535996,299.298275518384,1392.06878877246
"515","Total Phosphorus","Current",55.6596070975802,29.8037937374358,109.452600513853
"515","Total Phosphorus","Reference",27.9726229957615,3.98695675688071,269.038901460988
"667","Total Nitrogen","Current",2357.35041901766,1567.53340817802,3833.04331569515
"667","Total Nitrogen","Reference",619.189967943595,303.962577804683,1294.30626568256
"667","Total Phosphorus","Current",104.646595914049,53.7424905994487,202.72281763287
"667","Total Phosphorus","Reference",24.1666765487978,4.78001959099493,134.072215350372
"831","Total Nitrogen","Current",914.278478012058,627.959244762435,1399.47832847658
"831","Total Nitrogen","Reference",419.413685937883,226.907814274072,913.202053163203
"831","Total Phosphorus","Current",34.7037300993758,21.2352175222768,60.190366303486
"831","Total Phosphorus","Reference",10.8945165955813,4.98717949485624,25.0934404945841
"841","Total Nitrogen","Current",1121.99532707146,736.105185699347,1678.48412523258
"841","Total Nitrogen","Reference",634.433789748998,309.848782038081,1400.49122024069
"841","Total Phosphorus","Current",38.3823358799964,19.477456141906,71.0704245771082
"841","Total Phosphorus","Reference",25.9644656735886,5.71823723282061,107.300908710592
"869","Total Nitrogen","Current",2644.88128999598,1703.06944553256,4346.19504345357
"869","Total Nitrogen","Reference",635.015287578069,306.826611494051,1391.69319601159
"869","Total Phosphorus","Current",356.814097919298,176.939239177904,745.380075194086
"869","Total Phosphorus","Reference",26.4905325551257,4.43003114597471,182.280692938009
"1553","Total Nitrogen","Current",284.282770075393,163.165356749608,462.155857814911
"1553","Total Nitrogen","Reference",249.731917680448,113.290161926699,518.912184239223
"1553","Total Phosphorus","Current",47.8210131274265,25.3633580599404,97.6503831212279
"1553","Total Phosphorus","Reference",14.8692356710833,9.51358468338331,24.1578952563133
"1708","Total Nitrogen","Current",827.147289478863,513.171159210298,1225.26868818922
"1708","Total Nitrogen","Reference",474.512263340498,216.945096186311,1056.38203117559
"1708","Total Phosphorus","Current",43.9125153407434,23.1325362047309,83.0848371268082
"1708","Total Phosphorus","Reference",21.1772793416259,10.2323962364291,45.5543541656192
"1962","Total Nitrogen","Current",2306.68149531085,1547.24357659872,3580.23100819239
"1962","Total Nitrogen","Reference",641.008742749019,311.184071256104,1382.06873081507
"1962","Total Phosphorus","Current",136.944539505637,72.3033398126386,258.479179487981
"1962","Total Phosphorus","Reference",25.7568208973631,6.79592736869025,101.931233747183
"1972","Total Nitrogen","Current",1302.13398590375,842.392120852338,2032.22631262606
"1972","Total Nitrogen","Reference",486.11529967921,257.092585735413,1025.45767711526
"1972","Total Phosphorus","Current",27.2248731455449,16.3075205250382,48.4339595796914
"1972","Total Phosphorus","Reference",8.27425358699482,3.50574309399563,20.2924267400901
"1974","Total Nitrogen","Current",1161.92138292549,805.670832269174,1729.83088107174
"1974","Total Nitrogen","Reference",483.251076354976,245.530485751665,1032.52390136859
"1974","Total Phosphorus","Current",109.202520269868,54.9921010787672,224.568964675773
"1974","Total Phosphorus","Reference",45.897193160984,13.7053472799689,195.186108075991
"1993","Total Nitrogen","Current",343.586403692863,234.809133169982,505.995616410223
"1993","Total Nitrogen","Reference",173.903124845838,91.5477722050389,324.894574035686
"1993","Total Phosphorus","Current",39.9417654263596,19.8836268467239,80.3726399311062
"1993","Total Phosphorus","Reference",5.89039265722168,3.58429630823072,9.58573277115624
"2549","Total Nitrogen","Current",407.472951228706,278.799134038143,585.509356320233
"2549","Total Nitrogen","Reference",172.083078534793,93.0401440558233,331.016915250835
"2549","Total Phosphorus","Current",21.5029638745179,11.6352787798131,41.3606160615208
"2549","Total Phosphorus","Reference",6.07344799451682,2.60266571795318,15.6875732166779
"3129","Total Nitrogen","Current",484.21934647612,325.847303529266,675.729454667465
"3129","Total Nitrogen","Reference",388.140325404797,203.73532684051,772.345278894783
"3129","Total Phosphorus","Current",10.263727212286,6.08822437361004,17.6604196715815
"3129","Total Phosphorus","Reference",7.16732131750238,2.7595089100729,19.1893721592686
"4278","Total Nitrogen","Current",512.037101953055,338.156973688208,753.735803949107
"4278","Total Nitrogen","Reference",380.129346841549,183.73671440395,729.31268845614
"4278","Total Phosphorus","Current",50.7860085719114,25.4822514258569,100.60734477466
"4278","Total Phosphorus","Reference",43.2683511922794,5.69831191185733,339.965204119862
"4342","Total Nitrogen","Current",149.295504811852,98.2047006428669,223.661881767511
"4342","Total Nitrogen","Reference",115.081365581608,62.9580420450739,224.915696189021
"4342","Total Phosphorus","Current",21.6864717216341,9.68744347271835,42.2241488549705
"4342","Total Phosphorus","Reference",5.81466477340023,3.01920078408931,10.5599372643371
"4343","Total Nitrogen","Current",150.254361821376,99.5889215018744,224.002181436388
"4343","Total Nitrogen","Reference",113.684483766046,56.3083904100374,198.722123898124
"4343","Total Phosphorus","Current",18.9530641383173,8.57615790129982,35.4495941743056
"4343","Total Phosphorus","Reference",5.90651895666175,3.11439997580204,10.123280073689
"4345","Total Nitrogen","Current",2819.42672156064,1835.05213754116,4526.88784574427
"4345","Total Nitrogen","Reference",644.180514186975,292.593305354602,1524.8872565457
"4345","Total Phosphorus","Current",175.168312300483,88.8989634880101,344.76658455874
"4345","Total Phosphorus","Reference",39.1876183393573,17.5267352242796,83.9502902591596
"4486","Total Nitrogen","Current",3696.34442489152,2303.538173574,6392.24722037168
"4486","Total Nitrogen","Reference",634.583021007217,311.40471891703,1397.47112745087
"4486","Total Phosphorus","Current",315.153781638669,138.614464267095,834.034535877825
"4486","Total Phosphorus","Reference",29.8380409395697,4.27140199996398,365.823696967055
"4509","Total Nitrogen","Current",1570.7430975504,1020.52332754498,2534.41893896809
"4509","Total Nitrogen","Reference",485.198046108557,248.392175977549,1061.74609762615
"4509","Total Phosphorus","Current",35.7130352842704,21.0469905412539,60.9938190900229
"4509","Total Phosphorus","Reference",8.18082594098331,2.6108471500658,26.4767917840111
"4922","Total Nitrogen","Current",256.543452104088,172.978814037,362.692364245194
"4922","Total Nitrogen","Reference",284.42389468448,147.026124732065,544.045898990136
"4922","Total Phosphorus","Current",57.7232695862724,25.2200456685014,120.42965339161
"4922","Total Phosphorus","Reference",9.40041272206142,4.80360481904027,18.2447611584026
"4926","Total Nitrogen","Current",260.7251628199,177.75282265274,380.175726617418
"4926","Total Nitrogen","Reference",181.360748545004,99.8491799218291,342.460386353497
"4926","Total Phosphorus","Current",23.3906445550482,12.1531475208373,45.954305453482
"4926","Total Phosphorus","Reference",6.86037549803681,4.43508252170775,10.6682781327442
"5008","Total Nitrogen","Current",4161.86207635138,2538.11419450238,7162.88964965641
"5008","Total Nitrogen","Reference",635.015287578069,303.710230707677,1392.42720509718
"5008","Total Phosphorus","Current",492.852997402339,231.86593226575,1033.54136605831
"5008","Total Phosphorus","Reference",27.3943137613423,5.70007876201012,124.454967084939
"5042","Total Nitrogen","Current",4360.81716365164,2640.70840565134,8066.42434613621
"5042","Total Nitrogen","Reference",632.113811102721,309.809283604769,1444.83040943458
"5042","Total Phosphorus","Current",469.954966717676,233.272302391513,968.862770835199
"5042","Total Phosphorus","Reference",26.1434758090602,6.17653510554108,103.574268743544
"5264","Total Nitrogen","Current",257.17809553184,175.7804189065,376.190693587277
"5264","Total Nitrogen","Reference",134.765109704014,71.5999189014672,250.071968409329
"5264","Total Phosphorus","Current",13.2397113660491,8.03135643605733,22.9113286286992
"5264","Total Phosphorus","Reference",5.30406590224486,4.2316420224014,6.79929225813568
"5306","Total Nitrogen","Current",3875.22987247674,2350.33217899458,6613.4818669753
"5306","Total Nitrogen","Reference",608.783596127895,307.743025843754,1443.87369879434
"5306","Total Phosphorus","Current",394.355205026646,193.821124597293,805.299837157555
"5306","Total Phosphorus","Reference",26.2610548338102,4.1709117155176,180.063591418596
"5397","Total Nitrogen","Current",2115.16262269096,1259.13335773322,3763.82299227295
"5397","Total Nitrogen","Reference",444.268070173566,227.634867782527,903.455257226151
"5397","Total Phosphorus","Current",43.1994630713087,21.0208442789939,89.8822015348602
"5397","Total Phosphorus","Reference",9.02945510847484,3.89584761833434,23.4813789252247
"6394","Total Nitrogen","Current",500.560867657139,344.832576794015,754.027575740355
"6394","Total Nitrogen","Reference",159.024439697685,82.0197013322271,317.524127212583
"6394","Total Phosphorus","Current",31.7350236725358,18.2339612310334,57.6879375110869
"6394","Total Phosphorus","Reference",5.83931505211994,3.80943279498996,9.50730719056601
"6396","Total Nitrogen","Current",418.472346323975,294.493461373763,616.690051504252
"6396","Total Nitrogen","Reference",157.181468654104,78.3874107273901,278.767058188977
"6396","Total Phosphorus","Current",25.00209591092,12.9000602713643,45.7276364585481
"6396","Total Phosphorus","Reference",6.0097382611289,3.60992006397863,10.4990063817797
"6867","Total Nitrogen","Current",888.92244944963,569.780396473479,1414.39578582544
"6867","Total Nitrogen","Reference",127.145461273897,58.6358996934727,230.6099777444
"6867","Total Phosphorus","Current",12.6619108833425,7.21200393948431,22.4635873018549
"6867","Total Phosphorus","Reference",4.94975900213419,1.49742443505531,16.2218932977975
"6914","Total Nitrogen","Current",561.788347917754,388.245809294026,862.393500151209
"6914","Total Nitrogen","Reference",141.022895555491,70.1586883585904,257.479944609865
"6914","Total Phosphorus","Current",11.4749834095715,6.67637798192111,20.8542673905013
"6914","Total Phosphorus","Reference",4.99684061391308,2.50247247853065,9.90869801006856
"7113","Total Nitrogen","Current",1466.26741292237,933.632769484107,2443.65388150348
"7113","Total Nitrogen","Reference",250.319804839817,135.245752894958,482.721546602278
"7113","Total Phosphorus","Current",25.9277145136469,15.6543729123502,42.5934301349285
"7113","Total Phosphorus","Reference",6.77634125726964,3.3336416589138,14.7161428110648
"7382","Total Nitrogen","Current",188.739095440768,125.63628260087,279.996896777475
"7382","Total Nitrogen","Reference",147.258303291099,71.1987182916673,278.267309597262
"7382","Total Phosphorus","Current",13.1652504753193,7.64363035936433,23.5400168688148
"7382","Total Phosphorus","Reference",5.10087061804076,3.43573760710829,7.79683793384679
"7386","Total Nitrogen","Current",166.519395731597,100.745400103989,254.776293252892
"7386","Total Nitrogen","Reference",146.439419978027,71.4969410225849,285.673151988039
"7386","Total Phosphorus","Current",8.63863475415793,5.47682682988424,13.9027800140449
"7386","Total Phosphorus","Reference",4.95323823792935,3.8930430672164,6.54320741111215
"7408","Total Nitrogen","Current",79.7467433833145,51.1772974934528,126.054400217813
"7408","Total Nitrogen","Reference",135.283983102963,72.7565609794603,297.326017619358
"7408","Total Phosphorus","Current",13.0294762377742,7.45256628904787,23.477093634027
"7408","Total Phosphorus","Reference",8.23312313051584,5.72002609443925,12.0436981237208
"7409","Total Nitrogen","Current",99.7140614220181,65.297287758551,147.441124184983
"7409","Total Nitrogen","Reference",141.879827709999,79.9875529008041,284.076838775263
"7409","Total Phosphorus","Current",9.19500422559132,5.4804510645236,15.8495691095057
"7409","Total Phosphorus","Reference",7.37892890213449,5.18464070124976,10.9045742812172
"7506","Total Nitrogen","Current",206.089792689743,128.304257502214,340.100143556111
"7506","Total Nitrogen","Reference",154.600788540647,82.163697780724,346.886856995088
"7506","Total Phosphorus","Current",20.3106739939411,11.5399029425071,37.8118024975699
"7506","Total Phosphorus","Reference",8.35100515465428,5.47557707207922,13.0504930407587
"7512","Total Nitrogen","Current",255.387694080105,172.066755816399,372.490740804376
"7512","Total Nitrogen","Reference",249.651541067751,128.767076619821,496.871602450276
"7512","Total Phosphorus","Current",16.3537408093412,10.0025134736052,26.5206325557543
"7512","Total Phosphorus","Reference",8.45650933674156,5.63855649871801,13.2794986962441
"7537","Total Nitrogen","Current",545.143321338092,378.314261895337,854.162427155684
"7537","Total Nitrogen","Reference",228.471722866592,126.38653141337,423.83974654915
"7537","Total Phosphorus","Current",70.1806349024385,34.9836891686278,138.147386612203
"7537","Total Phosphorus","Reference",7.92188287207863,3.45127657720425,18.3681606966404
"7605","Total Nitrogen","Current",888.430143720213,565.930292359549,1425.02064280417
"7605","Total Nitrogen","Reference",152.93093154316,76.8680255755225,280.505830304152
"7605","Total Phosphorus","Current",56.3806174435187,28.6060447700826,110.938879823471
"7605","Total Phosphorus","Reference",5.9025319987136,3.38822496666603,10.230083922151
"7633","Total Nitrogen","Current",94.4312608417117,60.5394191253227,139.748612115676
"7633","Total Nitrogen","Reference",127.472147504707,70.5502849246861,267.012164318859
"7633","Total Phosphorus","Current",25.480388842211,11.9283748420471,50.5651310283849
"7633","Total Phosphorus","Reference",8.14022343414976,4.71921996796068,13.6379566094936
"7640","Total Nitrogen","Current",383.162295747734,263.870320514322,543.423030368189
"7640","Total Nitrogen","Reference",156.442726817848,76.9981507346658,297.422612580202
"7640","Total Phosphorus","Current",38.5867630113531,21.922113529201,66.8419740310742
"7640","Total Phosphorus","Reference",5.71990212390363,4.13806385423682,8.23318376834506
"7657","Total Nitrogen","Current",138.113600319858,89.0338412082268,199.510613992921
"7657","Total Nitrogen","Reference",134.015087905108,72.7092745124222,238.947305176621
"7657","Total Phosphorus","Current",17.9643390458251,10.7816604850312,30.5027626504723
"7657","Total Phosphorus","Reference",5.35172979469362,4.08294629343445,7.12196992866989
"7660","Total Nitrogen","Current",163.544494682189,107.743110931526,238.311731050554
"7660","Total Nitrogen","Reference",136.034760711133,71.8463514844694,249.184963806366
"7660","Total Phosphorus","Current",24.2128446191328,14.7958018143392,41.0924853782053
"7660","Total Phosphorus","Reference",5.61117536255976,4.40807567188692,7.34767647230703
"7688","Total Nitrogen","Current",581.130350665982,398.134260995274,915.562903948544
"7688","Total Nitrogen","Reference",201.525250975455,107.14015391197,370.98424070452
"7688","Total Phosphorus","Current",18.9160505538644,11.6161934421636,31.3572328982551
"7688","Total Phosphorus","Reference",6.49745158173856,3.4168288694971,12.6736456650153
"7689","Total Nitrogen","Current",520.399257393726,346.478385257804,794.173553546727
"7689","Total Nitrogen","Reference",144.01598321443,71.5674458912634,255.421715994512
"7689","Total Phosphorus","Current",23.6479100654342,14.5716688935524,38.385096058824
"7689","Total Phosphorus","Reference",5.60084109824929,2.99389512808048,10.7968012331943
"7748","Total Nitrogen","Current",310.787505709538,212.539632887786,478.079292361704
"7748","Total Nitrogen","Reference",123.907435732491,62.8006735264306,218.811209800831
"7748","Total Phosphorus","Current",37.0591781796014,17.390720444498,69.786257598489
"7748","Total Phosphorus","Reference",6.29255962667276,3.62560951071041,11.2790938903186
"7777","Total Nitrogen","Current",163.554254353062,110.825744148798,239.734779070759
"7777","Total Nitrogen","Reference",146.090106152986,80.9101331843285,287.77573262354
"7777","Total Phosphorus","Current",15.6876845410797,7.46601603711431,33.3102663600503
"7777","Total Phosphorus","Reference",5.54970494812147,3.79042113402464,8.69846962447951
"7900","Total Nitrogen","Current",322.341303842568,219.066312491066,458.683225014891
"7900","Total Nitrogen","Reference",222.005603662804,115.907159070345,422.689734827258
"7900","Total Phosphorus","Current",41.7064089789078,17.4096023703478,93.3035581232553
"7900","Total Phosphorus","Reference",7.95763717404642,3.48829966141969,17.3620824188605
"7901","Total Nitrogen","Current",258.980886845227,170.991358806525,376.511881760904
"7901","Total Nitrogen","Reference",143.57694740966,73.2149738241583,248.90564986846
"7901","Total Phosphorus","Current",22.0952477812047,11.1122919863241,44.2944819805489
"7901","Total Phosphorus","Reference",5.42002568165533,3.19852016172853,9.44795627758197
"8158","Total Nitrogen","Current",1588.67208089908,1041.75617540504,2550.1712854412
"8158","Total Nitrogen","Reference",246.276248222022,113.696527006464,464.058309495254
"8158","Total Phosphorus","Current",110.406954434127,56.0093819060294,216.751166586619
"8158","Total Phosphorus","Reference",17.3819695115182,5.39079081103315,63.3382768037634
"8262","Total Nitrogen","Current",1732.36275554816,1126.52051388506,2630.25127345724
"8262","Total Nitrogen","Reference",365.238806945756,172.763814531482,732.844465019683
"8262","Total Phosphorus","Current",158.937938659334,81.0453242279238,291.821773174621
"8262","Total Phosphorus","Reference",21.0854264276401,4.34770880851952,121.033868929569
"8265","Total Nitrogen","Current",655.870429890917,451.470876226237,956.782088712881
"8265","Total Nitrogen","Reference",231.790341988562,118.778634980175,465.891237557291
"8265","Total Phosphorus","Current",78.846571210676,39.5522703154775,147.164796662603
"8265","Total Phosphorus","Reference",31.3265044272438,11.1888887352981,104.340162806044
"8890","Total Nitrogen","Current",261.016313474929,172.051582249669,378.982684706005
"8890","Total Nitrogen","Reference",157.508115299495,81.4383081131448,298.785616871702
"8890","Total Phosphorus","Current",29.7405082844239,12.4657713289543,60.1753319726143
"8890","Total Phosphorus","Reference",6.57787286281838,3.46999065885275,12.1795892505544
"9071","Total Nitrogen","Current",1073.42139839217,669.774080439436,1824.04497634586
"9071","Total Nitrogen","Reference",152.83493873453,80.674413448374,285.369432765265
"9071","Total Phosphorus","Current",25.1152356727,15.1467490842663,43.3793799784543
"9071","Total Phosphorus","Reference",5.73520681103112,3.59292218018734,10.2091631952992
"10124","Total Nitrogen","Current",1581.10705077151,1004.37037936737,2601.36865327445
"10124","Total Nitrogen","Reference",76.9660908445197,33.3050757039122,160.951873379333
"10124","Total Phosphorus","Current",11.3617693040474,5.22627801475175,25.5187421141969
"10124","Total Phosphorus","Reference",3.2890810470824,1.48261836737015,8.03221488958328
"10605","Total Nitrogen","Current",2195.16000439487,1207.19347307915,4136.23605013437
"10605","Total Nitrogen","Reference",315.019238778943,183.517680086362,664.179979906899
"10605","Total Phosphorus","Current",29.6083566972238,9.46210973591557,96.6725391776632
"10605","Total Phosphorus","Reference",5.72783984013479,2.82135711022406,13.6560627394805
"10706","Total Nitrogen","Current",1563.98126105142,948.806520750693,2744.27349978501
"10706","Total Nitrogen","Reference",182.009457172398,99.6666423178753,335.957952527518
"10706","Total Phosphorus","Current",75.1537710466953,25.4315167459772,161.966230352057
"10706","Total Phosphorus","Reference",7.55068815634854,2.2762607542396,26.2175159728746
"10718","Total Nitrogen","Current",1512.58539893526,908.178674110628,2758.17571139573
"10718","Total Nitrogen","Reference",66.4820034758021,30.0311134425321,140.341066983832
"10718","Total Phosphorus","Current",16.9518919108673,7.1807281058377,41.6630219445232
"10718","Total Phosphorus","Reference",3.29350609067181,1.90909611112993,6.34800182998493
"11030","Total Nitrogen","Current",537.451586229984,371.155364171397,814.610926222634
"11030","Total Nitrogen","Reference",149.242510719079,78.272783668716,278.942634996881
"11030","Total Phosphorus","Current",20.0717769079026,10.5644364951443,41.8607662853248
"11030","Total Phosphorus","Reference",5.17931124842295,3.36844134784037,8.82912834861625
"11084","Total Nitrogen","Current",392.715469407835,264.307132674994,569.900730755397
"11084","Total Nitrogen","Reference",349.183035663573,183.64656733367,714.351376680628
"11084","Total Phosphorus","Current",21.5098873495111,10.462076060226,40.9506926766744
"11084","Total Phosphorus","Reference",15.8677521832682,6.99798593638792,39.1318400098457
"11133","Total Nitrogen","Current",429.799922437879,291.610262570884,683.686021740908
"11133","Total Nitrogen","Reference",193.228846865357,104.812043432533,380.395134641101
"11133","Total Phosphorus","Current",23.2736402303883,13.9809010388155,39.6889819665427
"11133","Total Phosphorus","Reference",9.46209288565717,7.12604225667853,13.1852873838245
"11138","Total Nitrogen","Current",181.183141080748,115.767064777822,261.529811693083
"11138","Total Nitrogen","Reference",194.179684411607,104.79517824529,379.019676214765
"11138","Total Phosphorus","Current",12.3762659644349,7.80331586915638,19.9923693629843
"11138","Total Phosphorus","Reference",8.11658519993524,6.05896076446525,11.4655604850059
"11476","Total Nitrogen","Current",928.246477798827,612.743697070292,1439.00826992351
"11476","Total Nitrogen","Reference",145.695158518394,71.6238407832973,277.670959159652
"11476","Total Phosphorus","Current",23.1635778710773,14.3456292619339,38.1421012085559
"11476","Total Phosphorus","Reference",5.25295659954554,1.86369605728163,14.960925050941
"11490","Total Nitrogen","Current",490.813002772888,333.633808355831,739.300835742521
"11490","Total Nitrogen","Reference",155.299299378321,77.9093907748234,298.084689522834
"11490","Total Phosphorus","Current",23.7796221802668,11.6378857727238,45.9263829987945
"11490","Total Phosphorus","Reference",6.28278216263954,3.95190946326727,9.96801624890006
"11614","Total Nitrogen","Current",186.242769660733,123.41158394401,277.145618126737
"11614","Total Nitrogen","Reference",128.241315042786,65.639349709038,231.000660187938
"11614","Total Phosphorus","Current",15.9385712645316,9.37375093739166,28.473797614131
"11614","Total Phosphorus","Reference",5.78125647319115,2.79686408268848,12.9450600869597
"11616","Total Nitrogen","Current",641.397249497149,440.661938260146,968.59157888755
"11616","Total Nitrogen","Reference",138.558069361668,69.5340108934411,264.24150437135
"11616","Total Phosphorus","Current",17.6713241247216,10.207084914006,32.1419969206867
"11616","Total Phosphorus","Reference",4.97769666573866,1.87270419216802,13.1194080343256
"11620","Total Nitrogen","Current",295.364803406731,196.256774599174,429.647307017289
"11620","Total Nitrogen","Reference",156.782709702849,81.3433258305945,289.476823147413
"11620","Total Phosphorus","Current",18.4158006706184,10.9916355136228,28.9333202986905
"11620","Total Phosphorus","Reference",5.53666273486936,3.52332544401816,8.81647913856997
"11654","Total Nitrogen","Current",251.413148395369,159.669488935821,355.999530959196
"11654","Total Nitrogen","Reference",167.594267844611,81.5123225872058,313.406891130298
"11654","Total Phosphorus","Current",23.5652081673246,10.5958395017102,49.4268554985398
"11654","Total Phosphorus","Reference",6.61860777856866,3.51637869837367,11.2726106929537
"11656","Total Nitrogen","Current",269.436448557757,177.881587200143,377.103736159211
"11656","Total Nitrogen","Reference",153.218881174567,74.0121960210025,286.327345201008
"11656","Total Phosphorus","Current",8.84232340106367,5.38375974339889,14.9563323108668
"11656","Total Phosphorus","Reference",5.18155535634861,3.71457402185511,7.49753843226143
"11664","Total Nitrogen","Current",191.337789523832,122.740104705252,279.022455662124
"11664","Total Nitrogen","Reference",143.800921218567,70.7639768637844,276.093564827249
"11664","Total Phosphorus","Current",17.7817786368394,9.32384906479257,33.3958045788956
"11664","Total Phosphorus","Reference",5.33209257218403,3.44757642195259,8.32626471448836
"11789","Total Nitrogen","Current",294.621698699421,196.757953046166,420.06043585555
"11789","Total Nitrogen","Reference",144.932594447489,74.8273121300388,267.73927200919
"11789","Total Phosphorus","Current",15.6160592697809,9.12894966022679,26.6377042165959
"11789","Total Phosphorus","Reference",5.04421684210919,3.9870897042061,6.58937626406545
"11793","Total Nitrogen","Current",363.880142793586,248.328090614493,523.415546045866
"11793","Total Nitrogen","Reference",113.367658598993,53.1826291897181,209.458146100528
"11793","Total Phosphorus","Current",20.8356953565455,11.0407550518212,39.1644804323786
"11793","Total Phosphorus","Reference",4.69152353771717,3.0131816751703,7.20588467310411
"11853","Total Nitrogen","Current",728.209937219399,489.77589270951,1139.29494632727
"11853","Total Nitrogen","Reference",139.08283203191,70.3525702118147,249.935555616628
"11853","Total Phosphorus","Current",8.00982826626347,4.26653070422423,16.9965580176723
"11853","Total Phosphorus","Reference",4.70188887513496,1.94002598015544,13.59354902186
"11911","Total Nitrogen","Current",2631.76813967702,1667.47602440212,4611.70867855531
"11911","Total Nitrogen","Reference",279.887449867804,126.452020821038,569.225884238844
"11911","Total Phosphorus","Current",170.049702337097,86.8457195710363,347.730268388928
"11911","Total Phosphorus","Reference",17.7249248022875,4.98825860845563,64.4147766292204
"11916","Total Nitrogen","Current",2268.69604507084,1429.776101131,3784.79864887265
"11916","Total Nitrogen","Reference",253.056541570382,118.970296717123,483.734808141778
"11916","Total Phosphorus","Current",94.2880642410466,47.1006740484051,192.585559196853
"11916","Total Phosphorus","Reference",17.6941850183047,5.54916697811183,61.8714346684723
"12101","Total Nitrogen","Current",2249.05737494774,1505.79686912378,3531.50239578428
"12101","Total Nitrogen","Reference",490.83543054249,237.047809975227,1042.77155809499
"12101","Total Phosphorus","Current",162.023710119229,80.4116109162105,306.380693041455
"12101","Total Phosphorus","Reference",18.1636997521912,5.00627057311996,64.3344888361142
"12107","Total Nitrogen","Current",2418.56868326663,1586.81628761665,3843.87333825752
"12107","Total Nitrogen","Reference",515.335948855219,243.377568709561,1056.19527725422
"12107","Total Phosphorus","Current",128.288815567038,63.6780372518875,252.099188364681
"12107","Total Phosphorus","Reference",18.9115187101156,6.76602115589701,51.7568150589668
"12216","Total Nitrogen","Current",1628.06499846936,952.850823077734,2914.34688457743
"12216","Total Nitrogen","Reference",317.687752543691,167.343863405798,636.130398156319
"12216","Total Phosphorus","Current",11.8496250983255,4.75806572081802,31.9854426367597
"12216","Total Phosphorus","Reference",5.61851749462313,2.32626408503436,16.1931965173264
"12307","Total Nitrogen","Current",322.505958285742,191.364736080121,559.931430365703
"12307","Total Nitrogen","Reference",95.9478101102562,48.5962538959577,183.551445281351
"12307","Total Phosphorus","Current",32.396666339212,15.0055091301685,69.0171895914837
"12307","Total Phosphorus","Reference",6.61120399553831,3.86395670046015,11.4230777377135
"12469","Total Nitrogen","Current",3028.76499938873,1874.33752820318,4900.42845299532
"12469","Total Nitrogen","Reference",519.989670071418,265.387806110567,1022.84776711126
"12469","Total Phosphorus","Current",130.255418692703,63.3197751785645,260.90271987775
"12469","Total Phosphorus","Reference",19.7382503182778,7.06538082297441,61.2928079177747
"12537","Total Nitrogen","Current",3247.93029149037,2077.55300640388,5418.59541478061
"12537","Total Nitrogen","Reference",523.402806141873,252.49083325941,1128.99014906203
"12537","Total Phosphorus","Current",126.021760847882,65.0044526455149,254.744717673226
"12537","Total Phosphorus","Reference",18.4244163274014,6.82498608332396,50.3201540237211
"12579","Total Nitrogen","Current",3329.4739837632,2088.01215648067,5599.16274597508
"12579","Total Nitrogen","Reference",515.693178895615,253.293792373338,1097.63760762465
"12579","Total Phosphorus","Current",152.212536680838,79.3397911319099,284.203046636227
"12579","Total Phosphorus","Reference",18.5765765887,4.48858436097057,75.9087886694166
"12591","Total Nitrogen","Current",389.515595298502,272.321454149166,568.140071422378
"12591","Total Nitrogen","Reference",263.549004892909,143.852319110635,508.502393339366
"12591","Total Phosphorus","Current",7.3551761099927,4.56099715711636,12.0786835259391
"12591","Total Phosphorus","Reference",7.81727547307149,3.48096392545113,17.8098000014815
"12670","Total Nitrogen","Current",1381.11854512685,854.576268686208,2335.80499575648
"12670","Total Nitrogen","Reference",315.204973339307,169.922020499418,671.5895606225
"12670","Total Phosphorus","Current",25.6427941257829,15.7038938934235,42.8869133529829
"12670","Total Phosphorus","Reference",6.59506226150981,2.67549447536066,16.5200655961024
"12690","Total Nitrogen","Current",5337.95262754376,3116.86002196948,9847.91950060723
"12690","Total Nitrogen","Reference",509.256240075435,258.050589952093,1078.43255540463
"12690","Total Phosphorus","Current",280.605324969779,136.817586683706,553.27152627047
"12690","Total Phosphorus","Reference",18.6417292789213,4.86859083644346,83.263296620166
"12830","Total Nitrogen","Current",385.299352696603,246.137267600984,574.702314738389
"12830","Total Nitrogen","Reference",318.547096735203,169.151629428707,666.732904171486
"12830","Total Phosphorus","Current",33.4534346041369,18.7533181602706,59.9954602956735
"12830","Total Phosphorus","Reference",11.7148907334114,5.72450179419896,25.736522118858
"12872","Total Nitrogen","Current",411.049827295691,262.966422584895,590.814005786712
"12872","Total Nitrogen","Reference",335.39578999129,170.265026562224,651.247072638082
"12872","Total Phosphorus","Current",20.271427105073,10.5152836626867,38.7165149628832
"12872","Total Phosphorus","Reference",38.6124011617398,13.5058948262706,109.814460302792
"12873","Total Nitrogen","Current",437.269938911593,282.334804230832,647.952712974932
"12873","Total Nitrogen","Reference",354.023119215546,174.711914555381,704.820422838697
"12873","Total Phosphorus","Current",45.8082878108894,24.6147819962722,85.311858249339
"12873","Total Phosphorus","Reference",25.0686190023355,4.13413745088554,136.644403232134
"12876","Total Nitrogen","Current",468.584017193998,313.015995441987,683.200646442337
"12876","Total Nitrogen","Reference",321.863728184966,169.513561309638,667.068536323925
"12876","Total Phosphorus","Current",27.4648539986125,14.9807961592122,51.1843505554511
"12876","Total Phosphorus","Reference",11.8186066856375,6.94201374710985,21.144264263954
"13147","Total Nitrogen","Current",498.603665782296,345.483038693829,742.459396694202
"13147","Total Nitrogen","Reference",225.724410444258,119.95740258167,448.775186261464
"13147","Total Phosphorus","Current",50.0681039524257,26.9260474259569,95.239831469818
"13147","Total Phosphorus","Reference",8.84573044280409,6.19229849853466,13.2841240586876
"13148","Total Nitrogen","Current",302.443794168914,209.358618212085,467.847507492453
"13148","Total Nitrogen","Reference",187.676002811228,100.714775108332,362.791545934526
"13148","Total Phosphorus","Current",24.3861097119232,12.1342527267156,47.1458660950474
"13148","Total Phosphorus","Reference",9.42981579462944,5.82065071745752,15.0838032004529
"13222","Total Nitrogen","Current",355.008972769564,235.994440005019,519.18453661436
"13222","Total Nitrogen","Reference",168.284467210621,87.3874699958811,325.005440155123
"13222","Total Phosphorus","Current",38.9000580034354,14.7129061280548,82.0761195653198
"13222","Total Phosphorus","Reference",10.297984968369,4.10032149835197,21.7292355319932
"13276","Total Nitrogen","Current",205.407632865194,134.849935265566,310.8477861099
"13276","Total Nitrogen","Reference",201.094181097503,109.937579092887,394.891758130155
"13276","Total Phosphorus","Current",16.7485944976418,7.90105703140156,32.2881370692451
"13276","Total Phosphorus","Reference",10.2803942615407,4.95882067783391,18.9998116274878
"13277","Total Nitrogen","Current",241.237494146315,162.699558542196,347.01974112067
"13277","Total Nitrogen","Reference",224.378385515674,125.185302424833,431.375904100148
"13277","Total Phosphorus","Current",15.9381496876076,7.30575386479956,30.0302475495599
"13277","Total Phosphorus","Reference",10.2605394285345,5.0450812731955,17.8036297323004
"13278","Total Nitrogen","Current",437.385791094124,284.310292937437,694.493062665726
"13278","Total Nitrogen","Reference",235.466453054574,132.079723551064,470.342087991275
"13278","Total Phosphorus","Current",10.9288946374546,6.77446505200173,17.8855495319039
"13278","Total Phosphorus","Reference",12.0349754352296,8.3453571721347,18.0641920130418
"13438","Total Nitrogen","Current",712.885421219911,467.973215038696,1120.19197676805
"13438","Total Nitrogen","Reference",310.782902837163,171.942856719708,640.315356196587
"13438","Total Phosphorus","Current",30.0039034331931,17.2599480718518,54.3175778634331
"13438","Total Phosphorus","Reference",11.1616324212333,4.32119621978565,29.0891668835369
"13446","Total Nitrogen","Current",1807.61097101325,1095.3985371842,3184.25896166446
"13446","Total Nitrogen","Reference",370.51022080464,188.209718932599,741.363964009397
"13446","Total Phosphorus","Current",63.971138106639,34.8762903203304,124.739311044888
"13446","Total Phosphorus","Reference",11.7039448389076,3.93986256250197,39.8276712840487
"13456","Total Nitrogen","Current",1652.80416990901,1066.35625022297,2679.64061806965
"13456","Total Nitrogen","Reference",396.806122782748,200.898810736326,756.149885070001
"13456","Total Phosphorus","Current",55.7565508120404,32.4775825611082,101.297211534389
"13456","Total Phosphorus","Reference",11.1501724548231,4.76676267049461,26.5781938523444
"13466","Total Nitrogen","Current",488.827846259161,334.022086608705,696.82421988234
"13466","Total Nitrogen","Reference",435.701755214272,235.588043237823,914.587199536709
"13466","Total Phosphorus","Current",21.9769213352049,12.4325812907968,38.7138902074722
"13466","Total Phosphorus","Reference",8.58168746323207,2.96810819003968,24.8645754358374
"13467","Total Nitrogen","Current",658.71720453227,437.495210315158,986.88120670936
"13467","Total Nitrogen","Reference",519.884082150838,257.388525093482,1145.74732729802
"13467","Total Phosphorus","Current",128.54837539119,62.6028322543663,277.930605233333
"13467","Total Phosphorus","Reference",27.6872301951993,7.30943504776148,126.699260066891
"13577","Total Nitrogen","Current",330.05487002418,226.53226072053,472.732027584845
"13577","Total Nitrogen","Reference",225.34690507608,124.978862603893,432.813582912439
"13577","Total Phosphorus","Current",39.1369960241142,20.4439067967979,74.1073522420545
"13577","Total Phosphorus","Reference",10.4922946253609,4.57392235244264,23.5485463822139
"13857","Total Nitrogen","Current",331.538041259847,227.264166092843,496.187523016911
"13857","Total Nitrogen","Reference",247.251750145203,132.559190088262,490.635069566676
"13857","Total Phosphorus","Current",31.931490354532,12.1903732637571,62.5957034390433
"13857","Total Phosphorus","Reference",18.0331183810105,6.01617599243343,42.2660284827683
"13873","Total Nitrogen","Current",168.367371546451,108.355503849146,268.988062413217
"13873","Total Nitrogen","Reference",119.991043855962,65.5237911504067,267.275699884901
"13873","Total Phosphorus","Current",23.5691645994765,11.6201926658872,47.7011199464687
"13873","Total Phosphorus","Reference",9.47658589795706,4.72504590050262,19.5930834218591
"13876","Total Nitrogen","Current",265.704607274473,174.473211891293,417.476640030436
"13876","Total Nitrogen","Reference",211.351996489145,112.007377680528,426.470259548058
"13876","Total Phosphorus","Current",29.5688395645086,12.8724805537628,62.5539368031907
"13876","Total Phosphorus","Reference",16.7982545628999,7.40498762265537,36.4272292205322
"13877","Total Nitrogen","Current",235.295634648433,164.041277429614,341.803379010531
"13877","Total Nitrogen","Reference",220.685709904756,125.949712094103,436.98105741933
"13877","Total Phosphorus","Current",18.8267537655406,10.1028432981521,35.3295583137306
"13877","Total Phosphorus","Reference",13.3096593220065,7.41489837329599,24.3857570841384
"13883","Total Nitrogen","Current",526.548341597694,355.018069037705,796.320696465125
"13883","Total Nitrogen","Reference",282.314942930481,151.49636768471,575.087828615802
"13883","Total Phosphorus","Current",32.1658545846426,15.4765494015599,66.0621707535124
"13883","Total Phosphorus","Reference",15.6830086388136,7.86980138290811,32.2441376256623
"13904","Total Nitrogen","Current",676.170590456678,452.961866579707,1031.22123952398
"13904","Total Nitrogen","Reference",229.884149821633,127.465309983486,451.549600714286
"13904","Total Phosphorus","Current",67.1982500989435,25.5531349569967,155.198328775684
"13904","Total Phosphorus","Reference",9.91342582949167,5.1930821181371,18.0561861211605
"13907","Total Nitrogen","Current",713.257722614994,476.539113048825,1112.44941023281
"13907","Total Nitrogen","Reference",211.548200213275,117.07121199594,398.608521650671
"13907","Total Phosphorus","Current",78.3165777184597,27.1053682340556,186.507104022955
"13907","Total Phosphorus","Reference",10.4519378648844,4.44386022189392,19.7992442465568
"13909","Total Nitrogen","Current",140.985811786894,89.8394136394189,212.144045756746
"13909","Total Nitrogen","Reference",232.538419496778,121.692460656964,470.520996347421
"13909","Total Phosphorus","Current",8.85445480080079,4.42504753179066,16.805543310233
"13909","Total Phosphorus","Reference",18.4519231133684,5.87762550669251,35.8935122472708
"13915","Total Nitrogen","Current",704.246040771133,440.836328257016,1217.3841653995
"13915","Total Nitrogen","Reference",206.448678615957,109.153078570529,398.029067237157
"13915","Total Phosphorus","Current",26.9411312605165,15.9387446396349,44.6057594163286
"13915","Total Phosphorus","Reference",10.1221709243728,5.16058502019242,20.6965332277613
"13930","Total Nitrogen","Current",732.082225304617,506.841699275024,1065.04347566053
"13930","Total Nitrogen","Reference",291.619872308791,156.750695436565,562.857274223821
"13930","Total Phosphorus","Current",153.687209657746,42.8797529617503,352.572409231483
"13930","Total Phosphorus","Reference",10.621337661413,4.72574782071334,19.0249720230437
"13957","Total Nitrogen","Current",158.073087149059,102.526996239686,259.970368279612
"13957","Total Nitrogen","Reference",169.532739318481,88.7568259318106,336.123517167503
"13957","Total Phosphorus","Current",21.5533244158289,10.3639689462086,41.6462003348307
"13957","Total Phosphorus","Reference",16.4370390914918,7.87917595121594,30.9658254500147
"13970","Total Nitrogen","Current",147.678496206033,94.435957976975,239.94564255861
"13970","Total Nitrogen","Reference",160.795519109507,86.404339548444,356.090930530513
"13970","Total Phosphorus","Current",15.5299538011756,8.72829908467091,28.6124384874494
"13970","Total Phosphorus","Reference",15.033230505057,8.42740758283043,27.8762032484569
"14092","Total Nitrogen","Current",708.435270595491,484.667787454063,1045.75214918901
"14092","Total Nitrogen","Reference",247.10993811846,127.417798774185,477.316233223458
"14092","Total Phosphorus","Current",17.8093037518903,8.77836861020298,34.9256378675698
"14092","Total Phosphorus","Reference",9.81840158181505,4.925766868358,18.9722581935729
"14179","Total Nitrogen","Current",728.440531153292,486.803431782856,1176.85453348125
"14179","Total Nitrogen","Reference",226.837412744635,119.838601514476,459.778376620154
"14179","Total Phosphorus","Current",47.1569759756981,25.111399944419,91.3777750989382
"14179","Total Phosphorus","Reference",8.97350439216975,5.93435856336077,13.9856573284712
"14262","Total Nitrogen","Current",242.899275407532,159.703613188199,350.782501463046
"14262","Total Nitrogen","Reference",226.621364825135,117.959076511811,437.055038420144
"14262","Total Phosphorus","Current",36.3878747049748,18.6261062124028,75.8402648195777
"14262","Total Phosphorus","Reference",9.32985632781297,5.82574488591151,14.6743576898609
"14290","Total Nitrogen","Current",556.454774961601,391.188554245939,825.81911437281
"14290","Total Nitrogen","Reference",230.310824688669,117.688585878479,434.273105181825
"14290","Total Phosphorus","Current",32.7392541186473,18.8013849935629,60.6717153528102
"14290","Total Phosphorus","Reference",8.66973887406835,6.10667346318724,13.0707242078259
"14405","Total Nitrogen","Current",1293.12968904264,834.37908579954,2057.49040187925
"14405","Total Nitrogen","Reference",211.837380949293,107.604827048126,406.738615146751
"14405","Total Phosphorus","Current",18.0999376394844,11.3615471975271,31.3129137177345
"14405","Total Phosphorus","Reference",10.0440262472334,5.23919592056528,21.459513449337
"14406","Total Nitrogen","Current",1569.71535825348,1055.32031615581,2359.36367596816
"14406","Total Nitrogen","Reference",269.262408133993,136.706039529884,543.206903336855
"14406","Total Phosphorus","Current",181.97850662465,98.0213978397159,356.833475052636
"14406","Total Phosphorus","Reference",35.3907974057344,18.6416633610464,74.5774205818738
"14407","Total Nitrogen","Current",849.050560291352,589.61203091703,1285.77879739802
"14407","Total Nitrogen","Reference",214.999864521731,107.122943428851,421.645742362894
"14407","Total Phosphorus","Current",70.8510554544225,30.89227588058,153.266606996779
"14407","Total Phosphorus","Reference",11.3312819572881,4.82519471796365,26.5542085725386
"14408","Total Nitrogen","Current",882.011883269815,607.160034140255,1328.77627121278
"14408","Total Nitrogen","Reference",206.608295712753,102.541281809915,402.761199891985
"14408","Total Phosphorus","Current",61.6304681374209,33.7925075499932,112.82808092172
"14408","Total Phosphorus","Reference",10.019418513392,4.66545154859844,21.4839926836721
"14418","Total Nitrogen","Current",834.021986658461,577.436897661037,1261.98983799176
"14418","Total Nitrogen","Reference",278.095696371938,135.558074838608,557.171392411152
"14418","Total Phosphorus","Current",386.308629757714,188.934638245163,776.932157172478
"14418","Total Phosphorus","Reference",30.3736407890459,13.9116509465305,68.9242451631441
"14546","Total Nitrogen","Current",237.073285335961,153.185608082248,370.709599373845
"14546","Total Nitrogen","Reference",196.352076917357,109.875097625979,403.543770877856
"14546","Total Phosphorus","Current",25.4047307850362,12.0608039317101,50.971120873552
"14546","Total Phosphorus","Reference",15.9627196091447,8.23125309224415,31.1687030174424
"14586","Total Nitrogen","Current",1197.33546470423,750.756532638707,2039.86529540844
"14586","Total Nitrogen","Reference",225.612457846622,123.020232664077,439.697722893429
"14586","Total Phosphorus","Current",71.5871277809736,29.0780963196291,156.799896497071
"14586","Total Phosphorus","Reference",10.1262570362441,3.00349086542056,29.6672456813613
"14680","Total Nitrogen","Current",293.307155159975,191.774358057745,477.524936212757
"14680","Total Nitrogen","Reference",189.156613557417,102.71779602432,366.778559067469
"14680","Total Phosphorus","Current",28.7506158254796,13.4682513735357,55.4647802684518
"14680","Total Phosphorus","Reference",14.3331791943174,7.0105526630807,28.2084799773254
"14718","Total Nitrogen","Current",708.28421747698,488.211042044144,1089.70939770572
"14718","Total Nitrogen","Reference",199.017793166161,102.499098946942,374.051503263055
"14718","Total Phosphorus","Current",23.0901717930705,11.2577626746803,46.7089535663175
"14718","Total Phosphorus","Reference",9.36287046386382,2.8788258018373,33.4519378154378
"14820","Total Nitrogen","Current",534.024201584431,369.800439231465,829.130458208915
"14820","Total Nitrogen","Reference",182.197459854504,93.9210455453031,346.327362858299
"14820","Total Phosphorus","Current",24.6527427034127,13.0497022636347,46.0333335017932
"14820","Total Phosphorus","Reference",8.69335618406544,5.60151289632533,13.6425638610449
"14852","Total Nitrogen","Current",1276.59483204314,774.477820294887,2199.21290111819
"14852","Total Nitrogen","Reference",167.702186413977,82.7983158367218,317.239483438216
"14852","Total Phosphorus","Current",35.1763339084153,16.7619022480977,70.8960086255301
"14852","Total Phosphorus","Reference",11.4594032556973,4.99966563651079,26.616906322426
"14860","Total Nitrogen","Current",293.412334205346,200.39190706168,432.041584610657
"14860","Total Nitrogen","Reference",177.303158960196,90.2545992802227,335.452029133859
"14860","Total Phosphorus","Current",39.5717417671084,18.4685027424423,76.7997308593151
"14860","Total Phosphorus","Reference",9.12645336603702,4.92361733786455,17.4490685377804
"15007","Total Nitrogen","Current",622.482789350267,430.364087683945,922.667986606999
"15007","Total Nitrogen","Reference",244.457046810305,126.811412879277,452.630121734299
"15007","Total Phosphorus","Current",61.330465381493,29.0529170151486,118.909608927725
"15007","Total Phosphorus","Reference",10.1592396576474,4.5851532654024,23.7990125404628
"15013","Total Nitrogen","Current",1123.17251579489,756.048325219247,1671.73920751103
"15013","Total Nitrogen","Reference",276.477266506985,137.772283568397,559.566395422927
"15013","Total Phosphorus","Current",141.560525349845,73.6664550483295,290.74065852114
"15013","Total Phosphorus","Reference",31.8621542774929,15.6078739491622,66.5145263975601
"15022","Total Nitrogen","Current",835.782400542157,562.648707988292,1253.20302965313
"15022","Total Nitrogen","Reference",278.120041378154,145.496512823192,562.083381532516
"15022","Total Phosphorus","Current",16.6573658133641,10.4994793499824,27.1516544395226
"15022","Total Phosphorus","Reference",9.28563396295404,4.58757636527995,20.4272648863964
"15035","Total Nitrogen","Current",1245.15613219361,842.407554655863,1877.08511665733
"15035","Total Nitrogen","Reference",424.428763147885,211.115038257831,874.952018455158
"15035","Total Phosphorus","Current",298.781040785238,146.780993694725,577.443295255398
"15035","Total Phosphorus","Reference",59.4757334783288,17.0076213402275,196.135500190368
"15037","Total Nitrogen","Current",989.986124761921,662.690703662596,1501.41020579918
"15037","Total Nitrogen","Reference",233.152016712799,113.878601962,445.603680299097
"15037","Total Phosphorus","Current",322.344731524241,151.224381699908,725.828563020413
"15037","Total Phosphorus","Reference",38.2861156719312,12.0695907317007,152.947424206239
"15038","Total Nitrogen","Current",1358.6428670437,919.935665018854,2006.21300015046
"15038","Total Nitrogen","Reference",596.856635979713,290.296708813801,1292.85723155466
"15038","Total Phosphorus","Current",384.753845566901,185.218363320744,799.019484444764
"15038","Total Phosphorus","Reference",39.8368862586718,13.3262977726813,122.796441641794
"15106","Total Nitrogen","Current",1142.09773282857,776.382271457371,1821.16849593804
"15106","Total Nitrogen","Reference",232.694810488064,122.65204847056,454.554278575455
"15106","Total Phosphorus","Current",88.1796927691979,23.4057371024315,175.320469050415
"15106","Total Phosphorus","Reference",11.5312069599506,2.97024386175545,30.1084271107106
"15141","Total Nitrogen","Current",1822.92442947351,1185.44860310235,2814.1381262823
"15141","Total Nitrogen","Reference",539.639920117281,270.628926317784,1209.92857181755
"15141","Total Phosphorus","Current",319.294503006988,165.334701135511,643.020041602556
"15141","Total Phosphorus","Reference",35.8182123446631,13.0971818820743,111.901555349687
"15176","Total Nitrogen","Current",805.28737789709,535.388943699315,1320.95047787071
"15176","Total Nitrogen","Reference",176.583122241338,95.5759179477386,311.449352678227
"15176","Total Phosphorus","Current",38.0910339420815,17.5456760598638,80.0446895525022
"15176","Total Phosphorus","Reference",9.08582497971893,5.28991752535643,15.2157072279241
"15312","Total Nitrogen","Current",253.564262850577,168.177490193443,373.178936783212
"15312","Total Nitrogen","Reference",234.822225593858,130.204934599398,466.636998626313
"15312","Total Phosphorus","Current",12.8835077895539,7.91966377538848,20.8153624761797
"15312","Total Phosphorus","Reference",9.86105750363864,6.39279070952883,15.7278397611963
"15325","Total Nitrogen","Current",216.583995149558,146.997562686777,316.089813767662
"15325","Total Nitrogen","Reference",193.643980373591,102.834442144841,356.763575550405
"15325","Total Phosphorus","Current",14.7586733509912,9.13165154749795,23.4947096521997
"15325","Total Phosphorus","Reference",8.09172727641641,6.45494509762009,10.5860133253446
"15621","Total Nitrogen","Current",220.235898136877,149.927287380064,319.530597492122
"15621","Total Nitrogen","Reference",227.540072910826,123.346945997976,440.033127128024
"15621","Total Phosphorus","Current",14.1858854638734,8.63409829623688,23.0473219269554
"15621","Total Phosphorus","Reference",10.1346864659843,7.54242647747238,14.2073162882616
"15633","Total Nitrogen","Current",285.940230332009,192.898969243948,411.334146574884
"15633","Total Nitrogen","Reference",177.664209551104,91.6867609009072,334.080341538855
"15633","Total Phosphorus","Current",16.9893212144025,10.2800444853917,29.942422620604
"15633","Total Phosphorus","Reference",8.38846595706253,4.83115295662609,15.2457464737518
"15651","Total Nitrogen","Current",289.107040656704,197.067674441668,414.776046092604
"15651","Total Nitrogen","Reference",225.684643939657,119.391210128233,404.997240784079
"15651","Total Phosphorus","Current",24.792569691787,11.3922185048912,52.8764959270357
"15651","Total Phosphorus","Reference",9.93561576102245,5.3363173849246,16.5153061281806
"15670","Total Nitrogen","Current",223.084642383158,154.418971452071,328.001412570525
"15670","Total Nitrogen","Reference",147.035895988058,78.6751814574017,273.486683972213
"15670","Total Phosphorus","Current",21.7703582800046,9.49541834294882,42.3418011309942
"15670","Total Phosphorus","Reference",8.39161745541429,4.21958750388171,16.1330806330124
"15672","Total Nitrogen","Current",209.669475100563,138.957086765507,304.691262553275
"15672","Total Nitrogen","Reference",171.378763955181,88.0019901597325,314.290570899457
"15672","Total Phosphorus","Current",20.9853680577694,11.031535212516,40.9194665301258
"15672","Total Phosphorus","Reference",8.94090996164073,5.25765963127181,16.4219501308629
"15692","Total Nitrogen","Current",246.680809387766,165.430653153463,356.824511981977
"15692","Total Nitrogen","Reference",288.353068146151,157.643803630722,632.19597327901
"15692","Total Phosphorus","Current",8.39697112534659,4.08612754414759,15.190747819207
"15692","Total Phosphorus","Reference",20.7144813158611,4.12225393281403,55.8173625319626
"15719","Total Nitrogen","Current",243.901790017532,166.19248282334,350.626913539364
"15719","Total Nitrogen","Reference",198.87598841351,108.446897326109,365.936968304943
"15719","Total Phosphorus","Current",23.6037079054422,10.0574547532322,48.6072797714707
"15719","Total Phosphorus","Reference",10.4503716782181,4.82368643881045,18.0138529327667
"15736","Total Nitrogen","Current",1147.38676164515,756.070438152604,1679.00947838382
"15736","Total Nitrogen","Reference",317.280559524838,143.111960976208,643.781492617201
"15736","Total Phosphorus","Current",212.449029250466,113.187716038228,411.080285109747
"15736","Total Phosphorus","Reference",23.3104080151382,11.0605962984108,54.577786768924
"15795","Total Nitrogen","Current",1937.54561427001,1275.50522736436,3205.2153546931
"15795","Total Nitrogen","Reference",386.5718940736,194.880457985755,793.487584130602
"15795","Total Phosphorus","Current",97.2300693477989,49.5020120890957,187.798692603903
"15795","Total Phosphorus","Reference",60.5598673801509,13.5860398281083,261.75970053051
"15898","Total Nitrogen","Current",948.068310657916,631.594773873937,1459.43146207414
"15898","Total Nitrogen","Reference",306.489827153414,157.642280675583,596.785555687677
"15898","Total Phosphorus","Current",61.0705142374704,27.6539206024109,131.529539292504
"15898","Total Phosphorus","Reference",16.5249665452372,4.04738406291288,70.7615404045224
"15902","Total Nitrogen","Current",1273.09380404883,782.975056478283,2170.85622427719
"15902","Total Nitrogen","Reference",275.684301581957,147.85121931875,543.779857643488
"15902","Total Phosphorus","Current",36.3383668107934,21.5649944993119,64.2744016837706
"15902","Total Phosphorus","Reference",14.3666190489787,3.78279090215112,59.0769313595296
"15904","Total Nitrogen","Current",562.258102720941,384.223999858357,835.577081670937
"15904","Total Nitrogen","Reference",310.529387564447,168.140031796556,602.037089998084
"15904","Total Phosphorus","Current",24.1461336043029,14.3656348589813,42.2036178643163
"15904","Total Phosphorus","Reference",14.4959561761529,4.28761374603106,60.0408925578579
"15906","Total Nitrogen","Current",678.07332788446,461.434238242409,983.381624724709
"15906","Total Nitrogen","Reference",294.602949202046,149.538400389032,593.829236411845
"15906","Total Phosphorus","Current",110.444788192755,51.7515768636657,227.407705806376
"15906","Total Phosphorus","Reference",15.0707709314649,4.06908495137385,63.3592725620764
"15907","Total Nitrogen","Current",1119.21214375486,713.470442476829,1795.69424347417
"15907","Total Nitrogen","Reference",286.902172974367,152.911070262763,541.395668579871
"15907","Total Phosphorus","Current",82.0364916764074,44.5896877300396,147.854449270085
"15907","Total Phosphorus","Reference",14.5587254714806,5.38333433333893,40.1527268959046
"15909","Total Nitrogen","Current",905.400443871509,608.086112601538,1405.85450881244
"15909","Total Nitrogen","Reference",300.771241784682,151.801632585912,619.881528678365
"15909","Total Phosphorus","Current",142.291060990327,62.6593374162667,324.0037034105
"15909","Total Phosphorus","Reference",15.4287110938365,3.77992933558313,67.4075101313225
"15926","Total Nitrogen","Current",1686.40959078163,1002.88263034234,3088.89073572605
"15926","Total Nitrogen","Reference",333.202850276761,181.613235945608,656.903769131635
"15926","Total Phosphorus","Current",47.5721357405773,24.5063653979492,90.1254553313809
"15926","Total Phosphorus","Reference",11.7664267421899,4.59269841534309,32.922132098655
"15929","Total Nitrogen","Current",1189.15587492299,771.545135386065,1989.48506211493
"15929","Total Nitrogen","Reference",341.390192698575,180.865218750994,686.103692962847
"15929","Total Phosphorus","Current",72.0460050269966,34.3492465816273,154.390406429823
"15929","Total Phosphorus","Reference",12.0221485099969,5.57391565992845,26.0397923502892
"15930","Total Nitrogen","Current",715.409070406562,491.271806848968,1105.00283272735
"15930","Total Nitrogen","Reference",405.908261672639,215.164925596488,881.905043794447
"15930","Total Phosphorus","Current",43.3262942766055,23.0283969142068,84.0890415138636
"15930","Total Phosphorus","Reference",8.68442127211291,2.36782126722607,30.1090850265809
"15942","Total Nitrogen","Current",1023.60399480722,685.988143822227,1482.42131346689
"15942","Total Nitrogen","Reference",548.619919942458,282.059591085242,1168.85722451365
"15942","Total Phosphorus","Current",205.319363173378,102.522278299575,388.663362630671
"15942","Total Phosphorus","Reference",39.6263341823909,10.3432221485207,164.179355753884
"15947","Total Nitrogen","Current",1243.21832305388,766.127318417555,2281.81311391713
"15947","Total Nitrogen","Reference",267.784266807338,151.184504041859,546.89690954481
"15947","Total Phosphorus","Current",57.4330267083936,28.7751440025807,121.617260823989
"15947","Total Phosphorus","Reference",15.3142046616599,4.40405743844228,59.6268057296457
"16080","Total Nitrogen","Current",1546.60794313741,1005.45424478725,2545.20884703108
"16080","Total Nitrogen","Reference",337.980330772907,186.167230003577,699.92208192906
"16080","Total Phosphorus","Current",43.0920371065601,20.2905310741599,91.9612542241261
"16080","Total Phosphorus","Reference",16.4192700345765,5.34872122187679,56.8458067019019
"16131","Total Nitrogen","Current",207.224087282948,138.720975944908,296.846977110242
"16131","Total Nitrogen","Reference",235.337470942685,131.138860275565,462.990858826929
"16131","Total Phosphorus","Current",22.3596671593472,13.2192247438684,36.8138274193908
"16131","Total Phosphorus","Reference",8.62543579989405,4.99044212750818,15.0887492911391
"16190","Total Nitrogen","Current",282.574401827635,192.133201232074,410.315282230396
"16190","Total Nitrogen","Reference",276.046465385705,153.798027971558,535.232460526583
"16190","Total Phosphorus","Current",53.6227949660261,26.4309388719226,108.261867969511
"16190","Total Phosphorus","Reference",9.07196759830912,4.24887162622007,19.4435175787259
"16214","Total Nitrogen","Current",171.702007606148,107.628907870514,251.831668523534
"16214","Total Nitrogen","Reference",287.010115606628,154.806550204939,554.470593811746
"16214","Total Phosphorus","Current",8.46709803648435,5.60110465756761,13.7962325670666
"16214","Total Phosphorus","Reference",8.06378294023704,4.16356200452503,17.224996545562
"16215","Total Nitrogen","Current",304.578258813706,211.351574428834,450.548881954496
"16215","Total Nitrogen","Reference",167.347534502096,93.0245163351606,303.079128145637
"16215","Total Phosphorus","Current",35.7999281113594,18.8608794804559,70.0127379396305
"16215","Total Phosphorus","Reference",10.5808348344673,6.09225396076099,20.1050001964088
"16222","Total Nitrogen","Current",276.580710414345,191.630330581698,397.751578287372
"16222","Total Nitrogen","Reference",163.742402633546,82.3969822599739,326.905669962497
"16222","Total Phosphorus","Current",21.0540198949371,11.9326471728113,37.0279329588315
"16222","Total Phosphorus","Reference",10.2527207938619,6.93165609065298,16.2166133166266
"16224","Total Nitrogen","Current",264.476466678467,169.558204278365,390.279675672385
"16224","Total Nitrogen","Reference",263.265370500134,137.638113578451,510.580954466293
"16224","Total Phosphorus","Current",23.2182027185742,13.0437665337008,43.5157252484124
"16224","Total Phosphorus","Reference",9.34682455036042,5.13535318546175,17.2456293624145
"16233","Total Nitrogen","Current",296.477779112198,197.574685378058,438.635499790461
"16233","Total Nitrogen","Reference",171.407211828065,86.9273166103014,334.428204510609
"16233","Total Phosphorus","Current",49.6637828431257,26.484081664381,98.4104846997732
"16233","Total Phosphorus","Reference",5.85944524645544,3.19128704811655,10.9901296621431
"16235","Total Nitrogen","Current",238.667351396961,160.513569976505,351.798491193375
"16235","Total Nitrogen","Reference",173.409510182159,87.8618928780798,321.168760854207
"16235","Total Phosphorus","Current",50.5258190920908,23.83356433577,103.725930526124
"16235","Total Phosphorus","Reference",6.03576457821207,3.32069838419889,11.3364976252633
"16377","Total Nitrogen","Current",396.423908209498,277.221729740983,583.651082835187
"16377","Total Nitrogen","Reference",107.363506775297,51.313348165377,194.87635575918
"16377","Total Phosphorus","Current",17.3552601746641,7.45254997427073,33.0847091427682
"16377","Total Phosphorus","Reference",10.5923433994538,3.45744610087976,27.0665326157868
"16392","Total Nitrogen","Current",601.621798390914,392.38774074467,986.012195189239
"16392","Total Nitrogen","Reference",179.869367440396,94.2484495657098,369.625744815056
"16392","Total Phosphorus","Current",40.6268961404457,21.8559371554739,79.1685812737374
"16392","Total Phosphorus","Reference",8.51764665182488,5.1637881026023,14.3732048121641
"16734","Total Nitrogen","Current",7076.07809104422,3820.71859201254,14127.9164915017
"16734","Total Nitrogen","Reference",630.317745329674,308.730759814012,1378.61215141396
"16734","Total Phosphorus","Current",279.464384501441,148.319234034921,543.145903838827
"16734","Total Phosphorus","Reference",24.423949945759,4.24721629622786,154.224032761714
"16939","Total Nitrogen","Current",2299.63093277429,1438.3163275145,3979.74039381964
"16939","Total Nitrogen","Reference",428.042602514613,215.220304151805,894.293398691396
"16939","Total Phosphorus","Current",496.911296526283,251.869412194649,1051.5357812274
"16939","Total Phosphorus","Reference",42.6177941348944,11.4738713385505,169.286165218886
"17014","Total Nitrogen","Current",2089.92268836401,1241.8400178927,3772.97269698915
"17014","Total Nitrogen","Reference",370.793528607178,188.20563800777,753.418504666372
"17014","Total Phosphorus","Current",38.9616844654724,22.3835274835081,69.4355552663247
"17014","Total Phosphorus","Reference",10.3918435680463,3.90483498549872,31.4344045912739
"17153","Total Nitrogen","Current",508.884353203634,354.858544978438,721.78872588736
"17153","Total Nitrogen","Reference",212.770236972408,99.9618602826005,400.462944316745
"17153","Total Phosphorus","Current",91.8411690958638,37.3350712351681,202.117070128429
"17153","Total Phosphorus","Reference",11.450774832092,5.62005207315343,23.2037339229445
"17750","Total Nitrogen","Current",527.345294264844,345.392409756918,761.614806152027
"17750","Total Nitrogen","Reference",344.110720624542,178.368484282696,671.495819281139
"17750","Total Phosphorus","Current",186.483871209961,96.5107062621279,357.085084426651
"17750","Total Phosphorus","Reference",44.0798341501867,14.7213373092954,137.033620412375
"17761","Total Nitrogen","Current",626.343259546918,444.920726267703,940.664092122419
"17761","Total Nitrogen","Reference",413.578526752135,218.403660642941,875.3577783123
"17761","Total Phosphorus","Current",44.6637264611132,21.530442655356,90.7988008457442
"17761","Total Phosphorus","Reference",12.0873463913429,4.41709949404699,33.4513284976577
"18023","Total Nitrogen","Current",895.053615431957,567.60080537893,1501.04726017942
"18023","Total Nitrogen","Reference",225.060026905101,118.798664045108,414.557766589336
"18023","Total Phosphorus","Current",62.8052853485478,32.2662688327659,121.420115531635
"18023","Total Phosphorus","Reference",7.85326794510544,3.40978334705714,17.3388090471684
"18027","Total Nitrogen","Current",953.214945645263,616.525027486563,1617.16131183853
"18027","Total Nitrogen","Reference",227.996261794632,120.166111201587,431.142385870603
"18027","Total Phosphorus","Current",65.914120748947,33.1139772457664,134.319023359197
"18027","Total Phosphorus","Reference",7.94748577971195,2.8244884947638,23.5260072687021
"18318","Total Nitrogen","Current",696.202442979771,467.692216189636,1108.96958291878
"18318","Total Nitrogen","Reference",263.74681380352,144.584066803034,539.39862309697
"18318","Total Phosphorus","Current",53.7519119600378,30.7227807003864,96.5271550594316
"18318","Total Phosphorus","Reference",9.09847189706671,3.84554633201763,22.4323676821486
"18610","Total Nitrogen","Current",114.051230640255,74.5425625777115,170.354081395832
"18610","Total Nitrogen","Reference",175.41851218333,96.1904387271722,337.968926068079
"18610","Total Phosphorus","Current",16.6973497524096,9.11389280438958,31.9877313233465
"18610","Total Phosphorus","Reference",9.09613281696893,6.03012604100934,14.0972444412084
"18809","Total Nitrogen","Current",359.672084429725,246.166786126935,516.462036523947
"18809","Total Nitrogen","Reference",290.302871045491,155.141814449903,569.016538773919
"18809","Total Phosphorus","Current",55.7872115486792,19.4036598964,118.540780527093
"18809","Total Phosphorus","Reference",9.6157789282703,4.00556074200846,24.2100502334388
"18933","Total Nitrogen","Current",796.778216108453,546.712876414762,1210.90334201972
"18933","Total Nitrogen","Reference",413.960791338744,216.692966526385,827.283201670057
"18933","Total Phosphorus","Current",10.1270802260545,6.25208308327533,16.3263473996874
"18933","Total Phosphorus","Reference",11.2527800245522,3.26545592929121,37.0860070095631
"18934","Total Nitrogen","Current",1470.57857285558,820.458782832085,2743.40259903899
"18934","Total Nitrogen","Reference",287.798709122479,162.892562851269,575.918169212117
"18934","Total Phosphorus","Current",62.9940014470513,37.8818827271939,110.989412538325
"18934","Total Phosphorus","Reference",10.7684084189169,3.20051486093103,33.3889992420347
"18935","Total Nitrogen","Current",2170.81510777462,1358.52094988133,3759.50595238097
"18935","Total Nitrogen","Reference",473.832128942623,245.864250856444,1010.85375417051
"18935","Total Phosphorus","Current",216.401623971346,58.7487704539772,536.953654852377
"18935","Total Phosphorus","Reference",10.1661771449018,1.99162380662124,57.2961202962005
"18936","Total Nitrogen","Current",1649.13718009473,1000.50746642808,2842.66996987694
"18936","Total Nitrogen","Reference",352.784717321639,186.140729082799,725.389852663045
"18936","Total Phosphorus","Current",95.4849937593716,44.8814467097639,197.371480137911
"18936","Total Phosphorus","Reference",12.0275659525313,5.50219848793898,26.4348351766681
"18951","Total Nitrogen","Current",1003.12349361168,644.591770349391,1657.07914925586
"18951","Total Nitrogen","Reference",305.240479511288,165.713907701919,604.76532674536
"18951","Total Phosphorus","Current",40.1080460469398,22.8256788290103,68.7117624809028
"18951","Total Phosphorus","Reference",11.2651264091862,3.6901100473926,36.6617990064601
"18957","Total Nitrogen","Current",1076.27040826541,704.3353365415,1770.52717973329
"18957","Total Nitrogen","Reference",393.827067243052,210.833561552493,822.765198476869
"18957","Total Phosphorus","Current",28.5138659032776,17.4769889832117,49.6796600093229
"18957","Total Phosphorus","Reference",7.70171409903118,2.60446860642731,24.2104667732358
"19172","Total Nitrogen","Current",525.244339120906,363.485405480637,812.91492583373
"19172","Total Nitrogen","Reference",298.979695223177,165.528353143364,612.465544871668
"19172","Total Phosphorus","Current",78.0141518281123,32.0607679551025,170.548957520859
"19172","Total Phosphorus","Reference",12.921952898085,3.77354846254004,47.1117253724905
"19559","Total Nitrogen","Current",830.64020819987,570.209274049881,1244.83084469249
"19559","Total Nitrogen","Reference",544.702598530779,271.478939853158,1187.65133755906
"19559","Total Phosphorus","Current",46.055173171606,22.1675582001489,93.3895615805634
"19559","Total Phosphorus","Reference",42.3108595782024,8.84354608762877,244.309325325198
"19572","Total Nitrogen","Current",697.529257247415,478.358485789121,1004.09397309103
"19572","Total Nitrogen","Reference",475.906853765067,229.570564839269,1031.94614389452
"19572","Total Phosphorus","Current",139.64589325933,72.4628388783168,278.13244004337
"19572","Total Phosphorus","Reference",35.760781484285,11.2854156399604,112.368782303509
"19612","Total Nitrogen","Current",585.367946106639,394.044616092037,893.812755028272
"19612","Total Nitrogen","Reference",239.281466841715,126.612497343518,469.809190784158
"19612","Total Phosphorus","Current",50.2314808582562,28.143495854196,96.0076981401583
"19612","Total Phosphorus","Reference",8.42625390498551,3.1017855708256,25.1117921963977
"19621","Total Nitrogen","Current",458.742623473474,316.833945430215,704.528881083063
"19621","Total Nitrogen","Reference",295.305246667754,161.606207411114,594.82105306077
"19621","Total Phosphorus","Current",39.113047606744,22.4645627354774,69.0710667138379
"19621","Total Phosphorus","Reference",11.0048095770719,5.09612156853541,27.3285517595895
"19781","Total Nitrogen","Current",531.452664407581,353.372140206545,826.510853114823
"19781","Total Nitrogen","Reference",215.520107136277,112.671428264126,420.874380574333
"19781","Total Phosphorus","Current",67.4307395282646,34.585623167668,131.930588212111
"19781","Total Phosphorus","Reference",7.82633726972,2.52910387109035,25.9905668964824
"20286","Total Nitrogen","Current",670.01229828076,461.319626630446,970.696647060733
"20286","Total Nitrogen","Reference",234.105797979363,115.411282074985,438.291758180453
"20286","Total Phosphorus","Current",47.2496042963305,25.8974914405795,91.2869026255091
"20286","Total Phosphorus","Reference",5.91480595663601,4.06008864795808,8.80019332049851
"20493","Total Nitrogen","Current",470.034831340228,329.716090760863,699.061258996585
"20493","Total Nitrogen","Reference",118.237712363921,58.8801451898476,216.371397219638
"20493","Total Phosphorus","Current",58.1800692968969,27.7668076066612,123.611346570284
"20493","Total Phosphorus","Reference",6.07416722520339,2.13778788166876,17.6257093046766
"20741","Total Nitrogen","Current",193.919857637984,126.675050874098,284.267996901671
"20741","Total Nitrogen","Reference",183.201849148128,94.1328049471882,323.557311585406
"20741","Total Phosphorus","Current",17.8271208120136,10.6251318994862,31.0765461972677
"20741","Total Phosphorus","Reference",5.87478066632172,3.95864277847683,9.06472802945143
"20846","Total Nitrogen","Current",180.37383901683,115.269528664263,274.422386326364
"20846","Total Nitrogen","Reference",113.702388388339,54.7733923581205,224.900003619668
"20846","Total Phosphorus","Current",13.0361136035585,6.79921306563603,24.0643599306816
"20846","Total Phosphorus","Reference",8.87359150529647,4.04621778728293,20.3645706509868
"20851","Total Nitrogen","Current",169.379085029526,103.729236891786,253.580520865192
"20851","Total Nitrogen","Reference",117.171367642449,56.2745533805217,212.144643048597
"20851","Total Phosphorus","Current",6.26570364967428,3.94648035697435,10.5186023755055
"20851","Total Phosphorus","Reference",8.43513381603952,4.5957785804082,16.1203209205988
"20880","Total Nitrogen","Current",691.48962122121,459.675834354599,1128.17459183094
"20880","Total Nitrogen","Reference",177.159118349251,94.3797482819032,329.854002325003
"20880","Total Phosphorus","Current",13.4690353292416,7.83840070810964,25.0120816429761
"20880","Total Phosphorus","Reference",8.73390375818159,5.53090071671537,14.5488448177435
"20904","Total Nitrogen","Current",742.502595474675,513.282469404772,1123.02790739748
"20904","Total Nitrogen","Reference",146.818551862833,68.0744715570316,294.388770014098
"20904","Total Phosphorus","Current",14.7370128410412,7.57821597635575,28.1088768863432
"20904","Total Phosphorus","Reference",22.1846756894711,6.89469462566533,80.7010948468026
"20943","Total Nitrogen","Current",458.777396606065,315.830912786568,671.896896272445
"20943","Total Nitrogen","Reference",183.040869568498,94.9822113644133,355.056176970123
"20943","Total Phosphorus","Current",12.4021220333522,7.40153754038453,21.0983523402469
"20943","Total Phosphorus","Reference",8.53673629957396,5.5689814228473,13.6524694836019
"20969","Total Nitrogen","Current",1210.9678275394,853.908234661061,1791.59713783467
"20969","Total Nitrogen","Reference",282.024263083264,135.913219176123,567.581736286942
"20969","Total Phosphorus","Current",69.5120493634758,37.1342365094791,133.878462544974
"20969","Total Phosphorus","Reference",24.4739245696959,13.2326226840985,45.5011203651617
"21367","Total Nitrogen","Current",160.8439008114,105.908595286937,237.757058217377
"21367","Total Nitrogen","Reference",108.752163981948,58.2909890199453,201.261268048584
"21367","Total Phosphorus","Current",10.1500945116563,6.44697012588529,16.142305629503
"21367","Total Phosphorus","Reference",8.49356584551934,6.27935950284143,11.7194743705804
"21370","Total Nitrogen","Current",183.598220295509,121.909794492022,266.643868299527
"21370","Total Nitrogen","Reference",234.006495721819,128.9315017427,447.866608212345
"21370","Total Phosphorus","Current",8.12732475256688,5.38770153871291,13.0595387764943
"21370","Total Phosphorus","Reference",10.4487416677399,7.00369057100631,16.9281160166847
"21372","Total Nitrogen","Current",256.985895877771,167.96987922637,361.323904375539
"21372","Total Nitrogen","Reference",145.33452754982,74.4503591007905,263.862461484981
"21372","Total Phosphorus","Current",28.5335113132695,12.342570495726,56.2870790908023
"21372","Total Phosphorus","Reference",9.74217931271787,4.75446992381368,17.5952721089539
"21383","Total Nitrogen","Current",225.796532935956,153.908201359747,331.614370155527
"21383","Total Nitrogen","Reference",195.119850044191,102.493617226327,375.893819774709
"21383","Total Phosphorus","Current",14.4802277451144,7.99044106580839,26.0256811024697
"21383","Total Phosphorus","Reference",8.97191840551026,6.24182106914486,12.9662134487706
"21433","Total Nitrogen","Current",791.954837858845,528.216462145573,1196.80355497067
"21433","Total Nitrogen","Reference",234.833391547658,118.393616728157,452.62855872217
"21433","Total Phosphorus","Current",30.0425522374792,16.7458091153088,55.3442229511331
"21433","Total Phosphorus","Reference",8.36496679256993,5.6512723756629,12.5205447882153
"21434","Total Nitrogen","Current",749.150937935217,507.250016329166,1105.6103186648
"21434","Total Nitrogen","Reference",289.879174029232,147.532486888585,578.861305176389
"21434","Total Phosphorus","Current",85.0914156356296,44.1920174518505,169.315411598426
"21434","Total Phosphorus","Reference",26.3991128721217,12.3754481463834,60.2270834347684
"21544","Total Nitrogen","Current",382.196587536968,261.575915608022,569.786978224448
"21544","Total Nitrogen","Reference",242.805920178596,137.821906618226,449.579239581989
"21544","Total Phosphorus","Current",40.1276854980875,20.0206081234694,81.0671816847089
"21544","Total Phosphorus","Reference",12.9608021645969,7.10211822169204,24.3599296910615
"21692","Total Nitrogen","Current",811.851186247261,552.925286919838,1267.87293425128
"21692","Total Nitrogen","Reference",187.336628094387,97.7122725729349,333.668179726326
"21692","Total Phosphorus","Current",25.088567129221,14.9102204848208,46.032068708285
"21692","Total Phosphorus","Reference",6.42038211999094,2.41912750776668,18.7258790587116
"21733","Total Nitrogen","Current",187.64983685306,124.661167524929,269.643377592884
"21733","Total Nitrogen","Reference",121.803540370456,66.756740294821,227.455543572092
"21733","Total Phosphorus","Current",14.5229098475087,8.42685133869111,25.4872925028311
"21733","Total Phosphorus","Reference",4.73089042704887,1.70194255781906,13.0536866820833
"21759","Total Nitrogen","Current",481.760034546774,334.623216848366,700.150856984597
"21759","Total Nitrogen","Reference",411.64259472364,213.095654035858,839.057993701692
"21759","Total Phosphorus","Current",35.2019921559053,16.8898432861414,67.1070240784309
"21759","Total Phosphorus","Reference",12.303041509073,4.749876927396,36.2368394450009
"21763","Total Nitrogen","Current",688.473133743865,472.441420125468,1040.99569597078
"21763","Total Nitrogen","Reference",362.339695199879,192.428225443172,751.804994082464
"21763","Total Phosphorus","Current",57.3040627484111,30.7070038750851,108.656350876239
"21763","Total Phosphorus","Reference",11.4707260263308,4.75209229443865,27.4131938698745
"21773","Total Nitrogen","Current",663.703415400554,463.899992879956,991.702506558906
"21773","Total Nitrogen","Reference",419.396848444671,218.322827879144,865.319037167887
"21773","Total Phosphorus","Current",67.5023610131985,32.8259490685575,137.383193137258
"21773","Total Phosphorus","Reference",11.9685090629628,4.90991382298097,31.6852418703918
"21869","Total Nitrogen","Current",468.863265236932,318.847694291138,735.085822061297
"21869","Total Nitrogen","Reference",180.103074094078,97.5407905273288,336.248761970869
"21886","Total Nitrogen","Current",724.619017538269,500.416752062519,1072.29329369221
"21886","Total Nitrogen","Reference",475.476555309031,251.162638820357,1049.61154684387
"21886","Total Phosphorus","Current",506.336660841624,251.702072805337,1026.24469337919
"21886","Total Phosphorus","Reference",39.8913251421113,12.94763351134,126.007234707681
"21917","Total Nitrogen","Current",347.897579648653,235.904087407609,525.965329186443
"21917","Total Nitrogen","Reference",144.698838097552,85.4919853668119,268.300539511656
"21917","Total Phosphorus","Current",14.3442002856603,7.9173719034342,28.5215513950347
"21917","Total Phosphorus","Reference",8.66686796624924,5.06168461449325,15.6716526522408
"21918","Total Nitrogen","Current",234.975816028806,152.110046634404,339.082459099763
"21918","Total Nitrogen","Reference",182.853410842291,95.0392633814859,346.125706755112
"21918","Total Phosphorus","Current",6.49759873263436,4.10515941807758,10.7043406915741
"21918","Total Phosphorus","Reference",10.1191097685206,5.34172625245524,19.7415833099274
"21926","Total Nitrogen","Current",374.9421101066,261.176031693879,550.781631365836
"21926","Total Nitrogen","Reference",153.423296036629,80.1388753434632,289.210424165433
"21926","Total Phosphorus","Current",35.2985865009838,18.9976370375504,66.4402855891216
"21926","Total Phosphorus","Reference",9.10295752345389,4.8968909981219,18.4620059184197
"22201","Total Nitrogen","Current",1129.34778294622,735.810749023421,1756.28857239841
"22201","Total Nitrogen","Reference",249.204070580171,124.952203219758,467.364984973419
"22201","Total Phosphorus","Current",38.9944241907976,22.3460647263556,71.2390075652973
"22201","Total Phosphorus","Reference",9.69031858835272,5.10230771124014,18.753372014221
"22472","Total Nitrogen","Current",316.81795636813,219.536646625682,449.309821847954
"22472","Total Nitrogen","Reference",180.142574643869,91.3657744272523,330.893420400014
"22472","Total Phosphorus","Current",40.2683863342533,20.1661610704293,81.720474633518
"22472","Total Phosphorus","Reference",10.9369726105491,5.85721222744536,21.049771774318
"22495","Total Nitrogen","Current",436.08285733896,295.831159226663,650.367030592729
"22495","Total Nitrogen","Reference",189.123619390156,99.8808282965717,359.738683317394
"22495","Total Phosphorus","Current",45.2465251878507,22.7250168031696,92.4388000781988
"22495","Total Phosphorus","Reference",10.8644674460382,5.70877873855862,20.8498954608583
"22571","Total Nitrogen","Current",524.061668721965,361.388339437891,747.319090174612
"22571","Total Nitrogen","Reference",199.110470452211,99.1389182688012,373.947935693901
"22571","Total Phosphorus","Current",118.149237957254,45.9534489650714,279.04967518801
"22571","Total Phosphorus","Reference",11.2354856604008,4.98295555120337,27.2128859088964
"22785","Total Nitrogen","Current",463.999819206369,309.804296794722,684.957942433732
"22785","Total Nitrogen","Reference",209.450175076612,114.031380014037,398.762112677121
"22785","Total Phosphorus","Current",55.9874354900775,30.0441784719068,102.573116027174
"22785","Total Phosphorus","Reference",9.17396199198763,5.72017602546608,15.6427541133589
"22786","Total Nitrogen","Current",202.806322870909,135.084479745935,289.359048428831
"22786","Total Nitrogen","Reference",172.168355342838,88.8642679173094,320.115987010119
"22786","Total Phosphorus","Current",9.02302716249446,5.74366539632054,14.9656064950438
"22786","Total Phosphorus","Reference",7.99533843489346,4.85161183809233,13.5509169457518
"22929","Total Nitrogen","Current",634.635542399131,430.599986258054,999.028233129695
"22929","Total Nitrogen","Reference",182.758314234352,94.7193151842022,351.196884135473
"22929","Total Phosphorus","Current",24.7525810073809,13.5445261370861,45.768292080208
"22929","Total Phosphorus","Reference",8.61306801851685,5.29537217647801,14.0050394680405
"22999","Total Nitrogen","Current",672.84577248156,450.061865737247,991.795454902208
"22999","Total Nitrogen","Reference",230.318371434017,117.226455929079,454.734616994703
"23060","Total Nitrogen","Current",921.52744666915,595.215057526104,1361.23566741125
"23060","Total Nitrogen","Reference",293.425199702992,139.397078872295,581.220671291365
"23060","Total Phosphorus","Current",156.945491217821,82.4526880734537,318.948998921688
"23060","Total Phosphorus","Reference",31.3660112968748,14.7027994858445,80.1560557905024
"23306","Total Nitrogen","Current",399.83103754403,269.450172479769,580.20490467375
"23306","Total Nitrogen","Reference",206.317786198464,103.475666109545,396.594219037441
"23306","Total Phosphorus","Current",51.8005323724846,21.742508586178,113.530498491449
"23306","Total Phosphorus","Reference",11.7419667025123,5.24946686175599,28.2911488118981
"23314","Total Nitrogen","Current",496.932314953187,325.99688248138,703.357273764873
"23314","Total Nitrogen","Reference",227.773267235598,108.158516256189,450.115235479081
"23314","Total Phosphorus","Current",20.5938028473822,10.6660708237715,38.2076286222439
"23314","Total Phosphorus","Reference",34.7900335111528,14.6380324695847,86.9629479551866
"23339","Total Nitrogen","Current",268.372864520674,177.247945287752,394.196117029274
"23339","Total Nitrogen","Reference",106.691635343544,46.0396523600574,194.05793450797
"23339","Total Phosphorus","Current",35.8683487165051,14.6405893334341,75.1308000992344
"23339","Total Phosphorus","Reference",6.77876056158347,2.09962248173975,21.9000393500887
"23617","Total Nitrogen","Current",539.117043783127,358.003219027114,781.667943781858
"23617","Total Nitrogen","Reference",228.133716353268,115.988824385261,453.348013781681
"23617","Total Phosphorus","Current",260.825080257696,136.772021844148,506.37261663538
"23617","Total Phosphorus","Reference",34.7248184026251,14.0392041567684,90.1878042005025
"23657","Total Nitrogen","Current",1238.07628818982,803.347584363302,1815.6795574571
"23657","Total Nitrogen","Reference",678.814434101663,321.624051067802,1497.42397984099
"23657","Total Phosphorus","Current",228.349834979801,113.967274146806,461.218275850747
"23657","Total Phosphorus","Reference",40.3419967774465,8.08584818276164,214.005926222678
"23660","Total Nitrogen","Current",739.295386409349,512.723990261621,1085.58709063881
"23660","Total Nitrogen","Reference",493.530126026684,239.794594830136,1032.40515894825
"23660","Total Phosphorus","Current",174.469640583178,91.9370832591463,342.033422761816
"23660","Total Phosphorus","Reference",39.5703895734711,7.91969226443723,184.820296573032
"23671","Total Nitrogen","Current",588.07510955987,394.38992147064,862.889308882862
"23671","Total Nitrogen","Reference",455.343562063981,240.577763687011,962.655862550376
"23671","Total Phosphorus","Current",39.5990967149978,20.6127406631223,74.423929459687
"23671","Total Phosphorus","Reference",11.4546249367429,3.96742750130534,33.7911466888716
"23676","Total Nitrogen","Current",443.292910379699,284.970103907715,641.86652903466
"23676","Total Nitrogen","Reference",483.727028679632,248.101655177843,979.556163257128
"23676","Total Phosphorus","Current",29.8742998590086,15.5714946993027,57.1375125754553
"23676","Total Phosphorus","Reference",43.0320869510394,8.27720262810744,243.583814212441
"23691","Total Nitrogen","Current",705.23390443966,470.881172086396,1005.4907561299
"23691","Total Nitrogen","Reference",488.486263214884,259.104059760743,1042.51822376507
"23691","Total Phosphorus","Current",167.078326506896,80.9869676945415,378.323402209445
"23691","Total Phosphorus","Reference",45.7839626325632,9.34003751636694,311.253179634983
"23721","Total Nitrogen","Current",944.454859050023,622.54358118349,1399.03503881513
"23721","Total Nitrogen","Reference",341.585096400735,163.383326506817,734.987629436528
"23721","Total Phosphorus","Current",73.5357012792471,34.9614554443277,166.853946647023
"23721","Total Phosphorus","Reference",33.0690375236822,17.8721593643288,198.246870834055
"23862","Total Nitrogen","Current",249.002895717591,161.363220167966,354.309363608285
"23862","Total Nitrogen","Reference",240.426857524706,133.30102976711,497.450261093335
"23862","Total Phosphorus","Current",20.382714222011,11.3699420945475,37.2224837436783
"23862","Total Phosphorus","Reference",12.2237246753372,7.40466066549812,20.5636367992348
"23940","Total Nitrogen","Current",557.817476552919,383.435381711426,836.993827271361
"23940","Total Nitrogen","Reference",207.949994643642,100.127821902385,407.297106472838
"23940","Total Phosphorus","Current",112.328580108425,32.1464777697872,246.24437196001
"23940","Total Phosphorus","Reference",13.1271844258234,4.48813371707001,31.158592993351
"23986","Total Nitrogen","Current",609.29340796319,401.009542999869,899.85389767841
"23986","Total Nitrogen","Reference",306.585447359991,158.892212492246,580.905022894972
"23986","Total Phosphorus","Current",54.6184358294584,20.6623851529047,116.703942369694
"23986","Total Phosphorus","Reference",14.2141370441932,5.29024045542388,37.4294347495516
"24015","Total Nitrogen","Current",292.055299350842,203.433765766782,421.161639767088
"24015","Total Nitrogen","Reference",235.098938141337,128.265062385239,445.913599260221
"24015","Total Phosphorus","Current",58.259135028092,26.4502627074897,130.854821406429
"24015","Total Phosphorus","Reference",13.2218753087507,6.51421010890042,27.9717451794603
"24024","Total Nitrogen","Current",444.209422287424,287.323064748241,654.553922177882
"24024","Total Nitrogen","Reference",235.132868662427,117.051778324805,441.444732889666
"24024","Total Phosphorus","Current",208.461018921752,106.197529285535,435.680459447602
"24024","Total Phosphorus","Reference",35.9785201770787,11.2279556357066,128.716724389147
"24039","Total Nitrogen","Current",250.809698243239,173.843324529415,391.996511650183
"24039","Total Nitrogen","Reference",179.765359940439,100.349616171121,357.286101586805
"24039","Total Phosphorus","Current",31.4011222996985,18.8247053637494,54.8357100628357
"24039","Total Phosphorus","Reference",10.1714846739439,6.85719156694064,15.5160729599911
"24103","Total Nitrogen","Current",360.664738338777,237.588024989015,516.015442808355
"24103","Total Nitrogen","Reference",311.867370826203,160.482704413619,627.761508998081
"24103","Total Phosphorus","Current",112.927520218017,41.9601283269148,254.898628557954
"24103","Total Phosphorus","Reference",13.5743143378628,6.39814738480975,28.7014483973602
"24122","Total Nitrogen","Current",492.792565470082,348.12342248861,720.422881731602
"24122","Total Nitrogen","Reference",202.915310702182,108.613090915463,376.371441465246
"24122","Total Phosphorus","Current",58.456746284077,19.1905972308371,122.512595603584
"24122","Total Phosphorus","Reference",10.3090044084393,4.04281473384217,21.884517968706
"24271","Total Nitrogen","Current",371.977712002819,253.980359201717,557.888824243941
"24271","Total Nitrogen","Reference",166.275910990554,86.6908743273773,305.823204349258
"24271","Total Phosphorus","Current",12.4209348863806,7.73087113479268,20.052803849847
"24271","Total Phosphorus","Reference",8.02427383799198,5.01729147875454,14.0908001443862
"24304","Total Nitrogen","Current",179.588645119,123.197596491627,255.332899142987
"24304","Total Nitrogen","Reference",187.96107466544,107.215626775455,381.301450396354
"24304","Total Phosphorus","Current",14.1708738224224,8.83737067490434,22.710834881797
"24304","Total Phosphorus","Reference",10.5039267610399,7.04150750394541,16.0277574020481
"24313","Total Nitrogen","Current",585.53605362637,387.853251587358,907.806216122131
"24313","Total Nitrogen","Reference",180.103815586814,91.5109400702786,333.310393700646
"24313","Total Phosphorus","Current",16.0853987534452,9.2407177971598,28.0996384496488
"24313","Total Phosphorus","Reference",8.55607236321671,5.26027319114737,15.1245170759023
"24415","Total Nitrogen","Current",1036.76521854867,643.926070770515,1556.26937166554
"24415","Total Nitrogen","Reference",606.167945324307,308.469833518794,1241.06631298154
"24415","Total Phosphorus","Current",253.921446251968,123.718346505874,500.955537414123
"24415","Total Phosphorus","Reference",42.810713238058,12.9755841678082,161.023747770605
"24422","Total Nitrogen","Current",1319.60420870304,858.584844215001,1982.30800805975
"24422","Total Nitrogen","Reference",637.818942089216,290.572853722356,1333.0250663098
"24422","Total Phosphorus","Current",155.014723246739,77.167501644614,299.477583332595
"24422","Total Phosphorus","Reference",42.7213135897452,17.5747667617003,109.929960682405
"24423","Total Nitrogen","Current",1225.56480823053,798.394609516485,1777.46746017665
"24423","Total Nitrogen","Reference",637.818942089216,311.144546874464,1422.99791767338
"24423","Total Phosphorus","Current",220.303833979339,109.935290206982,480.133972676266
"24423","Total Phosphorus","Reference",42.5072886783229,12.1683100034709,141.908996342547
"24477","Total Nitrogen","Current",505.615720285471,348.56899749872,768.364923658085
"24477","Total Nitrogen","Reference",402.446912247891,210.686476532651,858.533342098251
"24477","Total Phosphorus","Current",13.9528663485035,8.09548645519659,23.9589259723656
"24477","Total Phosphorus","Reference",8.59011452725274,2.6993833853022,26.5890077474248
"24496","Total Nitrogen","Current",441.385875743071,308.30320309227,650.213930946575
"24496","Total Nitrogen","Reference",407.643559742371,219.34181428821,885.036703658341
"24496","Total Phosphorus","Current",10.5801345898383,6.22054673588696,18.0406750890163
"24496","Total Phosphorus","Reference",8.40738075909469,2.99284335364992,22.587597926346
"24539","Total Nitrogen","Current",676.167859549541,460.956202086162,977.435175535686
"24539","Total Nitrogen","Reference",482.11144557148,262.154455426991,1065.51125276272
"24539","Total Phosphorus","Current",203.942170667964,101.941353351147,405.255891924752
"24539","Total Phosphorus","Reference",41.1979322083833,11.9260497473542,141.991039493609
"24596","Total Nitrogen","Current",504.384785360656,349.400191077655,729.077395703617
"24596","Total Nitrogen","Reference",394.737588923218,209.300725106698,856.697207341247
"24596","Total Phosphorus","Current",29.9715374138535,16.9040092155872,55.2101051124429
"24596","Total Phosphorus","Reference",8.67170397207012,3.13674623486111,24.1856247616847
"24619","Total Nitrogen","Current",1042.53646879675,692.355669445849,1552.70626614735
"24619","Total Nitrogen","Reference",594.945680975757,294.450583817493,1316.22282555187
"24619","Total Phosphorus","Current",215.355405915239,106.599237064999,417.125930330394
"24619","Total Phosphorus","Reference",39.9432233360773,9.6991170338334,196.747996005435
"24620","Total Nitrogen","Current",550.674021664179,370.875100310508,786.197540612239
"24620","Total Nitrogen","Reference",423.024452341429,226.762047343142,859.848362015986
"24620","Total Phosphorus","Current",23.6812681493932,14.7419939079379,38.0996216836257
"24620","Total Phosphorus","Reference",9.01423571018155,3.97642733638379,21.1734192279976
"24621","Total Nitrogen","Current",609.551283900858,406.751231119471,890.069481348969
"24621","Total Nitrogen","Reference",456.262868905281,237.012349590845,958.348290897105
"24621","Total Phosphorus","Current",23.3442124716814,13.4052522113136,43.2790267690731
"24621","Total Phosphorus","Reference",11.4809586691671,4.83749990349962,27.0994985978911
"24628","Total Nitrogen","Current",431.053175905603,295.570756758812,615.202618146685
"24628","Total Nitrogen","Reference",394.304073892677,212.371135780981,792.712902002138
"24628","Total Phosphorus","Current",17.7521000262323,11.0848023691905,29.7039622413053
"24628","Total Phosphorus","Reference",10.7312124502128,5.23715585242512,23.8817224845786
"24633","Total Nitrogen","Current",467.721602071443,317.705093696186,682.004669693403
"24633","Total Nitrogen","Reference",421.763955543448,225.21912084396,872.003104492279
"24633","Total Phosphorus","Current",20.8015710532841,11.9991728297725,34.8289624060122
"24633","Total Phosphorus","Reference",11.3166114295603,5.91657050109795,23.0468734645075
"24724","Total Nitrogen","Current",185.585198146369,125.861440189143,270.258366920868
"24724","Total Nitrogen","Reference",134.061916479958,66.0229445887941,250.992726713526
"24724","Total Phosphorus","Current",26.1589436613332,13.0312144078376,49.5967337384235
"24724","Total Phosphorus","Reference",4.89954505098806,1.36629452338289,20.3871385088251
"24728","Total Nitrogen","Current",220.4278972215,138.580647863488,323.636936048652
"24728","Total Nitrogen","Reference",154.643120338761,80.5429037347174,289.221437502331
"24728","Total Phosphorus","Current",32.8143535039075,13.4332183193092,67.6966599529551
"24728","Total Phosphorus","Reference",5.31829056660733,1.29953845263263,25.8947301093948
"24734","Total Nitrogen","Current",124.506045960367,83.4911157014863,182.147328683013
"24734","Total Nitrogen","Reference",155.639762272793,83.2562034742594,293.76832507467
"24734","Total Phosphorus","Current",10.4314547887867,4.70127497696977,20.4877577083004
"24734","Total Phosphorus","Reference",8.98563802927563,2.54474324633431,26.7090176986346
"24742","Total Nitrogen","Current",112.390600731388,67.7702902871654,176.163264723741
"24742","Total Nitrogen","Reference",141.10776576462,73.7990032986158,251.646355401419
"24742","Total Phosphorus","Current",5.91147326346001,3.18705847490935,10.9469153878923
"24742","Total Phosphorus","Reference",7.09310656158898,1.46812625191085,36.6253142435173
"24746","Total Nitrogen","Current",243.958378341274,164.922837023058,349.713909385796
"24746","Total Nitrogen","Reference",203.098652424445,108.261855066008,389.729771279207
"24746","Total Phosphorus","Current",12.9333671123341,7.03868254783906,23.7196750542934
"24746","Total Phosphorus","Reference",8.36757866399906,2.60075131426426,28.9794283206945
"24747","Total Nitrogen","Current",211.739322397497,127.647530182155,312.148559031424
"24747","Total Nitrogen","Reference",252.752258130816,134.947840804909,474.791524388659
"24747","Total Phosphorus","Current",5.93969643448333,3.40588676816049,10.2043391582298
"24747","Total Phosphorus","Reference",8.65090682465401,2.47218961660425,32.3431098084282
"24750","Total Nitrogen","Current",144.935075777294,94.2314024712614,210.165879285121
"24750","Total Nitrogen","Reference",195.788212811908,105.502655131584,378.806697510105
"24750","Total Phosphorus","Current",6.14026902128937,3.92018045421513,9.72808512239223
"24750","Total Phosphorus","Reference",7.63057109932426,2.64906825812106,20.3162529565896
"24758","Total Nitrogen","Current",156.741419493217,100.945477561763,231.801612277954
"24758","Total Nitrogen","Reference",150.159346831224,78.1271920576989,283.661699323238
"24758","Total Phosphorus","Current",13.7669048275597,6.92115103941585,28.798201129884
"24758","Total Phosphorus","Reference",7.0687083660468,1.83171038546788,34.6548147482011
"24777","Total Nitrogen","Current",122.307916418628,75.8045213841921,184.877995983481
"24777","Total Nitrogen","Reference",134.898357656597,69.1450427000374,240.39527340362
"24777","Total Phosphorus","Current",11.2765862278926,5.46131418480196,21.7377794463138
"24777","Total Phosphorus","Reference",7.61045825938026,1.79032036509604,37.456780124706
"24789","Total Nitrogen","Current",135.0627952016,86.0993826436054,201.352754742058
"24789","Total Nitrogen","Reference",141.798430061672,70.2151128082655,254.051321554452
"24789","Total Phosphorus","Current",10.8557381771947,5.33786374342077,20.7475802652622
"24789","Total Phosphorus","Reference",7.13105737736033,2.43936999916578,23.1148563344731
"24791","Total Nitrogen","Current",158.122917993966,101.471897477098,236.211160638548
"24791","Total Nitrogen","Reference",153.71517242719,78.8412038448267,284.88791299375
"24791","Total Phosphorus","Current",11.8010336227326,5.60812156204355,22.3361191274585
"24791","Total Phosphorus","Reference",7.44787679228801,1.9420601640992,31.4502040369832
"24795","Total Nitrogen","Current",165.976164776943,99.492415144213,259.685233193123
"24795","Total Nitrogen","Reference",165.016677546105,81.4852938348419,312.013020191851
"24795","Total Phosphorus","Current",11.6611497679365,5.86591236066491,23.1791059953516
"24795","Total Phosphorus","Reference",7.12821144227393,2.02101656155935,28.778592625082
"24805","Total Nitrogen","Current",159.169217584621,97.8737980229091,244.966130004504
"24805","Total Nitrogen","Reference",153.506753724044,79.4971699562394,277.273932277958
"24805","Total Phosphorus","Current",17.5722168954876,8.71499433097676,33.0689523137401
"24805","Total Phosphorus","Reference",5.2081341117473,1.87565424283681,16.1030745175969
"24806","Total Nitrogen","Current",147.943021350753,95.7722151568191,221.937872365463
"24806","Total Nitrogen","Reference",137.180125058426,69.1714920550581,258.73537484811
"24806","Total Phosphorus","Current",24.3130978421606,11.3097120339861,47.3984113775209
"24806","Total Phosphorus","Reference",5.15249792559075,1.95114885906937,14.9785089375614
"24809","Total Nitrogen","Current",114.606486007267,74.0240868714534,177.920234262642
"24809","Total Nitrogen","Reference",137.533991097318,72.5874181672705,251.374598844263
"24809","Total Phosphorus","Current",12.5120332406832,6.05349672012536,24.5156553077336
"24809","Total Phosphorus","Reference",7.04974385307488,2.10478574923221,25.1830289065076
"24848","Total Nitrogen","Current",156.110146346902,98.5342117422643,229.573635861651
"24848","Total Nitrogen","Reference",144.373626702571,73.7719477615731,268.572909801802
"24848","Total Phosphorus","Current",13.1220632150896,6.10577836976873,24.311419775832
"24848","Total Phosphorus","Reference",5.56684122914398,2.72998196047779,10.6413435654517
"24882","Total Nitrogen","Current",92.6672589265961,54.3408984968183,147.1009922351
"24882","Total Nitrogen","Reference",101.735528185993,50.0435390721788,192.555040659113
"24882","Total Phosphorus","Current",6.68583596303469,3.86967423641246,11.6152643031439
"24882","Total Phosphorus","Reference",8.54740592804841,3.70182956397925,19.3046471353777
"24906","Total Nitrogen","Current",138.916801273638,87.598220398542,206.300981719669
"24906","Total Nitrogen","Reference",138.400380477774,72.433778291062,255.263134010213
"24906","Total Phosphorus","Current",27.9023741483272,12.797823865803,56.1068993543449
"24906","Total Phosphorus","Reference",5.1253607312889,1.31632507345137,22.2936961554573
"24916","Total Nitrogen","Current",193.217846084563,123.494768944535,282.775526241994
"24916","Total Nitrogen","Reference",155.494946707961,76.9822861592227,292.190346166633
"24916","Total Phosphorus","Current",34.1134328998602,13.9594202718254,70.4811205116499
"24916","Total Phosphorus","Reference",5.31190447953099,1.72895124370957,18.1721940926688
"24917","Total Nitrogen","Current",90.7532817916542,53.5421291459305,143.918564930438
"24917","Total Nitrogen","Reference",135.271050762287,71.3694731992442,246.076568461233
"24917","Total Phosphorus","Current",25.834427085129,13.0134851300546,49.2974209415106
"24917","Total Phosphorus","Reference",4.91707549053393,1.69117921579579,15.0116129679781
"24927","Total Nitrogen","Current",155.945662163133,102.470564853318,223.02319240722
"24927","Total Nitrogen","Reference",137.347506453237,70.6676042712148,247.986762037881
"24927","Total Phosphorus","Current",36.4463378712518,13.4792555169899,72.7749856589063
"24927","Total Phosphorus","Reference",5.42811682445251,1.45418624870539,21.4475029706634
"24932","Total Nitrogen","Current",88.7143008137186,51.7073990982989,147.227674951746
"24932","Total Nitrogen","Reference",112.560148893697,53.2509938883421,209.277418135743
"24932","Total Phosphorus","Current",6.64842434753002,4.07154131849003,10.7702721401297
"24932","Total Phosphorus","Reference",8.33517606923407,4.66880492830082,15.0449227289637
"24937","Total Nitrogen","Current",118.415267020847,73.820778339179,178.120947747471
"24937","Total Nitrogen","Reference",125.360269928823,57.3435570107118,234.562413827013
"24937","Total Phosphorus","Current",30.4636574292283,15.3882761957977,59.7811752490511
"24937","Total Phosphorus","Reference",5.39626326568906,2.91008725484489,10.4073838830456
"24948","Total Nitrogen","Current",60.803339292722,30.4511229281424,114.832126978569
"24948","Total Nitrogen","Reference",150.204630553222,74.1116862671977,289.530889186352
"24948","Total Phosphorus","Current",6.67145510034273,3.76290208843969,12.8717964563744
"24948","Total Phosphorus","Reference",5.55897522912606,3.22863316357098,9.52005050227839
"24955","Total Nitrogen","Current",99.1500580982094,57.3932013093298,156.016406344415
"24955","Total Nitrogen","Reference",110.67658007958,52.7050996592503,208.323562489282
"24955","Total Phosphorus","Current",7.12791365047283,4.27569873963217,12.4267655302003
"24955","Total Phosphorus","Reference",8.61919500031232,4.5134266608654,17.3969095615799
"24969","Total Nitrogen","Current",78.7690809783052,52.442525873081,118.538327584718
"24969","Total Nitrogen","Reference",102.964236318711,52.347652613835,204.756175853735
"24969","Total Phosphorus","Current",6.91061257285473,4.26715070964764,11.7607630839959
"24969","Total Phosphorus","Reference",8.10098257796394,4.47602253406139,15.638555800078
"24995","Total Nitrogen","Current",95.6491916636204,56.1098779741576,149.602899564169
"24995","Total Nitrogen","Reference",143.707010820804,73.580720500673,264.274296217925
"24995","Total Phosphorus","Current",12.9431406867898,7.33022643864488,23.3476086230511
"24995","Total Phosphorus","Reference",6.85793871985462,4.61505113515479,10.8537551606371
"25002","Total Nitrogen","Current",118.575120692933,74.0612489505986,176.452921081228
"25002","Total Nitrogen","Reference",121.007525073549,64.4997116431212,219.18765635182
"25002","Total Phosphorus","Current",7.5188033896271,4.41878253140293,13.2639956366194
"25002","Total Phosphorus","Reference",6.8706714183539,3.2184364234519,15.2536433555239
"25006","Total Nitrogen","Current",160.518114509002,94.7188613930059,242.346039688302
"25006","Total Nitrogen","Reference",121.25850037136,58.3772255700018,224.789861413073
"25006","Total Phosphorus","Current",8.03032048606454,4.25642208945309,14.6269042303457
"25006","Total Phosphorus","Reference",9.53084457181792,3.95963202665933,24.5186513804323
"25008","Total Nitrogen","Current",136.386758982672,81.4922178548718,203.136977245366
"25008","Total Nitrogen","Reference",112.129635659342,54.6349205281193,209.864659732356
"25008","Total Phosphorus","Current",8.24459736110034,4.45936278650279,15.4286919637354
"25008","Total Phosphorus","Reference",9.17982173732221,4.61357482387546,19.0849748738976
"25024","Total Nitrogen","Current",142.720724851343,82.6019239764567,225.724946209242
"25024","Total Nitrogen","Reference",150.871515097617,77.1465362854486,283.228959524046
"25024","Total Phosphorus","Current",13.8974102862634,7.38669548701416,27.0819989101128
"25024","Total Phosphorus","Reference",5.50975171688016,3.41291699711458,8.85788543506344
"25044","Total Nitrogen","Current",114.990269017363,75.3250111733523,168.022478308921
"25044","Total Nitrogen","Reference",120.04372005304,59.6065220700345,217.354946181909
"25044","Total Phosphorus","Current",13.7296297574656,8.30121853996911,24.0856827992347
"25044","Total Phosphorus","Reference",5.04808733189082,3.84533646270052,6.71568222162569
"25212","Total Nitrogen","Current",117.593360312172,74.5681955322611,179.041632748731
"25212","Total Nitrogen","Reference",122.287791303843,63.6790943927924,225.807255109288
"25212","Total Phosphorus","Current",21.7237068173292,12.9401324372649,39.8281486199651
"25212","Total Phosphorus","Reference",4.89031593755672,3.92723450203697,6.17524071783986
"25245","Total Nitrogen","Current",1742.15432005782,1166.12437236681,2668.36438008946
"25245","Total Nitrogen","Reference",521.784372659344,251.883008715604,1110.79965434264
"25245","Total Phosphorus","Current",178.682272560125,89.0332190099883,355.963682513557
"25245","Total Phosphorus","Reference",17.350793866606,4.74684670623289,80.5534466561496
"25325","Total Nitrogen","Current",312.41873340264,216.383432258765,451.503468654491
"25325","Total Nitrogen","Reference",165.19020581893,83.9008182116564,306.690900947284
"25325","Total Phosphorus","Current",31.2450080130475,16.5850313916427,59.9996052376894
"25325","Total Phosphorus","Reference",10.7030011479112,5.26212622776297,23.1863648530903
"25492","Total Nitrogen","Current",1639.18721756469,1099.5327748969,2503.88450080016
"25492","Total Nitrogen","Reference",617.984276153674,314.606310835504,1344.11204377458
"25492","Total Phosphorus","Current",73.4548503625731,38.1999432944683,143.382467892995
"25492","Total Phosphorus","Reference",27.0722373855004,7.28474584817329,126.073813102019
"25519","Total Nitrogen","Current",264.849366696192,167.708442885844,397.561292940124
"25519","Total Nitrogen","Reference",250.272080294863,126.751500713575,472.741502270582
"25519","Total Phosphorus","Current",10.222570261627,5.84686105119487,19.4962099578966
"25519","Total Phosphorus","Reference",8.93181989273009,3.68056231809692,20.4492239838677
"25687","Total Nitrogen","Current",625.170725528297,439.560383833076,944.988903513337
"25687","Total Nitrogen","Reference",389.89925936501,211.461353766418,851.309682904051
"25687","Total Phosphorus","Current",20.122203629459,11.9840929896955,35.6310898206265
"25687","Total Phosphorus","Reference",9.97348491212562,4.15512954543385,25.8916057344694
"25765","Total Nitrogen","Current",164.765251348405,105.981754328085,235.3724971282
"25765","Total Nitrogen","Reference",164.323666439017,86.569743177508,323.065044986371
"25765","Total Phosphorus","Current",4.22767979762618,2.58293346908635,6.74883496663313
"25765","Total Phosphorus","Reference",7.85754842411365,4.14494071013574,15.306480018652
"25787","Total Nitrogen","Current",374.148039990566,238.44528874439,552.823863202564
"25787","Total Nitrogen","Reference",275.695914454912,142.019235313457,513.107704817611
"25787","Total Phosphorus","Current",28.7377434013206,15.3402168896393,54.2711595274889
"25787","Total Phosphorus","Reference",21.4676150859908,3.47868001120503,142.101433174613
"25802","Total Nitrogen","Current",671.1497922334,454.968696408315,991.78361432959
"25802","Total Nitrogen","Reference",240.976985892219,124.680621058286,483.476200049336
"25802","Total Phosphorus","Current",131.060163546108,68.0427614549413,252.516463832582
"25802","Total Phosphorus","Reference",34.1470500152127,14.9356359141336,81.2520185371563
"25972","Total Nitrogen","Current",1010.25568912176,657.1745023437,1622.13028343248
"25972","Total Nitrogen","Reference",315.090859092577,177.302399625521,640.593641278539
"25972","Total Phosphorus","Current",19.8662860571793,11.8979730460809,32.6426769097468
"25972","Total Phosphorus","Reference",9.20011324684644,4.83433839664155,19.0612906437236
"25994","Total Nitrogen","Current",889.688359751029,573.668904373978,1296.25231220217
"25994","Total Nitrogen","Reference",630.874320892569,335.224882298827,1334.94905581134
"25994","Total Phosphorus","Current",55.4280670649051,29.4101693307822,111.551954362555
"25994","Total Phosphorus","Reference",27.1642244700679,4.5488678332248,225.221522832708
"26026","Total Nitrogen","Current",109.719744949724,65.352754865454,173.915862648463
"26026","Total Nitrogen","Reference",152.664043075284,79.2607360308807,279.8635442444
"26026","Total Phosphorus","Current",9.85034905969249,5.73120312030363,16.9078780311369
"26026","Total Phosphorus","Reference",4.84126831012068,1.29730717479621,18.8504386985471
"26031","Total Nitrogen","Current",116.589163408666,77.9606295133467,173.106889612896
"26031","Total Nitrogen","Reference",112.279069041848,60.0065138592566,210.079858984587
"26031","Total Phosphorus","Current",10.5180449449462,6.1915310964363,18.7992065397933
"26031","Total Phosphorus","Reference",5.2117595784262,2.46820157439635,11.6908889840269
"26036","Total Nitrogen","Current",159.589835919267,106.483525670461,235.100846600126
"26036","Total Nitrogen","Reference",134.944309361076,67.4887701017331,266.461241010567
"26036","Total Phosphorus","Current",11.8432528321981,7.38066771724469,20.2077318184588
"26036","Total Phosphorus","Reference",6.29579077490985,3.73891702032082,11.0066839671264
"26045","Total Nitrogen","Current",143.798263480208,91.8891144063824,210.28197077247
"26045","Total Nitrogen","Reference",171.413523956319,93.1723496876045,334.726437060474
"26045","Total Phosphorus","Current",11.932388059493,6.67514716633923,21.3846871632994
"26045","Total Phosphorus","Reference",10.439821085344,4.5009928422095,25.8081312120062
"26051","Total Nitrogen","Current",191.508585667237,124.392211737019,275.633865382408
"26051","Total Nitrogen","Reference",172.963871868953,90.9669745763676,325.073308159514
"26051","Total Phosphorus","Current",12.3833455819007,6.8243556489438,23.6297264916938
"26051","Total Phosphorus","Reference",6.19340329030223,1.95483944230063,21.8742356497999
"26056","Total Nitrogen","Current",148.614545101332,95.228574136955,219.663935422832
"26056","Total Nitrogen","Reference",139.648308421508,72.8427006400747,253.53796245932
"26056","Total Phosphorus","Current",13.2658114008839,6.78914472680961,25.7083465770811
"26056","Total Phosphorus","Reference",5.00779651498767,1.28572170728661,20.1684636488827
"26057","Total Nitrogen","Current",176.157728976879,115.536916886789,252.486542646625
"26057","Total Nitrogen","Reference",129.419752707698,67.3723070223597,249.602202468007
"26057","Total Phosphorus","Current",15.05658478886,7.36406039174799,31.0031352801245
"26057","Total Phosphorus","Reference",5.27594199787218,1.30285314472262,19.7656747726223
"26111","Total Nitrogen","Current",89.9937075532423,59.2524191172173,138.568058206288
"26111","Total Nitrogen","Reference",86.6427551202229,44.5145305324506,162.288620343441
"26111","Total Phosphorus","Current",13.1769563429208,8.12130000070087,20.8433044433206
"26111","Total Phosphorus","Reference",5.00339922191738,3.00613106846316,8.46179305287034
"26130","Total Nitrogen","Current",1127.09279133703,770.619136271533,1741.2612687974
"26130","Total Nitrogen","Reference",397.296491697618,207.704268837317,833.723351565501
"26130","Total Phosphorus","Current",56.2916140425938,24.8340088984933,120.208531114991
"26130","Total Phosphorus","Reference",7.50417881267889,3.11865857436121,18.1095418557623
"26166","Total Nitrogen","Current",371.724520111993,257.072111571969,543.163496279208
"26166","Total Nitrogen","Reference",210.951637156253,112.254440515616,409.155480430369
"26166","Total Phosphorus","Current",36.4061699790177,17.4460365371834,78.0326285810943
"26166","Total Phosphorus","Reference",7.46276702694442,3.49666526982658,16.4659901651201
"26276","Total Nitrogen","Current",469.814535252704,320.121480418438,682.210404859663
"26276","Total Nitrogen","Reference",220.299546708661,118.693091562994,423.019398940889
"26276","Total Phosphorus","Current",52.3366123185547,23.1128210364008,113.936718734062
"26276","Total Phosphorus","Reference",3.89983392510297,1.71708627240982,9.39403963593134
"26316","Total Nitrogen","Current",207.524551551618,134.063115215694,302.23155044701
"26316","Total Nitrogen","Reference",146.047426734067,72.3839802758472,282.285720952611
"26316","Total Phosphorus","Current",27.9414543486255,14.6379983435632,53.4774343868356
"26316","Total Phosphorus","Reference",5.26206997951941,3.78176961665752,7.44681860920031
"26348","Total Nitrogen","Current",226.085201861174,147.109692480316,327.986469780607
"26348","Total Nitrogen","Reference",159.007209958569,81.5682813138526,295.957955757261
"26348","Total Phosphorus","Current",29.0733517079583,15.7839277218893,53.48514021044
"26348","Total Phosphorus","Reference",4.90830837144306,3.47496152344307,6.90640499346379
"26357","Total Nitrogen","Current",128.527609877802,80.6079221527066,187.509040082063
"26357","Total Nitrogen","Reference",121.671568462637,60.7665575313297,222.53816482758
"26357","Total Phosphorus","Current",10.495842403408,6.35410420248847,17.2640626111588
"26357","Total Phosphorus","Reference",5.37541542361762,3.08902501626886,9.32534385941844
"26434","Total Nitrogen","Current",129.276334884298,81.6576709555703,199.489586557164
"26434","Total Nitrogen","Reference",124.993630701656,63.004385372887,236.932492840183
"26434","Total Phosphorus","Current",11.234687009182,5.35342425207162,22.5531337864567
"26434","Total Phosphorus","Reference",6.02446502151582,3.00667754754499,10.7616489060855
"26477","Total Nitrogen","Current",116.994138344236,74.5008267695284,177.23602404994
"26477","Total Nitrogen","Reference",154.877243483362,77.894372163166,295.344275032999
"26477","Total Phosphorus","Current",8.80265057673285,5.50393165423694,14.4816237689056
"26477","Total Phosphorus","Reference",7.75753820411187,5.36785231083122,11.7367624353459
"26484","Total Nitrogen","Current",147.809951285912,94.4401164541821,224.703774808392
"26484","Total Nitrogen","Reference",131.388814595315,64.1944996118719,238.773757421901
"26484","Total Phosphorus","Current",6.9677384955373,4.07333828446519,11.6567796355609
"26484","Total Phosphorus","Reference",5.23595766192626,3.42156671183652,8.84780781709523
"26493","Total Nitrogen","Current",183.497005525314,116.078296104824,272.837859583715
"26493","Total Nitrogen","Reference",187.91553148804,95.9825558766921,351.217337310721
"26493","Total Phosphorus","Current",15.8699810949081,8.31992825581275,29.7989863579625
"26493","Total Phosphorus","Reference",6.10458125079837,3.45350942545637,11.0457132118254
"26502","Total Nitrogen","Current",104.377955742291,63.4683906947135,155.880977085249
"26502","Total Nitrogen","Reference",127.113349303584,67.3911714932185,240.240949887448
"26502","Total Phosphorus","Current",7.41020717156062,4.32397040373279,12.8093600195656
"26502","Total Phosphorus","Reference",5.38553117032866,3.50213103180761,8.27384633947305
"26514","Total Nitrogen","Current",105.395348128262,62.8600327608245,161.078678013737
"26514","Total Nitrogen","Reference",125.260619879273,59.9004334222213,233.322434239219
"26514","Total Phosphorus","Current",6.65520264112462,4.04740558718402,10.6957347661655
"26514","Total Phosphorus","Reference",5.1619690524084,3.6146670883119,7.55618284747228
"26515","Total Nitrogen","Current",108.200471640909,65.5134976210527,166.42948333729
"26515","Total Nitrogen","Reference",123.415814194813,64.8747968940601,229.98194066926
"26515","Total Phosphorus","Current",9.08802681049241,4.67442253495606,16.5999056071622
"26515","Total Phosphorus","Reference",5.79986738439245,2.85615121867835,11.6728350806516
"26557","Total Nitrogen","Current",212.780791726787,133.296248726983,310.750259430023
"26557","Total Nitrogen","Reference",204.17525904161,106.579669913171,375.600237294024
"26557","Total Phosphorus","Current",18.7866197536753,9.14082918654388,34.7282168907291
"26557","Total Phosphorus","Reference",6.14602257980173,3.57373413578364,10.5127997592752
"26735","Total Nitrogen","Current",534.57757779331,363.222435531409,812.748521469105
"26735","Total Nitrogen","Reference",381.160617248118,205.320918508915,829.831598533466
"26735","Total Phosphorus","Current",23.3165304624066,14.0041309139261,41.2068662510631
"26735","Total Phosphorus","Reference",8.36323902592158,3.46388039469924,19.5247877430118
"26749","Total Nitrogen","Current",508.319222382449,351.661183464196,746.777295738572
"26749","Total Nitrogen","Reference",416.825623721055,228.370219358792,908.41815943042
"26749","Total Phosphorus","Current",47.2181142217313,27.0774215978639,85.0862286310647
"26749","Total Phosphorus","Reference",11.2821292211745,5.30808359382067,24.2227098668828
"26887","Total Nitrogen","Current",72.9964996942642,47.8396226443531,112.040882402562
"26887","Total Nitrogen","Reference",85.1323959882109,45.7554234787516,163.145603390581
"26887","Total Phosphorus","Current",5.92137456852631,3.94402983000902,9.21555508593964
"26887","Total Phosphorus","Reference",5.05429136078557,2.9871203245482,9.32825080732164
"27286","Total Nitrogen","Current",192.461510606375,127.724806361318,278.373971099928
"27286","Total Nitrogen","Reference",152.038856532757,80.2454230231342,296.725059005154
"27286","Total Phosphorus","Current",12.0246255595428,7.48343387747002,19.4980843960524
"27286","Total Phosphorus","Reference",5.92051541068605,4.08053865331345,8.55980397302437
"27558","Total Nitrogen","Current",406.691027419627,271.815748584577,582.647391694892
"27558","Total Nitrogen","Reference",189.679705153572,92.524407033577,363.155450572114
"27558","Total Phosphorus","Current",21.4322667371932,10.2828238854313,43.6041909048597
"27558","Total Phosphorus","Reference",6.30336128180522,3.54623221768729,11.5197501152387
"27560","Total Nitrogen","Current",262.993781360804,174.493586877181,387.915495782934
"27560","Total Nitrogen","Reference",228.283092131869,121.474184371099,453.828596180019
"27560","Total Phosphorus","Current",18.5750317935147,9.7250500511561,36.4666875741833
"27560","Total Phosphorus","Reference",3.73717348824891,1.7304866602818,8.65388222165043
"27564","Total Nitrogen","Current",196.15691395859,129.702639463912,284.605832031439
"27564","Total Nitrogen","Reference",221.773665568282,117.133018823261,422.367838387336
"27564","Total Phosphorus","Current",22.4764150669196,13.0883375576865,39.6619831099571
"27564","Total Phosphorus","Reference",3.57483309819959,2.11035536995066,6.38509375548065
"27566","Total Nitrogen","Current",162.727854809523,101.77747621486,235.771148157184
"27566","Total Nitrogen","Reference",137.868734690666,67.0975072584637,252.658061328515
"27566","Total Phosphorus","Current",15.0208810808441,9.1172998937675,26.0066605806335
"27566","Total Phosphorus","Reference",5.26060789873872,3.79715601443012,7.65547507724097
"27572","Total Nitrogen","Current",321.455297012524,219.047341008206,460.245666299416
"27572","Total Nitrogen","Reference",157.611089932543,79.5501212663587,287.750596635764
"27572","Total Phosphorus","Current",16.4903926461392,9.32071891080879,30.5110884715682
"27572","Total Phosphorus","Reference",5.99366859440682,3.93868092319749,9.03929892139445
"27762","Total Nitrogen","Current",130.995972173329,86.5138549793679,195.794446321008
"27762","Total Nitrogen","Reference",121.460403229973,60.5778721009737,220.940786421386
"27762","Total Phosphorus","Current",7.62388596722123,4.70806522271547,12.0478099227892
"27762","Total Phosphorus","Reference",5.24291889197308,3.20677228835673,8.47705855236965
"27936","Total Nitrogen","Current",629.220209255669,443.405044535433,918.594662990756
"27936","Total Nitrogen","Reference",409.881770941883,212.485684277159,836.86005591589
"27936","Total Phosphorus","Current",9.37163496244875,5.95226978723195,15.6269928066826
"27936","Total Phosphorus","Reference",10.0091944181964,6.12606474766453,17.4511843734196
"27994","Total Nitrogen","Current",650.997290204839,446.990496580654,962.341867016961
"27994","Total Nitrogen","Reference",404.02572810894,216.857684148462,895.762883635308
"27994","Total Phosphorus","Current",14.0305153273544,8.74450699113804,22.4795937894439
"27994","Total Phosphorus","Reference",9.4326638935726,4.51264125823593,19.9715570230005
"28066","Total Nitrogen","Current",901.210589925111,624.88449137258,1334.19892828814
"28066","Total Nitrogen","Reference",491.133032725676,248.741568599542,974.738551047737
"28066","Total Phosphorus","Current",54.8326059286015,25.5685067201115,127.079527144704
"28066","Total Phosphorus","Reference",50.7771913077203,16.2615612131656,821.351318816746
"28162","Total Nitrogen","Current",384.198387646181,259.941988222943,574.56610712811
"28162","Total Nitrogen","Reference",201.348224974282,109.760970492755,371.17979576071
"28162","Total Phosphorus","Current",13.6670415326619,8.20627979810343,23.6168087737497
"28162","Total Phosphorus","Reference",3.31693226694853,1.52167198862832,7.20757213275356
"28383","Total Nitrogen","Current",200.895356837316,135.657456687776,290.197364913137
"28383","Total Nitrogen","Reference",158.877403973907,80.9922986109283,310.554308531206
"28383","Total Phosphorus","Current",11.667621563864,7.13783673983762,20.2526898019895
"28383","Total Phosphorus","Reference",5.61431507065203,2.96193237713205,11.7295652707959
"28390","Total Nitrogen","Current",208.729613837411,141.084513002021,295.455219068989
"28390","Total Nitrogen","Reference",164.909272282045,88.5788139505147,325.095238332154
"28390","Total Phosphorus","Current",11.6691639387277,6.6966458862792,20.7204211828838
"28390","Total Phosphorus","Reference",8.35677281452908,3.97220060225122,20.1508330090294
"28401","Total Nitrogen","Current",219.096570857092,145.529848125535,315.602524660588
"28401","Total Nitrogen","Reference",140.494647012234,71.7161879470977,262.863163386485
"28401","Total Phosphorus","Current",14.0346357352493,7.45147626145149,26.5285258514176
"28401","Total Phosphorus","Reference",5.10580431671203,1.50384507204269,16.8446429301481
"28402","Total Nitrogen","Current",185.043026535002,125.970318014978,266.883946165545
"28402","Total Nitrogen","Reference",162.113767355832,86.3672861785182,307.510911987782
"28402","Total Phosphorus","Current",11.3322692703995,6.59979470242223,20.364069589387
"28402","Total Phosphorus","Reference",5.78424147755448,1.82042466325014,20.8115917539684
"28403","Total Nitrogen","Current",235.90572792929,156.223366563795,337.807392264805
"28403","Total Nitrogen","Reference",144.292144748925,70.3639940627501,273.933035560875
"28403","Total Phosphorus","Current",13.4788942698381,7.00723157204792,24.5292170429693
"28403","Total Phosphorus","Reference",4.97347113059246,1.98056486711851,12.9520355149949
"28408","Total Nitrogen","Current",147.858891363415,97.210016374714,210.595103025658
"28408","Total Nitrogen","Reference",119.074032007654,64.0427827504046,228.227543000768
"28408","Total Phosphorus","Current",12.9492908791917,7.10721824545374,22.5736185283179
"28408","Total Phosphorus","Reference",4.82854967301213,2.32502566226788,9.96276534809631
"28412","Total Nitrogen","Current",204.354912720072,135.286542420869,296.04720496355
"28412","Total Nitrogen","Reference",141.6378278711,71.7234010603269,254.75051165488
"28412","Total Phosphorus","Current",11.5149185750532,6.26067709275123,21.6471158663801
"28412","Total Phosphorus","Reference",5.05255667760164,1.32743359500901,23.869600057032
"28419","Total Nitrogen","Current",219.770718660903,144.555552442771,315.09596796196
"28419","Total Nitrogen","Reference",123.355965368861,61.3690118128908,226.802438238207
"28419","Total Phosphorus","Current",12.6580702991394,7.19957193343833,22.9290540763102
"28419","Total Phosphorus","Reference",5.35046898026225,3.42832237094763,8.69384762266304
"28438","Total Nitrogen","Current",148.856026914712,93.2647546111317,222.242095590407
"28438","Total Nitrogen","Reference",134.441892446185,66.7360192343394,241.647390471064
"28438","Total Phosphorus","Current",14.151317310606,7.50165535143949,27.143879149224
"28438","Total Phosphorus","Reference",4.93938455314138,2.14276666010291,11.3460261184933
"28445","Total Nitrogen","Current",133.927650847428,85.6596561758264,192.846118346507
"28445","Total Nitrogen","Reference",133.174432616139,69.41258390847,237.73888799405
"28445","Total Phosphorus","Current",13.3503995981974,6.68812888880193,25.0123593284608
"28445","Total Phosphorus","Reference",5.13792721358398,1.86317246126711,15.2744768408553
"28473","Total Nitrogen","Current",146.75221020961,94.7588936535457,220.851104038944
"28473","Total Nitrogen","Reference",125.491620891025,64.9486354782892,240.727413126628
"28473","Total Phosphorus","Current",10.2109233225335,5.76258276085729,18.6083972513593
"28473","Total Phosphorus","Reference",4.95320007960051,1.37518170994001,17.8872610739591
"28478","Total Nitrogen","Current",238.686260001224,157.00068397458,346.215604804149
"28478","Total Nitrogen","Reference",196.881074267302,101.148638333058,360.641072641873
"28478","Total Phosphorus","Current",13.5770423097513,8.1180826632911,24.0752768492887
"28478","Total Phosphorus","Reference",10.3717073265677,2.68043187464029,44.7968145667899
"28490","Total Nitrogen","Current",136.755744561556,87.9293790940443,206.175389306482
"28490","Total Nitrogen","Reference",155.974092093738,81.5149603481598,297.700565452294
"28490","Total Phosphorus","Current",13.9071234974779,6.79467825700774,26.7597542228083
"28490","Total Phosphorus","Reference",10.8059222380844,4.70118843120516,25.2245883100545
"28492","Total Nitrogen","Current",167.84784581425,105.199538980537,254.99521827906
"28492","Total Nitrogen","Reference",175.58380114199,94.3469734931318,328.406210851857
"28492","Total Phosphorus","Current",13.0205688957095,6.75222365383206,24.504247468406
"28492","Total Phosphorus","Reference",8.15597496665958,3.39203304346362,18.6890489196361
"28495","Total Nitrogen","Current",127.056323877572,80.2693485554862,186.612517024191
"28495","Total Nitrogen","Reference",154.762412376652,83.0373100716172,285.662652311079
"28495","Total Phosphorus","Current",9.81773591335893,5.56743443114425,17.1315121356049
"28495","Total Phosphorus","Reference",9.58059913679869,4.03049848282317,23.7599838374014
"28503","Total Nitrogen","Current",278.775098402271,180.818756523496,408.761301785064
"28503","Total Nitrogen","Reference",219.130448065211,115.579797381466,426.302932171996
"28503","Total Phosphorus","Current",17.2795706573634,8.49974369440306,34.3848693534566
"28503","Total Phosphorus","Reference",6.15516208631117,2.47662466075712,17.5192118865244
"28532","Total Nitrogen","Current",163.250626517148,103.328158172415,244.756332379645
"28532","Total Nitrogen","Reference",220.025125833154,119.983166084312,406.695310870354
"28532","Total Phosphorus","Current",5.03023621947675,3.18952684047555,8.0235711484687
"28532","Total Phosphorus","Reference",6.67681705514777,4.24587242723152,10.6783521130682
"28543","Total Nitrogen","Current",1412.10808165932,936.965729982687,2185.77268774021
"28543","Total Nitrogen","Reference",481.054047287479,222.619199280955,1065.60986150916
"28543","Total Phosphorus","Current",131.072684787376,64.3993000989573,267.190712228256
"28543","Total Phosphorus","Reference",15.8382664906337,5.14524534051974,44.7028264090157
"28550","Total Nitrogen","Current",1435.92103873021,976.964413196592,2284.84940208911
"28550","Total Nitrogen","Reference",357.686448159191,184.893727157576,716.805205426223
"28550","Total Phosphorus","Current",279.291732167266,137.730734293518,537.063112769991
"28550","Total Phosphorus","Reference",15.7261884199259,3.89401196693682,65.8335130540714
"28553","Total Nitrogen","Current",1562.63426397596,1022.10696296608,2363.35174268786
"28553","Total Nitrogen","Reference",337.404587971464,173.071119466858,645.159945043968
"28553","Total Phosphorus","Current",92.2634126978781,48.6535762778212,185.546509674411
"28553","Total Phosphorus","Reference",15.6886087041264,3.1518849704308,91.305048640669
"28577","Total Nitrogen","Current",732.510962634504,513.03473772532,1043.15572789033
"28577","Total Nitrogen","Reference",336.039424182024,172.907232899911,632.795938938805
"28577","Total Phosphorus","Current",87.5272650501953,46.8746431949852,174.514137178443
"28577","Total Phosphorus","Reference",14.6081493545062,3.32947781859969,72.1029499660951
"28611","Total Nitrogen","Current",152.954580098704,103.134666644368,222.263947806369
"28611","Total Nitrogen","Reference",120.304497746248,59.4725702356412,214.833562162347
"28611","Total Phosphorus","Current",9.57108549201494,5.46104597233629,17.094034584874
"28611","Total Phosphorus","Reference",5.0015223809598,1.24930838551146,19.5127953191167
"28624","Total Nitrogen","Current",198.933062518323,132.579164858625,281.170806499265
"28624","Total Nitrogen","Reference",163.407561140002,86.7847157493619,308.578762697123
"28624","Total Phosphorus","Current",11.4405129014547,6.43798367744776,20.9567503808265
"28624","Total Phosphorus","Reference",8.26020441853728,4.20781951250665,16.9371772549893
"28652","Total Nitrogen","Current",145.577959967752,97.2749215912323,210.393014471798
"28652","Total Nitrogen","Reference",127.103514705014,66.0547895632491,232.59680183924
"28652","Total Phosphorus","Current",11.217959469354,6.41936752009402,19.547397762906
"28652","Total Phosphorus","Reference",4.82457565527872,1.92837797791681,13.4949165470907
"28681","Total Nitrogen","Current",353.552818402603,228.517132951393,514.58055680284
"28681","Total Nitrogen","Reference",243.582163789834,124.528242991352,477.321171017284
"28681","Total Phosphorus","Current",15.8593346813017,7.95868011542102,29.7131344245581
"28681","Total Phosphorus","Reference",6.18097635448565,2.4813622177571,17.0277895507751
"28682","Total Nitrogen","Current",348.978987999709,219.06218792131,517.023185579116
"28682","Total Nitrogen","Reference",202.011495597884,94.0411038006791,378.016107323497
"28682","Total Phosphorus","Current",23.3714258177207,12.0549367273001,45.0546729564911
"28682","Total Phosphorus","Reference",10.2615772288319,2.66858397901408,42.949023373021
"28704","Total Nitrogen","Current",168.225063685608,99.8191652689382,261.699590969759
"28704","Total Nitrogen","Reference",165.696253503993,83.5051842521032,309.714347753562
"28704","Total Phosphorus","Current",13.8515859791679,7.29806909515754,26.4503456484853
"28704","Total Phosphorus","Reference",5.06806641997423,1.79732690616048,15.1803748638485
"28708","Total Nitrogen","Current",123.507747107122,78.6779701795161,182.172164360666
"28708","Total Nitrogen","Reference",123.073166322858,63.3650387434943,224.275458341098
"28708","Total Phosphorus","Current",8.61485669363925,5.27007847204059,13.791098015206
"28708","Total Phosphorus","Reference",5.41717990402371,2.47073868833591,11.9856838154827
"28722","Total Nitrogen","Current",126.025121376203,81.3506237065167,188.916040599114
"28722","Total Nitrogen","Reference",154.12067245418,81.9349289895812,282.60587249752
"28722","Total Phosphorus","Current",9.58792148192866,5.94631160056119,16.0807976661416
"28722","Total Phosphorus","Reference",7.96239383397416,3.98201936309968,15.934329555099
"28737","Total Nitrogen","Current",116.929009516931,71.7863439603432,182.544432076144
"28737","Total Nitrogen","Reference",177.679230809315,97.1058308627704,342.001812420385
"28737","Total Phosphorus","Current",11.3926152990893,6.84487266450416,19.2628959652058
"28737","Total Phosphorus","Reference",10.2975125920723,2.7615364906152,43.4228951092502
"28757","Total Nitrogen","Current",154.766064388634,102.537966803105,234.254776104242
"28757","Total Nitrogen","Reference",152.929713374369,80.5239137015452,302.081608747297
"28757","Total Phosphorus","Current",12.812073701194,7.41406340929325,22.7730053606239
"28757","Total Phosphorus","Reference",6.9747860956491,1.91082275156534,26.8120195261118
"28774","Total Nitrogen","Current",71.7748866983557,36.5148473059813,119.965379265042
"28774","Total Nitrogen","Reference",149.621199700442,76.8685844919212,268.380091589153
"28774","Total Phosphorus","Current",6.78474014057036,3.7256490709312,11.9101716800248
"28774","Total Phosphorus","Reference",5.04063163209861,1.62077456496137,17.7609901163047
"28810","Total Nitrogen","Current",193.67393721557,126.908674019228,278.116905862864
"28810","Total Nitrogen","Reference",185.415520037396,93.5635047233928,348.465075013625
"28810","Total Phosphorus","Current",20.2102801038229,8.21964052912943,39.9602599120001
"28810","Total Phosphorus","Reference",7.09217252619536,1.76935105876224,32.242039167492
"28817","Total Nitrogen","Current",162.106012678808,106.437598537609,239.969843706719
"28817","Total Nitrogen","Reference",157.218679156717,82.7628713258491,281.158999026204
"28817","Total Phosphorus","Current",14.4318937860369,7.4717373252394,27.7467931236921
"28817","Total Phosphorus","Reference",6.17598915759148,1.8795013209551,24.0430187594309
"28835","Total Nitrogen","Current",196.946226040755,131.500525943695,281.993292832941
"28835","Total Nitrogen","Reference",138.617688098298,71.837700040626,245.939665950522
"28835","Total Phosphorus","Current",16.2092116089431,7.82277638821945,30.0325148620082
"28835","Total Phosphorus","Reference",5.19379385445813,1.31225524249961,21.9936769920855
"28849","Total Nitrogen","Current",319.043496705786,201.409118269603,469.391035577082
"28849","Total Nitrogen","Reference",204.926037296283,84.3320424938778,380.635202403728
"28849","Total Phosphorus","Current",27.6683343288772,14.1290991364448,53.4931365937623
"28849","Total Phosphorus","Reference",9.813399364753,2.29045759133845,43.2240870460341
"28856","Total Nitrogen","Current",160.172288816005,106.469877238989,233.704433193844
"28856","Total Nitrogen","Reference",127.481446451789,65.1125911576875,237.840343271963
"28856","Total Phosphorus","Current",21.7855079592938,9.15431709867598,42.9420245802363
"28856","Total Phosphorus","Reference",5.62955935418297,0.645978774012402,48.0351672059911
"28858","Total Nitrogen","Current",167.177564268198,107.908327213898,246.651093422183
"28858","Total Nitrogen","Reference",139.55925101122,69.5743987805086,251.878369627522
"28858","Total Phosphorus","Current",13.3854749481614,6.12559203419502,25.1312805525722
"28858","Total Phosphorus","Reference",5.3889599002695,1.28166912175423,24.2376566015271
"28867","Total Nitrogen","Current",195.264391577499,130.305923220435,281.399776882471
"28867","Total Nitrogen","Reference",140.632730389042,74.6579927981051,259.667141181952
"28867","Total Phosphorus","Current",15.7083716799349,7.48847006716881,31.0050373732446
"28867","Total Phosphorus","Reference",5.62114131479271,1.14412683489664,29.8619905638294
"28876","Total Nitrogen","Current",141.833391093186,88.5885282358382,206.431392749514
"28876","Total Nitrogen","Reference",170.985722703891,91.4234234381502,302.384435858766
"28876","Total Phosphorus","Current",12.7988264024505,7.24154216248191,22.6176822549396
"28876","Total Phosphorus","Reference",10.1403972229238,5.01792073145189,21.7370730600444
"28879","Total Nitrogen","Current",137.685617518312,92.1879456634623,197.945429300309
"28879","Total Nitrogen","Reference",107.314992634995,53.3219494867565,200.085822473757
"28879","Total Phosphorus","Current",13.1043978120327,7.00638526281652,24.5867223846846
"28879","Total Phosphorus","Reference",4.95285656108766,1.69430941791235,15.5888763500142
"28885","Total Nitrogen","Current",158.031183883447,104.344072023118,232.262815792239
"28885","Total Nitrogen","Reference",130.568472672253,68.5008295954065,230.517578391105
"28885","Total Phosphorus","Current",18.1626925244618,8.64235395318829,35.4630009836123
"28885","Total Phosphorus","Reference",5.19227713081722,1.58656982106369,19.9471579497829
"28886","Total Nitrogen","Current",79.8000083577498,45.7019995307103,129.419668002889
"28886","Total Nitrogen","Reference",137.180125058426,67.7024834141878,252.896186098509
"28886","Total Phosphorus","Current",17.5402904722391,8.72658581022595,34.385024374588
"28886","Total Phosphorus","Reference",5.02561547767894,1.750745179597,14.7733499477852
"28907","Total Nitrogen","Current",175.631686118232,113.423036626296,262.950527520957
"28907","Total Nitrogen","Reference",140.392742196223,73.8419283987477,271.551601192108
"28907","Total Phosphorus","Current",11.1634831561299,5.60003145362339,20.7812998089638
"28907","Total Phosphorus","Reference",5.26134717980777,1.25512763162419,20.6031097478959
"28912","Total Nitrogen","Current",116.502441197771,69.350908247873,175.898634204342
"28912","Total Nitrogen","Reference",135.456315221056,66.0021533282852,249.167364166964
"28912","Total Phosphorus","Current",14.1501331277387,8.0042563428797,25.2185962575711
"28912","Total Phosphorus","Reference",4.85677470356241,1.27757552443193,18.390697455813
"28937","Total Nitrogen","Current",101.433520145215,63.0091538710549,153.228412114181
"28937","Total Nitrogen","Reference",132.74294763198,71.7987344272268,241.819154280882
"28937","Total Phosphorus","Current",9.79984455612704,5.97759232015759,16.5480870886829
"28937","Total Phosphorus","Reference",5.57013956158818,0.708621578041769,38.9057410827695
"28942","Total Nitrogen","Current",124.027100508905,79.7410897253044,183.942314586548
"28942","Total Nitrogen","Reference",119.336619757012,65.6566800429521,220.903646347634
"28942","Total Phosphorus","Current",13.5986563084905,7.76406981341367,24.2378569437648
"28942","Total Phosphorus","Reference",4.86093031342529,2.39928089628945,10.9280780181915
"28945","Total Nitrogen","Current",133.231080294884,86.1814300609225,195.819000579701
"28945","Total Nitrogen","Reference",167.43741452245,90.9192715739852,323.996344527105
"28945","Total Phosphorus","Current",9.32729744042528,5.1513477647047,17.1433328774325
"28945","Total Phosphorus","Reference",11.2851301596718,3.97567913090431,33.9750091377915
"28989","Total Nitrogen","Current",136.93040303538,93.7709751889002,207.529513158271
"28989","Total Nitrogen","Reference",107.541875613452,58.4700535301942,209.684238156293
"28989","Total Phosphorus","Current",13.8478538119904,7.55001179532903,25.7264430012908
"28989","Total Phosphorus","Reference",5.24208083853448,1.17310277622785,28.904874035224
"29031","Total Nitrogen","Current",125.610054752248,83.112086234533,178.707649308004
"29031","Total Nitrogen","Reference",135.184693665026,70.5318664136423,255.544042715976
"29031","Total Phosphorus","Current",14.4530200864851,7.51335986828036,28.2109799752001
"29031","Total Phosphorus","Reference",10.5068950195021,5.03312745476633,21.3303417590482
"29043","Total Nitrogen","Current",123.338101318159,78.2812191330267,182.528393759037
"29043","Total Nitrogen","Reference",131.243170481292,69.1823183939639,232.123663354523
"29043","Total Phosphorus","Current",13.2132659036178,7.43243609215995,24.3020189075083
"29043","Total Phosphorus","Reference",5.61688368962444,1.64099843565629,18.7197142412461
"29070","Total Nitrogen","Current",141.183313755922,97.5192298355119,203.853343652453
"29070","Total Nitrogen","Reference",96.1765396914411,51.1600848742479,175.7158737654
"29070","Total Phosphorus","Current",25.597864218772,13.4719469053889,50.2705753105186
"29070","Total Phosphorus","Reference",5.47978398992211,2.29851877060262,15.2283345643633
"29073","Total Nitrogen","Current",147.303092250244,95.6485826267896,220.03596187444
"29073","Total Nitrogen","Reference",115.855855798423,63.5627774235255,212.311899999805
"29073","Total Phosphorus","Current",21.9261632918557,12.3040075813421,41.5723292172133
"29073","Total Phosphorus","Reference",5.29871834266526,3.36451621929176,8.66509039631531
"29095","Total Nitrogen","Current",103.036208552497,60.0016564331607,166.452130308468
"29095","Total Nitrogen","Reference",154.509031679743,78.3210509437251,284.367829765977
"29095","Total Phosphorus","Current",12.9157078113854,6.37165720628713,24.3694871387676
"29095","Total Phosphorus","Reference",5.07624792508975,1.51715911420978,15.993611087872
"29100","Total Nitrogen","Current",98.8760034812855,60.0996145206147,154.36386788224
"29100","Total Nitrogen","Reference",177.139974147701,96.876586740022,325.34470525472
"29100","Total Phosphorus","Current",16.0842754629079,9.12984252455438,29.2661137102728
"29100","Total Phosphorus","Reference",10.5773716377442,3.78072347653275,29.3116028744003
"29104","Total Nitrogen","Current",124.35351808429,76.0715088197325,189.01053915046
"29104","Total Nitrogen","Reference",135.586150307523,71.5552539058094,241.515959024589
"29104","Total Phosphorus","Current",13.582243450547,7.48384819298026,25.7013861837533
"29104","Total Phosphorus","Reference",5.05077079281264,1.48514297058664,17.7543543721908
"29124","Total Nitrogen","Current",126.760467752705,79.6222590532787,191.067721101973
"29124","Total Nitrogen","Reference",135.271050762287,69.0431762913939,254.408945508992
"29124","Total Phosphorus","Current",14.4153004004959,7.95786405435181,27.3574842266907
"29124","Total Phosphorus","Reference",4.85138838698731,1.70633739180552,13.4548409270031
"29224","Total Nitrogen","Current",88.3647450725543,52.7916676742628,141.771961609407
"29224","Total Nitrogen","Reference",125.188815024535,63.1176001535415,225.526703606742
"29224","Total Phosphorus","Current",12.0459249442919,7.02685915370641,21.4031349801321
"29224","Total Phosphorus","Reference",5.25492682091826,3.37796726303105,8.80470275231373
"29244","Total Nitrogen","Current",72.1343152220788,46.1439228894083,114.631739853231
"29244","Total Nitrogen","Reference",91.4275993082123,46.3938831282175,172.162539356782
"29244","Total Phosphorus","Current",5.78647227650912,3.77390465579509,9.07065470287674
"29244","Total Phosphorus","Reference",5.56120982979595,4.07607346867754,7.92407966445672
"29250","Total Nitrogen","Current",235.103744252975,152.168852698256,349.708208806932
"29250","Total Nitrogen","Reference",230.884251344205,123.818604772212,449.871746646593
"29250","Total Phosphorus","Current",11.2626140420964,7.17933340797989,18.3997810379264
"29250","Total Phosphorus","Reference",6.55451762651173,4.45587697819756,9.59165967429516
"29253","Total Nitrogen","Current",88.4526897474382,51.2304697136447,141.015369909565
"29253","Total Nitrogen","Reference",123.415814194813,59.3313580979784,216.229536762226
"29253","Total Phosphorus","Current",14.2244194343256,9.03414711720627,24.6493499625704
"29253","Total Phosphorus","Reference",5.06275244261057,2.99375022579129,9.38177292668654
"29254","Total Nitrogen","Current",131.543366030283,82.7545219685354,194.62721021836
"29254","Total Nitrogen","Reference",142.281680480273,71.8086402119324,262.714627033162
"29254","Total Phosphorus","Current",6.07013767275056,3.86100234593563,9.49343805111659
"29254","Total Phosphorus","Reference",5.15090781711515,4.17268950561883,6.58123537732241
"29427","Total Nitrogen","Current",219.72457686631,144.055501820798,315.290994836697
"29427","Total Nitrogen","Reference",181.505285833956,97.6451306666604,339.807292211365
"29427","Total Phosphorus","Current",21.4264715088844,10.2461935622508,42.162340071011
"29427","Total Phosphorus","Reference",6.2378907135019,2.33781199878734,17.6508913605417
"29472","Total Nitrogen","Current",183.847695747976,117.842523873581,266.673477966149
"29472","Total Nitrogen","Reference",144.354479889364,73.8141265637394,268.919631211297
"29472","Total Phosphorus","Current",17.8276961004439,8.40596261574206,36.5182413170468
"29472","Total Phosphorus","Reference",5.2587140703363,1.47985356690574,19.8635465427517
"29489","Total Nitrogen","Current",184.108898936834,125.714062132656,272.432680796941
"29489","Total Nitrogen","Reference",128.312253792825,63.4957025272721,238.437239830723
"29489","Total Phosphorus","Current",28.0915377053628,12.5919743182344,58.074301386929
"29489","Total Phosphorus","Reference",5.19926502344759,1.43444400467684,21.3084792858302
"29490","Total Nitrogen","Current",150.2891429124,95.9395392946198,223.091440515499
"29490","Total Nitrogen","Reference",124.221457098914,62.2986155307183,212.192229277504
"29490","Total Phosphorus","Current",18.3712912821405,9.89817595942524,34.9418256248858
"29490","Total Phosphorus","Reference",4.92236975365069,1.8600139591128,13.4341799527991
"29496","Total Nitrogen","Current",136.38459721682,87.8296460138926,201.812243466929
"29496","Total Nitrogen","Reference",135.152517627904,69.3636643296934,251.423155279014
"29496","Total Phosphorus","Current",22.3605137628254,10.1078009066037,44.8821837996473
"29496","Total Phosphorus","Reference",5.35232567447832,1.10263855285241,27.1101418990543
"29506","Total Nitrogen","Current",102.04449914711,61.5810453628939,161.401556348031
"29506","Total Nitrogen","Reference",135.271050762287,67.3119902649564,252.205333563209
"29506","Total Phosphorus","Current",18.5973359019062,8.81817126658088,35.0493984711718
"29506","Total Phosphorus","Reference",5.11868653265898,1.73114863682754,16.3130971069613
"29509","Total Nitrogen","Current",118.296995147187,67.3596256962486,181.967337290372
"29509","Total Nitrogen","Reference",179.456813173806,95.658118092076,347.649182604988
"29509","Total Phosphorus","Current",41.3147462391531,17.3916345928461,86.80345803342
"29509","Total Phosphorus","Reference",8.94508018107527,3.36492987228525,26.2170722481181
"29541","Total Nitrogen","Current",105.421329914337,63.6760509754905,168.128227877032
"29541","Total Nitrogen","Reference",180.10333689373,94.145122886344,350.041499124812
"29541","Total Phosphorus","Current",39.6274510683675,18.099456383514,82.7245194474958
"29541","Total Phosphorus","Reference",11.1895912321503,3.5839869632313,35.3881473265493
"29547","Total Nitrogen","Current",160.345643152672,105.977168652377,236.026398454508
"29547","Total Nitrogen","Reference",139.152207333206,73.3859492347718,261.610249780016
"29547","Total Phosphorus","Current",25.1183909501334,10.2275145118715,48.7907538988057
"29547","Total Phosphorus","Reference",7.49102350646426,3.25658715900767,16.5128942582203
"29548","Total Nitrogen","Current",332.405673212116,218.201630469412,485.605097147241
"29548","Total Nitrogen","Reference",156.811906336471,75.4346123648513,285.407025635758
"29548","Total Phosphorus","Current",39.8319405146581,17.5298322826431,84.2221794735751
"29548","Total Phosphorus","Reference",5.64250898179241,2.96313104859324,11.9955268097934
"29614","Total Nitrogen","Current",121.783608317386,74.8833321298252,186.939902005641
"29614","Total Nitrogen","Reference",170.662765086672,87.0794229379883,322.626157439517
"29614","Total Phosphorus","Current",25.5969921724295,11.9393885094641,51.0002235252012
"29614","Total Phosphorus","Reference",9.97746959408596,4.6080361538293,23.0975893964028
"29644","Total Nitrogen","Current",79.230254148982,44.8376795740097,126.666793964962
"29644","Total Nitrogen","Reference",177.11731285591,90.8892033782773,320.646587169169
"29644","Total Phosphorus","Current",23.7755155285992,13.2980914621912,43.1329501017593
"29644","Total Phosphorus","Reference",10.5789179159821,2.27964669597681,41.4056048771435
"29669","Total Nitrogen","Current",120.145096716673,71.5722082427882,189.606627561526
"29669","Total Nitrogen","Reference",154.232696451641,80.9869613328602,293.243537814003
"29669","Total Phosphorus","Current",17.6527564168525,8.751640658832,34.3784282692502
"29669","Total Phosphorus","Reference",5.14550973465658,1.91426931830335,14.0446958295621
"29679","Total Nitrogen","Current",104.589451952347,62.808668072142,164.240714713288
"29679","Total Nitrogen","Reference",153.790525240334,81.8042876987883,270.320161247643
"29679","Total Phosphorus","Current",11.507363884648,5.90842972753531,22.1978197840233
"29679","Total Phosphorus","Reference",8.05310353392979,4.09760713812631,16.5061036160626
"29681","Total Nitrogen","Current",112.869824440365,66.8069116678003,175.893627218495
"29681","Total Nitrogen","Reference",142.733943121912,72.3815674280453,261.107509463903
"29681","Total Phosphorus","Current",12.6328040836162,6.21342558162343,23.5229089050027
"29681","Total Phosphorus","Reference",7.43773201888869,3.92255859984674,13.6103033576732
"29688","Total Nitrogen","Current",92.4097324568259,55.5645553478866,140.976350008766
"29688","Total Nitrogen","Reference",123.550234654082,61.0837709853031,225.163905030781
"29688","Total Phosphorus","Current",10.048616379056,5.54575176946512,17.5074868420968
"29688","Total Phosphorus","Reference",5.74439027761682,3.58109305468675,10.0182932330908
"29724","Total Nitrogen","Current",117.304025736411,71.7688298884957,178.273169072854
"29724","Total Nitrogen","Reference",139.648308421508,70.6695765828192,254.058809340382
"29724","Total Phosphorus","Current",12.0393370785227,5.91106103422114,22.6634507083012
"29724","Total Phosphorus","Reference",5.20057878125077,1.51409160751023,20.0407876955357
"29728","Total Nitrogen","Current",90.0097308129584,53.3985827509491,144.115464554684
"29728","Total Nitrogen","Reference",177.103442924669,94.3609905277089,321.043767740372
"29728","Total Phosphorus","Current",8.82029272746388,5.42248570933881,15.7084405100478
"29728","Total Phosphorus","Reference",10.5500979137611,2.58987135480093,52.1978776448943
"29729","Total Nitrogen","Current",100.745916390531,61.4476442436544,159.217817557332
"29729","Total Nitrogen","Reference",122.739184068538,64.362906293339,234.927516001843
"29729","Total Phosphorus","Current",18.8739378281812,10.3692202051283,35.8888264002447
"29729","Total Phosphorus","Reference",4.83489947178601,1.84620820536208,11.5689429469711
"29748","Total Nitrogen","Current",129.044746428991,85.5700814098422,190.584911501111
"29748","Total Nitrogen","Reference",120.483297680185,60.0307309165138,221.449407964202
"29748","Total Phosphorus","Current",24.6464528795338,10.4965996580137,48.7750685233285
"29748","Total Phosphorus","Reference",5.42248577599127,1.28098458839079,24.8570556624759
"29790","Total Nitrogen","Current",92.5036794360014,53.9293787328616,143.493499204206
"29790","Total Nitrogen","Reference",135.586150307523,69.565282922606,248.340144663961
"29790","Total Phosphorus","Current",18.0190188331332,9.12697795454612,36.1976301906043
"29790","Total Phosphorus","Reference",5.07840017274475,2.08794150840662,12.8005315560135
"29821","Total Nitrogen","Current",98.7347416024825,60.3479840533367,152.166394077554
"29821","Total Nitrogen","Reference",130.328489452551,66.7237524802219,238.924962679966
"29821","Total Phosphorus","Current",22.8157546243953,11.3510770377908,45.7970555601619
"29821","Total Phosphorus","Reference",5.02318565180896,1.90071677556191,14.2455698709901
"29831","Total Nitrogen","Current",150.408142221584,93.5338837475145,226.859161683711
"29831","Total Nitrogen","Reference",144.466014709522,76.2450535135299,266.346993558347
"29831","Total Phosphorus","Current",19.3198848617562,9.2922415773111,36.7532193976251
"29831","Total Phosphorus","Reference",5.18186625593463,1.60264774860481,17.1384042735914
"29847","Total Nitrogen","Current",146.135263095241,86.7960335801522,219.868440196954
"29847","Total Nitrogen","Reference",151.5855531248,78.8783884302292,272.481888645403
"29847","Total Phosphorus","Current",15.5637435290839,7.57461150997503,28.4788862565452
"29847","Total Phosphorus","Reference",5.19828291233881,1.29366460462788,23.1301182244056
"29848","Total Nitrogen","Current",144.660976922168,92.6076511976806,213.137700974949
"29848","Total Nitrogen","Reference",135.586150307523,67.6530646604795,243.725836509844
"29848","Total Phosphorus","Current",27.9863966377168,12.8744830737193,56.1701870703414
"29848","Total Phosphorus","Reference",5.06107181497071,1.25827569067888,20.8617317798328
"29858","Total Nitrogen","Current",132.669778287051,83.078649672621,197.301284647363
"29858","Total Nitrogen","Reference",145.405728944058,74.0357095024626,273.798141478787
"29858","Total Phosphorus","Current",14.1817717418179,7.77390092302396,26.4822209629914
"29858","Total Phosphorus","Reference",6.51241787242137,2.36764178115048,20.9856250647661
"29883","Total Nitrogen","Current",145.716322800516,86.5655647774783,223.572403875018
"29883","Total Nitrogen","Reference",153.050804302822,77.3835880802844,279.137027686448
"29883","Total Phosphorus","Current",23.0614656750156,11.1715182549323,47.7788009311712
"29883","Total Phosphorus","Reference",5.17875455297988,1.25322382761528,22.1105210450596
"29891","Total Nitrogen","Current",111.172412889155,68.9962604685733,174.831174041869
"29891","Total Nitrogen","Reference",139.507984544761,72.7464035008061,253.317033799215
"29891","Total Phosphorus","Current",18.9631218997297,9.45111488250326,37.4592794619295
"29891","Total Phosphorus","Reference",5.10779839105648,1.43752289377385,16.9785226540505
"29895","Total Nitrogen","Current",277.375786625932,180.442828099369,398.242936799278
"29895","Total Nitrogen","Reference",247.793211363155,124.680158671415,463.613493400165
"29895","Total Phosphorus","Current",12.7239488174946,7.01843940376178,23.1010796800658
"29895","Total Phosphorus","Reference",3.70486766019589,2.05287211284255,7.22156404043511
"29907","Total Nitrogen","Current",237.664937995609,156.225662926135,340.586228441573
"29907","Total Nitrogen","Reference",226.83562564221,116.028804869009,462.276708680624
"29907","Total Phosphorus","Current",11.4039181901998,6.70070529709609,20.0761552804037
"29907","Total Phosphorus","Reference",3.63483896341479,1.55156300082839,8.47583790108657
"29917","Total Nitrogen","Current",228.012752537003,150.71430446643,328.008665744371
"29917","Total Nitrogen","Reference",212.471412253017,111.438060906202,395.420688052751
"29917","Total Phosphorus","Current",13.7291728433325,7.91762394468906,24.0200422093846
"29917","Total Phosphorus","Reference",3.62183783483978,2.07648222333159,6.94078588603659
"29938","Total Nitrogen","Current",114.172820766386,66.4103023498023,169.1778644824
"29938","Total Nitrogen","Reference",131.971227070867,66.4055208818932,240.024394953259
"29938","Total Phosphorus","Current",13.623903313254,7.92028808959594,24.3247274997472
"29938","Total Phosphorus","Reference",4.78513369149167,1.65225133415346,15.2294829213538
"29956","Total Nitrogen","Current",159.257047949514,104.890534500471,232.827666895901
"29956","Total Nitrogen","Reference",121.650301627632,63.2770926663578,232.076548894918
"29956","Total Phosphorus","Current",15.13548672798,7.01686253382176,29.0439125627902
"29956","Total Phosphorus","Reference",5.39971234204202,1.21786773616913,28.8263134845753
"29981","Total Nitrogen","Current",530.690303099071,353.784332844872,765.445063901295
"29981","Total Nitrogen","Reference",319.562905140231,161.544515100777,616.211111134852
"29981","Total Phosphorus","Current",65.9894585251141,18.0460522508756,135.59635844984
"29981","Total Phosphorus","Reference",7.92121230566146,1.96943435157754,33.4774933011733
"30017","Total Nitrogen","Current",85.2477202802974,50.5192075939601,132.665522965075
"30017","Total Nitrogen","Reference",135.408542602993,71.1273438180541,242.515777911994
"30017","Total Phosphorus","Current",7.4719439285708,4.33789068626691,13.4344086279165
"30017","Total Phosphorus","Reference",4.90953682320259,2.05946553359492,11.173118832397
"30038","Total Nitrogen","Current",69.762935042448,39.7620260807436,113.30661867371
"30038","Total Nitrogen","Reference",135.271050762287,68.1897612741979,253.609009146428
"30038","Total Phosphorus","Current",4.63412341199491,2.83654285714766,8.11188477398604
"30038","Total Phosphorus","Reference",4.85978355348691,1.2149337334715,18.0189589550284
"30344","Total Nitrogen","Current",79.2955946929321,45.2004209272434,128.872083502802
"30344","Total Nitrogen","Reference",135.243154083692,65.2405886253476,257.378193366806
"30344","Total Phosphorus","Current",5.48433966541543,3.40351658654102,8.83769853720586
"30344","Total Phosphorus","Reference",4.75153615228737,1.24804769270704,18.095423852273
"30345","Total Nitrogen","Current",87.6385942375619,53.357130822976,140.943653509973
"30345","Total Nitrogen","Reference",135.271050762287,69.2094197777878,251.102665695739
"30345","Total Phosphorus","Current",5.58757834077942,3.25809815537443,10.0212507317858
"30345","Total Phosphorus","Reference",4.96377906030209,2.18156816778392,12.5547790674508
"30380","Total Nitrogen","Current",203.450578660302,135.796840986767,291.509434892162
"30380","Total Nitrogen","Reference",171.214232776438,90.4886147117349,339.513674814707
"30380","Total Phosphorus","Current",10.7479800734498,6.70532092850939,17.712028428217
"30380","Total Phosphorus","Reference",5.9234594244537,3.62110423865426,9.72817174692078
"30524","Total Nitrogen","Current",1373.09737786327,917.158877363828,2005.69866839451
"30524","Total Nitrogen","Reference",501.515503647917,244.413928017317,1068.23417831527
"30524","Total Phosphorus","Current",97.7949458197872,49.1867628228378,191.644986109312
"30524","Total Phosphorus","Reference",18.4587124158663,5.08850168464227,80.4774011468235
"30851","Total Nitrogen","Current",1978.61426622337,1268.96816549872,3410.75725118064
"30851","Total Nitrogen","Reference",409.967530543561,218.112972201538,843.877275062831
"30851","Total Phosphorus","Current",160.183336778392,83.2728652633908,321.878483295207
"30851","Total Phosphorus","Reference",18.662923846725,7.57435045255562,49.0948108499884
"32287","Total Nitrogen","Current",495.305617531099,339.834657931803,746.90885546488
"32287","Total Nitrogen","Reference",308.707364183458,170.568840835186,611.512387478795
"32287","Total Phosphorus","Current",55.1412540533632,26.8096693622984,109.686381657017
"32287","Total Phosphorus","Reference",12.223318502456,4.1448884858836,40.4580122407141
"32805","Total Nitrogen","Current",1379.34052971749,916.266920559662,2041.94567705066
"32805","Total Nitrogen","Reference",560.078368106741,267.928219405885,1167.93565246075
"32805","Total Phosphorus","Current",150.896957881093,73.1236849465903,303.467831350408
"32805","Total Phosphorus","Reference",41.4602622803699,11.8621950195847,146.56271469315
"32835","Total Nitrogen","Current",896.915260620594,611.814771099885,1352.30186768083
"32835","Total Nitrogen","Reference",451.677942375616,224.439458274857,883.625165845571
"32835","Total Phosphorus","Current",105.764593603413,39.8241263589078,237.613485744315
"32835","Total Phosphorus","Reference",13.0577490780442,5.24414717610349,34.0104822694335
"33063","Total Nitrogen","Current",466.470258099603,320.453701993342,684.872333479083
"33063","Total Nitrogen","Reference",343.335451545546,185.001716327563,725.065103194282
"33063","Total Phosphorus","Current",99.6304273143,43.4313302037216,225.234182173493
"33063","Total Phosphorus","Reference",12.3103425421633,4.9738729455344,33.1197052733521
"33085","Total Nitrogen","Current",497.049639056625,336.434661275101,719.861941009591
"33085","Total Nitrogen","Reference",439.313507894686,235.174830338096,936.644199451408
"33085","Total Phosphorus","Current",52.6744928493622,23.9972644199259,107.925644743263
"33085","Total Phosphorus","Reference",12.0019073163999,5.48661894823972,30.1706824551415
"33287","Total Nitrogen","Current",318.557828086362,214.307426723776,439.437735149192
"33287","Total Nitrogen","Reference",169.198852429227,88.8939949045347,311.63126595444
"33287","Total Phosphorus","Current",31.3217601492326,18.4623928963371,52.8059800183514
"33287","Total Phosphorus","Reference",9.73639173408923,5.1078857955662,20.2024057531492
"34222","Total Nitrogen","Current",241.398644823518,159.777979682914,347.931283867579
"34222","Total Nitrogen","Reference",208.162476071111,112.204315310964,395.630247128896
"34222","Total Phosphorus","Current",24.4426563802405,14.3716523869081,46.0851419278577
"34222","Total Phosphorus","Reference",8.84880277285521,6.06583615694006,13.6681350377175
"34665","Total Nitrogen","Current",1143.0171018729,744.591607275485,1693.5683512059
"34665","Total Nitrogen","Reference",318.607732915162,136.475595930974,625.856969318257
"34665","Total Phosphorus","Current",99.1241823483692,51.7277093526035,194.631429096336
"34665","Total Phosphorus","Reference",34.3909673333214,13.6219200111748,86.1518322681384
"34666","Total Nitrogen","Current",508.125488071057,336.40404629123,736.288201632118
"34666","Total Nitrogen","Reference",230.913600127432,117.282635889152,439.306398815932
"34666","Total Phosphorus","Current",85.6441498414198,46.9519883370317,158.522430188172
"34666","Total Phosphorus","Reference",31.6827281359214,10.6308199870586,108.696706363463
"34669","Total Nitrogen","Current",454.580048142864,308.113436496332,645.164307463763
"34669","Total Nitrogen","Reference",221.435676242256,110.579097656724,394.407610520178
"34669","Total Phosphorus","Current",51.5384778946095,19.4668245670831,110.526385947135
"34669","Total Phosphorus","Reference",12.8025971809379,4.44036689675165,34.6514980021453
"34688","Total Nitrogen","Current",208.666203402043,132.840789555887,303.027421296016
"34688","Total Nitrogen","Reference",148.668555570809,77.4364924777617,266.184537913751
"34688","Total Phosphorus","Current",29.0079422995879,15.4775576975271,52.0068462434219
"34688","Total Phosphorus","Reference",6.3247369614536,2.19835556766215,19.2607703221072
"34689","Total Nitrogen","Current",212.763676074301,136.736552133992,310.537141043056
"34689","Total Nitrogen","Reference",148.780929356432,77.0420178454228,282.817979054887
"34689","Total Phosphorus","Current",21.0865318231752,13.0026105077666,37.3080846334296
"34689","Total Phosphorus","Reference",6.23867958282454,1.99599020047002,19.2477423651842
"35606","Total Nitrogen","Current",815.276921822703,527.28629880501,1288.28837615602
"35606","Total Nitrogen","Reference",268.894299963338,148.215118148502,520.329462930313
"35606","Total Phosphorus","Current",27.9979042649144,16.796113798703,49.8759484304139
"35606","Total Phosphorus","Reference",10.2978817909096,4.63965694926928,24.3786306274442
"35646","Total Nitrogen","Current",696.11714240519,455.234252128398,1055.11469814084
"35646","Total Nitrogen","Reference",211.060552237428,109.366049430928,411.502992118886
"35646","Total Phosphorus","Current",18.9142154474356,11.7914605172546,29.6194506302345
"35646","Total Phosphorus","Reference",6.56455877817677,3.65752285041869,13.0492847383097
"35662","Total Nitrogen","Current",1433.57062813409,953.025020771906,2312.64800955362
"35662","Total Nitrogen","Reference",359.707816583823,188.777027221282,747.741380180598
"35662","Total Phosphorus","Current",43.4306045430195,23.4566225270374,84.6421557158468
"35662","Total Phosphorus","Reference",11.3813485335653,5.68932107789298,23.5636609413701
"36025","Total Nitrogen","Current",302.699650812416,210.471788510284,432.981537966767
"36025","Total Nitrogen","Reference",289.776158992669,154.984614401043,614.321910874762
"36025","Total Phosphorus","Current",27.699697441179,16.5998225089195,47.1009960208865
"36025","Total Phosphorus","Reference",7.93749426320312,4.0704502866298,15.0474817398994
"36046","Total Nitrogen","Current",602.191236164615,391.872115103623,853.887157019471
"36046","Total Nitrogen","Reference",390.37030877653,208.259410775311,823.95562326523
"36046","Total Phosphorus","Current",105.100156007685,56.0921951113659,208.185340591561
"36046","Total Phosphorus","Reference",24.5661413911487,8.79836120805582,74.2822151919943
"36096","Total Nitrogen","Current",1832.55612519561,1163.7469562879,2929.11171623471
"36096","Total Nitrogen","Reference",624.541376425524,284.977560491846,1355.69951765987
"36096","Total Phosphorus","Current",278.221557885399,126.554284745167,611.367377874589
"36096","Total Phosphorus","Reference",47.1158430418339,9.65194687243906,294.087723989971
"36215","Total Nitrogen","Current",2647.01571335708,1637.00379558072,4208.82238593278
"36215","Total Nitrogen","Reference",757.875055913338,343.524535065246,1696.80471255455
"36215","Total Phosphorus","Current",274.081579328451,121.424148716568,627.752552156494
"36215","Total Phosphorus","Reference",49.4902847234267,13.7107045009788,364.136077348194
"36275","Total Nitrogen","Current",1017.23619813341,688.580574257106,1662.87083551062
"36275","Total Nitrogen","Reference",363.227811386668,202.562028475092,789.669132316588
"36275","Total Phosphorus","Current",67.1792348302679,30.4861578057439,142.755256323379
"36275","Total Phosphorus","Reference",12.3111506981466,4.36843648509085,39.2069105361629
"36314","Total Nitrogen","Current",1035.4826977915,682.692718232479,1613.49268729179
"36314","Total Nitrogen","Reference",371.80493541862,199.145350431492,774.977143097332
"36314","Total Phosphorus","Current",65.3906547940654,37.7292161725189,113.557340316544
"36314","Total Phosphorus","Reference",11.066749123408,5.36269441987784,23.9500772913284
"36742","Total Nitrogen","Current",202.256135352205,130.277489449497,302.140675916979
"36742","Total Nitrogen","Reference",230.14776802028,124.57607868105,444.851217362852
"36742","Total Phosphorus","Current",13.2609321862077,7.6612175196203,23.1393349055057
"36742","Total Phosphorus","Reference",9.03449947608794,5.58348434629759,14.58208921046
"36981","Total Nitrogen","Current",233.397386487858,157.720191409772,350.874187233437
"36981","Total Nitrogen","Reference",130.970697568113,67.0874165703395,243.67016568894
"36981","Total Phosphorus","Current",26.0967019142701,14.8746231399495,48.8092169324599
"36981","Total Phosphorus","Reference",9.03655051522898,6.26580030987342,14.0768033399294
"37201","Total Nitrogen","Current",669.542760499966,449.04293174332,1065.41687888085
"37201","Total Nitrogen","Reference",307.167143618492,166.519373593575,600.685769684197
"37201","Total Phosphorus","Current",53.1934854492003,28.9277305910556,99.9614055582977
"37201","Total Phosphorus","Reference",11.5594124073039,5.20337966246717,25.2071287211908
"37202","Total Nitrogen","Current",515.040427144464,352.830289922003,761.264220475851
"37202","Total Nitrogen","Reference",309.612342353484,160.778946987119,629.220863866675
"37202","Total Phosphorus","Current",56.2710655240137,30.5431506790361,106.471309430091
"37202","Total Phosphorus","Reference",11.6368536168621,3.29929424694862,40.5064325205736
"37530","Total Nitrogen","Current",262.34983751122,175.118611199755,377.215799742154
"37530","Total Nitrogen","Reference",190.791305368262,102.904637680137,328.351558969536
"37530","Total Phosphorus","Current",32.7288583569844,18.1256432197926,60.2306087646793
"37530","Total Phosphorus","Reference",8.66244803086551,5.97560291210626,13.1159688412341
"37534","Total Nitrogen","Current",225.299971041211,145.537577093576,330.459426902949
"37534","Total Nitrogen","Reference",168.216459322266,85.1138272134611,334.052701444212
"37534","Total Phosphorus","Current",20.3899245088511,12.3236731558394,35.2707716578319
"37534","Total Phosphorus","Reference",9.78326254844349,6.80552602590932,14.5755023146877
"37607","Total Nitrogen","Current",375.26222161528,245.916150294233,537.641042837925
"37607","Total Nitrogen","Reference",197.66955867913,101.118305902168,376.208195235865
"37607","Total Phosphorus","Current",33.1627461848496,19.8270328977755,55.6713166281168
"37607","Total Phosphorus","Reference",9.66636340128592,4.9860782922132,18.992042968444
"37622","Total Nitrogen","Current",1658.86582124491,1106.22222740449,2576.91626354794
"37622","Total Nitrogen","Reference",292.816624185044,128.011955666244,614.522589696547
"37622","Total Phosphorus","Current",142.735145192885,74.366886311775,280.432651755175
"37622","Total Phosphorus","Reference",31.9928441916396,14.5404786486039,79.8794006742366
"37701","Total Nitrogen","Current",492.82226205925,307.672327820994,740.7040250325
"37701","Total Nitrogen","Reference",307.557148478039,147.599778089951,623.120919498261
"37701","Total Phosphorus","Current",44.5136273408206,23.3381885223713,89.5398352351559
"37701","Total Phosphorus","Reference",13.4310494638636,2.78025596349941,55.2801108541175
"37702","Total Nitrogen","Current",446.250055096928,267.930213876878,702.237327184582
"37702","Total Nitrogen","Reference",320.029292255909,150.527974072687,646.88377069341
"37702","Total Phosphorus","Current",22.5963178358536,11.8091916274569,45.6437698545272
"37702","Total Phosphorus","Reference",12.7022022872325,2.69280691996052,51.8565767624975
"37705","Total Nitrogen","Current",379.889436146411,236.851905908061,564.661052500882
"37705","Total Nitrogen","Reference",289.025819593152,134.520979724366,568.821871139972
"37705","Total Phosphorus","Current",22.9173460199181,12.1477184083406,43.0818635996976
"37705","Total Phosphorus","Reference",12.9002116269964,3.84289727872108,48.3580155493605
"37855","Total Nitrogen","Current",230.687984427486,151.296049299286,336.883263862279
"37855","Total Nitrogen","Reference",181.97550712101,93.1072952323665,357.074902683328
"37855","Total Phosphorus","Current",31.2634315459039,14.3812117613275,64.7049028760194
"37855","Total Phosphorus","Reference",7.15602767037488,3.88841314181646,13.4027029628871
"38143","Total Nitrogen","Current",133.042977282323,69.2951180323558,235.418880026934
"38143","Total Nitrogen","Reference",261.261952035586,129.403841281213,505.627995795018
"38143","Total Phosphorus","Current",8.14934754809368,4.11551507849111,15.8405746343539
"38143","Total Phosphorus","Reference",13.5101837605161,2.17762964621719,81.6839625662263
"38184","Total Nitrogen","Current",229.382821255478,143.548276914596,352.67829494006
"38184","Total Nitrogen","Reference",234.394180419003,120.414866359968,452.399355410525
"38184","Total Phosphorus","Current",16.0936986003287,8.25227096669203,32.2357393679721
"38184","Total Phosphorus","Reference",6.27811877405914,2.34253772451881,17.721054579045
"38314","Total Nitrogen","Current",919.329620851233,639.097812537904,1401.92352828624
"38314","Total Nitrogen","Reference",387.463352435729,200.366525510389,785.507929239698
"38314","Total Phosphorus","Current",39.3356137194669,19.7087157406558,78.3402872678312
"38314","Total Phosphorus","Reference",7.27185908489647,3.41741937616861,16.5885614226954
"38421","Total Nitrogen","Current",210.487867174726,125.617081095452,317.719265431783
"38421","Total Nitrogen","Reference",227.48263293245,119.580236214838,455.267700273441
"38421","Total Phosphorus","Current",12.0810433555472,6.98363977092296,21.0561627107008
"38421","Total Phosphorus","Reference",5.80587048662378,2.81841409639874,11.5983580600567
"38434","Total Nitrogen","Current",251.142435639866,151.957612270723,388.861991826191
"38434","Total Nitrogen","Reference",249.721539925558,122.154055466241,466.078677729423
"38434","Total Phosphorus","Current",27.4492598403419,14.1637034577732,54.6488999955982
"38434","Total Phosphorus","Reference",12.8867406328526,3.36671762375495,50.3453560926261
"38502","Total Nitrogen","Current",53.5962285119334,33.8013027889175,80.5246252441836
"38502","Total Nitrogen","Reference",86.4849303634381,45.3563585144648,177.725049987211
"38502","Total Phosphorus","Current",12.6127837157845,7.88317390739121,21.0447127408755
"38502","Total Phosphorus","Reference",4.96543624395285,3.3197038119745,7.74041342919916
"38545","Total Nitrogen","Current",119.798086667678,76.8775038738368,181.783037264603
"38545","Total Nitrogen","Reference",125.188815024535,66.6244530045048,234.773874290782
"38545","Total Phosphorus","Current",15.1112451794137,7.58353837577597,28.4760847051679
"38545","Total Phosphorus","Reference",5.59477307099735,3.18850629353087,9.93588992741805
"38614","Total Nitrogen","Current",216.328528508319,129.152025546839,336.713221936041
"38614","Total Nitrogen","Reference",232.26611157124,121.925850154857,448.679655416621
"38614","Total Phosphorus","Current",17.988137876861,9.70497654470505,34.5616123831205
"38614","Total Phosphorus","Reference",5.94362096996665,2.04349181234865,18.1762928190634
"38637","Total Nitrogen","Current",178.548735787345,115.863958031992,261.438153561884
"38637","Total Nitrogen","Reference",181.668668665983,97.9459418854007,346.264576512857
"38637","Total Phosphorus","Current",16.9346413322322,9.73819918633807,30.4586592441738
"38637","Total Phosphorus","Reference",5.72968085837158,1.77800984073568,19.2513750638202
"38638","Total Nitrogen","Current",162.462158946483,103.94430483335,240.836222338173
"38638","Total Nitrogen","Reference",172.467031494828,90.6414376476879,315.66278097069
"38638","Total Phosphorus","Current",15.5843675129092,9.53588828385011,26.735690208712
"38638","Total Phosphorus","Reference",5.50931332736549,3.02389089858251,11.2621272851981
"38648","Total Nitrogen","Current",160.591868937639,98.0510822109277,242.615295572759
"38648","Total Nitrogen","Reference",206.516355966773,109.407931308965,394.653944248112
"38648","Total Phosphorus","Current",16.112496654654,7.41175831575581,32.3488836683717
"38648","Total Phosphorus","Reference",6.57506409462784,1.63473525186502,26.3234417962628
"38664","Total Nitrogen","Current",250.059280410798,164.834849618109,371.101585260092
"38664","Total Nitrogen","Reference",231.565181835524,115.558911622227,438.810223717659
"38664","Total Phosphorus","Current",12.6118167038856,7.4726462276084,22.7243044949767
"38664","Total Phosphorus","Reference",6.24408077369237,3.05784434617169,13.5209192785193
"38665","Total Nitrogen","Current",157.051705922072,96.0585964392911,233.226283734254
"38665","Total Nitrogen","Reference",179.500289077197,95.3693060577435,325.76330874347
"38665","Total Phosphorus","Current",10.1742728912212,6.02040991878637,17.3978168149
"38665","Total Phosphorus","Reference",5.98923586208411,3.29363693974489,11.3843122134305
"38955","Total Nitrogen","Current",260.637151479695,156.060127157484,400.608643929091
"38955","Total Nitrogen","Reference",243.556216421678,122.859270444878,488.715764257645
"38955","Total Phosphorus","Current",17.2954899982717,9.68813367929978,33.4033519806711
"38955","Total Phosphorus","Reference",6.07863236911127,2.87146642950156,13.4957460378909
"38974","Total Nitrogen","Current",118.720603238301,79.1162830145237,178.938653261177
"38974","Total Nitrogen","Reference",95.4439547689179,51.0789104986278,177.138745325445
"38974","Total Phosphorus","Current",7.88314994025451,5.23169301395399,12.775454550977
"38974","Total Phosphorus","Reference",5.1833941935917,2.25914057537672,13.0527064753938
"39050","Total Nitrogen","Current",96.0448371557152,61.2555597276923,142.640589697491
"39050","Total Nitrogen","Reference",139.102566296363,75.8626678491353,261.363361431487
"39050","Total Phosphorus","Current",9.4532664636244,6.06078270975681,15.7808767650265
"39050","Total Phosphorus","Reference",7.83872962300932,4.33116822180643,15.071764315435
"39056","Total Nitrogen","Current",112.777940758317,65.8337342628658,176.063597079298
"39056","Total Nitrogen","Reference",123.541256660997,60.8596612227465,225.112664151594
"39056","Total Phosphorus","Current",26.1991448531326,11.9201530719948,53.3826531504304
"39056","Total Phosphorus","Reference",5.64988608961715,3.01916576510004,11.0184644597447
"39101","Total Nitrogen","Current",373.887962287275,210.544711360758,612.304314282388
"39101","Total Nitrogen","Reference",357.037632795887,172.890677908792,719.81342639889
"39101","Total Phosphorus","Current",13.7152384606873,7.57451229395832,25.7289787026091
"39101","Total Phosphorus","Reference",20.3183682394138,3.43419727389063,122.331492221432
"39122","Total Nitrogen","Current",169.362797182312,106.701572990293,258.298445802602
"39122","Total Nitrogen","Reference",146.631944220427,70.9969298280118,262.971504753882
"39122","Total Phosphorus","Current",21.1123026017166,11.161262549647,40.0643445094169
"39122","Total Phosphorus","Reference",5.29837685846487,3.48520419973764,8.39130084239153
"39166","Total Nitrogen","Current",142.105653926841,84.8010155282066,223.163972848535
"39166","Total Nitrogen","Reference",300.083991343219,160.741142780644,620.30038266846
"39166","Total Phosphorus","Current",16.6422086611849,9.15693398237834,30.2176638701051
"39166","Total Phosphorus","Reference",8.99490048716945,5.29179261603279,14.8976137211406
"39225","Total Nitrogen","Current",226.213245208748,145.582082666503,340.629090621777
"39225","Total Nitrogen","Reference",191.14220004355,98.7111748052914,353.128868230604
"39225","Total Phosphorus","Current",12.7231776430875,6.87878189734525,23.097582237879
"39225","Total Phosphorus","Reference",5.87657743842395,3.31595504659743,10.6315801666434
"39226","Total Nitrogen","Current",136.63546576849,91.4880828798345,199.378135585698
"39226","Total Nitrogen","Reference",144.045941880694,76.8870999315183,277.167030843846
"39226","Total Phosphorus","Current",9.88188240494036,6.20153757578703,15.5328903633053
"39226","Total Phosphorus","Reference",6.42511470102456,3.53357604968856,12.6208034013975
"39297","Total Nitrogen","Current",124.05255783893,75.7203245161098,189.734439213413
"39297","Total Nitrogen","Reference",223.462271019412,117.564988743696,444.727634866036
"39297","Total Phosphorus","Current",14.33299019308,8.6960860725085,23.1913322304788
"39297","Total Phosphorus","Reference",7.26592775461031,5.49269544066483,9.67078423867397
"39356","Total Nitrogen","Current",155.28485710606,104.503705089367,217.454961044249
"39356","Total Nitrogen","Reference",115.883783839148,62.5630192421411,212.212543011991
"39356","Total Phosphorus","Current",10.7682026561663,6.73198827227477,17.3067544068004
"39356","Total Phosphorus","Reference",4.72756041651593,3.93096648160125,5.85094600240397
"39357","Total Nitrogen","Current",238.709441807588,164.741657398158,331.959456431928
"39357","Total Nitrogen","Reference",133.205250001635,68.2217738686139,242.25763802168
"39357","Total Phosphorus","Current",12.9986237328909,8.40082494134046,21.4911859105304
"39357","Total Phosphorus","Reference",4.8698647777774,3.34618657301811,7.15900603458221
"39364","Total Nitrogen","Current",167.543872236195,109.435720387173,243.609036762103
"39364","Total Nitrogen","Reference",146.426432404476,78.7287522358485,278.908795186552
"39364","Total Phosphorus","Current",18.2551042331744,10.9101463684721,30.3844165751599
"39364","Total Phosphorus","Reference",5.43726077288959,3.93615616547227,7.80209296317519
"39466","Total Nitrogen","Current",527.580850479121,344.394734851548,783.320838677106
"39466","Total Nitrogen","Reference",251.406146835942,125.81444760633,471.905926565104
"39466","Total Phosphorus","Current",109.433059111859,56.4939187831544,221.766095126106
"39466","Total Phosphorus","Reference",13.736495920731,2.44640120803697,82.8206069437537
"39478","Total Nitrogen","Current",320.034439820721,199.739462392964,483.016467024731
"39478","Total Nitrogen","Reference",240.642820763858,122.704707590585,463.895669982327
"39478","Total Phosphorus","Current",25.9577667897005,13.1166413216157,48.9211592572432
"39478","Total Phosphorus","Reference",17.8153840632019,6.55410376518514,46.3300746107529
"39552","Total Nitrogen","Current",156.681012056939,98.9971841637897,226.636878856708
"39552","Total Nitrogen","Reference",176.880479622409,98.288103401314,334.338424949335
"39552","Total Phosphorus","Current",14.8664725487305,8.16675092160798,27.6433770877492
"39552","Total Phosphorus","Reference",5.95008106900782,1.79396242606283,20.0473253776878
"39599","Total Nitrogen","Current",584.183270206162,411.574773049427,877.914900715405
"39599","Total Nitrogen","Reference",219.535975134399,109.437105849858,430.11978156193
"39599","Total Phosphorus","Current",47.9371271092759,23.4687295747501,101.846259356967
"39599","Total Phosphorus","Reference",5.95670479757453,1.97717680844465,17.3506919984136
"39602","Total Nitrogen","Current",783.077065320411,534.55369052976,1115.07953110862
"39602","Total Nitrogen","Reference",250.998545960876,132.989318900899,477.054044332801
"39602","Total Phosphorus","Current",168.772207017026,88.6189588467032,324.90990620476
"39602","Total Phosphorus","Reference",12.6689875221856,2.64207708186988,70.7350624943617
"39611","Total Nitrogen","Current",750.245092031846,482.500721337513,1111.09849654492
"39611","Total Nitrogen","Reference",317.995489927209,149.082274287883,643.694908117674
"39611","Total Phosphorus","Current",59.6752420926585,31.9894084759847,112.398536377357
"39611","Total Phosphorus","Reference",12.7970052037197,1.94002112067974,89.6036583037026
"39621","Total Nitrogen","Current",337.329827134113,207.660534372159,509.475789088451
"39621","Total Nitrogen","Reference",259.958936089657,131.042330541392,510.51127438404
"39621","Total Phosphorus","Current",27.6186869839954,15.1709077485002,55.2605211070144
"39621","Total Phosphorus","Reference",14.0819382779247,6.9126207775367,29.5966086328219
"39653","Total Nitrogen","Current",161.185538016264,94.462588023837,256.572119199793
"39653","Total Nitrogen","Reference",153.359284815914,72.398316232513,286.74140428616
"39653","Total Phosphorus","Current",10.3046968047584,5.77403573835242,18.2685577743627
"39653","Total Phosphorus","Reference",5.41061169685181,3.40445722590976,9.25557521767624
"39688","Total Nitrogen","Current",130.892414316422,79.1613263676913,199.100555833831
"39688","Total Nitrogen","Reference",152.664043075284,80.6014640930943,285.800764963552
"39688","Total Phosphorus","Current",9.31781907395811,5.38883153920118,16.1348709092875
"39688","Total Phosphorus","Reference",4.92534891981059,2.01284881395079,11.8007544280817
"39732","Total Nitrogen","Current",247.241983234132,160.240457176752,366.825782010852
"39732","Total Nitrogen","Reference",308.907004088354,162.385424179691,634.922023642557
"39732","Total Phosphorus","Current",17.2995827371929,8.51783413656776,34.0518088347409
"39732","Total Phosphorus","Reference",9.48498323469949,4.13373451587017,21.6481697094898
"39822","Total Nitrogen","Current",118.273854066868,71.8016961370077,176.102483598553
"39822","Total Nitrogen","Reference",137.533991097318,70.4295864363401,244.273127296613
"39822","Total Phosphorus","Current",19.3928502059006,8.90511595567976,39.516187860554
"39822","Total Phosphorus","Reference",5.19490981083615,1.83166848571547,16.296428545409
"39837","Total Nitrogen","Current",104.656962225812,68.3226873298044,154.92076382269
"39837","Total Nitrogen","Reference",106.734593503499,54.2858520231708,201.683565298033
"39837","Total Phosphorus","Current",11.1427106473367,6.4725562314555,19.4368842327641
"39837","Total Phosphorus","Reference",5.20727270037615,3.36582344592832,8.42644663198624
"39876","Total Nitrogen","Current",351.44141138341,242.22193261482,533.273610838555
"39876","Total Nitrogen","Reference",189.059133461869,105.432130430628,383.516230551361
"39876","Total Phosphorus","Current",36.6230185911416,14.6154145490192,80.9489330427334
"39876","Total Phosphorus","Reference",10.6132123878296,5.00456308676113,20.2694493263268
"39885","Total Nitrogen","Current",357.411484523196,250.120150049946,527.447421125443
"39885","Total Nitrogen","Reference",174.374376580735,87.1039008900471,332.626688388885
"39885","Total Phosphorus","Current",32.0478436040236,15.7282986281235,64.6697873104407
"39885","Total Phosphorus","Reference",9.0317148499808,5.04530941283557,15.6664314881649
"39949","Total Nitrogen","Current",209.211218181827,118.877048960277,341.999692197813
"39949","Total Nitrogen","Reference",247.112272502033,120.7478029746,460.137993024431
"39949","Total Phosphorus","Current",29.6897074367918,15.7465766362788,58.0006863252692
"39949","Total Phosphorus","Reference",21.0542538141376,8.39752255246615,59.723172127001
"39950","Total Nitrogen","Current",125.905864849992,77.4330979887074,193.65578907748
"39950","Total Nitrogen","Reference",183.324614072547,95.0201868161035,346.849976592928
"39950","Total Phosphorus","Current",15.9748706945066,8.65410847263748,28.7654425846059
"39950","Total Phosphorus","Reference",8.23769714492148,3.62298187160441,18.584237292434
"39974","Total Nitrogen","Current",224.498392292314,144.16986203816,333.895322929793
"39974","Total Nitrogen","Reference",152.068809204245,77.7164917865059,277.55367629498
"39974","Total Phosphorus","Current",14.2324017727454,7.36694499335387,27.6174902222896
"39974","Total Phosphorus","Reference",6.87864799813531,2.59932184928898,21.7246997047643
"39991","Total Nitrogen","Current",159.086710198144,102.000806584962,235.088086944353
"39991","Total Nitrogen","Reference",136.295761986215,69.7778526226771,249.63533556502
"39991","Total Phosphorus","Current",15.0572226928036,7.7550407412981,30.3535405238562
"39991","Total Phosphorus","Reference",5.07368322490588,1.80572370275361,14.4921671236187
"40004","Total Nitrogen","Current",197.494436794098,126.531012563256,290.141685564229
"40004","Total Nitrogen","Reference",180.500703009215,94.6273182729268,344.417699899456
"40004","Total Phosphorus","Current",17.7155700710119,8.96808573841116,33.4198769042684
"40004","Total Phosphorus","Reference",6.31541743894013,3.66309051134821,11.5166006426157
"40008","Total Nitrogen","Current",525.901404567783,314.485097485466,806.618704835465
"40008","Total Nitrogen","Reference",312.816784273905,149.26844073702,638.357690755862
"40008","Total Phosphorus","Current",45.1494675689419,22.7950491685824,82.7553458832655
"40008","Total Phosphorus","Reference",12.3738860547762,2.55733164283613,85.0784894970626
"40050","Total Nitrogen","Current",73.2776164404767,45.3496315028552,111.289848100548
"40050","Total Nitrogen","Reference",66.328751659384,31.537463497132,125.03584102973
"40050","Total Phosphorus","Current",8.79432233744255,5.68564699359457,14.6461921565928
"40050","Total Phosphorus","Reference",7.40978853049452,5.07893516067888,11.361659185665
"40071","Total Nitrogen","Current",882.78151747602,588.809943819204,1391.33684418082
"40071","Total Nitrogen","Reference",311.715987830102,172.581563481857,609.616968643839
"40071","Total Phosphorus","Current",31.9090318783758,18.6331547700944,55.889215386027
"40071","Total Phosphorus","Reference",12.6416027905737,8.4672852780602,20.1543378594712
"40072","Total Nitrogen","Current",400.863359844418,268.75717815456,590.08050884157
"40072","Total Nitrogen","Reference",230.119023055069,124.973359343672,443.732776621392
"40072","Total Phosphorus","Current",31.2127481609638,12.3613479257447,64.9319441344186
"40072","Total Phosphorus","Reference",10.3908762223832,4.86098081751599,17.4629074617947
"40086","Total Nitrogen","Current",375.216033904255,253.6758655745,553.001742139366
"40086","Total Nitrogen","Reference",250.244145257926,129.739093003183,467.915376273951
"40086","Total Phosphorus","Current",27.9709077556002,10.066757409524,56.1991766000784
"40086","Total Phosphorus","Reference",11.6561950666621,3.48556479520653,22.5321398577428
"40102","Total Nitrogen","Current",148.671532341381,103.29662042522,228.108775121727
"40102","Total Nitrogen","Reference",134.50753515966,69.7769980092562,276.618774359953
"40102","Total Phosphorus","Current",9.07083025804389,5.57018451576818,14.6430819410197
"40102","Total Phosphorus","Reference",8.6451825942772,5.90026628869186,13.2224523998353
"40110","Total Nitrogen","Current",306.061067039518,199.903156209482,447.444959565558
"40110","Total Nitrogen","Reference",230.187797095898,115.620800958033,449.103536407098
"40110","Total Phosphorus","Current",18.9540476521476,10.5636865674199,34.3106054645333
"40110","Total Phosphorus","Reference",8.60615619021062,4.79572425023678,15.7361631539511
"40119","Total Nitrogen","Current",618.773399181127,410.235011551437,886.384812374266
"40119","Total Nitrogen","Reference",259.513950735645,133.316487094145,480.360281854305
"40119","Total Phosphorus","Current",148.026819069291,72.4126029011477,284.387588294816
"40119","Total Phosphorus","Reference",24.1524652897595,10.5005167474399,54.3966308966148
"40124","Total Nitrogen","Current",280.9746182496,189.742945732204,442.699110404542
"40124","Total Nitrogen","Reference",161.319285298933,87.9730253907021,303.482923628495
"40124","Total Phosphorus","Current",34.3716616749851,14.8052608752668,75.1678225258229
"40124","Total Phosphorus","Reference",9.89449446114961,5.35593049670774,15.7999912951285
"40135","Total Nitrogen","Current",711.870202823123,488.056042443196,1070.7467905787
"40135","Total Nitrogen","Reference",256.844853609173,127.790855120282,477.537332846541
"40135","Total Phosphorus","Current",102.650038609708,49.6056641044859,212.959774889775
"40135","Total Phosphorus","Reference",27.3053667821055,11.3374564037089,81.2200067301456
"40188","Total Nitrogen","Current",422.666460910812,288.293721415981,616.570069147362
"40188","Total Nitrogen","Reference",243.933287794667,125.483488795271,471.31579701529
"40188","Total Phosphorus","Current",22.3885742769694,12.4606467929459,39.8484067178637
"40188","Total Phosphorus","Reference",10.1380869738982,7.17296012432149,14.56054837908
"40202","Total Nitrogen","Current",750.40984813836,493.091568840605,1097.15751676837
"40202","Total Nitrogen","Reference",310.00150004253,142.486493944168,642.88163756607
"40202","Total Phosphorus","Current",52.6493174789358,26.3195629466881,103.099690504329
"40202","Total Phosphorus","Reference",24.9403417188726,13.6668365350411,45.1360093051615
"40216","Total Nitrogen","Current",983.039002995115,660.015792541932,1443.58609206606
"40216","Total Nitrogen","Reference",323.821689777345,139.158722089443,630.674391125051
"40216","Total Phosphorus","Current",153.401768107656,78.7631927603253,296.300620935459
"40216","Total Phosphorus","Reference",21.8593584206439,10.5253326318425,68.5417665057461
"40232","Total Nitrogen","Current",781.839427309985,510.845895721201,1142.87251395919
"40232","Total Nitrogen","Reference",318.552196803606,139.546580914632,643.744589943377
"40232","Total Phosphorus","Current",67.5460832221611,34.411611475093,135.105209751489
"40232","Total Phosphorus","Reference",24.6464209394348,11.3041370607648,53.6208124435346
"40289","Total Nitrogen","Current",308.725882245874,207.927805511238,443.968435297107
"40289","Total Nitrogen","Reference",164.461893783588,89.2541386935415,313.059688691925
"40289","Total Phosphorus","Current",23.6215653354812,12.7006513754544,42.2612629157768
"40289","Total Phosphorus","Reference",10.4093551546887,5.51406309456803,24.2124110998573
"40320","Total Nitrogen","Current",294.645618207957,197.22763514767,423.267633514544
"40320","Total Nitrogen","Reference",177.098701881083,92.392536412565,333.746974917239
"40320","Total Phosphorus","Current",62.1732172034269,30.8857063694798,121.003696460422
"40320","Total Phosphorus","Reference",8.62488588963946,5.52616650270673,13.6306732661066
"40326","Total Nitrogen","Current",184.540803261757,124.899461725882,271.782311662929
"40326","Total Nitrogen","Reference",171.31207075076,98.5977247031079,335.305439978381
"40326","Total Phosphorus","Current",18.5145801190965,9.81478162638568,34.35458946537
"40326","Total Phosphorus","Reference",6.09826322035433,3.70061089045966,10.5700784340686
"40327","Total Nitrogen","Current",198.48352836271,130.022347653728,291.632129690455
"40327","Total Nitrogen","Reference",152.466746943576,79.8202300115658,276.143932447484
"40327","Total Phosphorus","Current",27.896628406785,10.4602497379683,52.8206756563448
"40327","Total Phosphorus","Reference",7.81693391279764,2.55459549595219,21.7639711563146
"40396","Total Nitrogen","Current",133.093301187222,85.3467514254125,196.706689028281
"40396","Total Nitrogen","Reference",139.28437356034,73.0743097183192,265.741282901348
"40396","Total Phosphorus","Current",11.9849046045002,7.62717971982433,18.8980259987523
"40396","Total Phosphorus","Reference",8.93401557251807,6.05990182213838,13.6795815877962
"40590","Total Nitrogen","Current",420.294011074762,294.294615292093,655.099555812675
"40590","Total Nitrogen","Reference",175.673172785728,95.5683802353208,331.103922454798
"40590","Total Phosphorus","Current",42.0333845457927,24.787558503634,70.8314049904502
"40590","Total Phosphorus","Reference",7.82512755918043,4.9378919555726,13.1733786691529
"40950","Total Nitrogen","Current",635.669878859084,418.772030998703,1016.76338620239
"40950","Total Nitrogen","Reference",158.951945310911,84.8655008060212,294.631418295924
"40950","Total Phosphorus","Current",115.620973224086,35.3951892130574,251.78799016803
"40950","Total Phosphorus","Reference",12.369925121525,4.89054897585779,34.4494892724258
"41299","Total Nitrogen","Current",1217.48750612216,788.940830656966,1763.89641409249
"41299","Total Nitrogen","Reference",219.752412349528,96.1807631497858,456.8760946641
"41299","Total Phosphorus","Current",47.9773261955855,25.3428833717742,90.9502088205486
"41299","Total Phosphorus","Reference",12.30813377241,6.25627850298998,23.4283578364128
"41305","Total Nitrogen","Current",277.439987682358,185.779773499655,407.24665574808
"41305","Total Nitrogen","Reference",178.182275466538,92.8908538892664,334.718787150256
"41305","Total Phosphorus","Current",19.1872120303274,11.2930299639241,32.3213512426626
"41305","Total Phosphorus","Reference",4.10849146079593,2.81551449145882,6.18948385347986
"41306","Total Nitrogen","Current",661.875279136986,463.462892866907,1005.79908765122
"41306","Total Nitrogen","Reference",74.0344723850228,29.7683063379448,155.018718368878
"41306","Total Phosphorus","Current",14.8919342651455,8.68721605272943,24.2840975682615
"41306","Total Phosphorus","Reference",3.6519132783851,2.10227588841997,6.50050058557791
"41314","Total Nitrogen","Current",883.985789133582,582.809330131591,1288.79383248058
"41314","Total Nitrogen","Reference",273.644230069909,125.286042192304,570.53448684474
"41314","Total Phosphorus","Current",153.055907757435,79.9251774915817,295.140426464816
"41314","Total Phosphorus","Reference",25.5572060327252,11.0503174508193,61.8669988491173
"41335","Total Nitrogen","Current",790.97393857256,547.726486652013,1189.77017657791
"41335","Total Nitrogen","Reference",251.657933185168,127.488897964712,480.307882539498
"41335","Total Phosphorus","Current",22.3604023753225,10.5363738312729,45.320344196595
"41335","Total Phosphorus","Reference",9.73321018454621,5.51102471264997,16.8386269245645
"41359","Total Nitrogen","Current",178.544261391645,107.010276781263,270.631111413226
"41359","Total Nitrogen","Reference",170.255234894104,90.0692555982434,324.325033826584
"41359","Total Phosphorus","Current",28.4690796385709,15.5077286430037,57.6807889055136
"41359","Total Phosphorus","Reference",4.78918769262262,3.1534793835489,7.82339785830261
"41443","Total Nitrogen","Current",624.827198356312,420.146445545054,993.397962069812
"41443","Total Nitrogen","Reference",162.109376675627,86.4049029557915,299.124231936574
"41443","Total Phosphorus","Current",47.7443024898984,23.659938321526,99.5823851762791
"41443","Total Phosphorus","Reference",6.46796177466356,3.39353385081681,13.8839228687027
"41471","Total Nitrogen","Current",340.408536593505,233.850558885887,492.834287683277
"41471","Total Nitrogen","Reference",165.930486645864,84.9730949125571,308.06626130901
"41471","Total Phosphorus","Current",24.5663319390582,14.0484268618291,47.0000182091701
"41471","Total Phosphorus","Reference",10.579975558622,6.12496026895356,19.6256073226041
"41679","Total Nitrogen","Current",97.2316970314398,58.7914681477968,149.688234867801
"41679","Total Nitrogen","Reference",123.128998271211,63.237427649471,230.785844047837
"41679","Total Phosphorus","Current",29.5377417947289,13.8776886429199,58.646995343958
"41679","Total Phosphorus","Reference",5.59859875031045,3.32036875380723,9.66068432598247
"41690","Total Nitrogen","Current",475.850952172542,279.602387233444,728.627750596288
"41690","Total Nitrogen","Reference",319.166693844937,155.221194798726,668.864694099923
"41690","Total Phosphorus","Current",50.1566203606583,25.9100848505442,93.7704113239572
"41690","Total Phosphorus","Reference",12.5816621346912,2.32849728616312,75.3101864058023
"41721","Total Nitrogen","Current",102.919141540737,63.7236494859718,155.740798228188
"41721","Total Nitrogen","Reference",123.128998271211,63.0277637087796,231.283241647965
"41721","Total Phosphorus","Current",38.9368616220214,15.4537413287985,80.3291438321649
"41721","Total Phosphorus","Reference",5.8588667404652,2.91331281841017,11.5892770263008
"41723","Total Nitrogen","Current",108.130544546478,62.4448408376858,161.699713210553
"41723","Total Nitrogen","Reference",125.188815024535,60.7546029732747,231.063175461919
"41723","Total Phosphorus","Current",51.7425608478257,18.5359741000434,111.45878649965
"41723","Total Phosphorus","Reference",5.9538309194145,2.741483228926,12.9616006788853
"41727","Total Nitrogen","Current",113.881761013387,69.0585637176511,182.252077895463
"41727","Total Nitrogen","Reference",125.188815024535,61.7820813899081,223.308836461345
"41727","Total Phosphorus","Current",11.3083755477489,5.87504997258581,20.5962589596977
"41727","Total Phosphorus","Reference",5.70904748946394,2.92383594398844,11.0652573761299
"41743","Total Nitrogen","Current",130.788867560348,74.8722473527254,206.129440481624
"41743","Total Nitrogen","Reference",153.359284815914,69.1544058291875,280.343162748933
"41743","Total Phosphorus","Current",22.1602207565804,9.02994797803813,44.5982892610743
"41743","Total Phosphorus","Reference",6.01955979632132,3.06822508363981,11.1238201964564
"41746","Total Nitrogen","Current",93.3696771578704,51.2476864204804,152.615222279975
"41746","Total Nitrogen","Reference",136.191064794985,66.8813605751738,252.262967701145
"41746","Total Phosphorus","Current",17.0422853315552,7.75711729741026,33.1798884820408
"41746","Total Phosphorus","Reference",5.72784132172653,2.9291768610911,11.270447551306
"41757","Total Nitrogen","Current",88.0795784027933,54.1535525719367,131.064378832257
"41757","Total Nitrogen","Reference",109.599538642715,55.2478501443878,203.361206672254
"41757","Total Phosphorus","Current",31.5304774826075,14.4980183564334,68.8688871912772
"41757","Total Phosphorus","Reference",5.52550723384411,3.22597969465035,9.49849995447652
"41761","Total Nitrogen","Current",95.7465486530923,55.7474543467055,154.8218181249
"41761","Total Nitrogen","Reference",125.188815024535,65.8006096056527,233.14797642582
"41761","Total Phosphorus","Current",21.3179870844061,9.50187638859619,42.3600343228697
"41761","Total Phosphorus","Reference",5.847415860209,2.82378878291062,11.4501651541362
"41768","Total Nitrogen","Current",116.825891545747,67.7797111844147,178.443875594682
"41768","Total Nitrogen","Reference",136.437952951458,70.4863963191021,246.155424774046
"41768","Total Phosphorus","Current",26.4771757173739,10.5288932626138,53.383409725364
"41768","Total Phosphorus","Reference",6.04282441636371,3.01881278960103,10.4748516594826
"41772","Total Nitrogen","Current",92.066126382821,56.379073768951,147.418938369346
"41772","Total Nitrogen","Reference",131.120490099479,65.157769377435,238.398731427171
"41772","Total Phosphorus","Current",19.4890192931022,8.74997063011741,38.1760599329496
"41772","Total Phosphorus","Reference",5.75173587009873,3.35652714906701,9.11461912168257
"42284","Total Nitrogen","Current",710.060980441267,476.325318170487,1106.97955042673
"42284","Total Nitrogen","Reference",348.385658349734,194.622751729374,737.073533920793
"42284","Total Phosphorus","Current",112.337725122855,49.0336522037779,245.972711248382
"42284","Total Phosphorus","Reference",12.3664918731051,3.87652627414405,42.33141312659
"42978","Total Nitrogen","Current",445.41400792216,306.206394823943,662.337936729205
"42978","Total Nitrogen","Reference",176.40539365721,93.2753007435361,320.848628345463
"42978","Total Phosphorus","Current",73.3366966702686,39.4206144410985,141.821965134595
"42978","Total Phosphorus","Reference",8.30315331191443,5.52023773572326,12.8194369565292
"43087","Total Nitrogen","Current",464.7895760438,312.132906659742,693.115198294878
"43087","Total Nitrogen","Reference",229.76379371293,112.234005908258,442.076704909795
"43087","Total Phosphorus","Current",60.9716785597816,30.724602410375,121.736861666938
"43087","Total Phosphorus","Reference",32.5394649257083,13.7592700681706,87.8968285736295
"43269","Total Nitrogen","Current",195.22060063533,129.511866614464,288.869990885896
"43269","Total Nitrogen","Reference",239.891957291657,129.492928154421,466.93173650421
"43269","Total Phosphorus","Current",21.8069931692597,9.87954527432012,44.5043834391718
"43269","Total Phosphorus","Reference",14.0531946833957,6.04569425410099,30.2110318993313
"43566","Total Nitrogen","Current",752.800102102006,492.400811613798,1135.32069656075
"43566","Total Nitrogen","Reference",435.193685747292,211.237655461136,866.722149404763
"43566","Total Phosphorus","Current",31.6106749376879,16.6401008237424,60.1768705656157
"43566","Total Phosphorus","Reference",23.0998995294851,4.20915109064336,120.584101523205
"43639","Total Nitrogen","Current",994.434416407974,670.0792491021,1491.57275916884
"43639","Total Nitrogen","Reference",440.349188846464,207.148983876777,922.361795479336
"43639","Total Phosphorus","Current",147.382560567409,77.5437515925203,294.068441039977
"43639","Total Phosphorus","Reference",16.0665013375389,4.37362941554795,56.9127650589311
"43649","Total Nitrogen","Current",1347.29135682067,885.706826803482,2067.41086818442
"43649","Total Nitrogen","Reference",380.218297699342,199.524662315047,703.766822224381
"43649","Total Phosphorus","Current",111.11503920632,58.6554294911255,218.193326906442
"43649","Total Phosphorus","Reference",16.1943192654154,3.40668423629395,73.202390811088
"43661","Total Nitrogen","Current",834.827650069716,559.227292313323,1255.68441976387
"43661","Total Nitrogen","Reference",420.146271982656,197.823405797479,880.870996482785
"43661","Total Phosphorus","Current",44.7337501728702,23.5318188524439,84.3852377580055
"43661","Total Phosphorus","Reference",15.1691686156255,2.77381883342857,89.9743728399126
"43668","Total Nitrogen","Current",986.14456358709,662.909366731625,1504.12893350312
"43668","Total Nitrogen","Reference",432.664701563917,220.77162443326,879.063147276285
"43668","Total Phosphorus","Current",126.301507872283,64.9536283456115,267.600256145526
"43668","Total Phosphorus","Reference",24.2773351041574,10.7793372806859,56.2112231925956
"43829","Total Nitrogen","Current",2860.0719955469,1804.1361549459,4908.63160089936
"43829","Total Nitrogen","Reference",490.065168174812,230.820905198244,997.170391007638
"43829","Total Phosphorus","Current",184.486339579645,89.9588364037317,373.612649858141
"43829","Total Phosphorus","Reference",19.0119176664329,4.799440306305,78.6054399971821
"43846","Total Nitrogen","Current",1495.79332479773,1003.9418507311,2325.19327637548
"43846","Total Nitrogen","Reference",256.54051661869,127.544109484669,489.478573717661
"43846","Total Phosphorus","Current",169.288176408634,88.1383545584998,326.020450756745
"43846","Total Phosphorus","Reference",16.0200875480809,3.95832231577539,74.0813714334977
"44110","Total Nitrogen","Current",589.522173056242,395.384610030686,916.398498732843
"44110","Total Nitrogen","Reference",212.186444296607,113.067112626895,402.956793427306
"44110","Total Phosphorus","Current",84.9029626223813,27.1158796525038,184.873062040221
"44110","Total Phosphorus","Reference",8.39139747273116,2.87693172077126,24.6588787194694
"44322","Total Nitrogen","Current",892.812069847959,597.337633726706,1436.74103089995
"44322","Total Nitrogen","Reference",213.73061223097,114.427163645578,425.65379855823
"44322","Total Phosphorus","Current",56.1916740181783,26.6707580467513,120.03081462409
"44322","Total Phosphorus","Reference",7.46182089418364,3.3931125590905,17.9112076513044
"44353","Total Nitrogen","Current",842.425993324658,561.801271561666,1357.56199743529
"44353","Total Nitrogen","Reference",229.910866618538,124.328387806779,436.319991787363
"44353","Total Phosphorus","Current",42.0262693694227,21.6111794470206,79.7673944781441
"44353","Total Phosphorus","Reference",7.31807215695416,3.01817823275575,17.4796670899312
"44355","Total Nitrogen","Current",1112.10100233886,771.199044886367,1707.26042220152
"44355","Total Nitrogen","Reference",290.235309507979,144.420152081024,632.939590306639
"44355","Total Phosphorus","Current",126.631236685768,64.3860308353604,240.483429567061
"44355","Total Phosphorus","Reference",18.8705557550639,5.61456614338244,63.2378615584875
"44364","Total Nitrogen","Current",1316.14983992006,794.745949958879,2391.96310558245
"44364","Total Nitrogen","Reference",214.063727614335,115.19384523008,421.67951677457
"44364","Total Phosphorus","Current",55.3583303396183,30.9081261301237,108.177241828447
"44364","Total Phosphorus","Reference",7.01865157361693,3.55522998585328,14.5655201883532
"44387","Total Nitrogen","Current",176.84013069342,122.219178530079,260.60859075946
"44387","Total Nitrogen","Reference",182.691371121237,97.3872625421459,360.093750613511
"44387","Total Phosphorus","Current",11.205318129853,5.70019737431954,22.0255227794586
"44387","Total Phosphorus","Reference",8.14853742365556,3.54138573509647,17.6348468077396
"44391","Total Nitrogen","Current",2034.82700721731,1332.00496434786,3186.60577232754
"44391","Total Nitrogen","Reference",394.212991768647,179.455804343196,845.595027837604
"44391","Total Phosphorus","Current",206.554538373933,97.8016789616592,429.486964592054
"44391","Total Phosphorus","Reference",19.4454907465635,8.59985150859833,47.624322302459
"44570","Total Nitrogen","Current",419.406558296598,296.374139650607,617.674193290009
"44570","Total Nitrogen","Reference",207.923656425863,115.376278306568,381.242765721934
"44570","Total Phosphorus","Current",23.3964306516738,13.0125389013206,43.4253413569684
"44570","Total Phosphorus","Reference",7.12494074540686,3.7754311990132,14.3427866615651
"44572","Total Nitrogen","Current",362.241341272553,247.045827022476,520.308510086518
"44572","Total Nitrogen","Reference",150.526081358754,77.7504180166006,278.119521146335
"44572","Total Phosphorus","Current",28.4602635578323,13.70659964059,55.3558652336791
"44572","Total Phosphorus","Reference",6.29652996736269,3.06445150865214,12.9996309780458
"44575","Total Nitrogen","Current",371.331290345361,254.993698943964,552.134713986882
"44575","Total Nitrogen","Reference",146.553802457874,77.004622085601,270.015482455574
"44575","Total Phosphorus","Current",25.5976377299147,12.7152775104401,49.3789513581711
"44575","Total Phosphorus","Reference",6.13391127257407,3.89903367271812,9.54799447131228
"44579","Total Phosphorus","Current",88.7570481455439,46.3391958623358,165.684468521249
"44579","Total Phosphorus","Reference",18.216267736778,4.98272373850136,67.9319328512761
"44599","Total Nitrogen","Current",1542.10079876082,1033.36329121958,2286.76814952696
"44599","Total Nitrogen","Reference",362.648880244843,176.163351505422,720.312350742324
"44599","Total Phosphorus","Current",157.174769048518,81.0436872344472,334.67280292799
"44599","Total Phosphorus","Reference",18.6509298135858,6.40799544343486,55.3167231902344
"44615","Total Nitrogen","Current",1481.96056461867,973.616673851542,2220.15072260276
"44615","Total Nitrogen","Reference",305.075443292295,147.975477136673,592.840933632824
"44615","Total Phosphorus","Current",324.52916428297,165.457125103988,619.643781357139
"44615","Total Phosphorus","Reference",15.8600057965853,4.0914274091542,68.8407421394953
"44619","Total Nitrogen","Current",1235.49138404753,831.599097298606,1831.98327018146
"44619","Total Nitrogen","Reference",298.903054883053,133.987089774687,589.744207558823
"44619","Total Phosphorus","Current",580.497308172227,293.125862791929,1107.41413923985
"44619","Total Phosphorus","Reference",15.6748315483318,3.41177853852566,70.3258626504136
"44657","Total Nitrogen","Current",690.246929283929,463.796201534282,987.322087804727
"44657","Total Nitrogen","Reference",275.697957715678,147.886218102941,553.17947018793
"44657","Total Phosphorus","Current",75.3429787156193,23.3182246923626,163.000052144236
"44657","Total Phosphorus","Reference",8.75759921185424,2.7501677013016,25.7576130888355
"44689","Total Nitrogen","Current",1444.14467056614,992.157640028316,2181.1231120482
"44689","Total Nitrogen","Reference",360.537041908497,164.886187429762,720.739057572311
"44689","Total Phosphorus","Current",135.920115213917,71.825269196932,279.490031022427
"44689","Total Phosphorus","Reference",18.8763993529972,5.72846558463871,59.6100386623612
"44694","Total Nitrogen","Current",1910.08156975674,1222.19920504089,3052.06401469174
"44694","Total Nitrogen","Reference",508.385679254713,213.546804856634,1140.82273232365
"44694","Total Phosphorus","Current",52.095059600563,28.5216951488706,98.2858875669831
"44694","Total Phosphorus","Reference",17.7815880506617,6.2137809934143,57.5713712033085
"44734","Total Nitrogen","Current",964.015941081887,643.752359919905,1475.1401048811
"44734","Total Nitrogen","Reference",233.375850992731,115.027740627543,430.492880240878
"44734","Total Phosphorus","Current",39.532694957497,17.9460522470729,82.6110561254186
"44734","Total Phosphorus","Reference",6.9911602924305,2.48907940559053,20.545956913014
"44746","Total Nitrogen","Current",1582.1821941269,1015.04118012354,2415.16587757303
"44746","Total Nitrogen","Reference",671.559816277091,311.725234421014,1593.02506897753
"44746","Total Phosphorus","Current",98.8130639489431,50.1472538975624,194.974078262918
"44746","Total Phosphorus","Reference",19.5459108874794,7.26451606838811,57.1947818415972
"45048","Total Nitrogen","Current",462.826453366486,321.06479122112,693.43951718153
"45048","Total Nitrogen","Reference",155.94341017243,76.2915357464694,292.453521304981
"45048","Total Phosphorus","Current",11.8288956303951,7.19546647739786,19.9949797114074
"45048","Total Phosphorus","Reference",5.69710855436976,3.93808165690089,8.62453598277919
"45123","Total Nitrogen","Current",500.568556558014,340.515629412849,761.525360194024
"45123","Total Nitrogen","Reference",218.421540339563,117.611572973954,419.121223550057
"45123","Total Phosphorus","Current",44.12294736702,25.6548549141305,74.8067062055683
"45123","Total Phosphorus","Reference",6.81212848238617,3.08001002502237,14.5894251973749
"45150","Total Nitrogen","Current",326.395417254088,223.408565411527,467.502461693144
"45150","Total Nitrogen","Reference",154.098741845489,79.4249525678582,280.34755352816
"45150","Total Phosphorus","Current",11.8791292122376,6.89271312974053,20.6543180290965
"45150","Total Phosphorus","Reference",5.94292178670478,3.52935335707486,9.91506159855877
"45151","Total Nitrogen","Current",130.166157316697,84.0796754115598,196.856189638595
"45151","Total Nitrogen","Reference",85.9069586891974,44.4599053792034,159.962960506438
"45151","Total Phosphorus","Current",11.4928067077203,6.57387410203067,20.7211259285083
"45151","Total Phosphorus","Reference",4.93780849881785,3.65017434923688,6.86770583682788
"45153","Total Nitrogen","Current",383.764414976305,261.212476007721,557.460084397975
"45153","Total Nitrogen","Reference",148.134987085242,78.9797783091157,266.098685953742
"45153","Total Phosphorus","Current",22.2739231968223,13.211506677539,41.6054321059586
"45153","Total Phosphorus","Reference",5.79539355109862,3.74216772698757,9.39780259628619
"45155","Total Nitrogen","Current",434.288542327589,297.351183279252,626.951295699218
"45155","Total Nitrogen","Reference",158.805109635251,81.3064525229641,310.451592828802
"45155","Total Phosphorus","Current",23.7041839501726,13.5471664857267,41.5438310716148
"45155","Total Phosphorus","Reference",5.80474850388126,3.71966225020199,9.22688716432757
"45230","Total Nitrogen","Current",729.803192951941,473.980818957592,1226.34285210109
"45230","Total Nitrogen","Reference",204.452150938603,112.793602444067,375.675913163382
"45230","Total Phosphorus","Current",31.2774230563405,18.5039667574111,59.4881487275207
"45230","Total Phosphorus","Reference",6.98991089748566,3.32548032834453,15.1764755119365
"45250","Total Nitrogen","Current",383.123180343012,269.00871944726,551.911538489077
"45250","Total Nitrogen","Reference",282.699671905196,153.351384191816,564.884998163615
"45250","Total Phosphorus","Current",25.6542029109348,14.7011620859394,45.7304007957275
"45250","Total Phosphorus","Reference",14.2064638067633,7.10682344356786,28.9284160459288
"45266","Total Nitrogen","Current",70.5682649790925,37.0730649558191,119.071304552353
"45266","Total Nitrogen","Reference",137.089259594889,69.190829833841,252.475898981741
"45266","Total Phosphorus","Current",37.9713993459131,17.5751239940172,80.3204055110195
"45266","Total Phosphorus","Reference",5.5701625682978,2.72688267322684,11.4393951035495
"45302","Total Nitrogen","Current",155.032650951572,99.4934211761048,229.117781739472
"45302","Total Nitrogen","Reference",122.279694048504,62.0146682165161,230.228263231105
"45302","Total Phosphorus","Current",32.9562525749675,13.9736025270616,67.1124908517573
"45302","Total Phosphorus","Reference",5.67697646816616,2.88302025390391,11.559791084678
"45341","Total Nitrogen","Current",74.8938981315961,42.0774345892516,130.502941227437
"45341","Total Nitrogen","Reference",132.043462949634,67.3774329374155,233.141673936096
"45341","Total Phosphorus","Current",66.4601049723952,25.4252898882834,140.546583655334
"45341","Total Phosphorus","Reference",5.76588072078165,3.29680623996462,10.6648084170874
"45356","Total Nitrogen","Current",177.417145090692,110.458332009353,264.638928676824
"45356","Total Nitrogen","Reference",138.017909177349,70.1947863885442,258.142500562598
"45356","Total Phosphorus","Current",59.4932951761311,22.368427699499,130.904251365771
"45356","Total Phosphorus","Reference",5.64163025605451,2.7769325444449,11.3133486778219
"45360","Total Nitrogen","Current",82.7754865634367,48.68289467739,129.790928905185
"45360","Total Nitrogen","Reference",123.103605623848,63.0542857755753,225.021571072664
"45360","Total Phosphorus","Current",20.659931318014,11.436586627426,37.5971762571117
"45360","Total Phosphorus","Reference",5.2885309476595,3.71708477918362,7.68823054846455
"45362","Total Nitrogen","Current",82.7924985640892,49.936197682963,130.814940354416
"45362","Total Nitrogen","Reference",123.128998271211,63.7111057834484,219.65267755253
"45362","Total Phosphorus","Current",29.9960002826528,14.1165950327099,60.9827856924521
"45362","Total Phosphorus","Reference",5.63457914810256,3.2160521733017,9.95155543769594
"45379","Total Nitrogen","Current",80.771302606157,45.3307195441325,128.042824897348
"45379","Total Nitrogen","Reference",123.128998271211,63.5187211720215,217.184065440941
"45379","Total Phosphorus","Current",25.3177666375377,12.4022379942166,47.9581834986785
"45379","Total Phosphorus","Reference",5.38975301210843,3.18448917012621,9.43654098186574
"45381","Total Nitrogen","Current",142.807938201406,89.7451565886092,216.085748440717
"45381","Total Nitrogen","Reference",128.081453778758,61.3193074690004,232.286537584763
"45381","Total Phosphorus","Current",19.0067309184733,9.600911811578,37.7116300085191
"45381","Total Phosphorus","Reference",5.55614839121557,3.29233502695638,9.29090483758747
"45411","Total Nitrogen","Current",60.310061061333,35.0111899195732,98.2388352406273
"45411","Total Nitrogen","Reference",116.453394758335,59.0167806267046,211.783844279236
"45411","Total Phosphorus","Current",16.3319753344001,8.97783686131874,28.7735487585122
"45411","Total Phosphorus","Reference",5.63630455063017,3.30836715853031,10.182009860262
"45434","Total Nitrogen","Current",174.161620497414,107.97676299429,265.321906304111
"45434","Total Nitrogen","Reference",153.218881174567,75.0461994226608,299.835600505676
"45434","Total Phosphorus","Current",7.72263447802047,4.67405421607069,13.0756496215274
"45434","Total Phosphorus","Reference",5.12490537572172,3.80732263343205,7.01382394921321
"45483","Total Nitrogen","Current",826.780786697591,555.983647043593,1367.92710716804
"45483","Total Nitrogen","Reference",68.470502556433,29.9078558328367,138.423886626614
"45483","Total Phosphorus","Current",13.8174603895859,8.7112488245205,22.5976070425224
"45483","Total Phosphorus","Reference",3.56504689435094,2.08294797693469,6.4038638053702
"45499","Total Nitrogen","Current",832.035224406208,541.074477988243,1335.23242200863
"45499","Total Nitrogen","Reference",66.783343486679,25.7980783195045,134.468850166281
"45499","Total Phosphorus","Current",9.71207406565564,5.1397118257392,19.3476804689884
"45499","Total Phosphorus","Reference",3.29460112806709,1.53654039558552,7.57226425489499
"45501","Total Nitrogen","Current",2055.55348844723,1230.95832505433,3831.14274605362
"45501","Total Nitrogen","Reference",73.5563573255455,31.691127863802,149.412616141771
"45501","Total Phosphorus","Current",32.0790294138123,19.1222016155823,55.333358108207
"45501","Total Phosphorus","Reference",3.51943853372634,2.19476767469805,5.80693832573676
"45503","Total Nitrogen","Current",471.886291564354,320.385137065327,744.489577510489
"45503","Total Nitrogen","Reference",58.5097534610621,25.7026728839418,115.803587355082
"45503","Total Phosphorus","Current",15.5214880692945,9.43968441726854,25.4646184920074
"45503","Total Phosphorus","Reference",3.73513217255173,1.70532318074253,8.58281669850241
"45504","Total Nitrogen","Current",812.879077244224,547.898580421213,1222.49284039106
"45504","Total Nitrogen","Reference",69.9417317501341,29.0137666946942,144.047662967031
"45504","Total Phosphorus","Current",22.5258522610801,13.4847584801097,38.3633412408253
"45504","Total Phosphorus","Reference",3.65132538825995,1.91846232900569,6.94894911124119
"45514","Total Nitrogen","Current",81.7220839543489,51.0724541211494,123.45069852176
"45514","Total Nitrogen","Reference",81.0448235839729,41.6590930144206,148.671513092544
"45514","Total Phosphorus","Current",6.07166062304995,3.86829536176987,9.59888640281075
"45514","Total Phosphorus","Reference",4.93659557967466,2.83909176894491,9.01496811280033
"45520","Total Nitrogen","Current",1239.88373122847,852.866560016052,1985.64306296015
"45520","Total Nitrogen","Reference",84.9969329605199,34.103891844979,189.067628347942
"45520","Total Phosphorus","Current",17.7262842519532,11.1960910394922,29.5534227468057
"45520","Total Phosphorus","Reference",3.58916529301759,1.81261930950141,7.58840919996715
"45525","Total Nitrogen","Current",122.774944289219,80.4089187749067,181.167454440194
"45525","Total Nitrogen","Reference",138.270326016062,75.1135130177813,248.754173292059
"45525","Total Phosphorus","Current",6.60762823366403,3.73883523177253,11.8115339442256
"45525","Total Phosphorus","Reference",8.79925036655997,4.90464642450037,15.1970141554295
"45534","Total Nitrogen","Current",267.418746446154,179.978536523526,399.070925986988
"45534","Total Nitrogen","Reference",230.983719141071,119.795781091437,453.616597532894
"45534","Total Phosphorus","Current",14.3106412727181,7.220027162846,27.3836625779891
"45534","Total Phosphorus","Reference",3.7972434520985,1.68947751457638,9.97562431172429
"45541","Total Nitrogen","Current",974.00282432103,624.994152682095,1611.89329700857
"45541","Total Nitrogen","Reference",63.6309897403742,28.4738294103028,135.188196624928
"45541","Total Phosphorus","Current",35.9054620084098,16.3543808067086,76.475628335858
"45541","Total Phosphorus","Reference",3.91201255253815,1.66385679853871,9.57068131925247
"45543","Total Nitrogen","Current",354.940304461016,245.520667354224,519.137674832187
"45543","Total Nitrogen","Reference",152.715075905336,82.0298109708951,279.525876853776
"45543","Total Phosphorus","Current",3.37728367823779,2.23353685834218,5.24056146660046
"45543","Total Phosphorus","Reference",5.25424151501461,3.33031401792649,8.74030395763171
"45599","Total Nitrogen","Current",230.040754063509,134.804120735801,371.608709337654
"45599","Total Nitrogen","Reference",258.550760390836,123.187576564108,490.794203224716
"45599","Total Phosphorus","Current",17.2208002601745,9.42948763942651,32.8965738871883
"45599","Total Phosphorus","Reference",13.2262638723618,3.65642339150785,56.1401301611638
"45674","Total Nitrogen","Current",122.891075291135,78.1089073969628,183.498143956434
"45674","Total Nitrogen","Reference",123.128998271211,58.8615830677228,224.823812789411
"45674","Total Phosphorus","Current",75.4137359983708,21.3431839478393,153.423628986604
"45674","Total Phosphorus","Reference",6.40379184955675,2.39350239339147,13.8230383426615
"45678","Total Nitrogen","Current",91.8372979404595,57.6778483175442,138.332309848719
"45678","Total Nitrogen","Reference",108.200553507066,54.1255338755588,192.930696236173
"45678","Total Phosphorus","Current",65.0784988754505,24.2905866034022,145.860207577235
"45678","Total Phosphorus","Reference",5.76947416427409,3.07320065942446,10.7592800459962
"45683","Total Nitrogen","Current",107.233434330269,64.960115098841,160.148706904778
"45683","Total Nitrogen","Reference",176.114147233434,97.1344785371822,335.830078137304
"45683","Total Phosphorus","Current",12.6000372584757,6.89568452803762,23.8922589079361
"45683","Total Phosphorus","Reference",5.93160911987025,2.08057428687444,17.5218172776835
"45686","Total Nitrogen","Current",111.446461414748,70.7574370363939,168.637413350965
"45686","Total Nitrogen","Reference",152.288501175162,81.0203943506433,286.841486983781
"45686","Total Phosphorus","Current",12.5933781088955,7.6571492548794,20.6927877423509
"45686","Total Phosphorus","Reference",5.57315855946562,2.12995734844948,15.6391194866392
"45688","Total Nitrogen","Current",91.4326859169333,55.3005722729131,137.448020377179
"45688","Total Nitrogen","Reference",157.54491245283,83.8336839802599,292.788878113388
"45688","Total Phosphorus","Current",5.69510924934794,3.55445987272779,8.97713505640514
"45688","Total Phosphorus","Reference",5.45907993499296,2.31318689549539,13.0733661240369
"45723","Total Nitrogen","Current",130.259823906386,78.4342708987382,194.094339548471
"45723","Total Nitrogen","Reference",131.079859563312,65.1596480431018,235.434441890089
"45723","Total Phosphorus","Current",17.2942171085348,9.66888571270397,30.4011691339141
"45723","Total Phosphorus","Reference",5.16872487269797,3.67960255936873,7.5361521371398
"45724","Total Nitrogen","Current",570.304161346299,395.842405886629,847.663469425486
"45724","Total Nitrogen","Reference",71.1623644261329,28.5057653641837,147.559446143306
"45724","Total Phosphorus","Current",17.3143050631437,9.04445912990069,33.8577017366317
"45724","Total Phosphorus","Reference",3.89963175850769,1.66617425397881,9.65676929915108
"45811","Total Nitrogen","Current",227.804185709391,150.901427742434,328.560307306362
"45811","Total Nitrogen","Reference",168.509844189788,92.689354766385,320.049046616123
"45812","Total Nitrogen","Current",220.233662757188,146.58872694339,314.64720120077
"45812","Total Nitrogen","Reference",157.338026782616,83.9664301585111,307.467505367926
"45813","Total Nitrogen","Current",294.400998162842,193.749905014697,423.784067106857
"45813","Total Nitrogen","Reference",186.979321698373,90.8845238501791,359.847759572593
"45814","Total Nitrogen","Current",194.867086447914,135.899752567742,282.307563311895
"45814","Total Nitrogen","Reference",145.593225114724,76.104163987467,260.163207509231
"45819","Total Nitrogen","Current",311.999489039375,205.91740110038,440.297365220283
"45819","Total Nitrogen","Reference",201.705513408326,102.866241531481,395.557034745205
"45826","Total Nitrogen","Current",1710.10899628867,1141.35560671392,2660.28637293173
"45826","Total Nitrogen","Reference",460.17458888777,230.007846627784,950.926215844338
"45826","Total Phosphorus","Current",124.670819850765,63.489495344062,243.352121723908
"45826","Total Phosphorus","Reference",18.5218849301967,6.18383925679232,55.213899306768
"45831","Total Nitrogen","Current",1438.65718812296,960.108353553637,2226.74081724191
"45831","Total Nitrogen","Reference",409.107617648112,207.765763964159,809.103215101044
"45831","Total Phosphorus","Current",40.2643322616984,20.9027316560535,79.6588436505159
"45831","Total Phosphorus","Reference",19.8441528310214,5.73290558945262,75.5408252649447
"45856","Total Nitrogen","Current",2458.301829175,1583.30310683083,4210.11096930141
"45856","Total Nitrogen","Reference",458.143537283873,220.143824222993,954.838183982855
"45856","Total Phosphorus","Current",136.512295595638,66.4643832951466,289.855899703317
"45856","Total Phosphorus","Reference",20.6745403322684,5.05000501544652,108.375807510196
"45890","Total Nitrogen","Current",403.818976170362,270.082303593232,579.29616227823
"45890","Total Nitrogen","Reference",221.484792015165,110.006514165867,458.021478197332
"45890","Total Phosphorus","Current",21.8862539380473,11.5806686206133,41.0217875505089
"45890","Total Phosphorus","Reference",10.8572120948147,5.06182485158066,25.8175257206399
"45905","Total Nitrogen","Current",181.010994093564,122.740799313902,260.399945298303
"45905","Total Nitrogen","Reference",145.757921892601,78.2895560930091,277.012638759067
"45905","Total Phosphorus","Current",13.5873296884198,8.41820435399377,22.0286685433948
"45905","Total Phosphorus","Reference",8.16851641357996,6.10927625916187,11.0731515337218
"45924","Total Nitrogen","Current",97.3094885808022,61.7575548088502,148.202399295068
"45924","Total Nitrogen","Reference",109.680543914351,53.6637350403908,197.132616769802
"45924","Total Phosphorus","Current",10.8935202911453,6.90125371868119,17.2758920741544
"45924","Total Phosphorus","Reference",5.03208936587006,3.44719056518489,7.65831672378133
"45930","Total Nitrogen","Current",573.033522953559,377.341607873137,859.96736855533
"45930","Total Nitrogen","Reference",462.39777129341,220.042083836208,914.843915671072
"45930","Total Phosphorus","Current",11.1974142434106,5.85069751894568,21.8040295969438
"45930","Total Phosphorus","Reference",43.0449616490555,5.70651622684335,282.212408868548
"45935","Total Nitrogen","Current",408.878996037175,270.762114355775,585.201739906414
"45935","Total Nitrogen","Reference",201.408885216965,97.4681594089322,371.463702531091
"45935","Total Phosphorus","Current",29.578231619625,16.6714264156721,52.7500838369215
"45935","Total Phosphorus","Reference",10.5265250638191,5.57593375981375,20.8274791704129
"45975","Total Nitrogen","Current",847.612925595733,596.360273498835,1220.50303578003
"45975","Total Nitrogen","Reference",325.690474487361,174.291025810806,651.671909798128
"45975","Total Phosphorus","Current",82.6530756890277,35.4992608139544,173.549964342941
"45975","Total Phosphorus","Reference",13.0315619930503,5.26004025020777,33.0275728475786
"45980","Total Nitrogen","Current",998.255941812844,670.43040122172,1467.01180843062
"45980","Total Nitrogen","Reference",366.69378652224,177.897666624869,753.371500981559
"45980","Total Phosphorus","Current",266.172256416606,141.570058291715,492.871874883039
"45980","Total Phosphorus","Reference",39.5815446329376,12.4120867709836,149.708388320791
"46043","Total Nitrogen","Current",147.518261181264,96.1165252128602,216.785881313646
"46043","Total Nitrogen","Reference",130.12581368772,67.4706389515977,239.991100748887
"46043","Total Phosphorus","Current",32.9360446527494,13.3357468629961,67.4330789180426
"46043","Total Phosphorus","Reference",5.17437772069281,1.86960202338284,14.3715829206389
"46047","Total Nitrogen","Current",75.984338980852,44.4559701708225,118.924065050345
"46047","Total Nitrogen","Reference",134.002627899509,67.555436196672,247.449088566395
"46047","Total Phosphorus","Current",22.0262663933809,12.2090679252501,41.3762158327557
"46047","Total Phosphorus","Reference",6.09996834254741,2.59348265260109,15.9332295647251
"46051","Total Nitrogen","Current",92.6360946507322,54.4248662853165,144.221634118909
"46051","Total Nitrogen","Reference",135.526561351794,68.6371819650577,243.347474048044
"46051","Total Phosphorus","Current",11.9377394330868,6.89502374838522,20.5108449063634
"46051","Total Phosphorus","Reference",4.8292889889448,1.85681828857996,13.136767259651
"46090","Total Nitrogen","Current",190.777303469721,113.581692018375,287.093489773941
"46090","Total Nitrogen","Reference",249.130130866388,130.869088661908,466.27272942907
"46090","Total Phosphorus","Current",11.1824158623187,6.07278171575695,21.081056611364
"46090","Total Phosphorus","Reference",8.39594608592757,3.30784829299942,22.5613367480179
"46124","Total Nitrogen","Current",176.32754339141,114.50445511347,260.768373992947
"46124","Total Nitrogen","Reference",138.639436781892,65.3156444779258,262.29231691528
"46124","Total Phosphorus","Current",43.766590864425,17.6304534859922,89.3009268763752
"46124","Total Phosphorus","Reference",5.86253582753866,3.25682678714259,10.3638013285925
"46125","Total Nitrogen","Current",227.651151146299,144.204678321808,339.106031438548
"46125","Total Nitrogen","Reference",209.581049699038,105.000993689205,382.923447193896
"46125","Total Phosphorus","Current",27.5075953179873,13.1920307101697,60.8189176857555
"46125","Total Phosphorus","Reference",8.92183847083738,3.67485970295043,22.9332841276071
"46137","Total Nitrogen","Current",49.4631916738499,26.6658192597436,88.4047140344638
"46137","Total Nitrogen","Reference",123.128998271211,60.1298329109411,224.10681466019
"46137","Total Phosphorus","Current",25.6790999752664,12.8619075466968,49.6262918678714
"46137","Total Phosphorus","Reference",5.54223740232462,3.00155259886903,11.4888045311249
"46138","Total Nitrogen","Current",45.4025370207433,23.2735600316804,86.1811457920352
"46138","Total Nitrogen","Reference",131.498613895418,63.4468899326864,234.316444399486
"46138","Total Phosphorus","Current",39.4487790465986,19.9986323202622,79.1461551321202
"46138","Total Phosphorus","Reference",5.36776259420846,3.23982060878558,9.4862590228967
"46140","Total Nitrogen","Current",241.521085721373,151.227655745914,370.507647754785
"46140","Total Nitrogen","Reference",220.278089766972,108.964246292469,443.222812245338
"46140","Total Phosphorus","Current",23.5849634204465,11.8728130010914,44.5293558974863
"46140","Total Phosphorus","Reference",7.90841875118959,4.97048605121686,12.741981468441
"46152","Total Nitrogen","Current",87.3247849353467,51.4019090547532,137.288738761006
"46152","Total Nitrogen","Reference",123.128998271211,61.617940683879,225.214412375339
"46152","Total Phosphorus","Current",46.9993151494065,18.62676696354,98.4553014713372
"46152","Total Phosphorus","Reference",5.68844491358846,3.39724253524474,9.08083939720284
"46158","Total Nitrogen","Current",481.145015045594,289.721766050824,748.975704942789
"46158","Total Nitrogen","Reference",318.751460671264,146.928488468735,644.187286955644
"46158","Total Phosphorus","Current",44.2656701891383,22.3824103911834,82.343950147607
"46158","Total Phosphorus","Reference",12.8100857631933,3.38590035751558,45.4270366066635
"46160","Total Nitrogen","Current",286.408127952814,162.094439777996,462.974958899067
"46160","Total Nitrogen","Reference",241.600552265277,113.541995135275,503.61873483687
"46160","Total Phosphorus","Current",66.1262922592081,33.310310181622,125.119097775547
"46160","Total Phosphorus","Reference",16.088063807626,6.34590017454682,41.8826177450729
"46163","Total Nitrogen","Current",339.870906758222,210.013739572599,547.460262476642
"46163","Total Nitrogen","Reference",290.245641803216,140.822093721478,554.990867903859
"46163","Total Phosphorus","Current",44.1611456927876,23.0370217559832,86.1498384680591
"46163","Total Phosphorus","Reference",12.7920840598156,3.661836717272,52.090133299228
"46212","Total Nitrogen","Current",71.0574977733808,42.7777171991938,112.583366148655
"46212","Total Nitrogen","Reference",108.468702220672,54.1027443192603,190.460678291226
"46212","Total Phosphorus","Current",23.4490431428976,12.4035687620277,46.9574195139088
"46212","Total Phosphorus","Reference",5.43448375752702,3.21403275462516,9.28965153119365
"46265","Total Nitrogen","Current",185.750248798646,109.245821459355,291.902577949063
"46265","Total Nitrogen","Reference",232.938842820049,114.112330307416,454.614774171252
"46265","Total Phosphorus","Current",12.8459851458542,6.75216421169459,23.9202538641704
"46265","Total Phosphorus","Reference",5.94749245092968,1.8965824482246,21.0006628702552
"46301","Total Nitrogen","Current",335.081310610518,188.744576095254,530.145341311131
"46301","Total Nitrogen","Reference",318.358507390949,150.151740761962,655.802145904619
"46301","Total Phosphorus","Current",28.8503924797015,14.855853222783,53.8079699200668
"46301","Total Phosphorus","Reference",13.2185153583204,2.3086807246045,80.6954068427254
"46358","Total Nitrogen","Current",98.3918510635125,57.3268451161177,154.385371756891
"46358","Total Nitrogen","Reference",131.498613895418,66.940086701287,251.250081173051
"46358","Total Phosphorus","Current",13.677507274077,7.00484010816082,25.7616885875153
"46358","Total Phosphorus","Reference",5.65712583906809,3.12074481498531,9.63418979547436
"46371","Total Nitrogen","Current",113.458199455632,67.557858886517,175.81926159878
"46371","Total Nitrogen","Reference",156.739586972231,74.8514968445388,290.435829769953
"46371","Total Phosphorus","Current",15.9200739442986,7.64660018810636,30.6845977383363
"46371","Total Phosphorus","Reference",7.60945920603496,3.58577829452468,15.7145371348177
"46471","Total Nitrogen","Current",164.43625314549,107.040841535041,246.165808799123
"46471","Total Nitrogen","Reference",139.48370368363,72.9326191168917,265.590731958454
"46471","Total Phosphorus","Current",9.18934977650821,5.09330664002739,15.9858272381848
"46471","Total Phosphorus","Reference",5.40048868195103,3.15476208954445,9.49309171872751
"46484","Total Nitrogen","Current",205.603016513461,129.911070412543,301.618711696891
"46484","Total Nitrogen","Reference",165.016677546105,82.0502677448118,307.710405079019
"46484","Total Phosphorus","Current",10.3223741834066,6.04905980848949,17.9615813655579
"46484","Total Phosphorus","Reference",4.82861816077079,1.30247250226245,18.3339483302231
"46493","Total Nitrogen","Current",226.42891943697,149.056162546634,333.874840063808
"46493","Total Nitrogen","Reference",142.634542576639,68.4290810039305,269.977718619899
"46493","Total Phosphorus","Current",13.2942709150635,7.81215612582293,22.3168252666729
"46493","Total Phosphorus","Reference",5.10619838297393,3.35988230258878,7.96471236386358
"46496","Total Nitrogen","Current",203.096657173796,134.065254372405,294.502392197202
"46496","Total Nitrogen","Reference",131.2554067293,67.0346524207635,242.025620850461
"46496","Total Phosphorus","Current",12.2518643784527,7.7676024390072,19.6645308844067
"46496","Total Phosphorus","Reference",4.98443860558662,3.24141125953506,7.95061661552312
"46564","Total Nitrogen","Current",83.5549663384267,51.6757639583241,127.956961433326
"46564","Total Nitrogen","Reference",95.6592024021941,50.0602271581668,173.135426731552
"46564","Total Phosphorus","Current",8.2908920767955,5.27332574380995,13.5636970176963
"46564","Total Phosphorus","Reference",5.01199427761278,2.81497102495692,9.38840542272857
"46630","Total Nitrogen","Current",128.636904835007,85.7891383976807,189.593800683101
"46630","Total Nitrogen","Reference",123.128998271211,63.3535580219486,229.775348639894
"46630","Total Phosphorus","Current",12.5096890144015,6.53950892172137,24.9999247026992
"46630","Total Phosphorus","Reference",5.56340794265704,2.89117666884894,10.7736465864268
"46632","Total Nitrogen","Current",121.453399034765,68.3778047294515,190.515207363422
"46632","Total Nitrogen","Reference",140.143225752159,69.5383344727423,244.261093677221
"46632","Total Phosphorus","Current",13.6683672683436,6.25323879759353,26.5212098343713
"46632","Total Phosphorus","Reference",5.87216273422845,2.89665473132479,11.0409833761053
"46635","Total Nitrogen","Current",89.1917981898535,53.8263660924103,139.187329891224
"46635","Total Nitrogen","Reference",123.113246534929,64.1973867059691,232.066263107129
"46635","Total Phosphorus","Current",19.1826490531378,9.0902192383309,36.9098622266267
"46635","Total Phosphorus","Reference",5.6930610080201,3.01687134340217,10.6794184913835
"46696","Total Nitrogen","Current",641.646813380278,446.452590917134,987.018877997202
"46696","Total Nitrogen","Reference",70.9945436039768,29.1873975675948,155.98438759817
"46696","Total Phosphorus","Current",8.54565110014601,5.50620968019144,13.5181814998269
"46696","Total Phosphorus","Reference",3.48671640005647,2.00749584515895,6.64369839750075
"46723","Total Nitrogen","Current",147.443267445237,86.5829673890628,233.003382338122
"46723","Total Nitrogen","Reference",154.167372646803,73.8722786207395,297.852036150662
"46723","Total Phosphorus","Current",19.1120775350392,9.76098905080659,38.3772067936941
"46723","Total Phosphorus","Reference",5.76976890884149,1.69472378528512,21.4547378293333
"46724","Total Nitrogen","Current",164.092724950233,95.3225855955954,263.221704135346
"46724","Total Nitrogen","Reference",257.618408599728,133.497832052486,496.893114304292
"46724","Total Phosphorus","Current",13.3758221626916,6.90593443940077,25.2453608418326
"46724","Total Phosphorus","Reference",8.60578281455887,3.38005730451206,23.7099881670204
"46725","Total Nitrogen","Current",127.734941446636,79.2104344417136,195.174047509017
"46725","Total Nitrogen","Reference",175.571612153597,95.642732111967,319.533580666516
"46725","Total Phosphorus","Current",17.0965481122922,9.00748835938689,32.6567571585923
"46725","Total Phosphorus","Reference",7.9177078217897,4.00640611632252,15.6922999665005
"46762","Total Nitrogen","Current",500.464197661677,306.129021571022,788.263931016429
"46762","Total Nitrogen","Reference",358.260727575816,174.324807375682,736.500089588718
"46762","Total Phosphorus","Current",22.6869645508865,12.515721910857,42.4758324649061
"46762","Total Phosphorus","Reference",20.8156617084861,3.33798177432758,151.691484364281
"46763","Total Nitrogen","Current",477.971449508663,289.657278519845,738.02986668609
"46763","Total Nitrogen","Reference",356.079493660331,161.883643547855,706.427750593532
"46763","Total Phosphorus","Current",20.2889719945901,11.1844281001476,39.7979874586605
"46763","Total Phosphorus","Reference",21.7139084360067,3.4583297190629,146.5182324726
"46775","Total Nitrogen","Current",51.8346231718988,27.8838195127664,89.8052834874383
"46775","Total Nitrogen","Reference",115.022682509984,61.6294128606136,208.877036552315
"46775","Total Phosphorus","Current",18.7612195950939,10.5718039840238,34.8084176907352
"46775","Total Phosphorus","Reference",5.28176992696568,3.24576515013623,9.16081388268065
"46792","Total Nitrogen","Current",189.069531509046,106.372414564453,312.559326014372
"46792","Total Nitrogen","Reference",258.248943737275,125.011948996814,480.779028286485
"46792","Total Phosphorus","Current",22.4558383131863,11.425836434529,44.4124776092
"46792","Total Phosphorus","Reference",13.3045390298637,3.19160648969096,51.4090653193816
"46799","Total Nitrogen","Current",252.548515652714,151.240056662245,388.27514685113
"46799","Total Nitrogen","Reference",253.193802097178,125.41211193527,485.01863282273
"46799","Total Phosphorus","Current",24.804908942542,13.3607295498062,45.699039826374
"46799","Total Phosphorus","Reference",13.6320015484352,2.43564582518019,102.301281400118
"46820","Total Nitrogen","Current",98.9088782424321,58.0464437837209,156.665645419099
"46820","Total Nitrogen","Reference",126.985621025582,66.8350465648204,235.385996392592
"46820","Total Phosphorus","Current",36.9823965688202,15.7322598547973,78.2271821162883
"46820","Total Phosphorus","Reference",5.92109252343902,2.77689259409505,12.1236443036339
"46822","Total Nitrogen","Current",143.147205339252,86.6388007996366,216.283156377815
"46822","Total Nitrogen","Reference",142.676867835947,72.6465356270151,257.35322819756
"46822","Total Phosphorus","Current",63.4613878553514,20.4684663669138,133.934396331356
"46822","Total Phosphorus","Reference",6.17740858111106,2.65672446148551,13.4161330465291
"46827","Total Nitrogen","Current",138.986176443882,85.1441348890352,217.250040486246
"46827","Total Nitrogen","Reference",136.191064794985,69.352526485202,246.322988661644
"46827","Total Phosphorus","Current",106.249497031201,38.0736379839624,249.823200057933
"46827","Total Phosphorus","Reference",5.68342259724712,3.27794008611049,9.77970588509598
"46835","Total Nitrogen","Current",99.1196837125359,60.0590201671134,152.303802293813
"46835","Total Nitrogen","Reference",119.168246534774,59.9242566647564,215.09266622328
"46835","Total Phosphorus","Current",14.4656057426273,7.07616997656216,27.6796987901274
"46835","Total Phosphorus","Reference",5.83202299321359,2.86514938134621,12.2745770921476
"46860","Total Nitrogen","Current",131.975688824158,79.2116965944712,202.420914016601
"46860","Total Nitrogen","Reference",137.089259594889,68.5874478806619,249.794068259443
"46860","Total Phosphorus","Current",26.7263596161661,10.3796399703073,50.1961501560257
"46860","Total Phosphorus","Reference",6.46440725252997,2.41615277757212,14.1169842769596
"46893","Total Nitrogen","Current",92.5504217680634,51.6518427257959,159.353224230228
"46893","Total Nitrogen","Reference",142.634542576639,73.7512524851584,260.382705460724
"46893","Total Phosphorus","Current",7.71849045273199,4.13390401794804,13.9941919452151
"46893","Total Phosphorus","Reference",5.60788451333139,3.31413953814626,9.57451126639501
"46912","Total Nitrogen","Current",126.880533912809,80.7545569194725,190.488150907473
"46912","Total Nitrogen","Reference",123.415814194813,62.7514751443513,223.691194688022
"46912","Total Phosphorus","Current",158.897637245289,47.8485112268333,378.144333712155
"46912","Total Phosphorus","Reference",5.82739464340471,3.08040561232741,10.6623243743942
"46918","Total Nitrogen","Current",103.532429667157,61.9594703626098,160.328212718547
"46918","Total Nitrogen","Reference",123.128998271211,62.1476801241889,221.676537498358
"46918","Total Phosphorus","Current",59.0523110504331,22.2911681148136,127.12147161058
"46918","Total Phosphorus","Reference",5.71158464971989,3.15768363588054,9.39223881931126
"46926","Total Nitrogen","Current",99.6044667943991,60.8046727219656,156.726443435544
"46926","Total Nitrogen","Reference",125.302067310011,64.796808909136,230.255247104041
"46926","Total Phosphorus","Current",55.8378642606808,21.3152287268741,125.709997003884
"46926","Total Phosphorus","Reference",5.76584655788163,3.01701845212651,11.4824679737409
"46939","Total Nitrogen","Current",93.4924404304084,57.0992289339354,151.100003225994
"46939","Total Nitrogen","Reference",123.128998271211,60.6400936130945,222.637273278971
"46939","Total Phosphorus","Current",46.861650474731,17.2978844487978,106.519463574024
"46939","Total Phosphorus","Reference",5.94735821907272,2.78654918069046,13.181900013784
"46942","Total Nitrogen","Current",321.678684950868,177.448840958427,537.321893393751
"46942","Total Nitrogen","Reference",323.531724733803,153.188561609357,635.939080431545
"46942","Total Phosphorus","Current",26.0248416799693,12.8372619081871,48.1667556260266
"46942","Total Phosphorus","Reference",12.9551652164452,2.16776097746068,92.0918671085985
"46957","Total Nitrogen","Current",132.541226054332,72.2683006833473,217.42995443196
"46957","Total Nitrogen","Reference",220.957218364178,110.708900293168,441.566030869807
"46957","Total Phosphorus","Current",8.01442170026212,4.40404304396232,14.5204536864163
"46957","Total Phosphorus","Reference",6.0939195231973,2.29336905485807,16.2638188146762
"46959","Total Nitrogen","Current",92.7723650936418,58.2875778164354,138.645801969144
"46959","Total Nitrogen","Reference",141.435728444352,74.4637853714177,256.942153019821
"46959","Total Phosphorus","Current",12.9206622847598,7.91952961749897,21.3783967770226
"46959","Total Phosphorus","Reference",5.39770141256133,3.17974366078204,10.0146218177467
"46964","Total Nitrogen","Current",105.658273843755,59.6253169173972,163.249097677421
"46964","Total Nitrogen","Reference",177.019399657744,87.3189052433363,328.594233970631
"46964","Total Phosphorus","Current",21.0312222490566,10.7026436657349,40.6700777715251
"46964","Total Phosphorus","Reference",6.05617907139196,1.79473560716359,21.9325537490296
"47033","Total Nitrogen","Current",766.941943213447,528.919015033244,1151.31913896176
"47033","Total Nitrogen","Reference",272.459584124262,135.657184889306,494.251586531749
"47033","Total Phosphorus","Current",18.0765987697977,9.56167488369063,35.0078381136668
"47033","Total Phosphorus","Reference",10.5769001002269,4.72178366315821,25.9716522447129
"47067","Total Nitrogen","Current",143.397535864138,92.314321689189,210.643971999287
"47067","Total Nitrogen","Reference",112.448213769234,57.4309438907208,209.596323282009
"47067","Total Phosphorus","Current",23.320805458019,10.1114635325027,48.3066256400662
"47067","Total Phosphorus","Reference",7.99882092983206,4.37477250670334,13.2476279226866
"47090","Total Nitrogen","Current",284.531520266173,184.001438972066,406.620184130028
"47090","Total Nitrogen","Reference",211.579993912252,107.651793311267,409.886766884718
"47090","Total Phosphorus","Current",14.0980436612513,6.96713123959262,26.0667575979516
"47090","Total Phosphorus","Reference",6.36823695637105,2.39796233971714,17.7109520179303
"47095","Total Nitrogen","Current",219.500860968722,142.456559145244,313.177479233876
"47095","Total Nitrogen","Reference",182.40940063385,97.6853380687033,340.956245848595
"47095","Total Phosphorus","Current",11.4210228218879,6.76191886987551,20.7846540188072
"47095","Total Phosphorus","Reference",5.87188529665654,2.92429896396683,11.3996897582984
"47105","Total Nitrogen","Current",158.331248248442,93.3890384333996,250.018989861025
"47105","Total Nitrogen","Reference",209.442539542516,113.199955218596,387.192679314313
"47105","Total Phosphorus","Current",9.88339620788836,5.40256178660408,17.9897972737097
"47105","Total Phosphorus","Reference",6.14047140757727,2.44970410764959,18.4048858946054
"47156","Total Nitrogen","Current",266.330776969364,174.245163057266,389.419184732981
"47156","Total Nitrogen","Reference",220.478815675671,116.526478661575,441.108396182166
"47156","Total Phosphorus","Current",13.4920821736968,6.64091395526216,25.4188675312275
"47156","Total Phosphorus","Reference",3.88238082375112,1.5218336584122,9.92606199258655
"47193","Total Nitrogen","Current",528.670006651644,362.996110965901,805.72949867777
"47193","Total Nitrogen","Reference",83.4367763187607,36.5445044500216,158.110098432944
"47193","Total Phosphorus","Current",5.66641223961055,3.05176047241063,11.386594189244
"47193","Total Phosphorus","Reference",3.49376257321846,2.24638627053576,6.09645912017461
"47196","Total Nitrogen","Current",503.221456961363,347.963240527531,764.286455024809
"47196","Total Nitrogen","Reference",68.5253990199219,26.8542572002634,138.773252583091
"47196","Total Phosphorus","Current",3.30077413473441,2.19584669306804,5.02595586571096
"47196","Total Phosphorus","Reference",3.45518060936216,1.58223305274074,8.3123553926098
"47198","Total Nitrogen","Current",356.042176358162,241.730562237381,522.88013331087
"47198","Total Nitrogen","Reference",284.094979796254,158.188491936378,565.734125541196
"47198","Total Phosphorus","Current",5.2492214688227,3.53400253878331,8.21934082352115
"47198","Total Phosphorus","Reference",6.38485722208885,3.44593320812139,11.8416099085095
"47227","Total Nitrogen","Current",613.812923508629,421.192978508449,894.052595706247
"47227","Total Nitrogen","Reference",81.3110451054496,36.0221278833117,174.259499002086
"47227","Total Phosphorus","Current",14.4927978777752,9.12017347522888,24.4730287520204
"47227","Total Phosphorus","Reference",3.62130779577938,1.679666062388,7.81470873291588
"47228","Total Nitrogen","Current",72.8111279715514,46.0970839420065,110.52079435874
"47228","Total Nitrogen","Reference",100.14197259365,54.4479879127251,186.458610531124
"47228","Total Phosphorus","Current",10.5386462882659,6.71620555615555,16.4669737147848
"47228","Total Phosphorus","Reference",5.56750523252204,4.14329874499857,7.61663037321015
"47383","Total Nitrogen","Current",179.418446544123,111.497211529226,260.855845738865
"47383","Total Nitrogen","Reference",146.877263102991,72.2030796081151,260.919681447224
"47383","Total Phosphorus","Current",10.1427446754158,6.55942480589407,16.4538833367146
"47383","Total Phosphorus","Reference",4.86939549280819,3.4041911818097,7.00028364309058
"47399","Total Nitrogen","Current",70.4110761582959,41.544636327295,114.711480656334
"47399","Total Nitrogen","Reference",109.17944428008,55.2183508883606,201.267644991878
"47399","Total Phosphorus","Current",22.1080487967077,11.305278772622,43.5146149104751
"47399","Total Phosphorus","Reference",5.43560345577465,3.21497989144747,10.0272160260519
"47404","Total Nitrogen","Current",93.6707781946196,54.6121345280145,144.513946434577
"47404","Total Nitrogen","Reference",118.906420807958,60.8156349513685,218.008613905163
"47404","Total Phosphorus","Current",24.8421638879883,11.6102117510386,49.5388188398793
"47404","Total Phosphorus","Reference",5.64976900804987,3.44172898501332,9.23635282302097
"47406","Total Nitrogen","Current",89.0184560905236,54.430180052335,134.579797872243
"47406","Total Nitrogen","Reference",110.807062047198,55.121480697597,210.161397791734
"47406","Total Phosphorus","Current",18.2556978835048,9.7454154053431,35.5285482580121
"47406","Total Phosphorus","Reference",5.50173340851483,3.56819425646776,8.19992238797482
"47414","Total Nitrogen","Current",106.39813793304,66.2340125849573,154.873665026911
"47414","Total Nitrogen","Reference",107.5848932838,56.6690411542095,198.257908460928
"47414","Total Phosphorus","Current",55.8468677688167,24.3182148723032,117.302289069612
"47414","Total Phosphorus","Reference",5.55811782407064,3.20927128051019,9.46308258391246
"47417","Total Nitrogen","Current",104.014092242224,61.0991858261299,162.518791197882
"47417","Total Nitrogen","Reference",123.415814194813,64.8772703405449,224.554935548434
"47417","Total Phosphorus","Current",33.6686982574231,15.728442658721,72.9758651086137
"47417","Total Phosphorus","Reference",5.72841946087947,3.37803862946987,9.32302844218618
"47491","Total Nitrogen","Current",219.342259075776,131.94698839834,334.756531806445
"47491","Total Nitrogen","Reference",223.973980891359,107.770308969463,432.704161251061
"47491","Total Phosphorus","Current",9.89048974576042,5.84620439041178,16.7592971031365
"47491","Total Phosphorus","Reference",5.59490002296132,3.22800489488356,10.0127368550499
"47579","Total Nitrogen","Current",942.839703379831,615.438529567841,1405.6011066114
"47579","Total Nitrogen","Reference",479.154704764985,233.835317489231,918.784634907649
"47579","Total Phosphorus","Current",123.951081575482,67.6594599559667,239.262127992619
"47579","Total Phosphorus","Reference",18.9065021182047,5.20493324472443,62.7367328786574
"47791","Total Nitrogen","Current",419.190216327757,285.822037363475,612.581155109482
"47791","Total Nitrogen","Reference",67.9446438058904,26.846365279273,138.356918859377
"47791","Total Phosphorus","Current",30.6870075348145,15.719796609197,63.9447683753342
"47791","Total Phosphorus","Reference",3.86307205378354,1.90445431369123,7.6516199955691
"47814","Total Nitrogen","Current",106.38410722237,65.3170039803383,174.644391332066
"47814","Total Nitrogen","Reference",223.383520310679,119.951497670998,413.343161744527
"47814","Total Phosphorus","Current",14.1722770962278,7.72310617201203,25.4269626532623
"47814","Total Phosphorus","Reference",3.68649183537552,2.09513796332603,7.37248624844454
"47859","Total Nitrogen","Current",736.944469701778,504.059499837388,1113.99309873193
"47859","Total Nitrogen","Reference",68.2771524260683,30.1636658854856,140.042308929775
"47859","Total Phosphorus","Current",24.5627494874821,10.847669293803,49.5457003876063
"47859","Total Phosphorus","Reference",4.05097782319731,1.61003172820626,9.73082795979026
"47860","Total Nitrogen","Current",445.61276045897,313.903298312599,652.760967509803
"47860","Total Nitrogen","Reference",68.3459609552865,30.7108832358934,143.825551588044
"47860","Total Phosphorus","Current",11.7515342530189,7.45942300254357,19.4819891524039
"47860","Total Phosphorus","Reference",3.63688739855378,1.92825674170378,6.62903995010762
"47869","Total Nitrogen","Current",200.570227766623,125.300390370433,300.353042139029
"47869","Total Nitrogen","Reference",155.950912888459,79.18238825833,304.632449866139
"47869","Total Phosphorus","Current",14.8117007967345,8.06049213329074,27.8800822435768
"47869","Total Phosphorus","Reference",5.13763669476057,3.20822219786758,8.53505583619044
"47877","Total Nitrogen","Current",216.868914412171,138.539216573213,320.883951304597
"47877","Total Nitrogen","Reference",140.823537763013,70.9030402110457,248.585513331494
"47877","Total Phosphorus","Current",18.8118694806271,10.5312607566864,34.9440764810357
"47877","Total Phosphorus","Reference",5.1297023821159,3.80225220811166,7.21411222445687
"47878","Total Nitrogen","Current",70.6332918949057,37.6846045137501,125.391980931378
"47878","Total Nitrogen","Reference",144.086471983049,71.6264369180509,257.808751823883
"47878","Total Phosphorus","Current",44.3766992419285,21.123583593606,93.1084548011386
"47878","Total Phosphorus","Reference",5.26425944027281,3.68816796673765,7.40479668994125
"47892","Total Nitrogen","Current",228.506628808831,157.923192296877,329.066202140686
"47892","Total Nitrogen","Reference",141.765101564817,73.6262672755576,271.367653415824
"47892","Total Phosphorus","Current",21.5229821814937,13.0351193740824,36.1375832227082
"47892","Total Phosphorus","Reference",4.72801873091169,3.34699542630179,6.89653640833137
"48018","Total Nitrogen","Current",318.324847039376,213.496563815206,455.580479213905
"48018","Total Nitrogen","Reference",226.412089172641,123.57076154146,435.965754323532
"48018","Total Phosphorus","Current",17.5433215930288,9.466960898746,32.0721334479485
"48018","Total Phosphorus","Reference",3.68246775110319,1.63438008459359,9.18195969488964
"48027","Total Nitrogen","Current",238.690897605853,156.854222019088,343.057199848289
"48027","Total Nitrogen","Reference",222.121994804011,119.369225818608,425.250723009566
"48027","Total Phosphorus","Current",10.4798348779102,6.02129289280476,18.4941466489
"48027","Total Phosphorus","Reference",3.58589532737881,2.01339927361952,6.4460983642277
"48177","Total Nitrogen","Current",3131.00680757179,2030.4589753759,4968.13789224603
"48177","Total Nitrogen","Reference",572.191933387225,268.798493026724,1204.06291780065
"48177","Total Phosphorus","Current",117.387019948395,54.9939601801762,245.642653087255
"48177","Total Phosphorus","Reference",19.681253869367,7.71964298342851,48.8889468769148
"48207","Total Nitrogen","Current",164.668177806206,100.955547251314,243.635222938863
"48207","Total Nitrogen","Reference",179.314232583431,94.0619158715615,332.478135415737
"48207","Total Phosphorus","Current",45.4152487209947,16.8098479535628,89.6727582646853
"48207","Total Phosphorus","Reference",5.09694028709314,2.49509276881762,9.50556584910029
"48213","Total Nitrogen","Current",148.636476119726,98.5303642936919,218.361848401414
"48213","Total Nitrogen","Reference",204.407688270433,109.447698917664,394.212884737367
"48213","Total Phosphorus","Current",14.8565188945461,9.21215057669332,24.0785570670386
"48213","Total Phosphorus","Reference",5.34453465466687,3.8305777282028,7.65388971867601
"48216","Total Nitrogen","Current",168.718208283973,103.238062308328,253.298756551714
"48216","Total Nitrogen","Reference",295.632780467862,156.098084513977,613.68364667835
"48216","Total Phosphorus","Current",14.7081849909804,7.83103628903757,27.6696410495695
"48216","Total Phosphorus","Reference",9.29750152477973,5.26451640305612,17.5943989260047
"48217","Total Nitrogen","Current",188.096342227925,125.641159827248,274.178087439804
"48217","Total Nitrogen","Reference",209.394609240068,110.33221490177,391.126878581486
"48217","Total Phosphorus","Current",18.9301237989098,11.2962904732647,32.4196703163464
"48217","Total Phosphorus","Reference",3.52424150700956,2.22603790903676,6.06595210757594
"48374","Total Nitrogen","Current",86.9967048374646,51.8227730757279,129.747181249378
"48374","Total Nitrogen","Reference",107.869324665097,55.2319229549987,197.320286204895
"48374","Total Phosphorus","Current",38.0773558891781,16.7105294558215,75.5180519549722
"48374","Total Phosphorus","Reference",5.56846015192254,3.22384057893131,9.41928874763827
"48375","Total Nitrogen","Current",149.31968022795,92.8887821646915,222.343677750958
"48375","Total Nitrogen","Reference",135.763135266776,71.2794160151499,241.589760673014
"48375","Total Phosphorus","Current",43.4746346798925,16.1647460550674,95.8942886424282
"48375","Total Phosphorus","Reference",5.96464347193832,2.72953704333494,12.4350042936155
"48381","Total Nitrogen","Current",104.897374111481,62.5792083961788,164.943492432933
"48381","Total Nitrogen","Reference",131.165593120554,65.2473463945225,239.834580192081
"48381","Total Phosphorus","Current",37.4712898830185,15.316073636836,78.5713649498262
"48381","Total Phosphorus","Reference",5.81370213177096,3.02223538193037,11.5203402601701
"48387","Total Nitrogen","Current",84.0577621459835,50.0072098457628,133.12426420191
"48387","Total Nitrogen","Reference",118.63008575791,57.5135685145914,210.783275420745
"48387","Total Phosphorus","Current",20.2347874211119,10.6647183982639,39.9298980262018
"48387","Total Phosphorus","Reference",5.48003925703881,3.23310862334048,9.61206438509239
"48395","Total Nitrogen","Current",75.9164940016702,43.0613825262929,123.468826399158
"48395","Total Nitrogen","Reference",123.128998271211,66.6560035435185,236.39649028885
"48395","Total Phosphorus","Current",45.334215607477,20.6879624161023,95.0826428179057
"48395","Total Phosphorus","Reference",5.50283216608496,3.31949864954745,9.47536950598578
"48447","Total Nitrogen","Current",449.525542351996,298.293292154835,649.314638325279
"48447","Total Nitrogen","Reference",178.490961860283,89.4115252871941,347.375782489804
"48447","Total Phosphorus","Current",18.9175963671283,10.8374992453693,34.8323231111345
"48447","Total Phosphorus","Reference",5.76853576364687,3.75785346959391,9.17177652636083
"48451","Total Nitrogen","Current",90.2643055127589,59.3541423258826,138.544678961146
"48451","Total Nitrogen","Reference",76.3894681638989,39.6584413194918,152.776085158834
"48451","Total Phosphorus","Current",8.8187672356194,4.71278086808168,16.6887655625649
"48451","Total Phosphorus","Reference",4.3791835688938,2.99655609811357,6.85522107599924
"48455","Total Nitrogen","Current",201.436023470253,123.380323918582,313.263848529082
"48455","Total Nitrogen","Reference",176.349893026609,88.0672679734094,336.666563945325
"48455","Total Phosphorus","Current",14.4790220035227,8.26270039836574,25.6610871540416
"48455","Total Phosphorus","Reference",5.2528072280984,3.72035958459174,7.61068174154924
"48456","Total Nitrogen","Current",220.949367338224,144.097568824744,320.420333136829
"48456","Total Nitrogen","Reference",143.940389753097,74.7951591663957,266.839507847732
"48456","Total Phosphorus","Current",19.5458832936525,11.603635055737,33.3159985618043
"48456","Total Phosphorus","Reference",4.96553496169875,3.9079735689661,6.3692552270808
"48468","Total Nitrogen","Current",182.197577968144,111.481170638066,277.44956850013
"48468","Total Nitrogen","Reference",166.05123308995,82.9816700534875,313.473567860878
"48468","Total Phosphorus","Current",41.1505491245096,19.4172800136709,87.2275350425341
"48468","Total Phosphorus","Reference",5.35714845145123,3.13326651532402,9.15748212355351
"48491","Total Nitrogen","Current",119.84756107775,76.3600888173473,176.094350137761
"48491","Total Nitrogen","Reference",123.128998271211,61.0335537507547,232.326163085204
"48491","Total Phosphorus","Current",27.3403211937151,12.146305535505,55.361924768917
"48491","Total Phosphorus","Reference",5.70806381635767,3.17004133173009,10.1074136235211
"48595","Total Nitrogen","Current",272.277385778778,187.645469376267,393.063046756337
"48595","Total Nitrogen","Reference",61.9160005905762,27.4383758479282,125.162177501439
"48595","Total Phosphorus","Current",19.7485047007069,10.7605044386092,37.7022140390698
"48595","Total Phosphorus","Reference",3.80663888953593,1.67742098297028,8.71171172501533
"48597","Total Nitrogen","Current",188.921492503258,125.975758945593,280.755585544286
"48597","Total Nitrogen","Reference",199.317372231299,104.15158861864,379.360454244501
"48597","Total Phosphorus","Current",23.8733556674753,14.4216042252525,40.756458480975
"48597","Total Phosphorus","Reference",3.61528696394002,2.07333215413796,6.09827734264442
"48657","Total Nitrogen","Current",156.957128375803,93.2896654257178,243.938737692526
"48657","Total Nitrogen","Reference",159.554923481242,76.4504647577577,305.242356887441
"48657","Total Phosphorus","Current",21.3513182707176,12.5997068939393,37.3716939658524
"48657","Total Phosphorus","Reference",4.9947317332672,3.476034865915,7.39632341456932
"48660","Total Nitrogen","Current",257.119999594309,173.186940059718,381.013315551256
"48660","Total Nitrogen","Reference",276.652941104196,145.342515501812,528.168999645024
"48660","Total Phosphorus","Current",26.0215228006475,16.2188595919668,44.2539200210497
"48660","Total Phosphorus","Reference",7.41364423146491,5.61317116762534,10.1515703441529
"48663","Total Nitrogen","Current",252.278027801099,166.051571478597,367.876359578474
"48663","Total Nitrogen","Reference",235.967508804297,119.604784422682,449.302806465908
"48663","Total Phosphorus","Current",37.1617744926566,20.5211826758775,67.1383651970862
"48663","Total Phosphorus","Reference",3.59071426939192,2.17513632217602,6.24386855966125
"48673","Total Nitrogen","Current",709.504353634098,489.50508610976,1060.1479073518
"48673","Total Nitrogen","Reference",305.906211358806,158.476695668734,627.636526344768
"48673","Total Phosphorus","Current",125.598174011709,63.9772167992958,246.540512774061
"48673","Total Phosphorus","Reference",8.94987345702548,1.70121832857861,50.1633333684013
"48700","Total Nitrogen","Current",413.108768387862,283.746186180697,668.676433983664
"48700","Total Nitrogen","Reference",132.407168799595,70.8898050271649,252.698064329318
"48700","Total Phosphorus","Current",27.3816350745032,16.436234357853,48.0187723828175
"48700","Total Phosphorus","Reference",5.45771287705931,3.90629890078878,8.22656513550627
"48841","Total Nitrogen","Current",685.568908753604,464.663906352929,1068.33688087161
"48841","Total Nitrogen","Reference",169.62617141539,87.1112499703376,325.608964046833
"48841","Total Phosphorus","Current",34.0143695861218,16.0331563292634,69.6896793863538
"48841","Total Phosphorus","Reference",7.0928267546466,2.5423832239219,21.7520623816305
"49007","Total Nitrogen","Current",1560.13672705225,1063.67346362828,2402.89652755386
"49007","Total Nitrogen","Reference",304.569258829078,139.975443758726,647.140613545088
"49007","Total Phosphorus","Current",58.1880976331988,30.7552806189787,112.697908788353
"49007","Total Phosphorus","Reference",15.4294446128901,5.57920450912322,50.9377815822157
"49090","Total Nitrogen","Current",1184.04133728628,805.2727397714,1799.36847294929
"49090","Total Nitrogen","Reference",309.240403717874,152.659813147603,586.643930183541
"49090","Total Phosphorus","Current",171.65388606669,80.9418263390213,353.893939660357
"49090","Total Phosphorus","Reference",30.5141901438523,15.2694208062416,60.6494204860641
"49091","Total Nitrogen","Current",1233.74685887132,797.901889156462,1817.62297763927
"49091","Total Nitrogen","Reference",311.753956644334,150.789020778551,637.907801177446
"49091","Total Phosphorus","Current",280.460490052507,141.258424095909,577.006165168484
"49091","Total Phosphorus","Reference",24.2559123419058,11.664534411789,56.4723638438009
"49169","Total Nitrogen","Current",1015.44411168004,668.717899355629,1511.39992847574
"49169","Total Nitrogen","Reference",290.036274588791,137.433120448255,553.26813137561
"49169","Total Phosphorus","Current",158.638935140611,85.5966985688911,307.327050599284
"49169","Total Phosphorus","Reference",33.0951496782737,11.3898294046772,97.0130514398639
"49180","Total Nitrogen","Current",967.626691815518,655.302266760339,1422.0854538022
"49180","Total Nitrogen","Reference",279.706672759755,125.225908331922,559.126777690018
"49180","Total Phosphorus","Current",118.687709925252,63.4876070232415,237.101437985903
"49180","Total Phosphorus","Reference",34.322426054545,17.3913441993174,69.4567255910342
"49186","Total Nitrogen","Current",1616.24334580173,1065.1467319731,2467.46526847839
"49186","Total Nitrogen","Reference",284.117967387799,133.942462186498,576.220888229837
"49186","Total Phosphorus","Current",248.399239086906,122.910287028682,542.470187012806
"49186","Total Phosphorus","Reference",38.0349285821968,18.5957794766582,97.3512158969818
"49200","Total Nitrogen","Current",1075.12005613961,694.978688750997,1585.85907007982
"49200","Total Nitrogen","Reference",405.96865471455,191.109876580354,911.233326254313
"49200","Total Phosphorus","Current",345.694231619055,175.940411746803,723.509992615297
"49200","Total Phosphorus","Reference",38.1804847210511,19.029134714095,79.026017690811
"49239","Total Nitrogen","Current",638.898970186994,441.175278629592,937.172346606628
"49239","Total Nitrogen","Reference",300.501408639059,151.336179049788,589.363444539847
"49239","Total Phosphorus","Current",53.2999598190517,28.4196280424495,103.883607367394
"49239","Total Phosphorus","Reference",11.8412430551246,7.4670816981014,18.6295149327221
"49295","Total Nitrogen","Current",806.552406727403,534.890950723757,1339.39088865495
"49295","Total Nitrogen","Reference",164.1464599904,86.6478495130635,314.226666126914
"49295","Total Phosphorus","Current",16.6016045915864,10.4023578319577,28.8598991777106
"49295","Total Phosphorus","Reference",9.92009060203867,6.0428656902571,16.9355293636106
"49309","Total Nitrogen","Current",467.876480392442,324.169440679339,725.591561701888
"49309","Total Nitrogen","Reference",333.372287191586,181.142262239135,697.404034924121
"49309","Total Phosphorus","Current",80.6668649243749,45.7891454860843,148.514701999864
"49309","Total Phosphorus","Reference",10.5871553206714,4.09966513408774,27.6743635901489
"49334","Total Nitrogen","Current",416.664330823589,272.511772888561,601.266528149399
"49334","Total Nitrogen","Reference",267.147625281041,135.642920464021,513.076272321545
"49334","Total Phosphorus","Current",45.1694745730068,23.8982405085538,85.5152951995995
"49334","Total Phosphorus","Reference",23.6011684259652,7.94720681301451,69.3768609709373
"49337","Total Nitrogen","Current",770.839718837334,525.165926104666,1159.46347703888
"49337","Total Nitrogen","Reference",493.001800833087,247.356379605593,979.027691960875
"49337","Total Phosphorus","Current",467.74256239897,238.220404260926,929.591621484051
"49337","Total Phosphorus","Reference",42.2101397462273,18.1565568762315,106.064842889721
"49414","Total Nitrogen","Current",397.808447671968,264.056519705058,582.071779230239
"49414","Total Nitrogen","Reference",249.219844395134,120.14959282113,441.410328094166
"49414","Total Phosphorus","Current",49.0118916725342,25.7503211621809,98.6302165826182
"49414","Total Phosphorus","Reference",24.8048209202833,12.5875197375342,51.2485390087154
"49573","Total Nitrogen","Current",896.926930360299,618.07641560104,1351.99478233685
"49573","Total Nitrogen","Reference",427.24923560439,220.052753025584,914.995231481724
"49573","Total Phosphorus","Current",45.663924517252,23.6470457116245,87.889853013274
"49573","Total Phosphorus","Reference",43.3450490661798,11.4579513465241,211.259996718507
"49583","Total Nitrogen","Current",584.481019523486,393.319238822749,865.53758156792
"49583","Total Nitrogen","Reference",297.021510212822,154.522192031949,579.217540456042
"49583","Total Phosphorus","Current",25.4233381282562,13.7365688402321,47.8387402102493
"49583","Total Phosphorus","Reference",32.8460901892135,14.7695658678928,72.221078982503
"49643","Total Nitrogen","Current",695.569865007375,485.681116678275,994.886576202737
"49643","Total Nitrogen","Reference",323.759229449962,159.466547221062,635.572967248628
"49643","Total Phosphorus","Current",262.432598652609,126.847564603371,520.134856947479
"49643","Total Phosphorus","Reference",37.9528342985642,16.5022292112507,85.7821589365041
"49706","Total Nitrogen","Current",121.376958499005,74.4650822350376,183.298335898104
"49706","Total Nitrogen","Reference",135.586150307523,67.3880804058681,245.042727526424
"49706","Total Phosphorus","Current",17.0560731892049,7.91925235026558,34.3522266814882
"49706","Total Phosphorus","Reference",5.21696342910317,1.21870980172875,22.85016066848
"49714","Total Nitrogen","Current",174.964069159144,114.846145542164,261.748765288383
"49714","Total Nitrogen","Reference",136.263282595074,66.8466333471122,246.760390260055
"49714","Total Phosphorus","Current",28.5265312457072,12.9242115748054,60.7751584021592
"49714","Total Phosphorus","Reference",5.71254580913807,3.34838635240964,9.75661728999216
"49715","Total Nitrogen","Current",108.858263329404,66.291525401065,160.036020625383
"49715","Total Nitrogen","Reference",135.271050762287,70.4225311590114,252.635229073001
"49715","Total Phosphorus","Current",14.7114084711937,7.50813531844725,27.6998615246092
"49715","Total Phosphorus","Reference",5.00236935123814,1.31506261682255,22.7709483278148
"49716","Total Nitrogen","Current",107.185313241224,65.1656190064067,166.339929985753
"49716","Total Nitrogen","Reference",135.697779919504,66.1005974398803,250.112441774424
"49716","Total Phosphorus","Current",15.3331069111187,8.02811911223829,29.5131955127915
"49716","Total Phosphorus","Reference",4.98494533604679,1.52010655234493,15.3583448491379
"49721","Total Nitrogen","Current",160.012125528355,98.0381170415539,237.820777423083
"49721","Total Nitrogen","Reference",192.261489825819,104.007406762004,353.186547916858
"49721","Total Phosphorus","Current",13.6665693759838,7.32368865098776,27.1290082287526
"49721","Total Phosphorus","Reference",11.1146932736422,2.50401635933517,50.3011597291983
"49880","Total Nitrogen","Current",796.486716444824,536.8142739869,1198.83943186181
"49880","Total Nitrogen","Reference",472.917699740709,242.429792241345,994.874489575731
"49880","Total Phosphorus","Current",70.6511648690683,37.1500175572097,138.127308457375
"49880","Total Phosphorus","Reference",41.1889208046686,7.74931542939743,226.653009281224
"49884","Total Nitrogen","Current",681.736164096738,457.451272756954,994.674148360204
"49884","Total Nitrogen","Reference",525.6069304221,265.698908688398,1102.1718226923
"49884","Total Phosphorus","Current",94.9690537982097,48.102209889589,189.163009927637
"49884","Total Phosphorus","Reference",39.1255126769937,13.8512679957467,113.607405822655
"49885","Total Nitrogen","Current",517.57743333247,341.051320416412,750.885757499298
"49885","Total Nitrogen","Reference",466.666626186069,256.917679875278,1015.36607293432
"49885","Total Phosphorus","Current",31.9482139061277,14.1079241928389,63.8962464326031
"49885","Total Phosphorus","Reference",9.41582289467379,2.78627598539092,37.7269823155058
"50139","Total Nitrogen","Current",543.37757520109,361.608257121058,795.467560735247
"50139","Total Nitrogen","Reference",397.81451567937,201.634782259292,814.172327399808
"50139","Total Phosphorus","Current",15.1069649045024,9.10627620875903,25.7601402524745
"50139","Total Phosphorus","Reference",11.3323960501657,5.07158162015145,27.1548950511109
"50151","Total Nitrogen","Current",256.802767462342,177.558021352525,395.074553148762
"50151","Total Nitrogen","Reference",238.03949879504,127.86341115326,465.888060660378
"50151","Total Phosphorus","Current",7.32356237254453,3.96397684574094,14.422881462258
"50151","Total Phosphorus","Reference",9.07693061288821,3.93599314126247,23.9236818860336
"50215","Total Nitrogen","Current",595.353416503791,396.824363829406,869.291758788648
"50215","Total Nitrogen","Reference",285.87950388949,142.989728713874,559.449395724114
"50215","Total Phosphorus","Current",69.8807520575177,37.0359380180929,137.028479474653
"50215","Total Phosphorus","Reference",33.3033050122644,16.2131768626048,78.5042023656135
"50245","Total Nitrogen","Current",587.413987816744,397.248942700321,847.062538051133
"50245","Total Nitrogen","Reference",342.5290295548,173.538062779256,700.493024057351
"50245","Total Phosphorus","Current",117.964420763457,63.5493035823173,238.13592448353
"50245","Total Phosphorus","Reference",43.506921534304,17.8010690939565,116.796992010139
"50269","Total Nitrogen","Current",586.580440503057,410.284491913899,894.551594182679
"50269","Total Nitrogen","Reference",362.082187632407,206.811936139383,758.755591887343
"50269","Total Phosphorus","Current",57.2477636358374,30.2409916518997,111.70707087977
"50269","Total Phosphorus","Reference",11.6336741652139,5.38792975194308,25.7477601210877
"50270","Total Nitrogen","Current",319.219650254042,217.56310885676,468.43497025489
"50270","Total Nitrogen","Reference",321.766261730872,175.15167418799,663.511018779478
"50270","Total Phosphorus","Current",16.4874630530117,10.2534552472909,28.4038278892109
"50270","Total Phosphorus","Reference",10.2632149353515,6.53508459616658,17.5572917155118
"50299","Total Nitrogen","Current",497.57365281599,304.076762364202,762.029202818684
"50299","Total Nitrogen","Reference",633.195420015576,297.841246693192,1342.86723806875
"50299","Total Phosphorus","Current",15.6245649825587,8.32469811838907,28.7628853384478
"50299","Total Phosphorus","Reference",24.30131716535,4.47928871513047,135.84830703357
"50314","Total Nitrogen","Current",628.110968401261,405.931987573986,939.227709538378
"50314","Total Nitrogen","Reference",532.666856449148,280.724204985123,1224.16054411035
"50314","Total Phosphorus","Current",51.3542149347795,24.888673107235,99.084828798104
"50314","Total Phosphorus","Reference",26.6405219809987,10.5929325831827,65.3620720748425
"50320","Total Nitrogen","Current",718.423448996948,490.862656254182,1030.84901206959
"50320","Total Nitrogen","Reference",547.02977589662,277.506734763655,1115.47662603608
"50320","Total Phosphorus","Current",58.3428464629894,30.1013487152527,112.181212291076
"50320","Total Phosphorus","Reference",26.9777449190056,6.73478208683152,133.572093261165
"50336","Total Nitrogen","Current",594.47345961039,381.897119611075,871.279655668699
"50336","Total Nitrogen","Reference",547.02977589662,279.445057887414,1156.74624440197
"50336","Total Phosphorus","Current",48.4577177986022,25.538627676092,93.3785349842008
"50336","Total Phosphorus","Reference",25.6525172624923,6.84227682771586,102.467798587133
"50345","Total Phosphorus","Current",80.7535153741908,41.4758850409325,160.081268661915
"50345","Total Phosphorus","Reference",41.7685423854897,9.25944793000287,192.308447082197
"50349","Total Nitrogen","Current",242.854093325969,158.684956696379,340.132102573393
"50349","Total Nitrogen","Reference",349.804651991799,187.943035156292,748.849762984419
"50349","Total Phosphorus","Current",20.8183505823334,11.664863900792,37.0333693225586
"50349","Total Phosphorus","Reference",11.5530015897821,4.44476228274726,31.3744596176433
"50371","Total Nitrogen","Current",486.648170813795,320.253549895167,714.337404390405
"50371","Total Nitrogen","Reference",469.356656335426,247.741220497358,992.2929685636
"50371","Total Phosphorus","Current",59.2331206768051,30.3344035876992,117.95109128018
"50371","Total Phosphorus","Reference",41.4390920919531,9.65056217563476,193.129703680539
"50373","Total Nitrogen","Current",415.330009989968,291.685417260437,602.281877450802
"50373","Total Nitrogen","Reference",410.375238019437,215.344783345167,872.866276381193
"50373","Total Phosphorus","Current",17.2151324306821,10.7412445163433,28.0481674982434
"50373","Total Phosphorus","Reference",8.0022117198032,2.89930184492672,21.5688085503597
"50401","Total Nitrogen","Current",286.105375357046,186.294032074501,414.921112638581
"50401","Total Nitrogen","Reference",392.558479776809,206.603692838162,788.680624801027
"50401","Total Phosphorus","Current",11.9634896117484,7.67388742558718,20.1000949297297
"50401","Total Phosphorus","Reference",9.67379958940705,4.88307841643912,19.0906616078711
"50403","Total Nitrogen","Current",333.683350947223,200.907334645868,511.487601838734
"50403","Total Nitrogen","Reference",511.806493342945,272.360093119119,1012.70805837578
"50403","Total Phosphorus","Current",19.9777067868386,10.7840184074045,38.347736263622
"50403","Total Phosphorus","Reference",41.287979283772,8.5966384965982,188.018255623744
"50405","Total Nitrogen","Current",435.382498397505,299.69516889106,647.584329790888
"50405","Total Nitrogen","Reference",422.911554043184,215.610965172811,952.779720501548
"50405","Total Phosphorus","Current",36.2886927254396,18.0042310787275,76.0750286672799
"50405","Total Phosphorus","Reference",9.50189352015343,4.06792502157852,21.3211048467802
"50413","Total Nitrogen","Current",393.478694552238,266.253833139757,565.954425060156
"50413","Total Nitrogen","Reference",434.660161375532,222.271550259829,940.739906608973
"50413","Total Phosphorus","Current",20.0602184578168,10.8283515034523,38.6679612536557
"50413","Total Phosphorus","Reference",9.74252541469299,3.39140488284381,30.6881580554836
"50466","Total Nitrogen","Current",1395.70420965546,948.223202804647,2112.95601433151
"50466","Total Nitrogen","Reference",294.827329708594,132.021676732247,600.064913187994
"50466","Total Phosphorus","Current",92.9821849185103,47.6301790049658,188.769383362993
"50466","Total Phosphorus","Reference",32.4969532489945,14.1298198850255,78.5721058412314
"50470","Total Nitrogen","Current",1358.21481248748,903.226482247993,2078.93323514934
"50470","Total Nitrogen","Reference",516.711923178832,259.027406977946,1166.23984537887
"50470","Total Phosphorus","Current",191.003299762751,94.5092886664661,386.19242869683
"50470","Total Phosphorus","Reference",50.7367879405654,16.6029125616464,172.796085792252
"50629","Total Nitrogen","Current",95.2245687969255,59.6354431035315,144.283625978327
"50629","Total Nitrogen","Reference",152.766912708164,82.9149456035132,280.598623402907
"50629","Total Phosphorus","Current",16.024382306038,8.78876743167516,30.5337974937258
"50629","Total Phosphorus","Reference",10.9370908901975,3.67400681813616,34.2768518254508
"50636","Total Nitrogen","Current",81.6144052594345,46.8759629627442,129.705523943768
"50636","Total Nitrogen","Reference",137.533991097318,73.2527415324694,246.941981647032
"50636","Total Phosphorus","Current",26.3023160157816,11.794779842595,49.8353283150449
"50636","Total Phosphorus","Reference",5.233308789686,1.33202018394506,28.1627404368288
"50651","Total Nitrogen","Current",131.423934146705,84.4593276225381,194.994047697151
"50651","Total Nitrogen","Reference",135.586150307523,68.3280309961594,252.445530816514
"50651","Total Phosphorus","Current",42.0114244068822,14.4942143453391,86.9086827402266
"50651","Total Phosphorus","Reference",5.52595393868131,1.28012161855931,26.7744847791241
"50658","Total Nitrogen","Current",139.730770293892,88.8408626778151,207.687922626
"50658","Total Nitrogen","Reference",137.180125058426,70.8581836328984,242.225573672578
"50658","Total Phosphorus","Current",42.363452348674,15.9756927850915,89.1724882186535
"50658","Total Phosphorus","Reference",5.41846703296849,1.27739327983147,21.8321577043231
"50704","Total Nitrogen","Current",166.523989248724,108.474046889138,239.581672569899
"50704","Total Nitrogen","Reference",129.054153133052,61.447821180047,233.696589657772
"50704","Total Phosphorus","Current",10.3161218431609,6.65642904691902,17.0128288490708
"50704","Total Phosphorus","Reference",4.81003355920038,3.41865217246533,7.12258781682352
"50708","Total Nitrogen","Current",180.727832683383,112.405816409261,266.269709997088
"50708","Total Nitrogen","Reference",149.239163923628,69.8579880990983,290.344009161846
"50708","Total Phosphorus","Current",15.9033895075602,9.1106107533771,29.6281247343392
"50708","Total Phosphorus","Reference",5.28627769698004,3.7143056374917,7.57216178472832
"50782","Total Nitrogen","Current",1472.29374314743,964.141681942274,2166.94959651761
"50782","Total Nitrogen","Reference",489.722029207266,218.63937536636,1092.77914388819
"50782","Total Phosphorus","Current",186.534761644233,94.5456306528441,373.362558186295
"50782","Total Phosphorus","Reference",43.6355804577844,16.4682290343711,118.598181075303
"51224","Total Nitrogen","Current",195.498705647616,132.859517264434,284.33721431479
"51224","Total Nitrogen","Reference",192.137212571969,107.618864813764,365.301130099831
"51224","Total Phosphorus","Current",11.5220854091224,7.4370330349748,17.8223620180739
"51224","Total Phosphorus","Reference",11.0923348449869,7.42524729431971,17.180424444487
"51225","Total Nitrogen","Current",281.888076689953,196.177174942108,414.141206741095
"51225","Total Nitrogen","Reference",209.199643432276,111.618049330504,424.034424588365
"51225","Total Phosphorus","Current",61.0269303123211,32.7289458873003,117.010117627468
"51225","Total Phosphorus","Reference",11.7965303595158,7.51330310704117,19.5636559013319
"51242","Total Nitrogen","Current",261.861626495299,182.422703665461,382.97862955117
"51242","Total Nitrogen","Reference",209.246020352657,117.800963047287,418.759419544803
"51242","Total Phosphorus","Current",21.2336919252926,12.6830463736276,35.5774080270401
"51242","Total Phosphorus","Reference",11.4595865468015,8.20428356309476,17.2971927836151
"51368","Total Nitrogen","Current",193.708596492948,132.270393166296,284.462347251332
"51368","Total Nitrogen","Reference",179.893439239908,100.180043341152,362.992155524876
"51368","Total Phosphorus","Current",12.6493369018298,8.05353201569145,20.3580589021679
"51368","Total Phosphorus","Reference",11.2999996314074,7.75900520689405,17.5535536802946
"51371","Total Nitrogen","Current",241.88203362235,160.231054537645,356.47133907088
"51371","Total Nitrogen","Reference",196.681007646247,115.143422651299,393.437302916156
"51371","Total Phosphorus","Current",13.9133970081905,8.46801722265103,23.2367149761543
"51371","Total Phosphorus","Reference",11.4416175416345,8.12851050772257,17.0842211546998
"51485","Total Nitrogen","Current",997.012199477109,688.6635176514,1496.002417931
"51485","Total Nitrogen","Reference",404.207173874043,203.403056516787,781.787042467894
"51485","Total Phosphorus","Current",84.5031673476751,44.2601825029328,161.653056951861
"51485","Total Phosphorus","Reference",55.0622446756917,6.99147408589651,516.029408686692
"51624","Total Nitrogen","Current",224.166957030935,152.720076436361,321.475066986881
"51624","Total Nitrogen","Reference",151.847590598775,80.7389276170151,277.599142922534
"51624","Total Phosphorus","Current",17.661974033308,8.64914762072192,33.6959869593595
"51624","Total Phosphorus","Reference",5.44920840500865,1.89705811616173,15.6049006748337
"51625","Total Nitrogen","Current",225.307841533255,152.257642039999,322.983099444727
"51625","Total Nitrogen","Reference",143.453061574951,72.2308840372325,263.054642374577
"51625","Total Phosphorus","Current",14.3951833402958,7.90177082680515,26.7414354280065
"51625","Total Phosphorus","Reference",6.07820196356587,1.63405708603006,21.61612928041
"51631","Total Nitrogen","Current",192.015354992507,125.754765258906,285.392624838492
"51631","Total Nitrogen","Reference",137.553510202979,72.2377358976105,257.560521573815
"51631","Total Phosphorus","Current",16.2265263631006,8.27082617298553,30.8779962904699
"51631","Total Phosphorus","Reference",6.51902572797865,3.28559920198407,13.1582252473807
"51637","Total Nitrogen","Current",225.307812809794,143.485195224071,330.283888580282
"51637","Total Nitrogen","Reference",139.91755880796,69.4584190072352,261.729764900009
"51637","Total Phosphorus","Current",17.590163858682,9.47620791897385,33.3125600113447
"51637","Total Phosphorus","Reference",5.33907649545704,3.38205954795016,8.46954794854425
"51640","Total Nitrogen","Current",162.561369997745,109.611751958569,236.309049166098
"51640","Total Nitrogen","Reference",110.98139677175,56.5272405456136,212.583459142215
"51640","Total Phosphorus","Current",13.8308143454593,7.96606576373521,25.3493759960897
"51640","Total Phosphorus","Reference",5.23569781347162,3.27280861955222,8.48043017057406
"51641","Total Nitrogen","Current",229.800002351848,147.4720823334,337.01844993411
"51641","Total Nitrogen","Reference",136.510811064455,70.562946567498,252.149087865815
"51641","Total Phosphorus","Current",18.0670057443504,8.08587911341953,36.235796135918
"51641","Total Phosphorus","Reference",5.98026430513906,2.85125555097291,11.6986961986061
"51652","Total Nitrogen","Current",174.407123228599,111.91355001345,251.752785649242
"51652","Total Nitrogen","Reference",135.697779919504,67.3730283360579,248.812269530387
"51652","Total Phosphorus","Current",17.0782965970527,9.60247651772608,30.6291784592498
"51652","Total Phosphorus","Reference",4.80809310980115,1.35150628098967,15.5195982108492
"51653","Total Nitrogen","Current",271.529357957206,182.21279495562,394.53865230543
"51653","Total Nitrogen","Reference",137.948187476625,67.2853803825119,258.473064114018
"51653","Total Phosphorus","Current",18.7166524473382,9.67361997446213,33.9134017481211
"51653","Total Phosphorus","Reference",5.46733012815098,3.39022720121596,8.92373810663203
"51658","Total Nitrogen","Current",229.975707220877,155.636203252673,330.624456865038
"51658","Total Nitrogen","Reference",131.431610646606,70.3524996803477,254.609692697668
"51658","Total Phosphorus","Current",18.9886608573269,10.2385859721183,36.8141659956002
"51658","Total Phosphorus","Reference",4.8867832732041,1.32662384546906,17.5127244981497
"51682","Total Nitrogen","Current",139.675053421493,89.5045391807531,205.707764657779
"51682","Total Nitrogen","Reference",127.16250142446,63.9144584155076,236.020161940313
"51682","Total Phosphorus","Current",23.473278503442,9.18576498633376,46.7023247142484
"51682","Total Phosphorus","Reference",5.5610500162997,1.32522090031563,24.4276803236387
"51684","Total Nitrogen","Current",115.527970752288,73.8788751614409,175.421932736485
"51684","Total Nitrogen","Reference",135.271050762287,65.7833986229239,240.971102289307
"51684","Total Phosphorus","Current",32.3788125494916,14.3763885296446,67.6345282246689
"51684","Total Phosphorus","Reference",5.11546728897914,1.60938604974505,17.6126920277079
"51747","Total Nitrogen","Current",113.750240532798,71.0891978730993,171.551662263075
"51747","Total Nitrogen","Reference",126.480675514299,68.9683290245328,226.888630741471
"51747","Total Phosphorus","Current",21.3388486890515,10.9904143713333,41.8879829659846
"51747","Total Phosphorus","Reference",5.05354434836725,1.64998077220816,19.9117499215617
"51748","Total Nitrogen","Current",180.147621712193,112.95754932899,272.066319641294
"51748","Total Nitrogen","Reference",163.926661687543,81.2141757021585,306.24510856853
"51748","Total Phosphorus","Current",26.4121529910073,10.5886782862181,51.0316523131426
"51748","Total Phosphorus","Reference",5.47124088490707,1.44347433745294,23.6405455358611
"51751","Total Nitrogen","Current",131.923398967174,83.600327059859,192.775286121753
"51751","Total Nitrogen","Reference",133.789825847667,67.3550781000625,256.143386305769
"51751","Total Phosphorus","Current",22.5110255108756,10.1835301687607,44.879066116274
"51751","Total Phosphorus","Reference",5.19922279835465,1.44209294788646,20.2774263633911
"51770","Total Nitrogen","Current",115.548598149716,72.906286633005,173.572325394986
"51770","Total Nitrogen","Reference",135.586150307523,69.0552303171486,260.129843499625
"51770","Total Phosphorus","Current",11.8713003988342,6.29341752393329,22.6361059908755
"51770","Total Phosphorus","Reference",5.02938937159372,1.30079983876039,22.1284809398809
"51784","Total Nitrogen","Current",119.374735850248,77.7159780633194,177.300509774687
"51784","Total Nitrogen","Reference",119.168055369504,61.8883298645398,216.753950008406
"51784","Total Phosphorus","Current",22.1630845528086,11.2830880731595,44.7187500932245
"51784","Total Phosphorus","Reference",5.31597992411711,1.42413730783343,20.9982010489991
"51788","Total Nitrogen","Current",79.7904651596103,47.2576394447133,126.291400098534
"51788","Total Nitrogen","Reference",135.723962962946,66.3021959293197,244.165749896923
"51788","Total Phosphorus","Current",26.4716344198453,14.6114660799277,49.9995115471892
"51788","Total Phosphorus","Reference",4.86874837888103,1.23931767530803,18.3786286436517
"51793","Total Nitrogen","Current",143.331614168798,89.9512961588611,211.867671992402
"51793","Total Nitrogen","Reference",139.648308421508,72.0162505923523,255.841177117053
"51793","Total Phosphorus","Current",32.4601163109751,13.5383418750313,63.8203685768976
"51793","Total Phosphorus","Reference",5.30751177871396,1.53749959187288,18.8768120808236
"51794","Total Nitrogen","Current",122.87896850806,74.4854346449608,183.906026964322
"51794","Total Nitrogen","Reference",137.162575201993,67.3330705757139,256.4520288894
"51794","Total Phosphorus","Current",28.1897293762651,13.8978060422461,56.6654505550692
"51794","Total Phosphorus","Reference",5.01154006186302,1.31200361400803,20.8624109502095
"51822","Total Nitrogen","Current",230.458078740254,154.320662781177,332.07778463132
"51822","Total Nitrogen","Reference",182.751889250197,90.7309945386983,330.444533512344
"51822","Total Phosphorus","Current",16.5037794349027,9.80259661152086,30.8169171692187
"51822","Total Phosphorus","Reference",5.73629401849958,1.71967812560017,19.3191013764505
"51845","Total Nitrogen","Current",121.965069034385,75.2486799810037,182.718557873606
"51845","Total Nitrogen","Reference",135.271050762287,69.5246229626252,246.92172523362
"51845","Total Phosphorus","Current",19.1017086112673,9.70438446944152,37.1757675447184
"51845","Total Phosphorus","Reference",5.03012491106651,1.49930090959411,17.3811125660912
"51876","Total Nitrogen","Current",159.771704820098,105.144657601616,234.668246056157
"51876","Total Nitrogen","Reference",164.748368695307,85.7746193169538,310.645998663641
"51876","Total Phosphorus","Current",34.8328790739697,14.1829344000357,73.0700077941313
"51876","Total Phosphorus","Reference",12.4219684355718,3.44589985015089,43.2775423020441
"51877","Total Nitrogen","Current",113.682658140982,72.2100722540716,182.287562688575
"51877","Total Nitrogen","Reference",135.697779919504,66.3034597680836,248.841382835709
"51877","Total Phosphorus","Current",13.4161407487376,7.77008964191949,23.284993742282
"51877","Total Phosphorus","Reference",4.83912316636929,1.57254497125263,16.0253782090481
"51892","Total Nitrogen","Current",155.264067560528,102.597923258511,222.851016224864
"51892","Total Nitrogen","Reference",177.103442924669,93.2288378178122,318.177166678317
"51892","Total Phosphorus","Current",28.4385988774626,15.5668979316899,54.3496005292804
"51892","Total Phosphorus","Reference",10.6938293260201,2.15518062170527,46.6883249505178
"51895","Total Nitrogen","Current",125.078587304984,75.8864218247489,189.633179491196
"51895","Total Nitrogen","Reference",135.771845003292,68.0365618907162,243.391052050225
"51895","Total Phosphorus","Current",32.3926637374009,16.0642347262013,67.4491268210352
"51895","Total Phosphorus","Reference",4.95087715781442,1.78577666038781,13.8542962525765
"51900","Total Nitrogen","Current",181.102554649566,112.747073979116,277.50542894586
"51900","Total Nitrogen","Reference",155.777611701228,81.5482754531193,303.998491026422
"51900","Total Phosphorus","Current",23.2386864369029,9.51016132027902,46.85419431404
"51900","Total Phosphorus","Reference",5.37459877090434,2.03890057601342,16.9578573780407
"51912","Total Nitrogen","Current",88.3005971193924,53.3903560562438,136.565336661322
"51912","Total Nitrogen","Reference",135.271050762287,73.3498103920062,249.35937372179
"51912","Total Phosphorus","Current",31.9819933386982,14.8421352653168,65.5715151786742
"51912","Total Phosphorus","Reference",5.17050773771126,1.94606065064097,16.491873819659
"51926","Total Nitrogen","Current",116.352405635735,70.1638690402489,179.016229401374
"51926","Total Nitrogen","Reference",138.400380477774,68.7091567093898,255.031339351004
"51926","Total Phosphorus","Current",46.7044075691685,19.9201023244621,99.4491945469816
"51926","Total Phosphorus","Reference",5.1205886890364,1.7969652533023,15.4709313924214
"51940","Total Nitrogen","Current",131.063363734725,85.0439909627998,195.49160670128
"51940","Total Nitrogen","Reference",112.989354618794,61.454922208419,217.386325435159
"51940","Total Phosphorus","Current",11.5629800287459,7.16029318154535,19.1636334545968
"51940","Total Phosphorus","Reference",6.06280693584262,2.05053200511992,18.2567658659893
"51945","Total Nitrogen","Current",102.66327775679,62.7267547321993,156.830140013919
"51945","Total Nitrogen","Reference",135.271050762287,75.4138264728859,238.999864352908
"51945","Total Phosphorus","Current",11.2622878362751,6.2994386295943,20.0031367860305
"51945","Total Phosphorus","Reference",4.92372938649301,1.25789762285477,19.2033762998639
"51954","Total Nitrogen","Current",265.681376100783,177.791796420361,396.863894845975
"51954","Total Nitrogen","Reference",193.595588359946,102.075234274485,381.5410492019
"51954","Total Phosphorus","Current",11.9458204894099,7.63181603838494,19.8098735913925
"51954","Total Phosphorus","Reference",5.63666944592064,2.48784925737788,14.1282982982032
"51972","Total Nitrogen","Current",203.462571786965,134.298789079926,292.399737015257
"51972","Total Nitrogen","Reference",156.332378138605,79.3744300184336,274.819449915506
"51972","Total Phosphorus","Current",23.6798168656518,12.8120728481932,46.2626045096168
"51972","Total Phosphorus","Reference",7.96326812075563,4.24315018846563,15.813318062315
"51985","Total Nitrogen","Current",135.319184731053,85.418070770403,195.113741581726
"51985","Total Nitrogen","Reference",122.602680441875,63.8135754511875,239.901449815295
"51985","Total Phosphorus","Current",28.5170633464299,14.8460869425069,56.7345263101606
"51985","Total Phosphorus","Reference",5.31363859663384,1.75795426235677,15.1688652430649
"52059","Total Nitrogen","Current",374.365127322858,251.260574283451,566.23799184572
"52059","Total Nitrogen","Reference",288.788298100906,151.544481760205,565.599471883388
"52059","Total Phosphorus","Current",33.1309076164209,16.7448746024351,67.6030709073417
"52059","Total Phosphorus","Reference",7.28747308222784,3.12163995053867,17.6022649849974
"52080","Total Nitrogen","Current",363.901760266947,248.593667433112,550.240597826399
"52080","Total Nitrogen","Reference",234.381267147151,123.897803278905,471.748886832459
"52080","Total Phosphorus","Current",15.2865210591467,9.2826656741348,25.0883399911367
"52080","Total Phosphorus","Reference",6.1083887180211,1.86370942354105,19.3740616406377
"52115","Total Nitrogen","Current",221.491937843091,139.28359169266,316.000360365992
"52115","Total Nitrogen","Reference",239.785744783969,138.559972087067,463.598386115431
"52115","Total Phosphorus","Current",13.5153318753784,8.32473508730989,22.2583788963403
"52115","Total Phosphorus","Reference",5.63473873295407,1.94716370999495,19.3452320577561
"52138","Total Nitrogen","Current",193.794341197824,128.750331964165,282.932264781517
"52138","Total Nitrogen","Reference",149.04591129742,77.9906181665758,267.309892975598
"52138","Total Phosphorus","Current",16.9937593814799,8.98745694510493,32.677160716995
"52138","Total Phosphorus","Reference",6.80540700546539,2.6905051422807,16.5917076525508
"52140","Total Nitrogen","Current",142.420770593456,90.5363955795083,208.989979868779
"52140","Total Nitrogen","Reference",135.271050762287,72.7651445246744,240.225892192016
"52140","Total Phosphorus","Current",14.6603566262731,8.03554339879719,28.1924432257944
"52140","Total Phosphorus","Reference",4.90112075057499,1.67772522760374,12.9212401620504
"52143","Total Nitrogen","Current",173.01930829305,112.806505769926,251.717262292585
"52143","Total Nitrogen","Reference",138.097682568023,73.8013998840773,246.07578472135
"52143","Total Phosphorus","Current",16.629558840451,8.75695605237257,31.0453716037533
"52143","Total Phosphorus","Reference",6.26286665125231,1.85479386870238,22.7483704179997
"52147","Total Nitrogen","Current",147.629436556045,96.5889073412737,217.374469696239
"52147","Total Nitrogen","Reference",135.367523857353,70.3785483779784,255.026751385801
"52147","Total Phosphorus","Current",9.97675607031145,5.51813943016136,17.5613610493042
"52147","Total Phosphorus","Reference",4.89023721566288,1.81459987141805,14.4790745091932
"52148","Total Nitrogen","Current",110.867384664001,67.8107699561427,171.256930709707
"52148","Total Nitrogen","Reference",135.271050762287,69.3284643143477,237.357096753579
"52148","Total Phosphorus","Current",6.45348674148017,3.88192475136273,10.7754278825467
"52148","Total Phosphorus","Reference",4.86939484316506,1.24515758902648,18.4635211822131
"52151","Total Nitrogen","Current",141.611648204378,89.6448408883834,214.279338201931
"52151","Total Nitrogen","Reference",176.899791923165,91.6385273872861,326.896413970101
"52151","Total Phosphorus","Current",13.1771985818101,6.68838038665429,24.491288280925
"52151","Total Phosphorus","Reference",11.4640325823913,2.84929397531532,48.4232614272972
"52154","Total Nitrogen","Current",66.4009572496788,37.7472944303194,105.970928525742
"52154","Total Nitrogen","Reference",135.271050762287,69.2642548537565,259.67477326512
"52154","Total Phosphorus","Current",18.6704529703814,9.72173729567737,36.7008780980599
"52154","Total Phosphorus","Reference",4.99227802123723,1.12196649842776,22.392818540919
"52165","Total Nitrogen","Current",148.184970139093,95.2142160873184,216.381254593475
"52165","Total Nitrogen","Reference",132.511749377217,67.1531694005187,232.317648465796
"52165","Total Phosphorus","Current",33.9032799585516,13.2288212953301,69.2898444259301
"52165","Total Phosphorus","Reference",5.38063594623417,1.4037398900224,22.5859783351797
"52167","Total Nitrogen","Current",125.757591842862,81.8139611508415,181.854050280927
"52167","Total Nitrogen","Reference",131.048329114962,71.6855947698045,240.051459472044
"52167","Total Phosphorus","Current",27.515466917258,12.3473760542734,56.945470034907
"52167","Total Phosphorus","Reference",5.23928193748061,1.56762146482872,20.8001077808433
"52177","Total Nitrogen","Current",148.614547279513,94.5613305648158,225.83335278459
"52177","Total Nitrogen","Reference",137.180125058426,69.4844677939497,251.26427650488
"52177","Total Phosphorus","Current",42.3992730188649,16.4096701914378,91.9172515449324
"52177","Total Phosphorus","Reference",5.26657983673921,1.30232682938159,22.5252501236743
"52181","Total Nitrogen","Current",138.558828926571,88.47255311143,201.879945109625
"52181","Total Nitrogen","Reference",137.673783735459,68.959610015513,254.499741343886
"52181","Total Phosphorus","Current",38.2976823942584,16.7310428931063,80.8637617041521
"52181","Total Phosphorus","Reference",5.10152475073888,1.91371175013653,15.1959950004787
"52190","Total Nitrogen","Current",163.086310708928,105.538587551897,235.783013931541
"52190","Total Nitrogen","Reference",135.276757603782,71.7696915443032,238.440200791567
"52190","Total Phosphorus","Current",41.0417769439813,16.7293872252052,88.160611902978
"52190","Total Phosphorus","Reference",5.25546532127722,1.50039634637334,18.6867384375606
"52202","Total Nitrogen","Current",208.776465294287,136.651589202328,308.207467724531
"52202","Total Nitrogen","Reference",149.621199700442,76.6336570976912,276.629620509624
"52202","Total Phosphorus","Current",37.1828320317856,14.2114523755962,78.8020741325086
"52202","Total Phosphorus","Reference",5.44059592568339,1.44648820749545,19.3758865810953
"52205","Total Nitrogen","Current",140.539341721402,91.6474056743816,207.561441008706
"52205","Total Nitrogen","Reference",135.408542602993,69.6007876694518,248.71889235085
"52205","Total Phosphorus","Current",26.4337376826126,13.0950747776619,52.4073866933258
"52205","Total Phosphorus","Reference",5.01279667051973,2.17584949215301,11.5172480100129
"52221","Total Nitrogen","Current",151.287986050116,98.3524108192602,215.489765550577
"52221","Total Nitrogen","Reference",135.25374570866,71.7229012370494,243.587381106505
"52221","Total Phosphorus","Current",33.3514497211579,16.3466739380238,68.9742331891839
"52221","Total Phosphorus","Reference",5.02477136449126,1.21466321398602,21.7935799543214
"52235","Total Nitrogen","Current",149.318235894255,99.2063483250632,216.759997912252
"52235","Total Nitrogen","Reference",127.103514705014,65.6798648705253,228.488143253852
"52235","Total Phosphorus","Current",29.1533601227949,14.578251003752,57.2594908921441
"52235","Total Phosphorus","Reference",4.91160963214499,1.43836014836183,14.5354066189547
"52240","Total Nitrogen","Current",161.921799679037,104.036464015952,236.022452074493
"52240","Total Nitrogen","Reference",164.047155306827,91.2088186962343,319.491649221499
"52240","Total Phosphorus","Current",22.2239307773207,12.3968089200856,40.7191417631953
"52240","Total Phosphorus","Reference",8.86609694829427,3.41094197621703,24.0805735317137
"52241","Total Nitrogen","Current",98.6297333716303,57.4531741072269,152.81037278208
"52241","Total Nitrogen","Reference",135.271050762287,70.997811807624,252.499103370288
"52241","Total Phosphorus","Current",18.1275474739932,9.69839647338402,33.125703782462
"52241","Total Phosphorus","Reference",4.90998431752569,1.35002903461077,19.7391295542357
"52243","Total Nitrogen","Current",154.010160037194,104.181737712604,228.60475060903
"52243","Total Nitrogen","Reference",135.063495951237,67.133986287713,254.325846913002
"52243","Total Phosphorus","Current",18.2272008396681,9.19069372729432,34.1661907741767
"52243","Total Phosphorus","Reference",5.38220698365698,1.84698607124593,18.9268438068044
"52244","Total Nitrogen","Current",161.564962585276,107.820956708769,238.278471107047
"52244","Total Nitrogen","Reference",130.543704147119,66.1183733662437,236.703297082852
"52244","Total Phosphorus","Current",28.5647663212196,12.6096352909226,61.3774236952487
"52244","Total Phosphorus","Reference",5.35468195777356,1.43530284992713,21.3436739100502
"52246","Total Nitrogen","Current",248.083992087946,154.498774459908,370.557216244011
"52246","Total Nitrogen","Reference",181.84557120097,92.2043080040974,350.462445557446
"52246","Total Phosphorus","Current",26.3957003893306,9.80321457295998,50.6676482044745
"52246","Total Phosphorus","Reference",5.9026024000668,1.14348163317567,33.4062650029598
"52247","Total Nitrogen","Current",114.634101749731,71.0683913000938,169.451409282456
"52247","Total Nitrogen","Reference",135.408542602993,69.0831740432096,243.384345880699
"52247","Total Phosphorus","Current",23.0916862733724,11.9667919176849,46.1425961989769
"52247","Total Phosphorus","Reference",4.90547655165062,1.92504897494681,15.0529230052391
"52251","Total Nitrogen","Current",87.4025913666849,49.6203624452043,139.88182104411
"52251","Total Nitrogen","Reference",135.271050762287,70.8627711598402,248.99309966082
"52251","Total Phosphorus","Current",26.4376476407099,12.5630030362168,51.2210935576379
"52251","Total Phosphorus","Reference",5.03631801533192,1.78558463917433,14.3673202376873
"52254","Total Nitrogen","Current",132.989166405177,82.1594855083643,198.192412859357
"52254","Total Nitrogen","Reference",135.276757603782,69.6924198296551,248.369225902301
"52254","Total Phosphorus","Current",29.064164557935,15.217369144729,58.3086776500549
"52254","Total Phosphorus","Reference",4.9045780194015,1.69693700569009,14.0156658413291
"52256","Total Nitrogen","Current",127.956034219178,78.9476815637098,193.055510950653
"52256","Total Nitrogen","Reference",135.271050762287,70.5360648359246,249.64762525506
"52256","Total Phosphorus","Current",21.8813098547516,11.2150717668413,44.3116309862141
"52256","Total Phosphorus","Reference",4.93858033620569,1.25980439473697,19.8475833615315
"52257","Total Nitrogen","Current",103.745573185889,63.9747564197692,161.947426443515
"52257","Total Nitrogen","Reference",135.586150307523,72.459087829412,255.740140910209
"52257","Total Phosphorus","Current",36.8757920306937,16.2158289950089,77.1962847510942
"52257","Total Phosphorus","Reference",5.14556553173641,1.7179822434099,18.0509462448911
"52258","Total Nitrogen","Current",89.9864979720602,53.0344915329372,142.986136979729
"52258","Total Nitrogen","Reference",135.526561351794,68.1257633145834,251.770230993471
"52258","Total Phosphorus","Current",17.9845312400434,9.77159073247226,33.5417283338058
"52258","Total Phosphorus","Reference",4.9333420687073,1.09488987922331,20.1972968856878
"52268","Total Nitrogen","Current",138.807538981396,87.6880455611878,206.870149266687
"52268","Total Nitrogen","Reference",135.591868603783,70.0880537416836,264.627854059493
"52268","Total Phosphorus","Current",39.5957807524272,18.0414355970057,82.9710137935945
"52268","Total Phosphorus","Reference",5.04306482183852,1.59301625012809,17.0163853650866
"52269","Total Nitrogen","Current",151.706232803544,95.6779062017841,227.563339061867
"52269","Total Nitrogen","Reference",139.507984544761,71.72893403709,257.236423341176
"52269","Total Phosphorus","Current",35.1580331157207,17.2783139578392,72.1675840579762
"52269","Total Phosphorus","Reference",4.96550803203488,1.53562702689539,16.1831297014849
"52274","Total Nitrogen","Current",147.683426497071,95.6808460296586,220.441553993082
"52274","Total Nitrogen","Reference",132.695612705689,66.7005058705593,244.668947572771
"52274","Total Phosphorus","Current",30.3281484740521,13.4185097867896,61.4065727978859
"52274","Total Phosphorus","Reference",5.18460954829678,2.4493357051647,12.8487229473586
"52292","Total Nitrogen","Current",131.683476261225,88.5225599554186,191.819523217646
"52292","Total Nitrogen","Reference",111.657263522241,60.1019847236572,199.519135374724
"52292","Total Phosphorus","Current",24.1087439843558,11.5020547893547,48.7991418107658
"52292","Total Phosphorus","Reference",5.05688368728649,1.41424406757042,17.9497493544087
"52307","Total Nitrogen","Current",65.9921300494204,37.5375820533051,106.798257731413
"52307","Total Nitrogen","Reference",135.276757603782,65.9796721665521,245.847124761232
"52307","Total Phosphorus","Current",30.0383556067297,16.3909217844587,57.3540720653339
"52307","Total Phosphorus","Reference",4.84564110889471,1.78959286035427,15.0423642811311
"52312","Total Nitrogen","Current",137.133888812721,88.6607100371236,213.151552004319
"52312","Total Nitrogen","Reference",144.466014709522,74.0976144294443,265.130907980837
"52312","Total Phosphorus","Current",25.3612209517393,11.5817350866156,47.0303339852328
"52312","Total Phosphorus","Reference",5.19363591841626,1.38478255564096,25.98786863436
"52340","Total Nitrogen","Current",167.203240646582,111.325414450835,243.98531850558
"52340","Total Nitrogen","Reference",135.070352149183,73.7412670227794,252.128910255467
"52340","Total Phosphorus","Current",24.5832215000821,13.2398550625271,47.6999780685397
"52340","Total Phosphorus","Reference",4.87035028417995,1.53457931784514,16.4590585516034
"52344","Total Nitrogen","Current",169.966877469152,110.954264475348,251.407687660986
"52344","Total Nitrogen","Reference",130.707831685225,66.8675782849644,230.271697865961
"52344","Total Phosphorus","Current",13.6081063180026,7.5103731888849,25.2682369072805
"52344","Total Phosphorus","Reference",4.93517831061239,1.50428682166782,15.438164255662
"52355","Total Nitrogen","Current",176.423652923992,118.172376075369,255.433727757349
"52355","Total Nitrogen","Reference",177.698783970287,93.5395739738534,336.360860621889
"52355","Total Phosphorus","Current",14.6248719424716,8.65642743000204,26.0380369846849
"52355","Total Phosphorus","Reference",10.3243640837343,2.55442079576018,47.900425462448
"52358","Total Nitrogen","Current",133.227337878314,86.71438209968,198.467709861664
"52358","Total Nitrogen","Reference",121.159993161221,62.0559464490976,222.650456805625
"52358","Total Phosphorus","Current",11.1139237844348,6.59962883424372,18.0674512262837
"52358","Total Phosphorus","Reference",5.12321496665214,0.984598683070471,23.0828532451451
"52360","Total Nitrogen","Current",126.614254453441,80.5855565612135,183.899146579902
"52360","Total Nitrogen","Reference",123.509100940136,62.298923068065,230.913587763418
"52360","Total Phosphorus","Current",16.620385165546,8.13599683219864,31.3634068518059
"52360","Total Phosphorus","Reference",5.21273350404263,1.29620611996112,21.6541210580743
"52362","Total Nitrogen","Current",163.712167786468,107.798043307469,236.978481057355
"52362","Total Nitrogen","Reference",136.826258083487,71.2262120664693,259.93964675203
"52362","Total Phosphorus","Current",13.286918215369,7.29418148854706,23.8606811158324
"52362","Total Phosphorus","Reference",4.94650270250294,1.72246727609078,14.2399245703162
"52370","Total Nitrogen","Current",129.546362226194,83.0541554016158,196.075117172395
"52370","Total Nitrogen","Reference",135.586150307523,64.9630685993351,242.41501474068
"52370","Total Phosphorus","Current",33.4796553971072,15.595045298146,67.4726398546413
"52370","Total Phosphorus","Reference",4.94899993076518,1.89512770847539,15.5871329133507
"52380","Total Nitrogen","Current",179.439479802223,117.645410244644,262.756291812133
"52380","Total Nitrogen","Reference",134.181652127533,69.282739499896,248.945669738113
"52380","Total Phosphorus","Current",41.8879672467826,15.9786167799715,89.7458753075023
"52380","Total Phosphorus","Reference",5.22991426031755,1.45020717067217,23.8672799621966
"52382","Total Nitrogen","Current",217.314722687942,141.155397285673,323.599148255505
"52382","Total Nitrogen","Reference",151.000858859988,72.3175391153248,283.320929949732
"52382","Total Phosphorus","Current",34.8166342204433,12.705288631883,69.0747155972321
"52382","Total Phosphorus","Reference",5.53438520963664,1.18562506843987,25.492297651343
"52384","Total Nitrogen","Current",195.493622190681,124.542709631228,282.640442822434
"52384","Total Nitrogen","Reference",154.275186269261,82.7526654542337,289.521426024339
"52384","Total Phosphorus","Current",39.7938317550988,18.0532915078746,81.0412330718371
"52384","Total Phosphorus","Reference",5.10148850793147,2.4765534425242,11.3655560865288
"52386","Total Nitrogen","Current",170.602378331329,110.957479041641,243.719434321597
"52386","Total Nitrogen","Reference",135.271050762287,67.7428631808225,254.647486471227
"52386","Total Phosphorus","Current",24.0307300524352,12.7912607386805,46.8805569233921
"52386","Total Phosphorus","Reference",4.95688334200851,1.81754287894084,14.0207572477113
"52389","Total Nitrogen","Current",145.131706393283,98.4664871366491,209.669084621584
"52389","Total Nitrogen","Reference",119.945897041071,60.9952758421736,217.592368816343
"52389","Total Phosphorus","Current",27.4940646950919,15.8401129235594,48.2823339737377
"52389","Total Phosphorus","Reference",4.7013526524525,1.80154928926943,13.1934049813897
"52393","Total Nitrogen","Current",145.223869634851,96.2917663614667,217.35700398725
"52393","Total Nitrogen","Reference",147.596138827842,78.5615347296971,277.003817940516
"52393","Total Phosphorus","Current",29.2502942883292,13.6008491812813,60.9991806366483
"52393","Total Phosphorus","Reference",11.4395202228283,2.80050182394543,42.6226671857772
"52397","Total Nitrogen","Current",134.099496658493,90.1915689670644,198.460745496043
"52397","Total Nitrogen","Reference",112.533528331392,61.3541204006667,207.28395932674
"52397","Total Phosphorus","Current",31.184339747527,15.2140959167049,65.1574142375874
"52397","Total Phosphorus","Reference",4.99329154496977,1.75143320158326,15.1478546438657
"52399","Total Nitrogen","Current",253.201516370833,170.226597270849,373.735513151608
"52399","Total Nitrogen","Reference",135.272647801639,71.3805556920706,249.321804240712
"52399","Total Phosphorus","Current",42.5135032647396,19.569674036806,87.8579659260666
"52399","Total Phosphorus","Reference",4.97696659941038,1.86455113327187,14.6488209464653
"52407","Total Nitrogen","Current",77.6759234073563,45.7366273460747,127.710653285163
"52407","Total Nitrogen","Reference",138.400380477774,71.4325351160012,245.680963728675
"52407","Total Phosphorus","Current",11.9395232759324,6.23136031349007,22.0829136928462
"52407","Total Phosphorus","Reference",5.02335132191308,1.80816385269218,14.5162613030028
"52410","Total Nitrogen","Current",130.165075753634,80.9631080156602,202.274890432547
"52410","Total Nitrogen","Reference",137.533991097318,72.3205529469937,253.927223619165
"52410","Total Phosphorus","Current",18.4754064114194,8.59276912919676,35.4247608941
"52410","Total Phosphorus","Reference",5.20831814704199,1.32057697323523,20.916214031614
"52411","Total Nitrogen","Current",134.391219415441,79.0031779444738,208.408613544769
"52411","Total Nitrogen","Reference",154.643120338761,74.4906659884704,289.219154066876
"52411","Total Phosphorus","Current",14.822234453485,7.52149509094638,29.2550193970279
"52411","Total Phosphorus","Reference",5.08843969614594,2.3722041267119,11.0818670914341
"52416","Total Nitrogen","Current",98.5525385005423,58.5967159782913,153.65652139589
"52416","Total Nitrogen","Reference",135.271050762287,70.1853286020841,247.578422100326
"52416","Total Phosphorus","Current",20.4347040947012,9.37531958870642,41.8076693711123
"52416","Total Phosphorus","Reference",5.23773318203922,1.91613211591239,15.2575987909031
"52422","Total Nitrogen","Current",117.604579574254,74.6722703900881,177.467700844727
"52422","Total Nitrogen","Reference",135.408542602993,66.4990362978518,252.866703730386
"52422","Total Phosphorus","Current",19.8697911061396,10.6608635962267,38.9713823636272
"52422","Total Phosphorus","Reference",4.89209879773512,1.23408460570175,19.7873547570847
"52434","Total Nitrogen","Current",112.268877943639,71.8397377991013,170.388288777326
"52434","Total Nitrogen","Reference",135.271050762287,70.8525031904092,266.372459819026
"52434","Total Phosphorus","Current",28.3044609863091,14.0014661606375,58.2018427387761
"52434","Total Phosphorus","Reference",4.99680635846512,1.67421737626145,16.590652179001
"52538","Total Nitrogen","Current",279.159453340538,189.092045968028,391.474539182743
"52538","Total Nitrogen","Reference",187.091060640222,95.213056653312,346.337376080474
"52538","Total Phosphorus","Current",25.9955629391201,14.1413709898779,48.3077385024168
"52538","Total Phosphorus","Reference",5.85183083792824,3.46518133980574,10.3784873865039
"52566","Total Nitrogen","Current",54.4138925826341,34.2673352287243,87.6846259285054
"52566","Total Nitrogen","Reference",78.6529345773126,39.4350901703877,157.002942726009
"52566","Total Phosphorus","Current",8.6260890952859,5.54860789876242,14.1391497635225
"52566","Total Phosphorus","Reference",6.44463324527857,4.57482903162404,9.54050676883828
"52585","Total Nitrogen","Current",91.6600854821192,59.6826952775331,140.038024378472
"52585","Total Nitrogen","Reference",118.825678286781,63.2867848865557,213.455516871683
"52585","Total Phosphorus","Current",19.8164332098809,10.878732032234,36.2963085449881
"52585","Total Phosphorus","Reference",5.13655499400778,1.96329990176661,13.8771566677778
"52592","Total Nitrogen","Current",120.31959682267,77.1680072576213,178.271922217021
"52592","Total Nitrogen","Reference",115.770821862973,60.714364604008,208.111316657013
"52592","Total Phosphorus","Current",22.6185971091258,11.2008066018707,44.0882607551509
"52592","Total Phosphorus","Reference",5.47645861882347,1.50829800385188,22.1085744876196
"52613","Total Nitrogen","Current",111.07182856422,72.0060587725898,165.944334121709
"52613","Total Nitrogen","Reference",130.769099789844,68.4614268344699,238.702220318386
"52613","Total Phosphorus","Current",16.5819991302031,9.44819357244267,30.5979291380736
"52613","Total Phosphorus","Reference",6.53319177470471,3.69785001716786,11.5364888745066
"52617","Total Nitrogen","Current",79.9759991463373,48.2321532826422,123.910150294648
"52617","Total Nitrogen","Reference",118.64539676814,61.2948980002096,212.219558950077
"52617","Total Phosphorus","Current",19.5231291660724,10.4323433639083,37.4905476126413
"52617","Total Phosphorus","Reference",4.84180179058325,2.22003580266684,10.4103951223748
"52641","Total Nitrogen","Current",140.553957499528,90.7734624517127,207.523980145081
"52641","Total Nitrogen","Reference",131.386986396119,68.15356618317,242.920365739433
"52641","Total Phosphorus","Current",25.3169211243687,12.9588527012559,50.2195426374428
"52641","Total Phosphorus","Reference",5.61144907704835,1.5295913910863,19.5630701705987
"52642","Total Nitrogen","Current",112.262221425763,68.6615368560513,172.615589775151
"52642","Total Nitrogen","Reference",177.30022280773,95.4024349878965,328.631734709639
"52642","Total Phosphorus","Current",16.0376857580342,9.21861494564265,27.8472861083184
"52642","Total Phosphorus","Reference",10.5955093322734,2.49152851230611,46.9648126944518
"52647","Total Nitrogen","Current",180.146244216872,111.822321119062,264.050337870507
"52647","Total Nitrogen","Reference",197.438564816859,105.792478864971,366.893514702113
"52647","Total Phosphorus","Current",21.2942287394132,9.03809364775724,42.6407612633758
"52647","Total Phosphorus","Reference",11.891736390145,3.70762538910589,34.6814833637747
"52652","Total Nitrogen","Current",115.033434506468,72.5728694011267,172.826785862885
"52652","Total Nitrogen","Reference",123.09823074863,66.7308893534101,226.94211831884
"52652","Total Phosphorus","Current",5.60802142709362,3.48036114517651,9.6384951915094
"52652","Total Phosphorus","Reference",6.31602575778158,2.1742792623142,21.2679278117019
"52660","Total Nitrogen","Current",139.834566597621,89.7805334711143,206.109610477424
"52660","Total Nitrogen","Reference",135.586150307523,63.1105092323145,247.357230676468
"52660","Total Phosphorus","Current",28.404025678028,14.0301702509521,55.9228590272164
"52660","Total Phosphorus","Reference",4.98185310310593,1.72253494886998,14.2327600182088
"52666","Total Nitrogen","Current",102.40600414055,66.2505913587912,155.828815771298
"52666","Total Nitrogen","Reference",104.192392127253,56.768266292954,184.985852208582
"52666","Total Phosphorus","Current",18.9664847603665,9.98533350841316,35.9792865817497
"52666","Total Phosphorus","Reference",5.14717690203476,0.842903648496477,31.4882297864368
"52677","Total Nitrogen","Current",96.859871377508,57.050644508947,149.449798217402
"52677","Total Nitrogen","Reference",135.271050762287,68.4888244533369,237.136896311969
"52677","Total Phosphorus","Current",13.8799344959385,7.53330212129636,26.3251444469776
"52677","Total Phosphorus","Reference",4.93009578819838,1.83575910095563,14.2658775286508
"52684","Total Nitrogen","Current",158.58192685036,96.9507057746482,235.419859242517
"52684","Total Nitrogen","Reference",158.709449560577,77.3251245437307,297.470985641816
"52684","Total Phosphorus","Current",10.1876732573097,5.73480879390215,18.0345279744707
"52684","Total Phosphorus","Reference",5.28770688063439,2.12961406708056,15.3605611129996
"52697","Total Nitrogen","Current",129.822102233412,89.0213276353409,193.155257300607
"52697","Total Nitrogen","Reference",111.358762193964,56.8169580321965,204.357847381175
"52697","Total Phosphorus","Current",27.6067024663196,13.0025196349287,58.0311858885865
"52697","Total Phosphorus","Reference",5.01307073139461,1.34698364533004,18.9233980141309
"52722","Total Nitrogen","Current",158.298336512095,102.249964181131,235.05996273878
"52722","Total Nitrogen","Reference",140.708597581036,71.4329883679706,245.158570419202
"52722","Total Phosphorus","Current",17.8227320086239,8.71118203965518,34.6928561974404
"52722","Total Phosphorus","Reference",5.66456090727469,1.16255363525642,33.4536734181935
"52731","Total Nitrogen","Current",94.2603917182837,61.7591537995932,141.636749879901
"52731","Total Nitrogen","Reference",108.33663666458,58.6780255633634,198.731873978312
"52731","Total Phosphorus","Current",24.1724015905525,11.4467100395849,49.7758423889405
"52731","Total Phosphorus","Reference",6.14848660217912,1.74057679372733,24.5966168718386
"52740","Total Nitrogen","Current",120.866319688999,76.7073743870553,180.170040235043
"52740","Total Nitrogen","Reference",130.629256065893,68.5809833177905,240.505942918278
"52740","Total Phosphorus","Current",27.3247217284787,12.0720282849468,54.8561426645523
"52740","Total Phosphorus","Reference",5.13770390837515,2.19184262958209,11.9489293686083
"52751","Total Nitrogen","Current",53.1191460626085,30.7320083456965,88.3644275561825
"52751","Total Nitrogen","Reference",118.066336894456,62.2441321351786,217.346966649307
"52751","Total Phosphorus","Current",4.78714504821079,3.05045115885963,7.53743114409552
"52751","Total Phosphorus","Reference",4.65794208155959,1.2363129494203,18.9850053529392
"52789","Total Nitrogen","Current",161.102351372285,101.534776553589,245.799629961127
"52789","Total Nitrogen","Reference",152.704873252915,71.8045814804221,287.120926278864
"52789","Total Phosphorus","Current",37.4671281841351,13.1343617430611,76.510342454882
"52789","Total Phosphorus","Reference",5.62716765164553,1.29366095282976,30.8132143851756
"52846","Total Nitrogen","Current",229.266819890469,151.411789885212,333.525465020506
"52846","Total Nitrogen","Reference",145.642014408963,75.7566280179905,263.867250781882
"52846","Total Phosphorus","Current",20.9973831497779,8.61708182976919,40.1970894353524
"52846","Total Phosphorus","Reference",5.50164443712539,1.24450663901426,26.2263634120124
"52848","Total Nitrogen","Current",194.474913078583,124.332062998963,282.992540749778
"52848","Total Nitrogen","Reference",149.74252605762,72.0593678163899,265.228255937958
"52848","Total Phosphorus","Current",17.185118044179,7.95763164746745,33.6733338216672
"52848","Total Phosphorus","Reference",5.26696995644509,1.22327035943919,23.2281930067793
"52849","Total Nitrogen","Current",214.070170098205,138.146928571273,313.060130239491
"52849","Total Nitrogen","Reference",150.799225611356,76.4861360042509,272.494618889062
"52849","Total Phosphorus","Current",14.0042350200601,7.64538916058088,25.3131574719736
"52849","Total Phosphorus","Reference",4.96285141723183,1.91997684784698,14.5842520465781
"52851","Total Nitrogen","Current",164.587963712941,105.732519444866,240.071085463209
"52851","Total Nitrogen","Reference",134.807108565028,68.0976094919384,252.807801677505
"52851","Total Phosphorus","Current",16.8123584875559,8.48143298970896,31.6920285663128
"52851","Total Phosphorus","Reference",4.96822929974522,1.60460030116485,16.0332728227262
"52875","Total Nitrogen","Current",121.891291729746,78.2660696857452,178.652523140654
"52875","Total Nitrogen","Reference",122.308760255823,60.516535621741,221.604330478263
"52875","Total Phosphorus","Current",28.0848081917917,13.5740106448346,55.4267648447405
"52875","Total Phosphorus","Reference",5.06218392289288,2.09563128443729,13.2496686776613
"52878","Total Nitrogen","Current",116.45529668142,73.7371921438561,175.530946497444
"52878","Total Nitrogen","Reference",127.16642687502,67.3796987304727,237.777726802829
"52878","Total Phosphorus","Current",24.44323612814,10.4436952411252,47.5295926967823
"52878","Total Phosphorus","Reference",5.32755410304917,1.41832717059694,24.5456249251926
"52884","Total Nitrogen","Current",114.539350200608,75.4517251856741,163.557339380532
"52884","Total Nitrogen","Reference",131.657957493693,69.1727421425403,243.67257509347
"52884","Total Phosphorus","Current",21.4651051375834,11.2363843443934,41.1224211189673
"52884","Total Phosphorus","Reference",9.37849536500193,4.5778831567866,19.3151921714213
"52887","Total Nitrogen","Current",152.141042236983,99.3075376476295,222.748245730624
"52887","Total Nitrogen","Reference",137.698475365499,74.7374822465428,256.829872556828
"52887","Total Phosphorus","Current",17.7605196097818,9.4906885695596,32.4993354703404
"52887","Total Phosphorus","Reference",5.49260754845213,1.02866044896903,30.1936007977066
"52889","Total Nitrogen","Current",96.4593178285723,57.9377318098372,152.323997875885
"52889","Total Nitrogen","Reference",135.271050762287,66.9849851067607,245.707809397575
"52889","Total Phosphorus","Current",23.1554391670515,10.9853106509086,46.6099012070701
"52889","Total Phosphorus","Reference",5.10013978546058,1.59260982544452,18.5318347351969
"52896","Total Nitrogen","Current",64.0394366369936,36.8021049185206,98.338494095833
"52896","Total Nitrogen","Reference",117.432247775322,60.5197683000734,212.220907954895
"52896","Total Phosphorus","Current",15.5860319636526,8.82250227563446,27.8007563516205
"52896","Total Phosphorus","Reference",4.82803606613948,1.90809403309773,11.8165291644411
"52902","Total Nitrogen","Current",131.062382262339,82.9958151475843,193.429654302494
"52902","Total Nitrogen","Reference",134.626449631005,70.2001422847147,240.455852257435
"52902","Total Phosphorus","Current",16.9656690342972,9.31406287210533,31.1053289552851
"52902","Total Phosphorus","Reference",4.91580280385056,2.1479278050358,11.301728771367
"52914","Total Nitrogen","Current",95.8434942048552,63.5492489688182,140.424716255856
"52914","Total Nitrogen","Reference",114.060855524031,60.7219271374673,195.953829470561
"52914","Total Phosphorus","Current",12.9414283582353,7.40949511976778,22.8150421548187
"52914","Total Phosphorus","Reference",4.86008720252916,2.37299050922298,10.3845229516901
"52924","Total Nitrogen","Current",103.429036041407,62.657427107715,160.803895993474
"52924","Total Nitrogen","Reference",134.519770714083,65.1763957393897,234.085096387015
"52924","Total Phosphorus","Current",16.1265544766081,8.43587995730682,30.054680460078
"52924","Total Phosphorus","Reference",5.08910355968195,1.65390394160804,18.3400961461984
"52927","Total Nitrogen","Current",100.531220024754,61.7288785617075,157.563205199504
"52927","Total Nitrogen","Reference",137.533991097318,71.5036880276705,247.25443581292
"52927","Total Phosphorus","Current",15.531015117135,7.9000833176775,29.9351430519052
"52927","Total Phosphorus","Reference",5.1398274955642,1.43115255994189,18.7655224001072
"52928","Total Nitrogen","Current",95.2758175417686,56.1123751735883,148.833357875172
"52928","Total Nitrogen","Reference",135.271050762287,71.1402315857941,239.003879339827
"52928","Total Phosphorus","Current",15.2228901882779,7.25143414929681,28.7739588079034
"52928","Total Phosphorus","Reference",5.16807365160368,1.38415661791082,23.5117318120856
"52931","Total Nitrogen","Current",105.570758438358,64.9690167944197,160.241553979104
"52931","Total Nitrogen","Reference",123.415814194813,64.9063493698931,233.675551641287
"52931","Total Phosphorus","Current",19.9561010006172,8.89774347943929,38.1714191533144
"52931","Total Phosphorus","Reference",5.8697268791935,2.87150653616911,12.4738051009673
"52940","Total Nitrogen","Current",70.5121731839577,39.4013245303808,113.504804385278
"52940","Total Nitrogen","Reference",130.328489452551,70.4795139049646,237.825234283401
"52940","Total Phosphorus","Current",3.54768072626342,2.10379527830854,6.13475954154406
"52940","Total Phosphorus","Reference",4.95862164685343,1.71240998272997,13.7817773841659
"52954","Total Nitrogen","Current",87.9465813815926,52.1808413196111,132.100848637447
"52954","Total Nitrogen","Reference",121.380420729067,63.1837091349181,227.617164257094
"52954","Total Phosphorus","Current",7.12425539502522,3.71962953048162,12.8556635581701
"52954","Total Phosphorus","Reference",5.21490540271435,1.36038599394633,21.4419835560966
"52960","Total Nitrogen","Current",73.2838057926481,43.6831198113995,115.304488381732
"52960","Total Nitrogen","Reference",139.947481947233,74.9243666435349,259.11577433993
"52960","Total Phosphorus","Current",13.1864768091944,7.52110682998528,23.5058660054559
"52960","Total Phosphorus","Reference",8.81975027981964,3.9522701848984,19.7626968702783
"52988","Total Nitrogen","Current",73.0959736175853,42.8416622695723,119.288853522477
"52988","Total Nitrogen","Reference",135.087638169823,73.7360156146488,248.96322115986
"52988","Total Phosphorus","Current",21.0531893973286,9.26931927797328,43.0906867044168
"52988","Total Phosphorus","Reference",5.35034739185301,1.15938496276617,23.6797651324525
"52998","Total Nitrogen","Current",105.234463418935,63.4079954070788,160.787416186389
"52998","Total Nitrogen","Reference",129.359087751976,64.2133802958688,233.783743672566
"52998","Total Phosphorus","Current",5.53109923209055,3.53697022404825,8.97965396295634
"52998","Total Phosphorus","Reference",5.36382940443638,1.99388057418555,14.6554046666078
"53006","Total Nitrogen","Current",77.8605505540301,46.7507250072672,124.370869890573
"53006","Total Nitrogen","Reference",135.25374570866,67.5924531969991,243.590171209312
"53006","Total Phosphorus","Current",10.6062818856384,5.89942004708912,19.1735649145908
"53006","Total Phosphorus","Reference",5.04436432428314,1.76771546064943,16.0347377548059
"53020","Total Nitrogen","Current",109.756585676502,65.72773735047,170.831792016036
"53020","Total Nitrogen","Reference",135.697779919504,72.2136010309842,239.474943303229
"53020","Total Phosphorus","Current",10.5243663081648,5.67742171163089,19.638331739331
"53020","Total Phosphorus","Reference",5.03104259674772,2.33696352131046,12.0444958421029
"53022","Total Nitrogen","Current",119.408823438323,76.117411880377,180.752282025867
"53022","Total Nitrogen","Reference",130.218531811809,66.1683869455717,255.501017570727
"53022","Total Phosphorus","Current",11.958361714962,6.65935769259451,21.0976278794204
"53022","Total Phosphorus","Reference",4.89857780155947,2.39078742092583,10.4291486215618
"53025","Total Nitrogen","Current",167.622018085396,105.709356784801,247.242452446725
"53025","Total Nitrogen","Reference",185.262842082337,98.5847201043455,323.253953238537
"53025","Total Phosphorus","Current",15.6819705388971,9.73757082064568,27.8313074732173
"53025","Total Phosphorus","Reference",10.0995822701559,3.70460153427128,28.0314210610241
"53033","Total Nitrogen","Current",89.6498483943848,54.5940250368618,139.745257567137
"53033","Total Nitrogen","Reference",160.953739122503,84.465494805743,290.994860086516
"53033","Total Phosphorus","Current",10.955780790295,6.52420139192655,17.9778264596368
"53033","Total Phosphorus","Reference",9.19966532055425,3.56844296154441,26.2735513785021
"53034","Total Nitrogen","Current",86.2201266929834,50.4057391122664,136.967184743679
"53034","Total Nitrogen","Reference",126.445260351071,68.7868525858361,240.463949684936
"53034","Total Phosphorus","Current",9.52534290344077,5.5054373207456,16.4460671475978
"53034","Total Phosphorus","Reference",4.84378889580168,1.45588406609993,15.9350180528759
"53059","Total Nitrogen","Current",102.938667749262,65.1846773416985,155.882637078294
"53059","Total Nitrogen","Reference",123.455636559473,60.8854993739114,226.99175034151
"53059","Total Phosphorus","Current",11.094394044093,5.86045984170023,21.7460446968825
"53059","Total Phosphorus","Reference",5.2490793872107,1.26683692200101,23.4228200053993
"53062","Total Nitrogen","Current",133.403855683442,78.4321553670968,199.536671216015
"53062","Total Nitrogen","Reference",138.950921248947,70.923621972288,260.747506590688
"53062","Total Phosphorus","Current",11.6879259186955,5.73702870333784,22.1781165644855
"53062","Total Phosphorus","Reference",5.25920761102606,1.85973628705932,15.5742429176387
"53101","Total Nitrogen","Current",156.389366847262,101.878332956402,228.920593982559
"53101","Total Nitrogen","Reference",128.091221670733,65.6946652529339,236.42504186855
"53101","Total Phosphorus","Current",14.974555132845,8.44899843410493,27.5877868199082
"53101","Total Phosphorus","Reference",4.89837206573395,2.49035338208313,9.70032409450154
"53108","Total Nitrogen","Current",119.517422381323,73.5486610769508,182.834341086154
"53108","Total Nitrogen","Reference",123.128998271211,60.0574181474645,225.534826763388
"53108","Total Phosphorus","Current",15.2758343821935,6.8973593061959,30.0660892799796
"53108","Total Phosphorus","Reference",5.87765306986754,3.23325053451781,9.77085417572994
"53109","Total Nitrogen","Current",110.326171810122,65.8278034599959,166.983170580955
"53109","Total Nitrogen","Reference",130.328489452551,62.5091821586717,242.880268183781
"53109","Total Phosphorus","Current",17.8231876892804,8.75805918380745,33.1718224510724
"53109","Total Phosphorus","Reference",5.08347347025988,2.40635037902041,11.0516743253048
"53113","Total Nitrogen","Current",100.58454441639,62.2474792550966,156.627263270953
"53113","Total Nitrogen","Reference",124.114721577064,67.27393884032,230.982586993572
"53113","Total Phosphorus","Current",11.4301545692131,6.1311359928301,21.7276910007139
"53113","Total Phosphorus","Reference",5.53434179734693,2.33044373967679,14.0140328976624
"53114","Total Nitrogen","Current",184.525389026733,119.904053322281,278.463909537532
"53114","Total Nitrogen","Reference",161.513126262865,82.9399689919369,302.870449585198
"53114","Total Phosphorus","Current",19.5801325704464,8.7202994072274,38.3868786603401
"53114","Total Phosphorus","Reference",6.84230659991587,2.51674835445971,19.0547354343892
"53117","Total Nitrogen","Current",148.537182020988,95.1956523713685,212.753291953386
"53117","Total Nitrogen","Reference",129.950417127376,65.7107879318324,249.257216087414
"53117","Total Phosphorus","Current",19.1003733492147,10.0521907057591,35.7476434090257
"53117","Total Phosphorus","Reference",5.01024554044574,2.11125360111392,13.4052440710355
"53120","Total Nitrogen","Current",96.0165232319086,57.2590188916131,151.578266888969
"53120","Total Nitrogen","Reference",135.586150307523,65.4330924964251,246.248354144694
"53120","Total Phosphorus","Current",13.8307083357247,7.17861872577249,25.2671681693428
"53120","Total Phosphorus","Reference",5.13166190838937,1.88504929107251,17.8327078211099
"53124","Total Nitrogen","Current",100.266102267928,58.0033462650486,158.632611398402
"53124","Total Nitrogen","Reference",135.586150307523,69.7679376795554,237.996031196551
"53124","Total Phosphorus","Current",13.7851064856236,7.72996146879186,24.8662200742785
"53124","Total Phosphorus","Reference",4.85630877232343,1.73138048920387,13.3680212445731
"53129","Total Nitrogen","Current",100.05640081811,61.9693327614031,156.545022303747
"53129","Total Nitrogen","Reference",128.923113445866,68.2797637963872,242.304553095332
"53129","Total Phosphorus","Current",8.15352938686981,4.49262156563255,15.246656526263
"53129","Total Phosphorus","Reference",5.35399164920308,3.5018516893852,8.39032752303827
"53145","Total Nitrogen","Current",129.725449997191,77.9554913070006,201.203547065522
"53145","Total Nitrogen","Reference",146.06828378848,72.7476244894438,267.141827778018
"53145","Total Phosphorus","Current",9.45094311371843,5.0885607640057,17.758171591776
"53145","Total Phosphorus","Reference",5.42718313925783,3.57272516801835,8.0939760668483
"53149","Total Nitrogen","Current",116.85831281511,69.5617195593768,177.33641153355
"53149","Total Nitrogen","Reference",128.923113445866,65.9060008275038,244.345382999112
"53149","Total Phosphorus","Current",7.01414091120657,4.2918676525914,11.2555336449333
"53149","Total Phosphorus","Reference",5.01714871403501,3.6827369522909,6.90206572049912
"53163","Total Nitrogen","Current",138.251314401658,85.4312573517054,209.252847113756
"53163","Total Nitrogen","Reference",221.906773564478,123.156959761589,415.935103220643
"53163","Total Phosphorus","Current",14.5528270314579,8.59722031861678,24.3267074848142
"53163","Total Phosphorus","Reference",3.52713217828686,1.5776826910092,8.01652073684388
"53216","Total Nitrogen","Current",268.929100020547,178.763750930374,383.702956327049
"53216","Total Nitrogen","Reference",221.043426882977,117.43871241046,445.771871491727
"53216","Total Phosphorus","Current",28.921920039059,14.3438647252625,55.4253700684863
"53216","Total Phosphorus","Reference",3.69314015254909,1.68097697406638,8.84212496630894
"53262","Total Nitrogen","Current",138.24325138543,84.2148216808507,208.173207694684
"53262","Total Nitrogen","Reference",130.742599586254,62.8726149143465,241.245138213252
"53262","Total Phosphorus","Current",7.39541168594116,4.38802582953214,12.5381437813068
"53262","Total Phosphorus","Reference",5.17743214124311,3.70889607592347,7.32109587951041
"53300","Total Nitrogen","Current",83.8522550049933,46.2259553472721,147.054497647985
"53300","Total Nitrogen","Reference",149.346535520434,72.4295583264601,263.916868661937
"53300","Total Phosphorus","Current",23.2637070714276,13.5399158957564,40.1434768717895
"53300","Total Phosphorus","Reference",5.09867086326758,3.457177972345,7.9448028699492
"53304","Total Nitrogen","Current",82.2467904258687,49.2207581971032,129.32678187461
"53304","Total Nitrogen","Reference",129.540692853121,65.1791380051723,245.255629492308
"53304","Total Phosphorus","Current",14.2302683724307,9.04497173560119,23.7398869666699
"53304","Total Phosphorus","Reference",4.95438771098002,3.63186541115603,6.81980686090444
"53315","Total Nitrogen","Current",111.246281782701,63.2567633060648,177.481867413784
"53315","Total Nitrogen","Reference",147.386099499533,70.7730748979575,268.31389052625
"53315","Total Phosphorus","Current",20.9626061856919,12.2553568183481,36.630419583712
"53315","Total Phosphorus","Reference",5.09890298138738,3.45973101777451,7.83942627407679
"53338","Total Nitrogen","Current",106.709460660471,66.9349987278612,155.9006611976
"53338","Total Nitrogen","Reference",121.520570235982,56.4184731823226,220.322961212399
"53338","Total Phosphorus","Current",8.14190092425983,4.53910498126673,14.7731764829589
"53338","Total Phosphorus","Reference",5.42877951107564,3.16081234120368,9.13359883066819
"53353","Total Nitrogen","Current",99.0473997393714,64.5190843880943,153.812313325285
"53353","Total Nitrogen","Reference",122.593030841734,65.0824692200198,224.322414862157
"53353","Total Phosphorus","Current",11.7256233679544,6.94518151457763,19.9593074761267
"53353","Total Phosphorus","Reference",5.04881028120103,3.28402899647447,7.95926557252259
"53392","Total Nitrogen","Current",136.992789105735,81.0255313100798,209.052641469777
"53392","Total Nitrogen","Reference",140.823537763013,68.2585356331674,265.196300089422
"53392","Total Phosphorus","Current",15.658909501252,8.36125604164783,31.0169219375983
"53392","Total Phosphorus","Reference",5.47377813849889,3.45681365367827,8.58777753251198
"53401","Total Nitrogen","Current",126.120210465105,73.6069787759376,204.211487773171
"53401","Total Nitrogen","Reference",143.506495159676,73.1798315661054,271.71569486905
"53401","Total Phosphorus","Current",13.8380863918453,7.67673178091156,25.6163885058226
"53401","Total Phosphorus","Reference",7.82898309521106,4.39216739652839,14.4865648301468
"53412","Total Nitrogen","Current",205.921631023046,132.784411287913,296.316780726607
"53412","Total Nitrogen","Reference",105.545584429152,48.9474133733057,198.053344971048
"53412","Total Phosphorus","Current",13.8027087579123,7.99317788819391,24.1588522441352
"53412","Total Phosphorus","Reference",8.49713224697367,4.86755365359889,15.0292377953633
"53491","Total Nitrogen","Current",144.850864284527,86.1311859792977,221.776551881203
"53491","Total Nitrogen","Reference",149.324862290649,76.2423814162941,279.66012420278
"53491","Total Phosphorus","Current",17.1107260056783,8.50248354940494,33.7942758484825
"53491","Total Phosphorus","Reference",5.46938624810135,3.15145181479316,9.44018379788658
"53492","Total Nitrogen","Current",79.7150437058433,45.5800440789824,140.791319632671
"53492","Total Nitrogen","Reference",146.047426734067,74.2414258214705,286.764561811959
"53492","Total Phosphorus","Current",10.8714443434936,6.23672294307189,19.5547952312122
"53492","Total Phosphorus","Reference",5.33647205259349,3.59881910625435,7.79112349678188
"53519","Total Nitrogen","Current",164.446274051966,108.647873587693,240.695725906401
"53519","Total Nitrogen","Reference",126.013517096009,68.1079983954554,239.490563499647
"53519","Total Phosphorus","Current",19.6246081765273,12.5374843415129,31.8316077648171
"53519","Total Phosphorus","Reference",5.2771316794046,4.14673780131788,7.04113964448314
"53532","Total Nitrogen","Current",42.2952504853301,26.8127269607761,66.8007082014014
"53532","Total Nitrogen","Reference",69.7330106687856,34.08236865252,139.69887291809
"53532","Total Phosphorus","Current",9.49811847862913,5.6454773797918,15.9780983513519
"53532","Total Phosphorus","Reference",5.09779853363939,3.79362979086795,7.17839547098037
"53549","Total Nitrogen","Current",175.175279081258,113.246234390902,261.55049878087
"53549","Total Nitrogen","Reference",181.864406329947,99.2638095103044,342.603621395439
"53549","Total Phosphorus","Current",25.0580016827369,14.9000257173288,42.2809418733695
"53549","Total Phosphorus","Reference",6.22266969333763,4.84859350847734,8.39070585408839
"53550","Total Nitrogen","Current",331.439082664668,218.753832108135,479.395463638546
"53550","Total Nitrogen","Reference",164.903712672084,78.1572746428112,304.133867137837
"53550","Total Phosphorus","Current",30.7102247420649,14.8448013612131,62.294336241262
"53550","Total Phosphorus","Reference",5.7971423919581,3.57068286697122,9.14923015168112
"53717","Total Nitrogen","Current",222.514707846137,148.215679509156,330.726551047901
"53717","Total Nitrogen","Reference",144.643671153649,76.7358313482779,275.661530756543
"53717","Total Phosphorus","Current",14.7480760542213,9.20782177690509,23.5078733014945
"53717","Total Phosphorus","Reference",4.54873421797861,3.13780344427102,6.90806066083944
"53730","Total Nitrogen","Current",254.030423286002,170.854127411295,368.553568863508
"53730","Total Nitrogen","Reference",131.213092077173,70.4506051136438,247.396010348035
"53730","Total Phosphorus","Current",12.3552225366941,7.30086247434334,20.9357645455128
"53730","Total Phosphorus","Reference",4.58499287061826,3.42957254631034,6.35250167797549
"53851","Total Nitrogen","Current",119.055254687451,75.5232486040569,174.729632788628
"53851","Total Nitrogen","Reference",104.297570582136,56.2436511689875,187.103821996484
"53851","Total Phosphorus","Current",12.7646320839265,7.62489746413015,22.0988435003656
"53851","Total Phosphorus","Reference",7.0560715929862,3.99649134306547,13.154487386277
"53868","Total Nitrogen","Current",132.938108301828,79.9362812092683,200.800498491554
"53868","Total Nitrogen","Reference",135.586150307523,68.5927691349243,251.373128682408
"53868","Total Phosphorus","Current",6.43211168926746,3.60119047748934,11.8826339524751
"53868","Total Phosphorus","Reference",5.16136474010252,1.63415428263012,18.9652657833536
"53870","Total Nitrogen","Current",201.733152622863,127.308919463354,297.047237214811
"53870","Total Nitrogen","Reference",168.482420002369,87.8294936885083,306.911651880246
"53870","Total Phosphorus","Current",11.529742121475,6.08724511452412,21.5483565474734
"53870","Total Phosphorus","Reference",5.24526586220488,1.35991965516106,20.2926966912908
"53872","Total Nitrogen","Current",151.814699084663,98.648544468837,221.928062753132
"53872","Total Nitrogen","Reference",101.532297280999,52.5830277411386,197.328549494854
"53872","Total Phosphorus","Current",17.8800525628676,10.2918408099943,32.410630158961
"53872","Total Phosphorus","Reference",7.83077386321593,4.94252648590848,13.2022331819175
"53877","Total Nitrogen","Current",141.447277375799,88.1214992647564,214.083498881532
"53877","Total Nitrogen","Reference",129.965483415659,65.2586435154145,241.399938941642
"53877","Total Phosphorus","Current",12.1116663462408,6.94201562066586,21.2997148445342
"53877","Total Phosphorus","Reference",5.69782770059466,3.07975532336736,10.5502219334414
"53886","Total Nitrogen","Current",219.952393368813,139.917396589742,324.971991492291
"53886","Total Nitrogen","Reference",140.640160532305,69.254612851383,254.404175140495
"53886","Total Phosphorus","Current",21.9385840629794,11.4104500852973,42.1590504221483
"53886","Total Phosphorus","Reference",5.43481392296273,2.89845852421438,10.7162713349074
"53963","Total Nitrogen","Current",84.0214720340148,49.7782324752618,130.774528988817
"53963","Total Nitrogen","Reference",116.358398239478,58.5131521539723,206.835592389784
"53963","Total Phosphorus","Current",27.7745858465416,13.4971035748803,55.2479803787875
"53963","Total Phosphorus","Reference",5.52637208514419,3.0284268515199,10.5949480694756
"53966","Total Nitrogen","Current",81.4754669033139,46.4480694651366,128.861691409436
"53966","Total Nitrogen","Reference",123.113246534929,63.9654824684043,244.49716258603
"53966","Total Phosphorus","Current",43.8061967407577,21.304903197581,93.3004060381917
"53966","Total Phosphorus","Reference",5.37847033613839,3.29561886953081,8.86820322345996
"54000","Total Nitrogen","Current",78.3470256205645,48.4185882228651,119.042761589544
"54000","Total Nitrogen","Reference",117.643296791892,58.0200913392218,210.217966921325
"54000","Total Phosphorus","Current",8.6800169967026,5.09440127821989,15.4114608260635
"54000","Total Phosphorus","Reference",4.97344929867731,1.94964635586258,12.4248805448229
"54001","Total Nitrogen","Current",93.9048181199419,56.6136539840861,147.173737665256
"54001","Total Nitrogen","Reference",135.271050762287,69.8250661543937,246.562861493988
"54001","Total Phosphorus","Current",10.5984700296804,5.06164296948743,20.7223971505407
"54001","Total Phosphorus","Reference",5.37070057896235,1.35988906334739,21.5013658627579
"54019","Total Nitrogen","Current",162.90555607944,107.552618207273,245.342509169983
"54019","Total Nitrogen","Reference",125.188815024535,60.2753793973955,228.32973042748
"54019","Total Phosphorus","Current",8.38610568999481,5.12200131397015,14.0453491589759
"54019","Total Phosphorus","Reference",5.12385934542426,3.20348225352872,7.93724124389753
"54022","Total Nitrogen","Current",164.732479802349,108.213256990921,241.494245005702
"54022","Total Nitrogen","Reference",123.128998271211,58.3265880462895,211.263527021358
"54022","Total Phosphorus","Current",17.4066643471593,10.0029351423127,31.7553741789954
"54022","Total Phosphorus","Reference",5.29299658955471,2.92888739971311,10.1276618426412
"54025","Total Nitrogen","Current",155.372579345804,103.716438414014,225.386317559511
"54025","Total Nitrogen","Reference",122.137385048283,63.608442928635,218.002556309503
"54025","Total Phosphorus","Current",19.0026561706274,10.1761114650997,35.7458513327289
"54025","Total Phosphorus","Reference",5.41124255134717,3.00918079855,10.3180924056875
"54035","Total Nitrogen","Current",165.6449867602,112.55314972588,244.005538973897
"54035","Total Nitrogen","Reference",127.801617659933,67.1894887166928,238.062610813625
"54035","Total Phosphorus","Current",8.14890928220566,5.25198247167174,13.3246807552722
"54035","Total Phosphorus","Reference",4.80166253618904,3.68507613934951,6.33971007099242
"54037","Total Nitrogen","Current",177.315074379341,113.044598054203,255.832911836379
"54037","Total Nitrogen","Reference",142.843684516394,70.6393742758165,256.35800182491
"54037","Total Phosphorus","Current",31.3436453073417,16.7270390436071,56.6999950242477
"54037","Total Phosphorus","Reference",5.17621954689722,3.66896942219947,7.49007767557962
"54039","Total Nitrogen","Current",90.0586016713528,48.6961169415905,150.002023937813
"54039","Total Nitrogen","Reference",147.386099499533,75.6105834079421,266.012262645001
"54039","Total Phosphorus","Current",22.257327661428,13.4947089498152,38.6907602180241
"54039","Total Phosphorus","Reference",4.99873307998076,3.67507527236001,6.9776870044217
"54050","Total Nitrogen","Current",239.890889301718,165.334033389706,346.434119605281
"54050","Total Nitrogen","Reference",224.106623519153,113.699641945847,429.735242478196
"54050","Total Phosphorus","Current",18.190784646137,10.8421040595124,32.0690826613721
"54050","Total Phosphorus","Reference",6.08218354148541,3.17725646651213,11.9767286108871
"54060","Total Nitrogen","Current",80.3348204316506,47.4723138893337,128.317951691003
"54060","Total Nitrogen","Reference",126.480675514299,64.6788693824994,234.527292515371
"54060","Total Phosphorus","Current",11.7313573461595,6.80084149856912,22.2936091611965
"54060","Total Phosphorus","Reference",4.86138246188336,2.70259197862575,9.30445466970087
"54061","Total Nitrogen","Current",98.0815660184239,60.8974283981986,148.132023720307
"54061","Total Nitrogen","Reference",135.586150307523,68.954580566558,252.628126544102
"54061","Total Phosphorus","Current",14.1712252635067,7.22899848488671,26.6846282003849
"54061","Total Phosphorus","Reference",5.12576477235717,1.92165983353749,16.1129928031601
"54071","Total Nitrogen","Current",110.174556081282,68.092926461093,169.656360137532
"54071","Total Nitrogen","Reference",133.418751539958,70.6947473470964,250.199281611362
"54071","Total Phosphorus","Current",16.7738756073715,8.69340187693807,31.0110800045114
"54071","Total Phosphorus","Reference",5.13331233525924,2.25440656917718,13.254304775364
"54073","Total Nitrogen","Current",102.594691626302,62.5313545255764,161.497967604144
"54073","Total Nitrogen","Reference",130.218531811809,68.9773700463494,244.715528940986
"54073","Total Phosphorus","Current",18.368012274764,10.353344689722,33.484127803416
"54073","Total Phosphorus","Reference",4.8986376737056,2.25515075101196,11.3924979762729
"54077","Total Nitrogen","Current",154.956865443207,97.2246198106376,226.698228714091
"54077","Total Nitrogen","Reference",135.271050762287,65.7030111637808,246.599612137367
"54077","Total Phosphorus","Current",15.0765545968905,8.69120653343976,28.2382945127715
"54077","Total Phosphorus","Reference",4.91327554729286,1.80317789825528,15.5123342032515
"54088","Total Nitrogen","Current",124.549355544171,78.8967110473705,186.638114181793
"54088","Total Nitrogen","Reference",123.29763322374,58.8104152987952,238.926453249384
"54088","Total Phosphorus","Current",13.2850376486238,7.26380166215315,24.5148131612953
"54088","Total Phosphorus","Reference",5.45605289786207,3.06608138685517,10.0448719167603
"54094","Total Nitrogen","Current",140.114218500881,88.4290473545483,208.762336924946
"54094","Total Nitrogen","Reference",125.188815024535,61.3173402357477,222.138855646869
"54094","Total Phosphorus","Current",13.4683235344485,8.09610063197966,23.0245610770547
"54094","Total Phosphorus","Reference",5.27086470869208,3.29664104226415,8.68601412405992
"54132","Total Nitrogen","Current",96.9891026621169,61.8924190885125,142.050306114559
"54132","Total Nitrogen","Reference",107.917614010906,58.0047663459074,201.841883535763
"54132","Total Phosphorus","Current",11.456295182683,7.26564464911095,18.9720960358577
"54132","Total Phosphorus","Reference",5.32740907036669,3.462691165455,8.58685839525193
"54141","Total Nitrogen","Current",480.021571103268,335.319132776068,709.516465136553
"54141","Total Nitrogen","Reference",231.001297279307,120.387422745536,427.701207340128
"54141","Total Phosphorus","Current",32.1059891461877,13.2439467636955,66.4956048934642
"54141","Total Phosphorus","Reference",6.67496401073878,2.98444370289328,15.4539879380094
"54144","Total Nitrogen","Current",163.170770663561,110.447817262159,234.220405543442
"54144","Total Nitrogen","Reference",113.479840649489,54.403125528383,216.722319708331
"54144","Total Phosphorus","Current",7.4181689121047,4.76018696800017,11.8287371925735
"54144","Total Phosphorus","Reference",4.98990818742993,3.39689453930512,7.57272337559665
"54154","Total Nitrogen","Current",110.97321765638,64.8854826328012,174.335843261968
"54154","Total Nitrogen","Reference",140.640160532305,68.5079947920618,263.288697066377
"54154","Total Phosphorus","Current",20.866156261727,10.0899782726762,42.5737332243056
"54154","Total Phosphorus","Reference",5.66929659199818,2.97980451988297,10.5980924532942
"54156","Total Nitrogen","Current",92.8701928089075,54.8076657198045,145.830789430507
"54156","Total Nitrogen","Reference",123.128998271211,59.6842284302678,232.97138312019
"54156","Total Phosphorus","Current",16.3668160730781,9.02888107715518,28.7930105055588
"54156","Total Phosphorus","Reference",5.29399349361299,3.6726149003028,7.85454596450386
"54177","Total Nitrogen","Current",55.7986069006388,30.7168414474258,94.6281120586732
"54177","Total Nitrogen","Reference",113.736418933456,62.6063803845011,206.329721936733
"54177","Total Phosphorus","Current",12.7720074927715,8.03749078183211,20.1425262617922
"54177","Total Phosphorus","Reference",5.4915716655948,4.1802431041411,7.35665099022334
"54181","Total Nitrogen","Current",315.088762978247,211.122051000294,469.409638328729
"54181","Total Nitrogen","Reference",146.678879510719,72.083954159456,269.569312891867
"54181","Total Phosphorus","Current",31.9327544686283,17.3436120988414,58.4562252528839
"54181","Total Phosphorus","Reference",5.50206435318118,4.13752063873745,7.58505212637709
"54190","Total Nitrogen","Current",381.207031056286,254.849780272423,566.559521475175
"54190","Total Nitrogen","Reference",134.162897877259,67.6475521104664,239.414230423309
"54190","Total Phosphorus","Current",22.8298846051646,12.3191745694964,43.7821373963439
"54190","Total Phosphorus","Reference",5.2709094082664,2.66492216700579,10.9422886449249
"54237","Total Nitrogen","Current",226.432079662221,147.855295266684,334.342903594077
"54237","Total Nitrogen","Reference",147.258303291099,72.0001762174155,275.202812304993
"54237","Total Phosphorus","Current",16.7636418457604,10.061417665552,28.7574260994127
"54237","Total Phosphorus","Reference",5.02873520973424,3.71992134515901,7.15678654119487
"54288","Total Nitrogen","Current",64.0507446052743,33.1439735719733,112.009706921337
"54288","Total Nitrogen","Reference",140.126502571149,68.6700674628355,263.65721706951
"54288","Total Phosphorus","Current",37.0350292190436,14.1350353029243,77.1178058055544
"54288","Total Phosphorus","Reference",6.04570336233183,2.79291585903683,13.6110662459633
"54311","Total Nitrogen","Current",404.017579637457,274.373407907413,604.403214468014
"54311","Total Nitrogen","Reference",195.033992998508,106.266359238131,384.808578709247
"54311","Total Phosphorus","Current",19.661494865697,12.4013698292099,32.9122668481933
"54311","Total Phosphorus","Reference",6.36057215599781,3.73088280360192,11.5238050674334
"54351","Total Nitrogen","Current",141.320924092797,89.0067255567606,213.649857973361
"54351","Total Nitrogen","Reference",103.19571460543,50.8113611144733,188.811929319759
"54351","Total Phosphorus","Current",24.6612998089094,11.6618875416286,50.6372480218747
"54351","Total Phosphorus","Reference",9.17918707196156,4.27413584167266,20.9115353709289
"54356","Total Nitrogen","Current",134.829690307231,84.4076990102987,199.358604096824
"54356","Total Nitrogen","Reference",106.823683048281,49.8932985834049,194.26473862831
"54356","Total Phosphorus","Current",8.79051640337972,4.86594008667246,15.6019239938872
"54356","Total Phosphorus","Reference",9.13590712765557,3.7856883424314,21.7634270261078
"54407","Total Nitrogen","Current",123.492575830634,77.3207687839732,186.536745582264
"54407","Total Nitrogen","Reference",100.294687198317,50.230212512252,180.799303037125
"54407","Total Phosphorus","Current",18.8478641366105,9.3958928432208,35.2027474236886
"54407","Total Phosphorus","Reference",9.11539716659338,3.76595293793881,23.4968812143089
"54413","Total Nitrogen","Current",99.7203102449311,63.0179889608947,147.94797089208
"54413","Total Nitrogen","Reference",144.005540896175,81.1187557984954,267.379819925856
"54413","Total Phosphorus","Current",18.1114162295788,10.363632422145,31.0364083157326
"54413","Total Phosphorus","Reference",10.0980133645504,5.01364487985904,20.5343675435057
"54435","Total Nitrogen","Current",124.647610624496,80.7141441339788,184.510751991945
"54435","Total Nitrogen","Reference",97.6302282173373,48.7357218390403,175.585048887944
"54435","Total Phosphorus","Current",20.0581672454584,9.73485996150489,37.8112721880848
"54435","Total Phosphorus","Reference",9.43931135975841,2.71699456041174,35.5757964261654
"54475","Total Nitrogen","Current",112.599921543193,63.629230010243,179.045754567734
"54475","Total Nitrogen","Reference",143.954126715939,72.2712722124958,269.302248333426
"54475","Total Phosphorus","Current",32.7172970623185,13.1900537706287,64.8686055249765
"54475","Total Phosphorus","Reference",6.01199487817121,2.94210488064786,11.2037953477193
"54486","Total Nitrogen","Current",81.0211958963776,49.8058707575898,124.91574759813
"54486","Total Nitrogen","Reference",107.995678093929,55.1410612809456,193.838523213793
"54486","Total Phosphorus","Current",47.6795448634492,20.7314393251468,104.336190369939
"54486","Total Phosphorus","Reference",5.58852109464987,3.28624226401834,9.91080143525806
"54487","Total Nitrogen","Current",85.7409337640782,51.7155907398752,139.68553499153
"54487","Total Nitrogen","Reference",123.128998271211,62.7931100262691,225.985189156567
"54487","Total Phosphorus","Current",39.5487345862026,15.5041941547686,87.3930178289962
"54487","Total Phosphorus","Reference",5.71256718719799,3.1081656021313,10.9256444328582
"54515","Total Nitrogen","Current",95.6148885422076,56.2737078926938,150.132011363066
"54515","Total Nitrogen","Reference",123.29763322374,59.1369132900922,226.392971738441
"54515","Total Phosphorus","Current",46.110808969085,19.3890409440376,98.2641003691566
"54515","Total Phosphorus","Reference",5.72158922938525,3.07379702612349,10.0905412005724
"54561","Total Nitrogen","Current",242.080231286352,152.673556601447,364.47525116068
"54561","Total Nitrogen","Reference",219.025314184896,110.236910850874,441.094033224158
"54561","Total Phosphorus","Current",28.2131477590815,12.3424770576226,58.4190364487677
"54561","Total Phosphorus","Reference",8.01099517560528,3.53883443278456,18.2739160232794
"54601","Total Nitrogen","Current",115.634203967036,66.7558124189223,184.185281353152
"54601","Total Nitrogen","Reference",112.927407496547,53.5220228191249,207.719959747175
"54601","Total Phosphorus","Current",18.5540158496447,9.06974053354686,34.767924351166
"54601","Total Phosphorus","Reference",8.98242277704945,4.50046240315144,19.0431119357895
"54618","Total Nitrogen","Current",85.9737783236659,52.5927034268328,132.81934816099
"54618","Total Nitrogen","Reference",111.530642513949,56.4582139372827,204.164476947228
"54618","Total Phosphorus","Current",28.2754258666994,13.9198956751605,54.2129654085087
"54618","Total Phosphorus","Reference",5.7936149220367,4.06209486630213,8.17079925368384
"54621","Total Nitrogen","Current",81.4105101960432,49.5406188072834,127.735728498482
"54621","Total Nitrogen","Reference",112.796533446957,54.0209605942994,213.027086550988
"54621","Total Phosphorus","Current",15.6161277943932,8.47692783273141,28.879188932275
"54621","Total Phosphorus","Reference",5.33733331882253,3.64075724955056,7.78719922667087
"54660","Total Nitrogen","Current",98.3809115822614,56.6372825763086,152.588683915173
"54660","Total Nitrogen","Reference",125.188815024535,62.2957251354676,222.951627398717
"54660","Total Phosphorus","Current",9.11275370660987,5.45855121302526,14.8390726891975
"54660","Total Phosphorus","Reference",5.10781109835007,2.97690947677719,9.14635697196762
"54672","Total Nitrogen","Current",44.7405422085118,27.7425615143266,69.3737496678632
"54672","Total Nitrogen","Reference",82.3903446849501,43.3054481645713,166.157404136236
"54672","Total Phosphorus","Current",12.4877132436392,7.75618542541531,20.2987234485475
"54672","Total Phosphorus","Reference",5.82168291528067,4.4896673850805,8.03619704213503
"54730","Total Nitrogen","Current",130.568259385957,84.3245193694039,201.323793405331
"54730","Total Nitrogen","Reference",116.201169145236,64.2906237210089,240.062849199162
"54730","Total Phosphorus","Current",7.83306728421027,5.05023790103324,12.339209606322
"54730","Total Phosphorus","Reference",8.29212306439456,4.55687375036857,16.6519345879182
"54731","Total Nitrogen","Current",127.776170593655,84.7517296994385,189.507370262927
"54731","Total Nitrogen","Reference",165.096861325814,87.7488302142848,333.959847521731
"54731","Total Phosphorus","Current",9.63093160186924,6.04663239046437,15.6315899449999
"54731","Total Phosphorus","Reference",8.98451119884465,6.69838368987947,12.2806994476908
"54732","Total Nitrogen","Current",122.1671213903,79.906701971497,183.621890417093
"54732","Total Nitrogen","Reference",152.135957228971,80.1437340122581,293.016285519726
"54732","Total Phosphorus","Current",10.9537794676748,6.84156036637571,18.1841359920245
"54732","Total Phosphorus","Reference",9.13877148073781,5.89753371570453,14.6752138714019
"54733","Total Nitrogen","Current",255.925008036932,164.548172190427,415.547431174865
"54733","Total Nitrogen","Reference",145.433876249007,78.4431004246141,297.93677206623
"54733","Total Phosphorus","Current",17.4729967398865,10.0744459158543,30.0814427882127
"54733","Total Phosphorus","Reference",8.86460903895058,6.50548611377268,12.4687239106172
"54734","Total Nitrogen","Current",149.135331579438,96.7971377613695,239.776195192878
"54734","Total Nitrogen","Reference",127.288100391362,69.1048968713292,254.049093680437
"54734","Total Phosphorus","Current",11.0774830434097,6.2636447203989,20.3911846527279
"54734","Total Phosphorus","Reference",7.79558260067824,5.61811111543097,11.1561405160385
"54735","Total Nitrogen","Current",58.2846524666304,36.6168939652955,96.9499141571858
"54735","Total Nitrogen","Reference",76.6710480122571,40.4185547160396,164.069161346032
"54735","Total Phosphorus","Current",9.13351715314725,5.70612984581487,14.8833668106606
"54735","Total Phosphorus","Reference",8.36119001531756,4.87039961505148,14.6640734255096
"54736","Total Nitrogen","Current",43.2364518449797,26.2708699548446,67.0489936533224
"54736","Total Nitrogen","Reference",59.9331009248114,29.0547054983948,123.971037490892
"54736","Total Phosphorus","Current",6.15788726752628,3.79934660159423,10.1383775142768
"54736","Total Phosphorus","Reference",4.61558946784281,3.33942155126029,6.61310380126044
"54737","Total Nitrogen","Current",120.292653363103,78.7432310689497,177.20687102014
"54737","Total Nitrogen","Reference",199.13526151104,109.70050196095,399.544285443357
"54737","Total Phosphorus","Current",17.5692571224434,8.72585533110838,34.1196409513967
"54737","Total Phosphorus","Reference",8.99995835234519,5.48181851651864,13.5980713381686
"54738","Total Nitrogen","Current",68.468501695884,42.9294221527092,101.939431110394
"54738","Total Nitrogen","Reference",80.8915747386881,43.2560886603897,145.487338100613
"54738","Total Phosphorus","Current",13.564855512045,8.52963961992058,21.6282634986106
"54738","Total Phosphorus","Reference",5.00780627341057,2.76537178049112,9.7830457962499
"54741","Total Nitrogen","Current",125.353067324516,78.9969537646434,184.502367807429
"54741","Total Nitrogen","Reference",130.46676671746,69.5407658453476,235.022008381423
"54741","Total Phosphorus","Current",9.00112520201595,4.65528801620134,16.6776792984147
"54741","Total Phosphorus","Reference",7.0764203740726,3.05325184838081,17.1916990600699
"54742","Total Nitrogen","Current",1437.69722251508,998.05605801103,2262.75562891553
"54742","Total Nitrogen","Reference",324.56738205301,159.698392152853,638.345269240879
"54742","Total Phosphorus","Current",205.262752689156,97.7149291528494,414.766597801569
"54742","Total Phosphorus","Reference",18.2794881675638,6.65624852660881,50.0611372011677
"54736","Chlorophyll a","Current",0.509331069127244,0.293889558895399,0.825383221569815
"52751","Chlorophyll a","Current",0.511750025819799,0.28803637428988,0.824784950582025
"52940","Chlorophyll a","Current",0.528639626548931,0.294138613590594,0.848740965163429
"30038","Chlorophyll a","Current",0.608423454607429,0.346588968778573,0.988771318795782
"53532","Chlorophyll a","Current",0.637677462593857,0.357523477443348,1.12042571781116
"24948","Chlorophyll a","Current",0.676185133901203,0.356809696099449,1.24936757908777
"29244","Chlorophyll a","Current",0.704416808865718,0.449378619501748,1.1012505127862
"26887","Chlorophyll a","Current",0.719437403526636,0.469349512066377,1.09943590435746
"52566","Chlorophyll a","Current",0.721295747320229,0.445731491597065,1.16378183027785
"30344","Chlorophyll a","Current",0.73069257485817,0.412882289136962,1.13539335775402
"28774","Chlorophyll a","Current",0.766679598502911,0.432908641726865,1.30875188205943
"54672","Chlorophyll a","Current",0.771918645418957,0.414391357947813,1.31591426196541
"54735","Chlorophyll a","Current",0.781246584625267,0.463497960363197,1.30233842496938
"45514","Chlorophyll a","Current",0.789578162782151,0.50327781109428,1.18262080748185
"30345","Chlorophyll a","Current",0.791907250152963,0.481234743635214,1.28814304092932
"45688","Chlorophyll a","Current",0.82444697950634,0.509865817921586,1.24278891329817
"24969","Chlorophyll a","Current",0.826689435729971,0.544338629545424,1.30040703130548
"24932","Chlorophyll a","Current",0.879479748980741,0.531883161580395,1.38371957167485
"38502","Chlorophyll a","Current",0.880933284885093,0.508894408843514,1.48114131442328
"52998","Chlorophyll a","Current",0.895207638015574,0.564672369386232,1.38799847548208
"40050","Chlorophyll a","Current",0.898173708829808,0.552812970064705,1.39610319410972
"52954","Chlorophyll a","Current",0.908274610882439,0.532751609309275,1.42474137583876
"24882","Chlorophyll a","Current",0.909590935590738,0.528305278108663,1.46493957122493
"30017","Chlorophyll a","Current",0.912426934975704,0.508533561484275,1.47895524642095
"54177","Chlorophyll a","Current",0.912473570225473,0.493244926537439,1.57298222938149
"54000","Chlorophyll a","Current",0.93448706051524,0.57192286844976,1.53644355048059
"46564","Chlorophyll a","Current",0.953068451877678,0.574842923450713,1.46818459417209
"52652","Chlorophyll a","Current",0.960171030621722,0.602231845433721,1.46387967243335
"24742","Chlorophyll a","Current",0.97265044350973,0.579498906369886,1.57269052568831
"46893","Chlorophyll a","Current",0.984079365576537,0.559043360992912,1.69285074162282
"24955","Chlorophyll a","Current",0.988186535020114,0.584107093513846,1.56377005301976
"47228","Chlorophyll a","Current",0.988474242746754,0.60766747815863,1.56341189700884
"26514","Chlorophyll a","Current",0.992926798043676,0.589711313845415,1.52820293473556
"52148","Chlorophyll a","Current",1.01138566247957,0.631760869248436,1.63554040557644
"29728","Chlorophyll a","Current",1.03913578799627,0.620938164282043,1.70969346002672
"53006","Chlorophyll a","Current",1.03971618329414,0.58325191993856,1.81777409269492
"48451","Chlorophyll a","Current",1.04109502963509,0.618640166960642,1.71917383292147
"26502","Chlorophyll a","Current",1.04671340111633,0.642104735053586,1.63449446123214
"53034","Chlorophyll a","Current",1.05217374389698,0.623817469743933,1.77561719662262
"25765","Chlorophyll a","Current",1.05612262821085,0.646442327872684,1.61763705880207
"53129","Chlorophyll a","Current",1.07142979740035,0.660683153276108,1.71295854644541
"53492","Chlorophyll a","Current",1.07157600318909,0.605511871390443,1.85793750907655
"46775","Chlorophyll a","Current",1.07235571593796,0.539419517494295,2.04719378160341
"54738","Chlorophyll a","Current",1.08893483461593,0.647497296612003,1.74686377537205
"53149","Chlorophyll a","Current",1.0989718524186,0.679197340353249,1.68029239219239
"45525","Chlorophyll a","Current",1.10065559912462,0.697634980099161,1.72915028499524
"29254","Chlorophyll a","Current",1.10212181645917,0.714755300820463,1.6376832853039
"45411","Chlorophyll a","Current",1.10423673365578,0.607813184665059,2.02535706155685
"52407","Chlorophyll a","Current",1.10838418053253,0.617763129644521,1.89935970131532
"53338","Chlorophyll a","Current",1.11999417995439,0.68684236919441,1.7547916684695
"52896","Chlorophyll a","Current",1.12221010528548,0.603754736882488,1.95445313665506
"54060","Chlorophyll a","Current",1.12383429202889,0.685185423031497,1.86783272548027
"52960","Chlorophyll a","Current",1.12429769589386,0.632856624082624,1.84913725343924
"54660","Chlorophyll a","Current",1.12614048949713,0.656958262900495,1.79474938687501
"39050","Chlorophyll a","Current",1.13007399418066,0.715869826166637,1.74432949146427
"29688","Chlorophyll a","Current",1.13778935213825,0.648969275738703,1.84880731882332
"7409","Chlorophyll a","Current",1.14248961558323,0.733482603125211,1.77679255685015
"53868","Chlorophyll a","Current",1.14651709224443,0.659068053828237,1.79158433169785
"25002","Chlorophyll a","Current",1.15384643906746,0.690186672232823,1.8087946837388
"28532","Chlorophyll a","Current",1.15541072590379,0.716637491065976,1.81639983374048
"53033","Chlorophyll a","Current",1.16851636590472,0.676566525782149,1.86329391579473
"7408","Chlorophyll a","Current",1.18501740084126,0.720026395625986,2.01714896029579
"54001","Chlorophyll a","Current",1.18513889677153,0.669267968615439,2.01328898213956
"38974","Chlorophyll a","Current",1.1855238145534,0.765494494060701,1.81807787627629
"24750","Chlorophyll a","Current",1.18714846212751,0.763378955263283,1.83458907990131
"28937","Chlorophyll a","Current",1.19781332461692,0.762019009543173,1.8574006265107
"26515","Chlorophyll a","Current",1.20198279320726,0.721578082275756,1.9180744928631
"29224","Chlorophyll a","Current",1.2191871706715,0.714596890300048,1.98478151916705
"45924","Chlorophyll a","Current",1.23372627526501,0.801729584568433,1.96047845133487
"46137","Chlorophyll a","Current",1.23489404396846,0.580604431663843,2.46258803763075
"27762","Chlorophyll a","Current",1.24684377317984,0.804602369738721,1.87175646185894
"26477","Chlorophyll a","Current",1.24739536315391,0.784388883807695,1.89280397919422
"46051","Chlorophyll a","Current",1.25391523201372,0.722614374836547,2.05573993299508
"54730","Chlorophyll a","Current",1.26279023588564,0.805002629640073,1.92882501699156
"54132","Chlorophyll a","Current",1.26572169668292,0.800703900007815,1.95078363395664
"26026","Chlorophyll a","Current",1.2691969019125,0.750885390849569,2.02166026738701
"53304","Chlorophyll a","Current",1.27156441481294,0.745664041057979,2.05616736839442
"52154","Chlorophyll a","Current",1.27220045699994,0.670134772222425,2.24616079828434
"53262","Chlorophyll a","Current",1.27315151420867,0.794928232837232,1.96459248940507
"28708","Chlorophyll a","Current",1.28028311057195,0.793931237233311,1.90097528251816
"26484","Chlorophyll a","Current",1.29095415226162,0.788583687570768,2.04097768936139
"46957","Chlorophyll a","Current",1.29242435109346,0.75904040816489,2.17731523791351
"53059","Chlorophyll a","Current",1.29638663598366,0.78318467046998,2.12804840516103
"53113","Chlorophyll a","Current",1.2967860435668,0.768273543724105,2.12854159538306
"26111","Chlorophyll a","Current",1.29786600681898,0.842948087543456,2.03530588164321
"53353","Chlorophyll a","Current",1.3011372541619,0.815810287001474,2.08141915102413
"51945","Chlorophyll a","Current",1.30477031350273,0.760341060025471,2.08683191856691
"38143","Chlorophyll a","Current",1.30789673277631,0.703346894060561,2.2880671403047
"46959","Chlorophyll a","Current",1.31147134242322,0.805450662140824,2.04202864561055
"39837","Chlorophyll a","Current",1.31467845945784,0.823554376139993,2.01048897878195
"53020","Chlorophyll a","Current",1.31692423754032,0.773509964912716,2.13512618762344
"54741","Chlorophyll a","Current",1.32549094629304,0.780026752317723,2.11642463610721
"54621","Chlorophyll a","Current",1.32921248549899,0.747858826044021,2.28115258169379
"29679","Chlorophyll a","Current",1.33774508968638,0.772543983182315,2.15612152355811
"29253","Chlorophyll a","Current",1.33777177121772,0.77715138299963,2.1837231352069
"20851","Chlorophyll a","Current",1.33909939340856,0.842854419814631,2.08749868515356
"25008","Chlorophyll a","Current",1.33944837402725,0.764702851377932,2.17745460668979
"24995","Chlorophyll a","Current",1.34113607480032,0.776626823387625,2.18990719432342
"52914","Chlorophyll a","Current",1.34294652887812,0.838766760009114,2.15821263413343
"26031","Chlorophyll a","Current",1.37340578327611,0.864479496593927,2.17907581189406
"54356","Chlorophyll a","Current",1.37677202919428,0.838400409111559,2.21099947907759
"28722","Chlorophyll a","Current",1.37785738934951,0.906405322324726,2.14663163502419
"39688","Chlorophyll a","Current",1.39271281238466,0.829413654515856,2.18692944881323
"54731","Chlorophyll a","Current",1.39470309750189,0.910646093081927,2.11469015944455
"53145","Chlorophyll a","Current",1.39492175833386,0.814599604191055,2.23678326244879
"53120","Chlorophyll a","Current",1.39509145233579,0.794319738592464,2.39924168729394
"28886","Chlorophyll a","Current",1.39790717760006,0.746996476527909,2.48919971374206
"28495","Chlorophyll a","Current",1.40405991184861,0.849884085167159,2.16960681622605
"41727","Chlorophyll a","Current",1.40632088276492,0.821232866378214,2.35374065808633
"52677","Chlorophyll a","Current",1.40643510981223,0.811025332272029,2.37504731578285
"46358","Chlorophyll a","Current",1.41045911981333,0.801869816351693,2.4352950515826
"28945","Chlorophyll a","Current",1.41090207999048,0.862409212010476,2.17957258303651
"29095","Chlorophyll a","Current",1.4112597933123,0.821936675808405,2.44946348186324
"13909","Chlorophyll a","Current",1.42625267988799,0.843164501084656,2.31697877267718
"45683","Chlorophyll a","Current",1.4315456662155,0.841080301636722,2.34456534047603
"24734","Chlorophyll a","Current",1.43155249526457,0.799396392476461,2.26191594060327
"54144","Chlorophyll a","Current",1.43246036865981,0.944200057100133,2.20469245512434
"54061","Chlorophyll a","Current",1.43527036126006,0.821356743958545,2.4810051734913
"53124","Chlorophyll a","Current",1.43545731309979,0.815168416922793,2.43093598566201
"28737","Chlorophyll a","Current",1.43849566089696,0.897595811470453,2.31355668935607
"54732","Chlorophyll a","Current",1.45142274431764,0.938396951486852,2.22417749864793
"52988","Chlorophyll a","Current",1.45446717979852,0.732425788785305,2.65615453449748
"47399","Chlorophyll a","Current",1.45572518985599,0.793076072690902,2.74226508426785
"51770","Chlorophyll a","Current",1.45948480626137,0.874563998533875,2.41952175253484
"46835","Chlorophyll a","Current",1.46247000628519,0.795704511180389,2.48236587708925
"52928","Chlorophyll a","Current",1.46328377197989,0.798583783238655,2.46382254639407
"26357","Chlorophyll a","Current",1.46880715682605,0.932985840110682,2.22514573914006
"45686","Chlorophyll a","Current",1.47030736492985,0.92905902552248,2.25523978671285
"46138","Chlorophyll a","Current",1.47531410851844,0.655765084133169,3.26357901233588
"24777","Chlorophyll a","Current",1.47616461314243,0.833870264795796,2.45718277531695
"25006","Chlorophyll a","Current",1.47971255600687,0.871365614416986,2.32141861551222
"39226","Chlorophyll a","Current",1.48278500893059,0.954204417150463,2.23649278504349
"52617","Chlorophyll a","Current",1.48568036347561,0.882095339650701,2.54749342523469
"29681","Chlorophyll a","Current",1.48601588392946,0.849725247413205,2.38254192959826
"29724","Chlorophyll a","Current",1.48652446184541,0.828442990234108,2.46833486097153
"24809","Chlorophyll a","Current",1.49403002687875,0.85426968775299,2.43541543723871
"54156","Chlorophyll a","Current",1.49617613881167,0.852057931379491,2.49556587205728
"53022","Chlorophyll a","Current",1.49955067630048,0.903564229608914,2.34536571147899
"40102","Chlorophyll a","Current",1.50025269957141,0.996071395200176,2.33024692233109
"50629","Chlorophyll a","Current",1.50492298968347,0.858707413791944,2.58628397761619
"46212","Chlorophyll a","Current",1.5136805550663,0.806785925820865,2.71966314737634
"47814","Chlorophyll a","Current",1.51944706349208,0.902320724523405,2.51944382095452
"24747","Chlorophyll a","Current",1.52019139010221,0.866245560795683,2.48316267572872
"54035","Chlorophyll a","Current",1.52502076064528,1.01983891913709,2.27284023429311
"54019","Chlorophyll a","Current",1.5314583975564,0.97568297040445,2.39095858121407
"26434","Chlorophyll a","Current",1.53145918263643,0.896263302279375,2.50361087011204
"46047","Chlorophyll a","Current",1.53241034971532,0.873898961784092,2.68199954380689
"45434","Chlorophyll a","Current",1.53322460107189,0.977354566710092,2.44563044535223
"41746","Chlorophyll a","Current",1.53585037331845,0.806737677904209,2.77596476361331
"52927","Chlorophyll a","Current",1.53636716374905,0.872505455234144,2.81769764306959
"52258","Chlorophyll a","Current",1.54193698315878,0.880013339746868,2.62433452524115
"47406","Chlorophyll a","Current",1.54303629247571,0.865284498549711,2.63018735030996
"51877","Chlorophyll a","Current",1.54414213330734,0.94847640429984,2.47354334943923
"29100","Chlorophyll a","Current",1.54833898022643,0.928431065168283,2.54798937339774
"24789","Chlorophyll a","Current",1.54944387672448,0.905983100802903,2.52508203039927
"53851","Chlorophyll a","Current",1.55153705279839,0.977410361451919,2.4050545538344
"52358","Chlorophyll a","Current",1.55477664695437,0.957056978596221,2.3911556757922
"45151","Chlorophyll a","Current",1.55833381220202,0.934418532353724,2.44659510995042
"29938","Chlorophyll a","Current",1.5620519678196,0.953292911630398,2.47022731331481
"48387","Chlorophyll a","Current",1.56925834975219,0.859805487383612,2.85087001116017
"45360","Chlorophyll a","Current",1.57043380069304,0.887266457128161,2.6869851057531
"51940","Chlorophyll a","Current",1.5711457912517,1.02641380146201,2.38615983966812
"29790","Chlorophyll a","Current",1.57371305927125,0.857229483904091,2.78358627197313
"52147","Chlorophyll a","Current",1.57374538624994,0.969243731392096,2.49503150829968
"49715","Chlorophyll a","Current",1.57641143522465,0.92376681605197,2.5783100364384
"25044","Chlorophyll a","Current",1.57662217667689,1.00385969538923,2.37918718642426
"28611","Chlorophyll a","Current",1.57663064520754,0.998155801650165,2.42250192757489
"7386","Chlorophyll a","Current",1.58097302475143,0.972869504294725,2.40769722356327
"28473","Chlorophyll a","Current",1.58746477609577,0.963003101275262,2.50742055219773
"46635","Chlorophyll a","Current",1.58814018198832,0.907685430788736,2.7886007312316
"49716","Chlorophyll a","Current",1.59557502095014,0.933731710933368,2.67527778250237
"45543","Chlorophyll a","Current",1.59684281610093,0.939950735738795,2.75624441498303
"16214","Chlorophyll a","Current",1.59744709745187,1.04870530725353,2.3821901101331
"53062","Chlorophyll a","Current",1.60026176090121,0.887686646865407,2.69146532832551
"52924","Chlorophyll a","Current",1.60029991856603,0.87124897965181,2.70058907522326
"28912","Chlorophyll a","Current",1.61795027352245,0.95019147579983,2.58438860952956
"46630","Chlorophyll a","Current",1.61982607275601,0.996315937296479,2.60515545445552
"40396","Chlorophyll a","Current",1.620020807208,1.04037635942589,2.44850471868935
"29043","Chlorophyll a","Current",1.62118911932884,0.98374133392969,2.53393144309182
"46471","Chlorophyll a","Current",1.62168529273932,0.998412908923902,2.548177464347
"46632","Chlorophyll a","Current",1.63416713966401,0.902991739238099,2.75904681697141
"21370","Chlorophyll a","Current",1.63666707738606,1.04954194723695,2.47244344133583
"54088","Chlorophyll a","Current",1.63723943677619,0.999555177317478,2.63348558462186
"41772","Chlorophyll a","Current",1.6381630434002,0.868289749586371,2.8201484816063
"47105","Chlorophyll a","Current",1.64427446542075,0.988288810127213,2.66197299005841
"29644","Chlorophyll a","Current",1.64626944108737,0.874937321189986,2.79621225513527
"52585","Chlorophyll a","Current",1.64824387747021,0.981470100188885,2.8610902011593
"52307","Chlorophyll a","Current",1.6486408077518,0.846004067259895,3.1802120190161
"52241","Chlorophyll a","Current",1.65154273146821,0.930341934774263,2.79992737988752
"28942","Chlorophyll a","Current",1.65366977600241,1.05065660920058,2.57032759691973
"29104","Chlorophyll a","Current",1.65561054694746,0.966564279396575,2.60353006587456
"38665","Chlorophyll a","Current",1.66144327845231,1.07408844608373,2.56093749198614
"28652","Chlorophyll a","Current",1.66301581568193,1.04678755197896,2.52272727466806
"54413","Chlorophyll a","Current",1.66350011189416,1.02183564756514,2.68046201984951
"52684","Chlorophyll a","Current",1.67399354222694,1.02381934896902,2.66430108997902
"54734","Chlorophyll a","Current",1.67962468372304,1.02622082337951,2.71321988022498
"21367","Chlorophyll a","Current",1.68723460515964,1.09763451377042,2.48639852188024
"53401","Chlorophyll a","Current",1.68944343124072,0.962662113148364,2.79337010279917
"52642","Chlorophyll a","Current",1.68972848692178,1.0060646358294,2.77290087455759
"53300","Chlorophyll a","Current",1.69247341395348,0.890409461495571,3.00690434095777
"46371","Chlorophyll a","Current",1.69539577175444,0.959496108892863,2.85888286791518
"53877","Chlorophyll a","Current",1.70052592906695,1.07294275492338,2.63865143802409
"39356","Chlorophyll a","Current",1.70096984588603,1.12011670512457,2.51609695981134
"39297","Chlorophyll a","Current",1.70282190678472,1.04258258069989,2.61927463383139
"39653","Chlorophyll a","Current",1.70396083140632,1.02843581874465,2.68101722218216
"26045","Chlorophyll a","Current",1.70612872027542,1.05493142924396,2.65622051715338
"52613","Chlorophyll a","Current",1.70846064471805,1.02183746787446,2.70935839121171
"54071","Chlorophyll a","Current",1.70964129697534,0.959783268214824,2.76205016788753
"54073","Chlorophyll a","Current",1.71024619434321,1.01904829514568,2.80369435464739
"38545","Chlorophyll a","Current",1.71108888585408,0.989209301150459,2.76197291425729
"29729","Chlorophyll a","Current",1.71420571261583,0.99375857454117,2.90967783337976
"29506","Chlorophyll a","Current",1.71556864259341,0.987238890426601,2.94540415734104
"53108","Chlorophyll a","Current",1.71856456611625,0.927847428113552,2.92464422665259
"21918","Chlorophyll a","Current",1.71870175342093,1.06132413181142,2.65378824212457
"29031","Chlorophyll a","Current",1.72573565462937,1.06145762063354,2.88653344054011
"28445","Chlorophyll a","Current",1.72739496668801,1.05103985769954,2.72619177534477
"45379","Chlorophyll a","Current",1.72779116408478,0.92566961244307,3.08118948059345
"29124","Chlorophyll a","Current",1.73428494019444,1.06733325134496,2.89724641266748
"54039","Chlorophyll a","Current",1.73625389433649,0.923001920851947,3.01741724655207
"52666","Chlorophyll a","Current",1.73866176606653,1.06042894421177,2.82837919632031
"28879","Chlorophyll a","Current",1.7431668049141,1.0865054803512,2.74442211668958
"50704","Chlorophyll a","Current",1.74439336276235,1.11225778468995,2.64563189108356
"18610","Chlorophyll a","Current",1.74715289156129,1.0552688446603,2.7916440146735
"51788","Chlorophyll a","Current",1.75589546048091,0.991385363241179,3.26108994890956
"28876","Chlorophyll a","Current",1.75668829561921,1.06197358439267,2.82487548269865
"52416","Chlorophyll a","Current",1.76394562387163,0.944609205883658,3.06121933965162
"41761","Chlorophyll a","Current",1.76960936420593,0.913760910719205,3.12200836393157
"53109","Chlorophyll a","Current",1.76981302753908,0.949497718505924,2.96557637957711
"29858","Chlorophyll a","Current",1.77443001015732,1.08682621302823,2.88417160671661
"50636","Chlorophyll a","Current",1.77760024795431,0.927838237657707,3.21470706355653
"52151","Chlorophyll a","Current",1.78332493111053,1.0563864553909,2.8873810352086
"28989","Chlorophyll a","Current",1.7903829530645,1.11229672339856,2.82404716960228
"54094","Chlorophyll a","Current",1.7916536874212,1.14270021834839,2.7578831112809
"28490","Chlorophyll a","Current",1.79302086955549,1.06632491274035,2.92846216771353
"24791","Chlorophyll a","Current",1.81239656688933,1.03798201840461,2.8940271425894
"54288","Chlorophyll a","Current",1.81314411811779,0.803748271863929,3.69132457970651
"28408","Chlorophyll a","Current",1.82042175295832,1.1273290311809,2.7801503011413
"47383","Chlorophyll a","Current",1.82082063003381,1.12865452699873,2.74315630897341
"52931","Chlorophyll a","Current",1.82692568123557,0.982408699047337,3.29731138827613
"39950","Chlorophyll a","Current",1.82719718205194,1.09060376579777,2.96923962920156
"26036","Chlorophyll a","Current",1.8277786498696,1.17652649377887,2.92638630366176
"52411","Chlorophyll a","Current",1.83490703889444,1.06817414390859,3.04548965594577
"29891","Chlorophyll a","Current",1.84151107872965,1.03816734156664,3.1743942519013
"49706","Chlorophyll a","Current",1.84669991009638,1.04253679202119,3.16498790169454
"25024","Chlorophyll a","Current",1.84676966544317,1.07931005567875,2.958271751769
"26056","Chlorophyll a","Current",1.85155180666674,1.12361669776218,3.09912855162632
"53163","Chlorophyll a","Current",1.85275971156944,1.1741708767826,2.80193525236631
"22786","Chlorophyll a","Current",1.85956092558478,1.18893302574366,2.79998716601131
"52889","Chlorophyll a","Current",1.86223267316994,0.971907447930955,3.24405635567801
"24795","Chlorophyll a","Current",1.86267759338876,1.10654928355539,3.06809413982845
"54737","Chlorophyll a","Current",1.86551861792676,1.09166826654405,3.05144804628347
"28757","Chlorophyll a","Current",1.86855347670483,1.16790889048264,2.95218421504799
"29669","Chlorophyll a","Current",1.86881843114858,1.07092939117968,3.20282924329801
"53963","Chlorophyll a","Current",1.869778574006,0.987004326939737,3.40400019861366
"54601","Chlorophyll a","Current",1.87026391331467,1.02302147227998,3.19792807022941
"52251","Chlorophyll a","Current",1.87036354135712,0.96522501174078,3.51877572563411
"52360","Chlorophyll a","Current",1.87511211033355,1.06556618557964,3.02826402765937
"52731","Chlorophyll a","Current",1.87654659792381,1.02594844516793,3.28488711770737
"29821","Chlorophyll a","Current",1.87747509828408,1.02929247813869,3.32829948592844
"46964","Chlorophyll a","Current",1.88192481018312,1.03351229864265,3.3291865857095
"229","Chlorophyll a","Current",1.89006358802391,1.2301400441621,2.9464824411159
"28907","Chlorophyll a","Current",1.89170079162236,1.12036374241038,2.99430039400735
"24917","Chlorophyll a","Current",1.89592911997267,1.05404161648155,3.25761306622615
"47404","Chlorophyll a","Current",1.89682506427671,1.0145332607419,3.56411647792272
"52140","Chlorophyll a","Current",1.89948230454053,1.15567379855623,3.04723198384666
"44387","Chlorophyll a","Current",1.90475850071488,1.14723720083322,2.96274626343749
"24848","Chlorophyll a","Current",1.90498498809167,1.0741755038558,3.02257487327486
"46725","Chlorophyll a","Current",1.91649624346695,1.14201568421696,3.16254682772441
"53392","Chlorophyll a","Current",1.91719505498005,1.12848848060608,3.14032229497146
"54618","Chlorophyll a","Current",1.91903720939029,1.0129776336708,3.62051639397688
"28438","Chlorophyll a","Current",1.92124218288995,1.16672291365577,3.09179036058177
"45362","Chlorophyll a","Current",1.93118280899919,1.01662066199612,3.37805881040124
"7633","Chlorophyll a","Current",1.93461161010667,1.03682983792634,3.35083837855507
"54154","Chlorophyll a","Current",1.93930037677155,1.12031575446205,3.41820048086497
"52902","Chlorophyll a","Current",1.9430600061151,1.18711887952433,3.17622406915487
"39822","Chlorophyll a","Current",1.9472229996629,1.09777987183475,3.3507105018525
"53315","Chlorophyll a","Current",1.94761489842381,1.07884824624935,3.20388522357776
"50151","Chlorophyll a","Current",1.95451510893557,1.18325245485122,3.3219062177278
"45723","Chlorophyll a","Current",1.9553874684421,1.14343711884467,3.13371387983962
"24758","Chlorophyll a","Current",1.96185047572484,1.13530342749685,3.21980040795784
"52422","Chlorophyll a","Current",1.96578435893921,1.17233767300919,3.23521226766784
"45266","Chlorophyll a","Current",1.96760991818182,0.896581368398936,4.09312178402904
"48213","Chlorophyll a","Current",1.97168376144448,1.27886877600405,2.99762412555038
"51845","Chlorophyll a","Current",1.97301153484963,1.14943898618116,3.27771564181821
"54407","Chlorophyll a","Current",1.97559705232226,1.15453653763846,3.27662345744523
"28402","Chlorophyll a","Current",1.97857827415504,1.24418478235773,3.13805342182247
"49721","Chlorophyll a","Current",1.98240211516042,1.21706824567336,3.1931551580741
"52362","Chlorophyll a","Current",1.98321448890871,1.2407854493968,3.12099153780617
"46724","Chlorophyll a","Current",1.99379947966899,1.12753924083014,3.27833531433472
"28492","Chlorophyll a","Current",1.99567613209849,1.16760699248966,3.2340200495457
"51747","Chlorophyll a","Current",1.99783641154439,1.15623037944242,3.49167896479846
"29847","Chlorophyll a","Current",1.99923686546298,1.12568408510473,3.22299552765694
"46090","Chlorophyll a","Current",2.0064990986736,1.20201414166958,3.23079285487177
"13970","Chlorophyll a","Current",2.01158684816306,1.2570896321195,3.26378107842555
"47196","Chlorophyll a","Current",2.01374673630051,1.10638303123008,3.79289955413944
"52884","Chlorophyll a","Current",2.01411427591374,1.23409286158686,3.27556235812563
"51640","Chlorophyll a","Current",2.01780046926817,1.30001839727732,3.05530634464369
"28858","Chlorophyll a","Current",2.02080485394693,1.16849711910215,3.10271961805184
"46484","Chlorophyll a","Current",2.0228267678962,1.29907204334651,3.16825309677813
"52410","Chlorophyll a","Current",2.02727441454293,1.13852771603825,3.53163530377969
"39166","Chlorophyll a","Current",2.03459440661908,1.1908104768961,3.43888052539399
"47198","Chlorophyll a","Current",2.04336855410246,1.25042326955426,3.25637112286071
"39552","Chlorophyll a","Current",2.04664504616391,1.27608648226388,3.30823298688601
"54077","Chlorophyll a","Current",2.04668801539177,1.26796756883856,3.22317935311848
"11138","Chlorophyll a","Current",2.04713600842783,1.31759376720879,2.99781688644391
"15692","Chlorophyll a","Current",2.04982606682936,1.19270719859171,3.32824197214533
"53101","Chlorophyll a","Current",2.05219610889321,1.2691625053298,3.1869478755942
"30380","Chlorophyll a","Current",2.0534286100527,1.33748444684714,3.03223887573303
"54435","Chlorophyll a","Current",2.05831195411265,1.14806391158945,3.46281446818361
"28817","Chlorophyll a","Current",2.06187915097064,1.26103233075534,3.2690293619224
"52344","Chlorophyll a","Current",2.0631523596606,1.28092444606083,3.22657395692473
"25212","Chlorophyll a","Current",2.06526698655706,1.31376316322283,3.39773983466379
"47491","Chlorophyll a","Current",2.06710283600082,1.25704351748662,3.35503575804522
"28704","Chlorophyll a","Current",2.06854038394608,1.20099334716635,3.31506447400538
"41757","Chlorophyll a","Current",2.07335601517866,1.10496524417342,3.84777230861213
"51224","Chlorophyll a","Current",2.07530676573592,1.39215523457742,2.95929429867414
"7657","Chlorophyll a","Current",2.08067086882656,1.28372058748197,3.22480147707562
"39991","Chlorophyll a","Current",2.08328732294747,1.24762012407386,3.43931968230265
"29956","Chlorophyll a","Current",2.0908489955091,1.22116161026272,3.29774643192754
"28624","Chlorophyll a","Current",2.09253733779418,1.29962069097984,3.2593888038638
"51912","Chlorophyll a","Current",2.09343173942156,1.11847683402998,4.0612119279495
"53491","Chlorophyll a","Current",2.09403579128445,1.2309195704093,3.40823516404081
"52247","Chlorophyll a","Current",2.09853359006923,1.17610112864787,3.46425983752805
"20846","Chlorophyll a","Current",2.10032025378737,1.27683806914717,3.31594123634242
"27286","Chlorophyll a","Current",2.1017983413308,1.39710480883917,3.11307545167428
"51784","Chlorophyll a","Current",2.11043545531442,1.25447057053134,3.58686278356982
"27566","Chlorophyll a","Current",2.11376124471876,1.32715517178247,3.29996567089071
"53870","Chlorophyll a","Current",2.12225567985074,1.24579734959272,3.4198916897811
"46265","Chlorophyll a","Current",2.12662003990438,1.2162499356178,3.38456963116507
"26051","Chlorophyll a","Current",2.12889922695795,1.34009752660735,3.27091892769112
"28383","Chlorophyll a","Current",2.13006094574716,1.40513776415481,3.34485684887613
"476","Chlorophyll a","Current",2.13617952017674,1.2550126926487,3.57285683632458
"28412","Chlorophyll a","Current",2.14002344716651,1.28287968111208,3.47590116144917
"48216","Chlorophyll a","Current",2.14287466154576,1.27494780548264,3.48377902099107
"41679","Chlorophyll a","Current",2.14314773006515,1.15077427461748,3.9298692820539
"52592","Chlorophyll a","Current",2.14619086167425,1.27707503023291,3.70333481246268
"47878","Chlorophyll a","Current",2.1465282468717,1.00116340061587,4.37759339621277
"45905","Chlorophyll a","Current",2.15440017635091,1.39039480488745,3.14670075673859
"38638","Chlorophyll a","Current",2.15487452774967,1.34738983095629,3.31009769015032
"51368","Chlorophyll a","Current",2.17143557197117,1.43822793772578,3.27939168433212
"7777","Chlorophyll a","Current",2.17295951738103,1.32603069818086,3.65342580607316
"38648","Chlorophyll a","Current",2.17730105765643,1.22442528083416,3.67772910111879
"7382","Chlorophyll a","Current",2.18000421942782,1.33910791505755,3.32680965441878
"28390","Chlorophyll a","Current",2.1881070485472,1.37877687000813,3.33338875705436
"52878","Chlorophyll a","Current",2.18979674739831,1.20272012849906,3.84026222612922
"24304","Chlorophyll a","Current",2.19303634702485,1.48124512218349,3.2226602994135
"45381","Chlorophyll a","Current",2.19762101593986,1.24717823159522,3.6032791471375
"52256","Chlorophyll a","Current",2.20000288619007,1.28599696866192,3.85353167167358
"52355","Chlorophyll a","Current",2.20405929631069,1.42086156880228,3.33329316560337
"46496","Chlorophyll a","Current",2.20530631096431,1.42278104487277,3.19651456606129
"53025","Chlorophyll a","Current",2.21025262716531,1.44198601711111,3.49887611099729
"52887","Chlorophyll a","Current",2.21259273508355,1.35034146646398,3.52908136940677
"53872","Chlorophyll a","Current",2.21749300041227,1.41735284067927,3.4109288089104
"39056","Chlorophyll a","Current",2.22501765013394,1.18652587817923,3.99663747077218
"29490","Chlorophyll a","Current",2.23517338500165,1.32320596223074,3.73209235406995
"26057","Chlorophyll a","Current",2.23751459038126,1.30739410806271,3.63652119095217
"47095","Chlorophyll a","Current",2.23981112555502,1.40900907472266,3.5250269625162
"38421","Chlorophyll a","Current",2.2437295028835,1.377718188953,3.54009720255383
"11656","Chlorophyll a","Current",2.24395300863091,1.41896596524324,3.39364240253291
"41743","Chlorophyll a","Current",2.24976499841041,1.11400605370341,3.92834855096819
"46723","Chlorophyll a","Current",2.25427179135028,1.30482481329075,3.90426002016449
"52243","Chlorophyll a","Current",2.26391844031692,1.33934052527702,3.67744297859064
"48027","Chlorophyll a","Current",2.26477234886923,1.37805361775727,3.47850948205562
"53117","Chlorophyll a","Current",2.26521205667592,1.32945754837356,3.72445942388156
"52851","Chlorophyll a","Current",2.26795052357011,1.3700661327412,3.57544465236225
"24805","Chlorophyll a","Current",2.27029592927024,1.32728837913296,3.67185240911566
"4343","Chlorophyll a","Current",2.27375806239806,1.34425954038569,3.60764308104483
"52722","Chlorophyll a","Current",2.27939396505696,1.3364504534737,3.72503458080572
"48374","Chlorophyll a","Current",2.28200188682112,1.16395621200673,4.34639268558164
"51751","Chlorophyll a","Current",2.28321296004565,1.29673541249329,3.77052076358632
"48395","Chlorophyll a","Current",2.28471003492832,1.08184347064676,4.71894714346243
"21733","Chlorophyll a","Current",2.29254181954187,1.45461032895811,3.65552641620122
"41768","Chlorophyll a","Current",2.29407830030588,1.21730874150213,3.98517869744796
"36742","Chlorophyll a","Current",2.29749643320652,1.43792060757281,3.5074640679466
"29831","Chlorophyll a","Current",2.29968976278109,1.31441124529401,3.72097337970122
"28885","Chlorophyll a","Current",2.30066212948005,1.31068098255901,3.70779703157441
"54487","Chlorophyll a","Current",2.3068280049883,1.12548560387499,4.40549195858491
"54022","Chlorophyll a","Current",2.31345804925377,1.47722175702965,3.68614809534765
"52434","Chlorophyll a","Current",2.31504281045064,1.28758915530356,4.23842224105645
"29614","Chlorophyll a","Current",2.31804695515093,1.30606303994122,4.06657780144124
"29496","Chlorophyll a","Current",2.32838677294368,1.27879212817921,3.94244465532951
"54025","Chlorophyll a","Current",2.33114475954452,1.44139764260337,3.73398878026947
"29250","Chlorophyll a","Current",2.33212988293192,1.51417549523749,3.39417631647115
"52143","Chlorophyll a","Current",2.33458261289268,1.39937431642519,3.72830485794457
"50708","Chlorophyll a","Current",2.34817941539679,1.46615797040304,3.75556794650798
"53966","Chlorophyll a","Current",2.35553657653837,1.14230901302743,4.58662551325948
"29748","Chlorophyll a","Current",2.3639754824573,1.2880668331617,4.18087132097443
"29907","Chlorophyll a","Current",2.36620115505895,1.4683287185256,3.66735488801574
"52292","Chlorophyll a","Current",2.36862054555921,1.39528173949731,4.12037513187036
"26493","Chlorophyll a","Current",2.37057550170165,1.45634111586559,3.83892627711636
"28419","Chlorophyll a","Current",2.37321211572998,1.54940275179404,3.61263098926325
"48491","Chlorophyll a","Current",2.37739872875755,1.32073273469022,4.16901963146839
"53412","Chlorophyll a","Current",2.37880782598249,1.44786981988132,3.70864874772413
"51652","Chlorophyll a","Current",2.38259132364838,1.49077169935014,3.73098089733512
"52740","Chlorophyll a","Current",2.39078877289497,1.34299053385628,4.22326921219222
"11614","Chlorophyll a","Current",2.40111421413041,1.58905312040867,3.69853016264983
"25519","Chlorophyll a","Current",2.4026854599679,1.48222928963925,3.88756237049307
"39364","Chlorophyll a","Current",2.40362634148386,1.53850644789146,3.61808950824103
"48455","Chlorophyll a","Current",2.40529604569696,1.46841224068416,3.83137024903967
"38637","Chlorophyll a","Current",2.41079557285724,1.53187189065067,3.63943496632738
"47417","Chlorophyll a","Current",2.41591663361013,1.20532562026281,4.6840803037014
"47869","Chlorophyll a","Current",2.42842556838745,1.47645983325843,3.84941139082025
"39225","Chlorophyll a","Current",2.42865733938937,1.43393998241886,3.76622153910856
"29073","Chlorophyll a","Current",2.43095179702415,1.47431840019152,3.82999897361852
"51682","Chlorophyll a","Current",2.43220741602096,1.30253380307459,4.06735295496307
"4342","Chlorophyll a","Current",2.43904846254463,1.37270739918552,4.05852944224132
"52875","Chlorophyll a","Current",2.44182827601141,1.38396592011208,4.2867470165481
"46820","Chlorophyll a","Current",2.45672155958846,1.21849179129185,4.54378802496899
"54486","Chlorophyll a","Current",2.45912121211825,1.19530962569999,4.67161950355283
"51794","Chlorophyll a","Current",2.46075922987085,1.36185801259236,4.34000236876424
"28867","Chlorophyll a","Current",2.46212568540763,1.51594748496003,3.98734238761043
"52849","Chlorophyll a","Current",2.46411468862297,1.46199996230848,3.9295087207528
"52167","Chlorophyll a","Current",2.46769260161706,1.34364287407967,4.20214507139685
"47067","Chlorophyll a","Current",2.46852952332975,1.4101846398539,4.29535483833692
"53519","Chlorophyll a","Current",2.46943238518382,1.65248134757989,3.62208287339423
"52115","Chlorophyll a","Current",2.4744736255831,1.57753094586329,3.62948736494444
"51631","Chlorophyll a","Current",2.47749976303094,1.46375721400141,4.01069352355976
"29883","Chlorophyll a","Current",2.48101636586692,1.34518434010959,4.35429526054655
"46493","Chlorophyll a","Current",2.49014124111014,1.6544037223632,3.79669647222951
"24937","Chlorophyll a","Current",2.50309268915845,1.418120007262,4.47311171652543
"48657","Chlorophyll a","Current",2.50440873755978,1.47982806746428,4.18876958075193
"52312","Chlorophyll a","Current",2.50628350243146,1.41737630485759,4.28964193979837
"28401","Chlorophyll a","Current",2.50753728741349,1.53624035081469,3.8768222466472
"46860","Chlorophyll a","Current",2.51176090533557,1.25575475247622,4.13092556166287
"54475","Chlorophyll a","Current",2.51377153201923,1.24965364463115,4.51168399065328
"54351","Chlorophyll a","Current",2.52028333818583,1.4247880145383,4.26782807006326
"28835","Chlorophyll a","Current",2.52043016410265,1.48148863066619,4.07770291301822
"52697","Chlorophyll a","Current",2.52795991536115,1.47604029369245,4.30060295414855
"13957","Chlorophyll a","Current",2.53004440030866,1.41579114703935,4.36292597484725
"15621","Chlorophyll a","Current",2.53166398650786,1.70484966212979,3.8600004765775
"29472","Chlorophyll a","Current",2.53181286990494,1.44718630560879,4.19139739591985
"52257","Chlorophyll a","Current",2.53625924943588,1.29851633119521,4.80743099266476
"51684","Chlorophyll a","Current",2.54470306652965,1.39387172666449,4.59623844997775
"29917","Chlorophyll a","Current",2.54737645873185,1.58365834653824,3.86006718116772
"52641","Chlorophyll a","Current",2.54746223252518,1.47242489777156,4.2376510867421
"39357","Chlorophyll a","Current",2.55204323642041,1.75467147827005,3.77988820269424
"15325","Chlorophyll a","Current",2.55766254792575,1.70173495927974,3.76508262340531
"52138","Chlorophyll a","Current",2.55823149234804,1.55249666600392,4.06284674254034
"28856","Chlorophyll a","Current",2.56875512066469,1.46663656859254,4.09249610544549
"39974","Chlorophyll a","Current",2.57056727920249,1.50367646592688,4.10704377601114
"29070","Chlorophyll a","Current",2.57112857864493,1.55796975728727,4.33110527819056
"46152","Chlorophyll a","Current",2.57115184604952,1.22536211255706,4.97142358152745
"48381","Chlorophyll a","Current",2.57875480094116,1.29031678644441,4.85353165272117
"52848","Chlorophyll a","Current",2.58048870178766,1.48406732915959,4.35835390199662
"24806","Chlorophyll a","Current",2.58205955186255,1.45233363109303,4.31283642444729
"28403","Chlorophyll a","Current",2.5824021125321,1.60537808451651,4.01721919365346
"24746","Chlorophyll a","Current",2.58402927138376,1.62644196059037,3.96357002184555
"53730","Chlorophyll a","Current",2.59182364857268,1.70975026085854,3.93738105641887
"40326","Chlorophyll a","Current",2.59224431449725,1.60062652623458,4.14409531605504
"38664","Chlorophyll a","Current",2.59272616745289,1.61243578512818,4.11825171130413
"51625","Chlorophyll a","Current",2.59335294610035,1.59315467546875,3.98722688226524
"41721","Chlorophyll a","Current",2.59925393209558,1.32473599817136,4.61615751491446
"11664","Chlorophyll a","Current",2.59995691244208,1.53259986083605,4.13652832254837
"53717","Chlorophyll a","Current",2.60551436540332,1.71047352449459,3.90587385245902
"21383","Chlorophyll a","Current",2.60578657909767,1.64693057675137,3.97738064176928
"52205","Chlorophyll a","Current",2.6089498662027,1.47269101150474,4.41970199234191
"28478","Chlorophyll a","Current",2.61418808585077,1.70310718427586,4.09389414532974
"52240","Chlorophyll a","Current",2.61712766180809,1.65276400104079,4.1771460912095
"12591","Chlorophyll a","Current",2.62352094570226,1.61140750706547,4.19128395933702
"51954","Chlorophyll a","Current",2.62509689358055,1.71107911583777,3.98418409982123
"39122","Chlorophyll a","Current",2.62513158904868,1.59808230935184,4.23522464414905
"20741","Chlorophyll a","Current",2.62820561815144,1.71159235218719,3.97709131054012
"13276","Chlorophyll a","Current",2.64336845541062,1.52626283755814,4.23818558440178
"52254","Chlorophyll a","Current",2.64538636971875,1.55333403575648,4.61122932594343
"15312","Chlorophyll a","Current",2.64925252439409,1.74142172744649,3.94092154491376
"51985","Chlorophyll a","Current",2.64973424514354,1.56659541296697,4.40864798306847
"40004","Chlorophyll a","Current",2.65282421024308,1.60284388831784,4.33898780591017
"48217","Chlorophyll a","Current",2.65966514828925,1.69132266151715,3.99743532953926
"24906","Chlorophyll a","Current",2.66651892751292,1.50202368828202,4.64831107839663
"29541","Chlorophyll a","Current",2.66926645093531,1.41958977209897,5.08327002582448
"53114","Chlorophyll a","Current",2.67373343502985,1.480403219776,4.37175397860079
"51371","Chlorophyll a","Current",2.67470052623148,1.75712285726514,4.00826488885734
"51895","Chlorophyll a","Current",2.69102578707673,1.51622679865334,4.93702267201004
"46939","Chlorophyll a","Current",2.69274614415633,1.24743933997097,5.36764251526387
"52660","Chlorophyll a","Current",2.7054388733765,1.54202628004291,4.54593225953208
"54515","Chlorophyll a","Current",2.71107116970594,1.3056114325366,5.56512009444543
"5264","Chlorophyll a","Current",2.71640759503733,1.78318882763255,4.22335551712443
"52389","Chlorophyll a","Current",2.72721191026614,1.67248898153116,4.39585300950202
"29848","Chlorophyll a","Current",2.74790457871316,1.53384512272069,4.78462789673357
"52647","Chlorophyll a","Current",2.75426075522286,1.52294760087641,4.47510283572122
"7660","Chlorophyll a","Current",2.76369166687289,1.78465519308477,4.31142653129397
"52397","Chlorophyll a","Current",2.7667258209289,1.64568239238284,4.89380136845046
"50401","Chlorophyll a","Current",2.7672293445882,1.84208304246622,4.17836652861326
"13873","Chlorophyll a","Current",2.77876233846242,1.56358147111195,4.81328287883769
"29547","Chlorophyll a","Current",2.78172247514999,1.59489504091232,4.42091882055468
"38184","Chlorophyll a","Current",2.793583225631,1.64077762086144,4.60221376329575
"45341","Chlorophyll a","Current",2.79751263485788,1.25253694844685,6.24190973638628
"29895","Chlorophyll a","Current",2.80185132982586,1.74054041284863,4.3798375785908
"52370","Chlorophyll a","Current",2.80895537965964,1.56374634386854,4.87755738522664
"47193","Chlorophyll a","Current",2.81244557013883,1.54739914387222,4.97958973259338
"47156","Chlorophyll a","Current",2.81309359717881,1.67626490220029,4.53577811161766
"28810","Chlorophyll a","Current",2.8149526050359,1.49083237767953,4.59197464947345
"52393","Chlorophyll a","Current",2.8236755689684,1.6161994414632,4.71080717916438
"52340","Chlorophyll a","Current",2.83059668909969,1.74669187691242,4.59991380043494
"54237","Chlorophyll a","Current",2.83163001791206,1.77220425033838,4.33657888138838
"52386","Chlorophyll a","Current",2.8348707519238,1.63908882202828,4.49518291225999
"51822","Chlorophyll a","Current",2.84211082410143,1.81999813968626,4.53256509597933
"38614","Chlorophyll a","Current",2.85173911093454,1.72239827824976,4.9056741843468
"52235","Chlorophyll a","Current",2.8739487857546,1.71240529803789,4.6468312100469
"13277","Chlorophyll a","Current",2.87847415977517,1.7295281466891,4.36256691287255
"26557","Chlorophyll a","Current",2.88755095963108,1.6625449880189,4.6333605834483
"51624","Chlorophyll a","Current",2.89427609363967,1.71397198061607,4.47943509991361
"51637","Chlorophyll a","Current",2.89804172641417,1.80491273839785,4.64018519717997
"51900","Chlorophyll a","Current",2.90166775429925,1.6051741702129,5.09426093155164
"45599","Chlorophyll a","Current",2.90619665731831,1.68094821928787,4.91148821336668
"51892","Chlorophyll a","Current",2.91333544179012,1.79453487056467,4.83269250643547
"45534","Chlorophyll a","Current",2.91474891847093,1.74806182686135,4.57310170594001
"52274","Chlorophyll a","Current",2.91498457323005,1.63572202999408,5.16123918551374
"47877","Chlorophyll a","Current",2.92850318987175,1.88768592063287,4.56745888775547
"46792","Chlorophyll a","Current",2.93430135583788,1.68000144792565,4.99810960522568
"7506","Chlorophyll a","Current",2.94833916638,1.82191014360171,4.94143587129904
"43269","Chlorophyll a","Current",2.95252306641848,1.67364734635079,4.71548700409513
"53549","Chlorophyll a","Current",2.9556952371898,1.87822929807765,4.60522980020127
"29509","Chlorophyll a","Current",2.96144607845732,1.51566027081224,5.39535950950097
"51793","Chlorophyll a","Current",2.96402960540722,1.52841124412508,5.05427454816404
"51641","Chlorophyll a","Current",2.98230091708171,1.6674832121927,4.77701451699708
"52244","Chlorophyll a","Current",3.0030644022911,1.68299564752124,5.23036975477803
"27564","Chlorophyll a","Current",3.01249851567236,1.96605869954449,4.70604070026317
"47090","Chlorophyll a","Current",3.01911604458346,1.77869692910218,4.74573723173934
"45150","Chlorophyll a","Current",3.02305191482444,1.91774556557505,4.65975651522845
"48456","Chlorophyll a","Current",3.03062425736659,1.97411160879527,4.72941625704167
"48597","Chlorophyll a","Current",3.03388260923737,1.99426398944716,4.63059634360165
"15672","Chlorophyll a","Current",3.03867538410274,1.8592141318869,4.70656192379571
"7512","Chlorophyll a","Current",3.03884339689417,1.98842366848083,4.50113282917148
"46043","Chlorophyll a","Current",3.04894453226015,1.65053953355456,5.44863190265875
"39732","Chlorophyll a","Current",3.06459903790919,1.87559806645242,4.95955003816286
"51658","Chlorophyll a","Current",3.06731915230428,1.91338184970481,4.83979679814059
"34689","Chlorophyll a","Current",3.07822964142332,1.98857170550872,4.72590640143208
"54050","Chlorophyll a","Current",3.08514788798325,2.01228978960635,4.6778774056269
"46926","Chlorophyll a","Current",3.10206589822635,1.49341894276083,6.21050919785648
"13877","Chlorophyll a","Current",3.10212436206932,1.98365283887731,4.90341164372221
"51748","Chlorophyll a","Current",3.10346341061491,1.63715446066733,5.18000699943715
"52165","Chlorophyll a","Current",3.10805252994478,1.54375760207865,5.29323288139086
"16131","Chlorophyll a","Current",3.12162198324687,1.98920108861511,4.85561860484141
"52221","Chlorophyll a","Current",3.12497762638385,1.83008349159571,5.46242417014538
"51926","Chlorophyll a","Current",3.13307155840758,1.59920310031974,5.71146372514831
"37534","Chlorophyll a","Current",3.14515795704592,2.05549529120343,4.84994235163959
"41723","Chlorophyll a","Current",3.15005885304932,1.47936922747329,6.20449481846027
"24724","Chlorophyll a","Current",3.15195508142174,1.94067235930261,4.97542925233846
"54733","Chlorophyll a","Current",3.15704636458691,1.93764643309814,5.11387785517939
"45302","Chlorophyll a","Current",3.15806120640232,1.72580462591002,5.5044998832215
"52181","Chlorophyll a","Current",3.1723177986433,1.73207516769621,5.59682024863882
"49714","Chlorophyll a","Current",3.17317688009281,1.78986706291016,5.45821905865911
"29427","Chlorophyll a","Current",3.17650359943281,1.83974498350964,5.26076452415007
"38955","Chlorophyll a","Current",3.17963303937181,1.87514692366572,5.19269065971493
"51972","Chlorophyll a","Current",3.18134355719048,1.99762540550522,5.15442199180661
"45678","Chlorophyll a","Current",3.19003725042135,1.41588137771981,6.25581195916178
"41359","Chlorophyll a","Current",3.21495448619376,1.92011066974785,5.47179763806839
"50651","Chlorophyll a","Current",3.21780497095799,1.66341507824186,5.75762754273565
"53886","Chlorophyll a","Current",3.22069468876748,1.99189278233754,5.1403351796209
"52269","Chlorophyll a","Current",3.22391439329933,1.86461901959178,5.49452491461004
"52268","Chlorophyll a","Current",3.23552790390137,1.7130724022659,5.94680547295422
"52846","Chlorophyll a","Current",3.23609186040072,1.81191544341023,5.16042052415283
"15670","Chlorophyll a","Current",3.23892636321534,1.84686017025647,5.35237242204365
"47414","Chlorophyll a","Current",3.24918173491975,1.63849418428848,6.1932449672378
"29489","Chlorophyll a","Current",3.26064728820243,1.91713083819903,5.4113262134951
"47892","Chlorophyll a","Current",3.27310757076122,2.21350119641509,4.92523188427704
"11789","Chlorophyll a","Current",3.27416077593282,2.12066317994827,4.86808254022893
"46918","Chlorophyll a","Current",3.28772447545765,1.60944158782695,6.45732807249443
"51876","Chlorophyll a","Current",3.32594314355391,1.78853262729218,5.63290778929897
"27560","Chlorophyll a","Current",3.32885371909358,2.06772200144383,5.38997535953952
"28503","Chlorophyll a","Current",3.33145354925679,1.96896810950425,5.31319124896388
"24927","Chlorophyll a","Current",3.35300786385619,1.74092562562783,5.77317499305755
"50349","Chlorophyll a","Current",3.35339837723751,2.137540564326,5.20018090857446
"15633","Chlorophyll a","Current",3.35955230605112,2.25277487031455,5.1484444848369
"23862","Chlorophyll a","Current",3.37292222223759,2.15775068348899,5.2263543263779
"54037","Chlorophyll a","Current",3.37460967227988,1.97818028987706,5.34254938184842
"50658","Chlorophyll a","Current",3.37461372056444,1.6917684242639,6.19059737076763
"24271","Chlorophyll a","Current",3.39603004785202,2.22056025850666,5.37984627439593
"51653","Chlorophyll a","Current",3.4185742737739,2.08590415585068,5.22478928621505
"40327","Chlorophyll a","Current",3.42382817948566,1.77024159108042,5.46706909638823
"52789","Chlorophyll a","Current",3.48325619120756,1.7950937694292,6.20746377628415
"24496","Chlorophyll a","Current",3.50302097286646,2.20097025689339,5.72929861470243
"21917","Chlorophyll a","Current",3.50952531329326,2.17504741036327,5.60716791009722
"41305","Chlorophyll a","Current",3.5186500086962,2.27552555934376,5.31847787020943
"52177","Chlorophyll a","Current",3.52524923997414,1.73875040109008,6.4897337981943
"48595","Chlorophyll a","Current",3.5285658214232,2.31036831745013,5.64000085846575
"26316","Chlorophyll a","Current",3.5355512068579,2.19058000050167,5.76610536518053
"13278","Chlorophyll a","Current",3.54386576971926,2.17767104432956,5.77162172289631
"50270","Chlorophyll a","Current",3.569253455747,2.31174912204871,5.60037487054674
"51242","Chlorophyll a","Current",3.57418680384205,2.3909353009438,5.38489212184769
"46140","Chlorophyll a","Current",3.57964759497692,2.15841724081412,5.70451869743049
"48375","Chlorophyll a","Current",3.58640063607864,1.80255363784218,6.5313873385121
"27572","Chlorophyll a","Current",3.58710863056408,2.31724928241141,5.51074016439068
"11620","Chlorophyll a","Current",3.59382433842865,2.33535440342892,5.39922249883539
"39101","Chlorophyll a","Current",3.60070658248524,2.03404298884357,6.09615894212999
"15719","Chlorophyll a","Current",3.60592949091537,2.004100579338,5.83782945799632
"34688","Chlorophyll a","Current",3.62361863599415,2.15082554608027,5.78926225930763
"7901","Chlorophyll a","Current",3.62562309187487,2.20872703923225,6.03534416411731
"34222","Chlorophyll a","Current",3.64991757306676,2.34159813812803,5.75883864670367
"28162","Chlorophyll a","Current",3.66286435725935,2.3411244584954,5.69705208910142
"3129","Chlorophyll a","Current",3.67559516538816,2.21738856016654,5.87586430416642
"39949","Chlorophyll a","Current",3.67728790182895,2.12877994024214,6.22264995037161
"11654","Chlorophyll a","Current",3.68007930809001,2.09107000967867,6.07381833476103
"14546","Chlorophyll a","Current",3.68189195888171,2.14235573934406,6.19740190785889
"48018","Chlorophyll a","Current",3.68691041255448,2.32848844020422,5.73592418894288
"52190","Chlorophyll a","Current",3.69524526449707,1.93831241872199,6.53022294191432
"16222","Chlorophyll a","Current",3.69639373798243,2.40126044809311,5.51588199816533
"36981","Chlorophyll a","Current",3.69642780947144,2.44798727044166,5.91734700205879
"47860","Chlorophyll a","Current",3.73780323620735,2.35623969662337,5.88187632937728
"46125","Chlorophyll a","Current",3.73995840083077,2.17202741803065,6.52592121441447
"40110","Chlorophyll a","Current",3.74385246731415,2.31332312449864,5.78542842086588
"52080","Chlorophyll a","Current",3.75190682473316,2.43121515436158,5.83989477833336
"28681","Chlorophyll a","Current",3.75252649949743,2.2149832492952,6.01027665612783
"24916","Chlorophyll a","Current",3.75619772560145,1.9576931973593,6.59943650653825
"4926","Chlorophyll a","Current",3.7595703711799,2.28000015088472,6.12773416712263
"16224","Chlorophyll a","Current",3.78186212645574,2.36912279417911,5.99898924023972
"46799","Chlorophyll a","Current",3.79811686114843,2.29021409509391,6.08881038870485
"26348","Chlorophyll a","Current",3.83786428154442,2.426072739599,6.11651556652954
"45048","Chlorophyll a","Current",3.85241178957891,2.41883148915679,6.15470841451828
"52246","Chlorophyll a","Current",3.88239412531738,2.10656584479629,6.41598277927069
"20943","Chlorophyll a","Current",3.9304966650403,2.46302102705806,6.32835877441031
"48207","Chlorophyll a","Current",3.93506567749441,1.86663167639325,6.95020184341245
"48660","Chlorophyll a","Current",3.94960122726047,2.5912035950721,6.08963793928277
"54561","Chlorophyll a","Current",3.95975746864146,2.23898971780944,6.59733924332666
"52380","Chlorophyll a","Current",3.99615548328124,2.09326149814657,6.96103123328995
"48468","Chlorophyll a","Current",3.99954631784449,2.25406138145169,7.24517090001723
"38434","Chlorophyll a","Current",4.00174118597728,2.33427663381918,6.92300782274273
"24728","Chlorophyll a","Current",4.03188899109021,2.25723997469106,6.78527253924145
"46124","Chlorophyll a","Current",4.04460570860341,2.19753772191007,6.98197178887373
"46696","Chlorophyll a","Current",4.04504748147945,2.47934320667969,7.26091178595097
"37855","Chlorophyll a","Current",4.05232396946808,2.37279930681469,6.76419751523058
"50403","Chlorophyll a","Current",4.09524820221238,2.39497290386295,6.75308200504703
"52384","Chlorophyll a","Current",4.12460303507718,2.33732326993328,7.05385018217947
"52382","Chlorophyll a","Current",4.12509607521074,2.14901708303143,6.75876679187159
"21372","Chlorophyll a","Current",4.15503044541003,2.30003335861668,6.83822605105796
"52202","Chlorophyll a","Current",4.15966428022467,2.21242427807627,7.02552995571469
"15651","Chlorophyll a","Current",4.17446257467205,2.44667161301928,6.85599750658718
"52538","Chlorophyll a","Current",4.181637474948,2.64026669006657,6.32885195564356
"27936","Chlorophyll a","Current",4.19929984191842,2.54448049498584,6.94314338995472
"45674","Chlorophyll a","Current",4.24555193368921,1.89289264721006,8.13839923523025
"40289","Chlorophyll a","Current",4.25540676458883,2.73792821948078,6.52748034150537
"11853","Chlorophyll a","Current",4.26442319765926,2.21623891040584,7.92426958087266
"13148","Chlorophyll a","Current",4.26923188119076,2.52649185009192,7.04216488724618
"16377","Chlorophyll a","Current",4.27421175150253,2.2869747260392,6.83085112845802
"46822","Chlorophyll a","Current",4.29384199004327,1.97625207104045,8.82517564791473
"8890","Chlorophyll a","Current",4.29816000393559,2.49167179736068,7.27113382573619
"24039","Chlorophyll a","Current",4.30742508902584,2.84933864756509,6.79619715571235
"53216","Chlorophyll a","Current",4.32171225673848,2.58320864089931,6.90905515344106
"13876","Chlorophyll a","Current",4.33818629238718,2.49829538467923,7.62528967970411
"6914","Chlorophyll a","Current",4.33915358868088,2.52792132931218,7.22525318732906
"45930","Chlorophyll a","Current",4.34054688294937,2.50278892825096,7.30628129870726
"50373","Chlorophyll a","Current",4.3962901717885,2.87399573446339,6.79715399840398
"11793","Chlorophyll a","Current",4.45421420604205,2.78178857075201,6.87284534441258
"24477","Chlorophyll a","Current",4.49152804233876,2.7567510931265,7.19519528839322
"45503","Chlorophyll a","Current",4.53963695492663,2.89908885655448,7.29583463881244
"37530","Chlorophyll a","Current",4.54860283531472,2.86073061428121,7.15731593377813
"14262","Chlorophyll a","Current",4.57021574559084,2.7154908844246,7.64614209031701
"14680","Chlorophyll a","Current",4.57761276211055,2.64985886632975,7.60094785255452
"36025","Chlorophyll a","Current",4.58428307661445,3.0115560801651,6.98987344864576
"24628","Chlorophyll a","Current",4.58975436307505,2.97721179406889,7.05916398423919
"39478","Chlorophyll a","Current",4.59822404424026,2.74215054481558,7.50564603913151
"50413","Chlorophyll a","Current",4.60730205911373,2.9228330520075,7.17877603499571
"28682","Chlorophyll a","Current",4.60982698752292,2.80764580876035,7.31083942655871
"46942","Chlorophyll a","Current",4.62137402824325,2.47973063940784,7.70740710057794
"54311","Chlorophyll a","Current",4.64152034610364,3.01863275865454,7.04678214083984
"41471","Chlorophyll a","Current",4.65711212466011,3.08229413117082,7.2335865459765
"50299","Chlorophyll a","Current",4.72877535751893,2.82842202599489,7.90246235861487
"48663","Chlorophyll a","Current",4.74825129023953,3.04508505435381,7.53037069792112
"28849","Chlorophyll a","Current",4.75341458844201,2.88699877213996,7.89813739635501
"12872","Chlorophyll a","Current",4.77821462643242,2.89022549314933,7.50380595554851
"11084","Chlorophyll a","Current",4.78243172500748,2.88565490532431,7.63513913719324
"45153","Chlorophyll a","Current",4.79767868199996,3.12230853669616,7.42216976165705
"45356","Chlorophyll a","Current",4.81546114103222,2.44551767255581,9.58794091703784
"37705","Chlorophyll a","Current",4.83944878288579,2.92285609447216,7.6355268961787
"54190","Chlorophyll a","Current",4.84093820947419,3.00127659600463,7.53867521424484
"23339","Chlorophyll a","Current",4.8622011419479,2.62157784792695,8.31068405184894
"27558","Chlorophyll a","Current",4.89128348205,2.90595569110125,8.12469346163978
"48447","Chlorophyll a","Current",4.89628357742034,3.18061009841855,7.74298662810392
"40124","Chlorophyll a","Current",4.90390707331705,2.81016708163265,8.4093310189917
"2549","Chlorophyll a","Current",4.90681986609598,3.11601121839943,7.86924202274546
"45890","Chlorophyll a","Current",4.92391431132684,3.06248571752165,8.00859451547967
"50139","Chlorophyll a","Current",4.93680201443438,3.08796982296155,7.68311680547324
"39621","Chlorophyll a","Current",4.93785574450075,3.06251191859126,7.82161612439841
"25325","Chlorophyll a","Current",5.01046575692024,3.21625834363367,8.08215472974848
"46301","Chlorophyll a","Current",5.03504856829227,2.80384243336425,8.18449126737381
"44575","Chlorophyll a","Current",5.06384690327408,3.05101605707538,8.24198526974786
"33287","Chlorophyll a","Current",5.08618285670236,3.32725429199948,7.31665949839556
"54181","Chlorophyll a","Current",5.1016268298629,3.15759544050016,7.86781422551506
"52399","Chlorophyll a","Current",5.12893311326754,3.06575241063202,8.86016898739624
"40188","Chlorophyll a","Current",5.14822299044715,3.34865212211791,7.91066446042515
"18933","Chlorophyll a","Current",5.17250939144553,3.09612538531859,8.77423935224742
"53550","Chlorophyll a","Current",5.17264364603404,3.19297591975972,8.63246923871473
"45250","Chlorophyll a","Current",5.18236193329805,3.34943809023645,7.82047722374845
"45499","Chlorophyll a","Current",5.20967077192327,2.74662639359399,9.50979479264729
"12307","Chlorophyll a","Current",5.22711957001338,2.89986445791062,9.22726415765348
"44570","Chlorophyll a","Current",5.24684547405363,3.35099709568395,8.23981284307612
"47227","Chlorophyll a","Current",5.25481908430771,3.2372776364232,8.13495732474633
"44572","Chlorophyll a","Current",5.27777064579552,3.09926052475027,8.26177690592781
"13857","Chlorophyll a","Current",5.28675478356156,2.87114172154242,8.82465128912108
"24633","Chlorophyll a","Current",5.3063279428968,3.35846566254098,8.14130210793897
"16215","Chlorophyll a","Current",5.3075555997953,3.3175415228793,8.37203173958564
"46763","Chlorophyll a","Current",5.31358305912901,3.02962468787736,8.93826958250449
"11133","Chlorophyll a","Current",5.32210035473657,3.43584157776573,7.96062024018479
"40086","Chlorophyll a","Current",5.3578209361333,2.86657347762582,8.69196523825412
"37702","Chlorophyll a","Current",5.37536131161387,3.20763456647384,9.13530171802404
"27994","Chlorophyll a","Current",5.37846834200901,3.40619435479249,8.47693818582691
"24313","Chlorophyll a","Current",5.38635526117106,3.33106638378744,8.80634870112991
"16235","Chlorophyll a","Current",5.41488234225849,3.19701354899443,9.7426606284611
"45155","Chlorophyll a","Current",5.41573219212124,3.57358330243983,8.2186541126182
"25787","Chlorophyll a","Current",5.42787743383024,3.27052803601262,8.57426722166443
"6396","Chlorophyll a","Current",5.43494055335799,3.43217441502993,8.55419153622435
"14860","Chlorophyll a","Current",5.46555565813026,3.20301778053659,8.94418626907104
"20880","Chlorophyll a","Current",5.48525602747108,3.21303565525233,9.63778313354452
"7748","Chlorophyll a","Current",5.4872898750136,3.21107574060672,9.20185171951435
"23314","Chlorophyll a","Current",5.50577412227768,3.45297606746098,8.84158963362357
"45724","Chlorophyll a","Current",5.50796055210925,3.34875980724245,9.00641368514707
"39885","Chlorophyll a","Current",5.58390778429078,3.41127915921705,9.01847033945695
"46827","Chlorophyll a","Current",5.59631725254581,2.46387727170004,11.8918150046275
"41306","Chlorophyll a","Current",5.62397986701742,3.5213843178857,9.16692300091204
"13466","Chlorophyll a","Current",5.64232174191453,3.51382577164303,8.78000285859166
"48700","Chlorophyll a","Current",5.66433479348591,3.78000045914924,8.71756661632134
"11030","Chlorophyll a","Current",5.7345409866241,3.4393215204593,9.48598811440359
"22472","Chlorophyll a","Current",5.82366243171836,3.5352071822234,9.71643827423022
"46762","Chlorophyll a","Current",5.83810503218894,3.40048030743679,9.61244791153739
"7688","Chlorophyll a","Current",5.86151231890917,3.71626064886322,9.41087824913795
"45935","Chlorophyll a","Current",5.869328483792,3.81499673315634,9.1413273594634
"52059","Chlorophyll a","Current",5.87549339092441,3.60125659981269,9.4992147692472
"37607","Chlorophyll a","Current",5.8884917135089,3.89787330653686,8.5284694940181
"13577","Chlorophyll a","Current",5.89924608530868,3.64240064625276,9.4291438604777
"11490","Chlorophyll a","Current",5.9110637569969,3.56093191996402,9.73306212611394
"1553","Chlorophyll a","Current",5.93724554293232,3.352454067446,10.6317059520727
"39876","Chlorophyll a","Current",5.94194502759501,3.37203672118847,9.80964387067659
"40072","Chlorophyll a","Current",5.96358527959726,3.38870262190534,9.65782108731
"29548","Chlorophyll a","Current",5.98677604437839,3.49603514096833,10.1363392924014
"7900","Chlorophyll a","Current",6.0103829564084,3.46905295880284,10.4435184785317
"12830","Chlorophyll a","Current",6.02752695033022,3.90988742316906,9.15737079792186
"11616","Chlorophyll a","Current",6.04871261288186,3.73628046973549,9.62551707893047
"20904","Chlorophyll a","Current",6.06061372644326,3.58632895961034,10.2140153148982
"21926","Chlorophyll a","Current",6.09209154214333,3.93755397597344,9.63772183756924
"47791","Chlorophyll a","Current",6.09574250177762,3.76206075285477,9.88983969879724
"4922","Chlorophyll a","Current",6.13235179431628,3.42421784233125,10.4647255684453
"1993","Chlorophyll a","Current",6.13657122426691,3.69242480670345,10.3199415456355
"7689","Chlorophyll a","Current",6.13968271096361,4.04261274394195,9.50683705992448
"26166","Chlorophyll a","Current",6.15997311602322,3.78236195914122,10.0560681306678
"13222","Chlorophyll a","Current",6.1875743799268,3.29117105454069,10.5118445234454
"12876","Chlorophyll a","Current",6.19775174786398,3.80397086509726,9.34139150222077
"26735","Chlorophyll a","Current",6.20771379668003,4.05172577486127,9.67908986155432
"16233","Chlorophyll a","Current",6.24411119115922,3.88524951529245,10.4789524447788
"23676","Chlorophyll a","Current",6.24574149597015,3.88127184301093,10.3697212274412
"16190","Chlorophyll a","Current",6.29955868391164,3.85916099969389,10.9107228461019
"45483","Chlorophyll a","Current",6.30574180570983,3.77235380338683,10.9094498941958
"6867","Chlorophyll a","Current",6.32085913858932,3.57434064242101,11.1368826403391
"25687","Chlorophyll a","Current",6.38443634957973,4.05634388296187,10.0790209543472
"24620","Chlorophyll a","Current",6.3928956764952,4.20311428006648,9.49034666427158
"14820","Chlorophyll a","Current",6.3977661733665,3.80833545433527,10.4970000237239
"46163","Chlorophyll a","Current",6.43851594428954,3.87557023248836,10.9156696775474
"7640","Chlorophyll a","Current",6.49836549677518,4.20841312251545,10.1993801406829
"14092","Chlorophyll a","Current",6.5132015328135,3.65753460192168,10.9594481062293
"15904","Chlorophyll a","Current",6.5571214704733,4.24060535446837,10.1334155922353
"46912","Chlorophyll a","Current",6.56189459720268,2.74631898107629,14.5742351310481
"21544","Chlorophyll a","Current",6.62918708670434,4.06452617208196,10.8330394067172
"35646","Chlorophyll a","Current",6.65184819679654,4.18348533459247,10.3787126625793
"24015","Chlorophyll a","Current",6.75016095448987,3.9488131187582,12.142776280284
"51225","Chlorophyll a","Current",6.7561529439394,4.14162076988312,11.1907842665924
"24621","Chlorophyll a","Current",6.81032280292307,4.22644234246222,10.929334212844
"24596","Chlorophyll a","Current",6.84961095784544,4.47298761141159,10.4415983228595
"49295","Chlorophyll a","Current",6.86082863902443,4.1019811662684,11.9884675915584
"50405","Chlorophyll a","Current",6.86937020429423,4.2542977102309,11.76027503387
"54141","Chlorophyll a","Current",6.8731086892809,3.71549249281089,11.3118482990027
"49583","Chlorophyll a","Current",6.93294674744839,4.27013310727619,10.7557061769387
"47033","Chlorophyll a","Current",6.94279394151958,4.10783925266742,11.2283393560392
"6394","Chlorophyll a","Current",7.03249833944494,4.64043245705551,10.8463678780313
"40320","Chlorophyll a","Current",7.04128128496532,4.22649412437522,11.6204534688906
"15022","Chlorophyll a","Current",7.04725229955193,4.45175282915165,11.679055288188
"46160","Chlorophyll a","Current",7.14260092985064,3.90680715818455,12.6793747345637
"49885","Chlorophyll a","Current",7.22598252554489,4.03732305823089,11.503057384151
"22929","Chlorophyll a","Current",7.23672875205393,4.43229929773333,11.95967606192
"21759","Chlorophyll a","Current",7.25120999851101,4.51309294104808,11.4830171311441
"40590","Chlorophyll a","Current",7.2702681420577,4.86156660877528,11.182643548432
"13883","Chlorophyll a","Current",7.34110794058025,4.24385506901332,11.8374428437783
"19621","Chlorophyll a","Current",7.42787605180098,4.86376281639112,11.6553311104727
"381","Chlorophyll a","Current",7.48691475832472,4.68616970350906,11.9214751703679
"49334","Chlorophyll a","Current",7.52019023261192,4.61902548574143,12.157440363283
"14718","Chlorophyll a","Current",7.52021740697569,4.2657870574314,11.9380584952852
"49414","Chlorophyll a","Current",7.61695871507712,4.6335250489619,12.0365914351216
"18809","Chlorophyll a","Current",7.62551096727965,3.98160743262714,12.7544121717559
"14290","Chlorophyll a","Current",7.70601308920586,5.00577140308932,11.9680431924616
"22495","Chlorophyll a","Current",7.7714943893648,4.73976041266308,12.7161424588644
"12873","Chlorophyll a","Current",7.83974219108339,4.73082857598597,12.5320312542949
"23306","Chlorophyll a","Current",7.88213451264743,4.45980474162136,13.5458508783038
"41335","Chlorophyll a","Current",7.98200259081384,4.38942560681997,13.4370957249391
"47859","Chlorophyll a","Current",8.0017406870742,4.39227951337868,13.7753632342258
"13915","Chlorophyll a","Current",8.15856732814078,5.18177930054557,13.7335276273272
"45504","Chlorophyll a","Current",8.16961053505388,5.11811061995281,13.1860997266353
"46158","Chlorophyll a","Current",8.22550669688161,4.89171663572914,13.4174428098837
"37701","Chlorophyll a","Current",8.39085819544893,4.94507025112267,13.9531185771819
"45123","Chlorophyll a","Current",8.44174092541119,5.60689531013937,13.5241913970753
"4","Chlorophyll a","Current",8.45722698193729,5.02802954966318,13.9997361523199
"34669","Chlorophyll a","Current",8.59976420073746,4.65851998473543,14.6582495854117
"21692","Chlorophyll a","Current",8.66460862768582,5.63638556056713,14.047545875604
"3","Chlorophyll a","Current",8.70473626479291,5.40164679453277,14.0903843424682
"13438","Chlorophyll a","Current",8.73453867280464,5.57246814271816,14.5751364395855
"41690","Chlorophyll a","Current",8.74712731047718,5.10662634651578,14.0091006032183
"40008","Chlorophyll a","Current",8.85105205073743,5.22378721000133,14.197420964503
"26749","Chlorophyll a","Current",8.85985165665874,5.73959472166413,13.6271779715693
"25972","Chlorophyll a","Current",8.87422662994984,5.16658400109416,15.3722587333192
"26276","Chlorophyll a","Current",8.87603847398623,5.09343622713268,15.2424725552998
"23671","Chlorophyll a","Current",8.90097878751498,5.51407692100639,13.8924054355677
"10124","Chlorophyll a","Current",8.91232517694001,4.18000617809904,18.4264519955719
"13147","Chlorophyll a","Current",9.02937235341279,5.76878319778757,14.5987248958442
"45230","Chlorophyll a","Current",9.08623636078805,5.87124113968796,14.9842333456225
"11476","Chlorophyll a","Current",9.10579759189972,5.62187200228369,14.6511714008718
"48841","Chlorophyll a","Current",9.1104798452704,5.1989676213646,15.712802768981
"22785","Chlorophyll a","Current",9.13392660977694,5.83668915146631,14.3077396188579
"16392","Chlorophyll a","Current",9.17354625637465,5.63024419167273,15.2395836108107
"1","Chlorophyll a","Current",9.17985313321254,4.83082441510755,15.6761763549628
"35606","Chlorophyll a","Current",9.23500806710236,5.73944748808398,15.1714374931732
"33085","Chlorophyll a","Current",9.26661465365349,5.72012799344315,15.4250574149678
"4278","Chlorophyll a","Current",9.27206563882136,5.60677735719037,15.392545348105
"12216","Chlorophyll a","Current",9.31147084739204,4.20098808516966,20.3449272260156
"43566","Chlorophyll a","Current",9.34068150259598,5.67159264820086,15.539030564404
"21433","Chlorophyll a","Current",9.40950924837607,5.8223130253793,15.124643537536
"20493","Chlorophyll a","Current",9.41535860979329,5.60317063102855,16.1852670325109
"32287","Chlorophyll a","Current",9.48126455768126,5.89974818985073,15.4666777840801
"43087","Chlorophyll a","Current",9.58739759481429,5.74284263321549,15.1036536589733
"45520","Chlorophyll a","Current",9.61707658747,5.58252391483924,16.3214070427612
"50371","Chlorophyll a","Current",9.7437724433441,6.20518285182927,16.0030406784811
"24122","Chlorophyll a","Current",9.75822603996536,4.87592870551312,16.9283567947131
"39599","Chlorophyll a","Current",9.84932304956192,5.91337342420014,16.5295519588448
"37202","Chlorophyll a","Current",9.85463497992474,6.18241343040296,16.1807510326375
"17761","Chlorophyll a","Current",9.94477151284899,6.07531460704246,16.473688572893
"14405","Chlorophyll a","Current",10.0198834579062,5.73169589495626,18.3108597259961
"50336","Chlorophyll a","Current",10.0304664491191,6.19679501519949,15.9178660190183
"19612","Chlorophyll a","Current",10.1222053692289,6.49486633536951,16.2555089132988
"41443","Chlorophyll a","Current",10.3017239102282,6.43360660683628,17.376530532722
"42978","Chlorophyll a","Current",10.308159850948,6.50293633051309,16.79325825711
"40071","Chlorophyll a","Current",10.4983892888709,6.63431985290279,16.845916733733
"9071","Chlorophyll a","Current",10.5443154418651,6.12198813230441,17.7785967076628
"15930","Chlorophyll a","Current",10.7336785212065,6.79904442241686,18.1066507080058
"20286","Chlorophyll a","Current",10.7561324489746,6.94734333770409,17.7526420728982
"50314","Chlorophyll a","Current",10.7658378254937,6.44329227376255,17.4820923001561
"10718","Chlorophyll a","Current",10.7846580940501,4.99920807360216,22.2055221570306
"15176","Chlorophyll a","Current",10.8586830033951,6.20621860768456,19.0504547115128
"50269","Chlorophyll a","Current",10.8986540444461,6.92375310597625,17.4520693757891
"23986","Chlorophyll a","Current",10.9048778230475,5.71707852476598,18.6918916806335
"29981","Chlorophyll a","Current",10.9924767112642,4.92513712513993,17.7060053265054
"49239","Chlorophyll a","Current",11.1219763851942,7.04971460091496,18.2708016357686
"19781","Chlorophyll a","Current",11.1360867375926,7.01091729045946,18.8053486139841
"49309","Chlorophyll a","Current",11.2482759903658,6.95928067476018,17.9228845671126
"831","Chlorophyll a","Current",11.2719955012531,7.34512873708604,18.4793268551813
"24103","Chlorophyll a","Current",11.2936562214507,5.58467778123767,21.8974180589424
"18957","Chlorophyll a","Current",11.3336840771133,7.01706987556575,18.5616324028742
"14179","Chlorophyll a","Current",11.3928959932257,7.11323960910302,18.6287883342393
"37201","Chlorophyll a","Current",11.4805082968909,7.23507257460216,18.7290660756999
"7537","Chlorophyll a","Current",11.5903079445487,7.16523973186499,19.3606715499758
"15007","Chlorophyll a","Current",11.804173062802,6.9609269907179,19.505136157722
"44353","Chlorophyll a","Current",11.8348762544574,7.15937654725943,19.8209234251828
"18318","Chlorophyll a","Current",11.8675141378235,7.45096821619213,19.0167176085515
"1708","Chlorophyll a","Current",11.9717946393157,6.93367049727555,19.6972244323842
"19172","Chlorophyll a","Current",11.974134075682,7.01212833254872,20.8700387858986
"45541","Chlorophyll a","Current",12.0075865382668,6.82679121660059,21.5218784019933
"38314","Chlorophyll a","Current",12.1291619538416,7.36206518947406,20.3724997392737
"43661","Chlorophyll a","Current",12.1739669042726,7.59415135892214,19.7859664149179
"21763","Chlorophyll a","Current",12.2000892696714,7.77407860394148,20.2379870220192
"50215","Chlorophyll a","Current",12.2993836699673,7.79817669020231,20.5049235587291
"34666","Chlorophyll a","Current",12.3201463417964,7.43359025724943,20.492670419446
"19559","Chlorophyll a","Current",12.3284377252329,7.65782815345256,20.2291376055412
"40202","Chlorophyll a","Current",12.365012747534,7.60741243186993,19.7115983500505
"44734","Chlorophyll a","Current",12.5742207631816,7.12098645022618,21.0308292797654
"33063","Chlorophyll a","Current",12.617881962095,7.19984093857712,21.8059023891021
"1972","Chlorophyll a","Current",12.6248188362798,7.76026227968489,21.573385275406
"50320","Chlorophyll a","Current",12.6954697965098,7.57149536946277,20.6044320998217
"12670","Chlorophyll a","Current",12.7274562981741,7.39412832733024,22.6686450773595
"17153","Chlorophyll a","Current",12.819876686651,7.24082474827839,22.4800105598607
"49573","Chlorophyll a","Current",12.9486736505145,8.06164963336103,20.7815765369409
"21773","Chlorophyll a","Current",13.0205915304651,7.93971480031511,21.9910177269174
"18951","Chlorophyll a","Current",13.0335624633625,8.23995261826893,21.2785328583204
"13904","Chlorophyll a","Current",13.1585708197964,7.07319966282278,23.4848765321006
"39611","Chlorophyll a","Current",13.2518356410733,8.07151870144855,21.7912548858436
"7113","Chlorophyll a","Current",13.3540125771179,7.61244316706628,24.1279624777509
"44110","Chlorophyll a","Current",13.6066688280494,6.6873621568011,25.0748575550929
"841","Chlorophyll a","Current",13.7583763738269,8.0220384006964,22.2505303393696
"22201","Chlorophyll a","Current",13.9432244595494,8.63301533714731,22.4395954637817
"8265","Chlorophyll a","Current",14.073566924128,8.66022401416218,22.7575514459183
"44657","Chlorophyll a","Current",14.2237752591555,6.95929507104322,23.2475399433355
"25994","Chlorophyll a","Current",14.3349695147961,8.96217138457604,23.6462070255046
"14852","Chlorophyll a","Current",14.3505213409364,7.61328713532554,26.3175362775034
"28066","Chlorophyll a","Current",14.3785149424652,8.50517741641068,25.7701004931886
"7605","Chlorophyll a","Current",14.4566274752275,8.96920739814395,24.408653893266
"44322","Chlorophyll a","Current",14.4796049317522,8.42685925450215,25.5593073659894
"39466","Chlorophyll a","Current",14.4892595528388,8.84981441263378,24.8555916532435
"15902","Chlorophyll a","Current",14.583236835471,8.84522432905734,25.1904144725126
"40232","Chlorophyll a","Current",14.6100062139308,8.81766376753974,23.6972597910313
"13907","Chlorophyll a","Current",14.8700791307931,7.16451365871855,26.558160385633
"22571","Chlorophyll a","Current",15.0471228752845,8.00886049414981,28.0779206870927
"14408","Chlorophyll a","Current",15.1108118579698,9.58752225338724,24.7264550685051
"49880","Chlorophyll a","Current",15.1746062053343,9.53278610337197,24.4588083141497
"23940","Chlorophyll a","Current",15.2860510393766,7.37962539807169,27.3133180368233
"18023","Chlorophyll a","Current",15.4276722695306,9.58169859767,25.9605775170811
"36046","Chlorophyll a","Current",15.5448284096888,9.64311957941005,25.5508648185277
"15898","Chlorophyll a","Current",15.8151990328154,8.7333178859164,26.8896577722657
"515","Chlorophyll a","Current",15.8666119035909,9.89994964176155,25.7668319757514
"14407","Chlorophyll a","Current",15.8946382796482,9.21300757938624,27.1555447891893
"49884","Chlorophyll a","Current",16.0308104000937,9.68523584432625,26.444427630533
"28577","Chlorophyll a","Current",16.1132151230383,10.0646241111488,26.5992810283851
"21434","Chlorophyll a","Current",16.1148618676432,10.0784784620013,26.8702858441632
"50245","Chlorophyll a","Current",16.2859900868069,10.0903718113304,28.1624318006218
"41299","Chlorophyll a","Current",16.4866736126186,9.7507954560253,26.7306584668021
"18027","Chlorophyll a","Current",16.561208283476,10.0495233567912,28.6745753924141
"4509","Chlorophyll a","Current",16.7351176958037,9.8807745299175,28.2735139363944
"45831","Chlorophyll a","Current",16.8174721338763,9.71825655149281,29.9637085760456
"40950","Chlorophyll a","Current",17.0222311226918,8.16996507569101,31.234594177116
"26130","Chlorophyll a","Current",17.0653142083716,9.8206434247879,29.713973906259
"40135","Chlorophyll a","Current",17.2520205131459,10.3685270859827,29.0660189707482
"45975","Chlorophyll a","Current",17.2908613675138,10.0768583818777,28.7145744683701
"15906","Chlorophyll a","Current",17.3639902628351,10.2188816397532,29.6393809913464
"36314","Chlorophyll a","Current",17.4731595897408,11.4640493486622,28.1819706759479
"23721","Chlorophyll a","Current",17.4830143008528,10.1279778956504,30.0970927531196
"35662","Chlorophyll a","Current",17.4944999873778,10.2624478979503,30.9275164528706
"36275","Chlorophyll a","Current",17.5167890666835,10.3883617374368,30.4450985731347
"42284","Chlorophyll a","Current",18.1038417619,10.2872253535139,32.9896320061877
"24024","Chlorophyll a","Current",18.3565568551717,10.3633085076354,33.0471940110988
"16080","Chlorophyll a","Current",18.3704636918015,9.96020033557253,32.7048434451637
"15947","Chlorophyll a","Current",18.4839593713881,10.3260053895533,34.099651280544
"13467","Chlorophyll a","Current",18.5082950865452,10.5953021072431,32.4861212703862
"44364","Chlorophyll a","Current",18.849181391554,11.3406371699961,35.6023636490041
"25802","Chlorophyll a","Current",18.9546328738187,11.374670046693,32.5844920239616
"45501","Chlorophyll a","Current",19.0406350422247,10.5198738475448,36.1478400673931
"10605","Chlorophyll a","Current",19.0718868379486,7.93231013805175,44.4337206193668
"40119","Chlorophyll a","Current",19.1549889745771,11.3790764186174,32.7473246049269
"48673","Chlorophyll a","Current",19.2480362262982,11.6810898727348,31.4162751900195
"17750","Chlorophyll a","Current",19.4625348875152,11.0010033497328,35.0272257408258
"51485","Chlorophyll a","Current",19.6136925825704,12.371544823164,32.3124181954882
"19572","Chlorophyll a","Current",20.1707583659261,12.5125654301017,34.8317306280118
"20969","Chlorophyll a","Current",20.1713649411861,12.4708088783419,33.8354372832744
"15929","Chlorophyll a","Current",20.3151488410123,11.6071160226823,35.8544723254638
"14586","Chlorophyll a","Current",20.3408345180226,10.8683607268862,36.3119292016958
"15926","Chlorophyll a","Current",20.6189631843772,11.508547924146,38.7504077885607
"32835","Chlorophyll a","Current",20.6238022049442,11.2195048871474,35.4781934959254
"15907","Chlorophyll a","Current",20.922925184874,13.030551616014,34.4542427507431
"17014","Chlorophyll a","Current",21.4541332924705,12.0083871547766,39.1250371740091
"49007","Chlorophyll a","Current",21.8301701295972,13.3159431517064,38.0070825588126
"18934","Chlorophyll a","Current",21.8857813625344,13.2435506403423,38.8359142106947
"13930","Chlorophyll a","Current",22.0038367034356,10.5616117910579,39.9335357903617
"15106","Chlorophyll a","Current",22.0883776428628,9.94295637233941,37.0461694991913
"13456","Chlorophyll a","Current",22.1996941422388,13.5848830568771,37.8111335921522
"23691","Chlorophyll a","Current",22.4508265703301,13.3091147098347,41.6041347579083
"5397","Chlorophyll a","Current",22.9094664125676,12.0107742196459,42.8680320286596
"49180","Chlorophyll a","Current",23.1853135342855,14.6595459724731,39.2714604613238
"47579","Chlorophyll a","Current",23.3215425964382,13.9652411036357,38.9952202153879
"34665","Chlorophyll a","Current",23.5812771363659,14.4619913014428,38.6711214173336
"44694","Chlorophyll a","Current",23.6611751123549,13.5529821763643,43.3042283872006
"23660","Chlorophyll a","Current",23.7688648482531,14.4740899806423,42.2590336057579
"23617","Chlorophyll a","Current",23.8050092653903,13.4882040596573,43.8319405001572
"39602","Chlorophyll a","Current",24.2957629234918,14.5035593855175,40.5909782140009
"43668","Chlorophyll a","Current",24.3191108357464,14.4740584248649,41.3122892840358
"24539","Chlorophyll a","Current",24.3447834815781,14.0861202940784,43.1612636169045
"15909","Chlorophyll a","Current",24.4700143193154,13.9634356575298,42.4035996218871
"41314","Chlorophyll a","Current",25.0553510355394,15.0615770569904,42.0932723074521
"1974","Chlorophyll a","Current",25.1689749033494,15.4687509048159,42.5557712931041
"10706","Chlorophyll a","Current",25.1991064674863,11.8605667325055,47.6521855045924
"13446","Chlorophyll a","Current",25.5081085466598,14.8088675901959,44.098719594434
"25492","Chlorophyll a","Current",25.7144967219934,15.4068447387165,43.008636281825
"23060","Chlorophyll a","Current",26.1577611436349,14.8605437887944,43.9288793791493
"50466","Chlorophyll a","Current",26.1798983700211,15.9265882536458,43.1331990265654
"44355","Chlorophyll a","Current",26.4950207120036,16.2861498327608,44.4510200118974
"30524","Chlorophyll a","Current",26.6160146205325,15.8115827103908,45.22348242362
"43639","Chlorophyll a","Current",26.6469094610406,16.8199686155663,46.2322710174883
"40216","Chlorophyll a","Current",27.0254329504661,15.8187285045769,45.1300627484735
"49169","Chlorophyll a","Current",28.1659599822457,17.4288650785194,47.8253131032354
"43649","Chlorophyll a","Current",28.190370409517,17.0663223357773,45.6007481910314
"28553","Chlorophyll a","Current",28.2155626453284,17.2750429506555,45.5818988185748
"15013","Chlorophyll a","Current",28.3793738247589,16.9004084071687,50.679230985275
"49643","Chlorophyll a","Current",28.5565757419882,16.0467604591129,52.599524383588
"44746","Chlorophyll a","Current",29.5650871776939,17.4873933122373,49.8175238761877
"18936","Chlorophyll a","Current",29.8641111869018,16.3496008341972,54.0128843633248
"8158","Chlorophyll a","Current",31.5302074803084,19.0500973793977,52.7346365592432
"28543","Chlorophyll a","Current",31.9271478755151,18.8515983296798,54.5374988729214
"15942","Chlorophyll a","Current",32.676864168123,19.4921654606199,54.5263467984359
"49090","Chlorophyll a","Current",32.7686775310186,18.6342833261099,57.260576796312
"44689","Chlorophyll a","Current",33.0924593495973,20.3364541071231,56.3361713896601
"24422","Chlorophyll a","Current",33.4129689465471,19.5406903440849,56.9005718684774
"15795","Chlorophyll a","Current",33.7728309879172,20.1630135864993,60.1466923375836
"32805","Chlorophyll a","Current",33.9556388785261,20.5699801221869,57.3499624479881
"24619","Chlorophyll a","Current",33.9863769717683,20.722569338703,59.9127746457256
"45826","Chlorophyll a","Current",35.5133219113641,21.4015917061725,62.4805103382108
"15736","Chlorophyll a","Current",36.0748647343258,21.5277292325606,59.9986911941995
"45980","Chlorophyll a","Current",37.0750866088066,21.5821756037878,63.8905226536597
"11916","Chlorophyll a","Current",37.0852016537381,21.0687887797976,67.7122725133527
"24415","Chlorophyll a","Current",37.0905546088152,21.0991891091243,64.7185257192629
"37622","Chlorophyll a","Current",37.4712242138326,22.5553094298292,65.1200901757209
"44599","Chlorophyll a","Current",37.555562827629,22.6656904602274,67.4208498435868
"50470","Chlorophyll a","Current",38.2771955747978,22.2445089851177,67.0853244699943
"43846","Chlorophyll a","Current",38.305628712954,22.738419129007,67.7202561816177
"24423","Chlorophyll a","Current",38.5484293914206,22.9847326534486,69.2937133431805
"23657","Chlorophyll a","Current",39.6033399171155,23.6042460916444,70.4746241903413
"50782","Chlorophyll a","Current",39.9753174619704,22.917693857136,66.846628234967
"14418","Chlorophyll a","Current",40.1807918159966,22.2017689518993,74.8953165136682
"511","Chlorophyll a","Current",40.259958748832,23.8369487516888,69.0458665051444
"667","Chlorophyll a","Current",40.3604399478929,23.4547092669305,71.0163557130435
"15037","Chlorophyll a","Current",40.9859082346051,22.7282052845596,80.4233470352586
"8262","Chlorophyll a","Current",40.9989199109822,24.9607261154464,68.6559523672913
"14406","Chlorophyll a","Current",41.242357528049,25.4982962166086,73.3967089164847
"54742","Chlorophyll a","Current",41.4553201416456,25.2813989062628,69.2294925309978
"49337","Chlorophyll a","Current",42.2742494641666,22.4047491841157,79.1057116830634
"21886","Chlorophyll a","Current",42.299555028607,22.1006107614529,80.4942729328124
"25245","Chlorophyll a","Current",43.9208124898275,26.0349464162494,73.8988979106795
"49091","Chlorophyll a","Current",44.2728933668131,25.2058175016644,78.4172604615902
"49200","Chlorophyll a","Current",45.1416426435793,25.6766978298085,85.2879555903805
"30851","Chlorophyll a","Current",45.1968321680565,26.8046273597639,80.5924337945624
"12107","Chlorophyll a","Current",46.0028573980487,26.1764328711432,80.15727324604
"1962","Chlorophyll a","Current",46.1403912811047,28.0198282084141,80.6371881159337
"15035","Chlorophyll a","Current",46.1497726880328,27.3813707494325,81.0802318296404
"45856","Chlorophyll a","Current",48.1613156170809,28.2536096738979,90.0805179641901
"28550","Chlorophyll a","Current",49.1275042694117,28.0178589382264,88.3298864263866
"12101","Chlorophyll a","Current",49.7570444933555,30.0623487949819,83.3188398291124
"49186","Chlorophyll a","Current",50.0174565622903,29.7588509815637,86.9235193238772
"48177","Chlorophyll a","Current",52.4805672462557,29.9243108402593,94.9305952619789
"44391","Chlorophyll a","Current",53.0672575015457,30.6415803319888,92.1706024865627
"12469","Chlorophyll a","Current",54.3160714008002,32.0840738444645,97.8804390424309
"44615","Chlorophyll a","Current",54.5835079938361,31.9112052921407,96.6291540573294
"12537","Chlorophyll a","Current",56.0068970507915,33.105640996815,102.690274652819
"15038","Chlorophyll a","Current",56.4398900750869,32.6238399207822,103.070899493185
"18935","Chlorophyll a","Current",56.9806210510075,25.5452431244757,112.765632343155
"11911","Chlorophyll a","Current",57.0590681674298,33.620144884771,103.868853415673
"36096","Chlorophyll a","Current",58.1625978819861,31.7581764040707,109.166986925657
"4345","Chlorophyll a","Current",60.8734953834737,36.9467389688043,109.486818045685
"15141","Chlorophyll a","Current",62.5432126400514,38.2044464586932,115.214682183162
"12579","Chlorophyll a","Current",63.2754143799606,36.7094481231149,116.936264073511
"43829","Chlorophyll a","Current",63.278909873337,35.7459557418837,116.501390169567
"44619","Chlorophyll a","Current",66.3208327873022,37.1819206971354,123.576655984927
"36215","Chlorophyll a","Current",74.6392562039315,39.1372927720824,137.435605409286
"869","Chlorophyll a","Current",86.3396059045315,49.0773653502924,161.688551643129
"16939","Chlorophyll a","Current",94.0468244222589,52.4752552756228,181.99978181702
"4486","Chlorophyll a","Current",101.909514489617,54.5933407085525,218.673083179161
"5306","Chlorophyll a","Current",119.277498752775,64.3783321003873,219.860089721006
"12690","Chlorophyll a","Current",123.632598391242,67.8337709566651,238.238022079554
"5008","Chlorophyll a","Current",141.886359971481,79.1066810455611,274.549443602854
"5042","Chlorophyll a","Current",142.792305717135,78.6330815955335,281.389984422696
"16734","Chlorophyll a","Current",150.29827770544,82.5162168701665,298.909085849931
"1","Chlorophyll a","Reference",3.9772773205787,1.51856396748247,9.63022343792246
"3","Chlorophyll a","Reference",3.46446838310912,1.82715413732927,7.33620334488383
"4","Chlorophyll a","Reference",3.60354197486024,1.79982030306156,7.45290371033698
"229","Chlorophyll a","Reference",2.10525115162935,1.17428854477131,3.66347865484617
"381","Chlorophyll a","Reference",3.49651768217113,1.57668059547119,7.90144798657669
"476","Chlorophyll a","Reference",1.1638831055332,0.673126644368176,1.94717564655443
"511","Chlorophyll a","Reference",8.24623616641109,2.4049904302919,28.9130006286826
"515","Chlorophyll a","Reference",8.43264446214042,2.21436290856494,33.6506086218582
"667","Chlorophyll a","Reference",7.83179043376593,2.52736402512076,23.8126439371795
"831","Chlorophyll a","Reference",3.79701890171934,1.89235897116663,7.93777246035817
"841","Chlorophyll a","Reference",8.30079734020459,3.03921189059181,21.9448290946522
"869","Chlorophyll a","Reference",8.40444702600108,2.5657854594106,30.3912616641415
"1553","Chlorophyll a","Reference",3.24821958940849,1.83513574909896,5.55711739295665
"1708","Chlorophyll a","Reference",6.08799207269325,2.97215918558667,12.1897565429632
"1962","Chlorophyll a","Reference",8.31756941024804,3.19947975366573,22.7478164347504
"1972","Chlorophyll a","Reference",3.55660261163561,1.6068360883688,7.34771589936126
"1974","Chlorophyll a","Reference",9.71491096373973,4.31366442288698,27.5183789157018
"1993","Chlorophyll a","Reference",1.48606289839722,0.82534994903461,2.54978578784603
"2549","Chlorophyll a","Reference",1.50270237414749,0.770197533947856,3.2235279280062
"3129","Chlorophyll a","Reference",2.82067672238644,1.24631170545896,6.1615371878723
"4278","Chlorophyll a","Reference",8.01956623741619,2.17239354595762,32.7006139969476
"4342","Chlorophyll a","Reference",1.12566600542379,0.61651718053851,2.01398632035343
"4343","Chlorophyll a","Reference",1.12705983198172,0.630500818725722,1.8575536863382
"4345","Chlorophyll a","Reference",10.683345235086,5.30370126515764,22.4864181520207
"4486","Chlorophyll a","Reference",9.01038478099217,2.62042306370985,40.9166025374094
"4509","Chlorophyll a","Reference",3.52853963302605,1.50430452678418,8.57743094765251
"4922","Chlorophyll a","Reference",2.69996907844149,1.41435110284213,5.05746215136592
"4926","Chlorophyll a","Reference",1.67089123154381,1.00403804953496,2.93190750744327
"5008","Chlorophyll a","Reference",8.57210433712804,2.83889179372406,25.9947767747672
"5042","Chlorophyll a","Reference",8.31449084241191,2.9106772108653,23.5790604440623
"5264","Chlorophyll a","Reference",1.18243052178646,0.761020035492671,1.90963436451683
"5306","Chlorophyll a","Reference",8.13386030449293,2.34051078910288,25.3222264268065
"5397","Chlorophyll a","Reference",3.53012073069519,1.66755561549966,7.29802504891432
"6394","Chlorophyll a","Reference",1.39442327500686,0.797736450896663,2.4431939501044
"6396","Chlorophyll a","Reference",1.40746668515319,0.799291591930226,2.475192633078
"6867","Chlorophyll a","Reference",1.09284619344964,0.440661488766065,2.67079239623361
"6914","Chlorophyll a","Reference",1.17602422957658,0.607813358523631,2.13851018465388
"7113","Chlorophyll a","Reference",2.04818104721619,1.0741170460567,3.81396378081388
"7382","Chlorophyll a","Reference",1.22455886162705,0.703695325217685,1.99399218906488
"7386","Chlorophyll a","Reference",1.19918222338589,0.710955629006653,1.9800951723325
"7408","Chlorophyll a","Reference",1.5356691455539,0.920133967796063,2.77438858990236
"7409","Chlorophyll a","Reference",1.48530687213564,0.93298591081068,2.51738257945938
"7506","Chlorophyll a","Reference",1.68989614727327,1.04261271184699,3.03788924723853
"7512","Chlorophyll a","Reference",2.32941296785981,1.36907822800245,3.93671973856851
"7537","Chlorophyll a","Reference",2.11521824516592,1.15814465151581,4.22005563193122
"7605","Chlorophyll a","Reference",1.36787164427554,0.745488215888334,2.34831285834259
"7633","Chlorophyll a","Reference",1.46721758527325,0.845179206278997,2.68778865741282
"7640","Chlorophyll a","Reference",1.36288813706009,0.783747185649589,2.31963151822316
"7657","Chlorophyll a","Reference",1.18434242599598,0.738271288032492,1.93120463039441
"7660","Chlorophyll a","Reference",1.22979530443593,0.749325945424696,1.99221346849284
"7688","Chlorophyll a","Reference",1.73383788328894,0.942709452534028,3.03707467648673
"7689","Chlorophyll a","Reference",1.2751540354651,0.664332304227269,2.17809972412261
"7748","Chlorophyll a","Reference",1.23766869343356,0.708993575447222,2.0865014091684
"7777","Chlorophyll a","Reference",1.28020839739948,0.763391944055122,2.18064703093954
"7900","Chlorophyll a","Reference",2.08136577959061,1.05311143002512,4.00917641570669
"7901","Chlorophyll a","Reference",1.24825661797932,0.714084143850966,2.15284369585327
"8158","Chlorophyll a","Reference",3.52866873883159,1.52515070492832,8.75624182599259
"8262","Chlorophyll a","Reference",5.11666600387407,1.79955693715031,16.0492008042205
"8265","Chlorophyll a","Reference",4.79734781270345,2.16524725204901,11.7253031325047
"8890","Chlorophyll a","Reference",1.48636564496894,0.795022461793807,2.61734637779906
"9071","Chlorophyll a","Reference",1.34435371235183,0.730802963601745,2.36358044271404
"10124","Chlorophyll a","Reference",0.618594032857156,0.268400011497427,1.27304910872297
"10605","Chlorophyll a","Reference",2.15631630536587,1.12492709316146,4.3445907022135
"10706","Chlorophyll a","Reference",1.7720607346955,0.72126353992103,4.1738571880918
"10718","Chlorophyll a","Reference",0.562520789080107,0.270514638018134,1.06590639164641
"11030","Chlorophyll a","Reference",1.24647974650929,0.708748233393554,2.1159617290103
"11084","Chlorophyll a","Reference",4.20260107255375,2.20084640665091,8.42540027512484
"11133","Chlorophyll a","Reference",2.10463418051443,1.34121719786235,3.51582840415898
"11138","Chlorophyll a","Reference",1.92908286526269,1.24140924636371,3.09095221540953
"11476","Chlorophyll a","Reference",1.23725622299386,0.558298125607698,2.60332282708073
"11490","Chlorophyll a","Reference",1.43342891119621,0.82952460244731,2.36433646968163
"11614","Chlorophyll a","Reference",1.20421398872325,0.640154020447857,2.28667021805366
"11616","Chlorophyll a","Reference",1.15990969275164,0.538662872163357,2.47830366280531
"11620","Chlorophyll a","Reference",1.33891031897014,0.772672588216747,2.14860712240435
"11654","Chlorophyll a","Reference",1.55360975657161,0.842520505687912,2.63479986994141
"11656","Chlorophyll a","Reference",1.26843442675793,0.726028072435282,2.11556802910633
"11664","Chlorophyll a","Reference",1.23755454489251,0.708793612563658,2.05968148921638
"11789","Chlorophyll a","Reference",1.20392676199284,0.71511726915697,1.95641961413286
"11793","Chlorophyll a","Reference",0.98234935208495,0.541559553011875,1.62341952764227
"11853","Chlorophyll a","Reference",1.12440453786074,0.532257302275129,2.35273596106081
"11911","Chlorophyll a","Reference",3.88115363379851,1.50331613106783,9.70843098487824
"11916","Chlorophyll a","Reference",3.62978284592555,1.62212943705054,8.34478629265208
"12101","Chlorophyll a","Reference",5.68635062388804,2.26150931273663,14.6706761803657
"12107","Chlorophyll a","Reference",6.01162380383492,2.67471592983712,13.347446843165
"12216","Chlorophyll a","Reference",2.14378840257601,1.0373907382651,4.77301043222433
"12307","Chlorophyll a","Reference",1.07787049610508,0.574580033246773,1.89066877086503
"12469","Chlorophyll a","Reference",6.20136318603233,2.93928803558149,14.0200639545277
"12537","Chlorophyll a","Reference",5.98043951833931,2.61999729712597,13.3724476036979
"12579","Chlorophyll a","Reference",5.95140332726332,2.19271044503911,15.9896083765808
"12591","Chlorophyll a","Reference",2.30431688870995,1.22304735774735,4.46616428369424
"12670","Chlorophyll a","Reference",2.34384845121499,1.07962972044147,4.89381320979955
"12690","Chlorophyll a","Reference",5.91487208246318,2.17232268814141,16.3832396699417
"12830","Chlorophyll a","Reference",3.31007267503695,1.71708413284521,6.44485883282898
"12872","Chlorophyll a","Reference",6.9097530667222,3.27449499492233,15.4722424252016
"12873","Chlorophyll a","Reference",5.55097911385188,1.71680126969526,16.1780751299749
"12876","Chlorophyll a","Reference",3.34992214743829,1.93349321378027,6.39174616905457
"13147","Chlorophyll a","Reference",2.23935504425748,1.38846802017976,3.82833889127622
"13148","Chlorophyll a","Reference",2.06071168461834,1.20800902756718,3.42895662936532
"13222","Chlorophyll a","Reference",2.02090652107204,0.966386429746839,3.85267279661493
"13276","Chlorophyll a","Reference",2.26841950290433,1.23110717773408,3.98225872002664
"13277","Chlorophyll a","Reference",2.4342322694037,1.3489566179291,4.20649756013221
"13278","Chlorophyll a","Reference",2.75966209302835,1.77518053800693,4.71543775712586
"13438","Chlorophyll a","Reference",3.16559340569865,1.60030123334164,6.48523767779041
"13446","Chlorophyll a","Reference",3.65206476608825,1.62353012592548,9.0157234829382
"13456","Chlorophyll a","Reference",3.71217498626536,1.89606598073483,7.62412602814051
"13466","Chlorophyll a","Reference",3.38260660326067,1.60011276902851,7.37330337553534
"13467","Chlorophyll a","Reference",7.56767209857636,2.99748451582004,21.1892674439943
"13577","Chlorophyll a","Reference",2.4734164214771,1.25540034105051,4.72207859412189
"13857","Chlorophyll a","Reference",3.61524779713694,1.66147815077083,7.75700388656521
"13873","Chlorophyll a","Reference",1.54232720526828,0.842550549388225,2.94195065752569
"13876","Chlorophyll a","Reference",3.12910311063599,1.57037240767415,6.1325206036698
"13877","Chlorophyll a","Reference",2.80657248960741,1.69333789423747,5.08615723758694
"13883","Chlorophyll a","Reference",3.63177054913646,2.02581004244603,6.92071316381401
"13904","Chlorophyll a","Reference",2.4235416211726,1.32757096552314,4.34226739068015
"13907","Chlorophyll a","Reference",2.36786064356503,1.30628112406726,4.10883997267958
"13909","Chlorophyll a","Reference",3.52026065977668,1.57402554339395,6.62709016625936
"13915","Chlorophyll a","Reference",2.28678153594528,1.26215123616671,4.48073870586102
"13930","Chlorophyll a","Reference",2.94905469732907,1.54834152689386,5.10618593275573
"13957","Chlorophyll a","Reference",2.6742973367629,1.38676085464106,5.11127933261166
"13970","Chlorophyll a","Reference",2.45101718007505,1.41645354201484,4.62844936120253
"14092","Chlorophyll a","Reference",2.52650761164729,1.35251579832709,4.60249856396909
"14179","Chlorophyll a","Reference",2.26562369211321,1.36041748208517,3.95648672556519
"14262","Chlorophyll a","Reference",2.31672716047136,1.32954551041932,3.8353941342766
"14290","Chlorophyll a","Reference",2.24233361439633,1.37565874331878,3.57542714342851
"14405","Chlorophyll a","Reference",2.31507458636823,1.20427064822104,4.42667504009865
"14406","Chlorophyll a","Reference",5.68559888823092,3.07486640348836,10.8705330842575
"14407","Chlorophyll a","Reference",2.50963596685409,1.25689416357788,5.06863285342071
"14408","Chlorophyll a","Reference",2.27423501505562,1.1305333579335,4.19223428632987
"14418","Chlorophyll a","Reference",5.30710641350722,2.74138867211475,10.4689419861134
"14546","Chlorophyll a","Reference",2.89371281734594,1.5735691806306,5.33019525300334
"14586","Chlorophyll a","Reference",2.42410867009867,0.991769098956478,5.13443558748202
"14680","Chlorophyll a","Reference",2.65040834571327,1.47218291082447,4.57424625324325
"14718","Chlorophyll a","Reference",2.13240299386681,0.926521219145308,4.86529496391118
"14820","Chlorophyll a","Reference",1.92666224281057,1.11279157575708,3.28543356449638
"14852","Chlorophyll a","Reference",2.14726781962825,1.14634492742508,4.25736629422657
"14860","Chlorophyll a","Reference",1.94759917280526,1.05111703950384,3.3513448762284
"15007","Chlorophyll a","Reference",2.55964266709208,1.37520634658736,5.05615537035796
"15013","Chlorophyll a","Reference",5.43792200378781,2.69396899235657,10.2703804036002
"15022","Chlorophyll a","Reference",2.64148750691422,1.40306032084308,5.0883997536166
"15035","Chlorophyll a","Reference",10.3950272178102,4.26101961765997,26.1569878287367
"15037","Chlorophyll a","Reference",5.41957590380717,2.28896571693111,14.0440770391936
"15038","Chlorophyll a","Reference",10.2618792679383,4.57790705222728,24.6693136413286
"15106","Chlorophyll a","Reference",2.67028373099304,1.01854264389313,5.38634929137315
"15141","Chlorophyll a","Reference",9.02401815252235,4.30317214052245,21.467037042244
"15176","Chlorophyll a","Reference",1.93732454471505,1.12271620507332,3.17145817643345
"15312","Chlorophyll a","Reference",2.4498275522246,1.47485410975132,4.0478943885553
"15325","Chlorophyll a","Reference",1.92212458991555,1.23379471263733,3.04575807238435
"15621","Chlorophyll a","Reference",2.43883488626823,1.54357534855138,3.99764616062165
"15633","Chlorophyll a","Reference",1.85573938262336,1.06673049317316,3.40887012751926
"15651","Chlorophyll a","Reference",2.39763540354918,1.38267780509538,4.01575892578947
"15670","Chlorophyll a","Reference",1.64000148905861,0.88810198425432,2.96146733676211
"15672","Chlorophyll a","Reference",1.88187286167096,1.13123816573831,3.23176993783136
"15692","Chlorophyll a","Reference",4.33792810883901,1.54825200526914,9.83427080144893
"15719","Chlorophyll a","Reference",2.27386517564912,1.18977590603646,3.86901817186667
"15736","Chlorophyll a","Reference",4.95037880799083,2.47579913313969,10.3093320430748
"15795","Chlorophyll a","Reference",9.88317301277426,3.42040830627587,28.0081943164069
"15898","Chlorophyll a","Reference",3.95218579693008,1.47432463225185,10.0848231763223
"15902","Chlorophyll a","Reference",3.39584010390581,1.33327235800686,8.13280142081946
"15904","Chlorophyll a","Reference",3.69029034743574,1.52159291014328,9.5832133473561
"15906","Chlorophyll a","Reference",3.64790044145284,1.4184895569124,9.40630674522703
"15907","Chlorophyll a","Reference",3.5129950890172,1.66281025779577,7.31069808043924
"15909","Chlorophyll a","Reference",3.74915435006798,1.40025526328857,10.0966192900089
"15926","Chlorophyll a","Reference",3.4177625497856,1.65512714715785,7.30035405517041
"15929","Chlorophyll a","Reference",3.51671769741332,1.8903314561858,6.4697581994411
"15930","Chlorophyll a","Reference",3.25212292910846,1.24579727934856,8.10310024195058
"15942","Chlorophyll a","Reference",9.68111056416741,3.78013413468686,28.5781241894788
"15947","Chlorophyll a","Reference",3.45953602045109,1.46939621230658,8.25490070103325
"16080","Chlorophyll a","Reference",4.19747922749301,1.8392359633105,10.1285475678543
"16131","Chlorophyll a","Reference",2.26738615175322,1.31408725926359,4.05932501063884
"16190","Chlorophyll a","Reference",2.5928024982563,1.35960164005745,4.93142866175871
"16214","Chlorophyll a","Reference",2.48149692345948,1.34449485605414,4.768146991796
"16215","Chlorophyll a","Reference",2.04591807295306,1.21784802853699,3.52238754941404
"16222","Chlorophyll a","Reference",1.97990688682385,1.19867732179792,3.30213022230602
"16224","Chlorophyll a","Reference",2.5581753413232,1.36592854140509,4.43224375885834
"16233","Chlorophyll a","Reference",1.46751410474259,0.766291065224055,2.65468181996965
"16235","Chlorophyll a","Reference",1.50474686629384,0.788200078973114,2.75088737402887
"16377","Chlorophyll a","Reference",1.53122877247531,0.637567858447873,3.07756897991746
"16392","Chlorophyll a","Reference",1.88768718915912,1.12769318453315,3.30007964543681
"16734","Chlorophyll a","Reference",7.97315670273542,2.26713916563236,27.1871257545103
"16939","Chlorophyll a","Reference",8.59033973864693,3.46645221378448,23.2282993649646
"17014","Chlorophyll a","Reference",3.40683812230728,1.54805547978925,7.50168463512721
"17153","Chlorophyll a","Reference",2.50801907815432,1.27418936923931,4.60050727073727
"17750","Chlorophyll a","Reference",7.59651219905877,3.4830477286085,17.9511716586867
"17761","Chlorophyll a","Reference",3.99971334182897,1.80216994028893,8.50461470831655
"18023","Chlorophyll a","Reference",2.08379735101729,1.04938050479769,3.81850411303059
"18027","Chlorophyll a","Reference",2.11635387604409,0.953486316396883,4.58097856866981
"18318","Chlorophyll a","Reference",2.5209451110627,1.21829647672419,5.17152993581892
"18610","Chlorophyll a","Reference",1.93024297159348,1.17280099928955,3.31709607182386
"18809","Chlorophyll a","Reference",2.77309399018149,1.40078515101523,5.57648397758276
"18933","Chlorophyll a","Reference",3.83705006659096,1.54090957846615,8.93941317799947
"18934","Chlorophyll a","Reference",2.94748170700335,1.17305879547563,6.54079876419261
"18935","Chlorophyll a","Reference",3.9483565829175,1.20418246338483,12.2333377161925
"18936","Chlorophyll a","Reference",3.59403499804216,1.82305167636392,7.63656404070215
"18951","Chlorophyll a","Reference",3.14558729080412,1.37434501039919,7.86364374947792
"18957","Chlorophyll a","Reference",2.9708054332481,1.29387048948293,6.7775756500385
"19172","Chlorophyll a","Reference",3.36433356279347,1.39273159757284,8.58888127855132
"19559","Chlorophyll a","Reference",10.0149808814252,3.51407920622373,33.3733209410664
"19572","Chlorophyll a","Reference",8.30378562350524,3.70982951298492,18.885323340263
"19612","Chlorophyll a","Reference",2.26086305846984,1.06903343796225,5.15253562669914
"19621","Chlorophyll a","Reference",3.03613131027773,1.62327006313846,6.25745540056756
"19781","Chlorophyll a","Reference",2.02147886833501,0.909124437239438,4.58597463355778
"20286","Chlorophyll a","Reference",1.80954369364092,1.03790229239024,3.01876046667065
"20493","Chlorophyll a","Reference",1.17560853407524,0.520875219654615,2.58675382177633
"20741","Chlorophyll a","Reference",1.53518470945154,0.931756074186998,2.51299757029643
"20846","Chlorophyll a","Reference",1.43241314044605,0.688534302630852,2.94273022206941
"20851","Chlorophyll a","Reference",1.4179170182547,0.725323861899705,2.41995651306923
"20880","Chlorophyll a","Reference",1.89682283143255,1.10193280171132,3.20112144005497
"20904","Chlorophyll a","Reference",2.90408473503694,1.17151223102791,7.643570896779
"20943","Chlorophyll a","Reference",1.91191784049712,1.17487982786908,3.27382480825762
"20969","Chlorophyll a","Reference",4.71651056604298,2.55037275008241,8.39565020350597
"21367","Chlorophyll a","Reference",1.35589846571352,0.824052698977406,2.19139012735176
"21370","Chlorophyll a","Reference",2.52899970887638,1.57842138782626,4.1870972406506
"21372","Chlorophyll a","Reference",1.77703425570828,0.939887615030533,3.11190199448611
"21383","Chlorophyll a","Reference",2.052778926156,1.2488274406469,3.41029511887412
"21433","Chlorophyll a","Reference",2.22369672412289,1.27524459112977,3.82972510726636
"21434","Chlorophyll a","Reference",5.02099010627459,2.66939367393974,9.66181837020339
"21544","Chlorophyll a","Reference",2.9412281227004,1.6999971432946,5.34548613972691
"21692","Chlorophyll a","Reference",1.64138838471743,0.756432588255612,3.34093549668168
"21733","Chlorophyll a","Reference",1.03466053494978,0.457659803117108,2.29379244910903
"21759","Chlorophyll a","Reference",4.02919504884143,1.89693795144272,8.70388695333651
"21763","Chlorophyll a","Reference",3.5567658182928,1.74027589642876,6.99030142537949
"21773","Chlorophyll a","Reference",4.01302888538427,1.88572095474015,8.19382000169225
"21886","Chlorophyll a","Reference",8.85052673735328,4.06259199403269,21.469579798348
"21917","Chlorophyll a","Reference",1.65403207220438,0.929406496757047,2.93971292340809
"21918","Chlorophyll a","Reference",2.11183210866491,1.13748444597107,3.90101827657291
"21926","Chlorophyll a","Reference",1.7690227850653,1.00426882727296,3.14825334437593
"22201","Chlorophyll a","Reference",2.52093104271386,1.36255647033411,4.40173820768576
"22472","Chlorophyll a","Reference",2.18921845047398,1.18277968204748,3.99994622699831
"22495","Chlorophyll a","Reference",2.2511967504656,1.24301937000441,3.99647147373448
"22571","Chlorophyll a","Reference",2.37477515022948,1.223455966036,4.58426539959535
"22785","Chlorophyll a","Reference",2.17859107188565,1.28442072357802,3.78219816440439
"22786","Chlorophyll a","Reference",1.7673170154522,1.04248637092087,2.97684823995947
"22929","Chlorophyll a","Reference",1.92002306306659,1.11603541210172,3.40903259130355
"23060","Chlorophyll a","Reference",5.60177900153966,2.85527609385259,11.3750564563175
"23306","Chlorophyll a","Reference",2.49460134842414,1.2469196938516,4.76471096033749
"23314","Chlorophyll a","Reference",5.04484548454789,2.32753955188901,10.5974921786017
"23339","Chlorophyll a","Reference",1.1725380512564,0.473774756494528,2.66919238604077
"23617","Chlorophyll a","Reference",5.04449186521141,2.49071694873813,10.2624243421706
"23657","Chlorophyll a","Reference",11.2463629497649,3.67749061442743,32.9585494767699
"23660","Chlorophyll a","Reference",9.02595782782154,3.07440509904449,26.9130533409693
"23671","Chlorophyll a","Reference",4.12685003502386,1.85626403897194,9.06652229186244
"23676","Chlorophyll a","Reference",9.3591528689285,3.21022212402141,29.9119740635445
"23691","Chlorophyll a","Reference",9.76942644362741,3.3990542486884,36.1660035939354
"23721","Chlorophyll a","Reference",6.38308900725822,3.53410628199774,20.8017194405431
"23862","Chlorophyll a","Reference",2.82331362539849,1.73786420718176,5.08463270045737
"23940","Chlorophyll a","Reference",2.67765851983145,1.20004683243735,5.13007868517943
"23986","Chlorophyll a","Reference",3.61749754141905,1.70331981248541,7.60503117069794
"24015","Chlorophyll a","Reference",2.91381689180241,1.5330379218339,5.49659235399181
"24024","Chlorophyll a","Reference",5.25380042284327,2.30274156637624,13.4812961049436
"24039","Chlorophyll a","Reference",2.09478518905167,1.33040533005991,3.4378614570685
"24103","Chlorophyll a","Reference",3.56028795658036,1.91256876246249,6.95458763938018
"24122","Chlorophyll a","Reference",2.28557679887565,1.13229817372157,4.23765224216116
"24271","Chlorophyll a","Reference",1.73118081980244,1.03291785967387,2.86236782990627
"24304","Chlorophyll a","Reference",2.1980206750742,1.37573920052047,3.78401952921069
"24313","Chlorophyll a","Reference",1.89431034187244,1.12887970305208,3.34654376504985
"24415","Chlorophyll a","Reference",10.8152126906808,4.47940200078265,27.1291070470001
"24422","Chlorophyll a","Reference",11.1676977467645,5.31413197405747,23.804601544443
"24423","Chlorophyll a","Reference",11.1347230113991,4.51430833249348,30.2738212612708
"24477","Chlorophyll a","Reference",3.21322738812273,1.45878935169139,7.3411656751433
"24496","Chlorophyll a","Reference",3.19955167683632,1.40531711353002,7.10902720689197
"24539","Chlorophyll a","Reference",9.10223465721044,3.73529232289792,22.5851941280209
"24596","Chlorophyll a","Reference",3.19052689034734,1.41405685207407,7.48478551398669
"24619","Chlorophyll a","Reference",10.2564549800533,3.76425190311517,30.1186739752885
"24620","Chlorophyll a","Reference",3.4153464964331,1.67659812664853,7.00842634434973
"24621","Chlorophyll a","Reference",4.13789043529186,1.95967580000774,8.73996836319098
"24628","Chlorophyll a","Reference",3.61441494500857,1.86796386580583,6.7046100101278
"24633","Chlorophyll a","Reference",3.8971797805433,2.10805875139553,7.44794540434801
"24724","Chlorophyll a","Reference",1.12461491356042,0.424560691701097,2.92435779356933
"24728","Chlorophyll a","Reference",1.29585801517487,0.460654485118368,3.45686341297569
"24734","Chlorophyll a","Reference",1.77211683383444,0.740822398401855,3.90431611351226
"24742","Chlorophyll a","Reference",1.44598611971215,0.534116199896776,4.3260462695591
"24746","Chlorophyll a","Reference",2.02255075002501,0.863337664036005,4.76120424697888
"24747","Chlorophyll a","Reference",2.37993780934741,0.916427472370723,6.22827516872347
"24750","Chlorophyll a","Reference",1.87027866521059,0.898007849022455,3.95006794153975
"24758","Chlorophyll a","Reference",1.5029700840734,0.587439174267524,4.33567771305439
"24777","Chlorophyll a","Reference",1.46344894920358,0.538428593926276,4.08787167687817
"24789","Chlorophyll a","Reference",1.45517774637541,0.621868466146324,3.44173437638218
"24791","Chlorophyll a","Reference",1.57384407536624,0.571597168837792,4.26975778315086
"24795","Chlorophyll a","Reference",1.60658739481043,0.612294324213734,4.16092768352244
"24805","Chlorophyll a","Reference",1.27382474838703,0.558929042307763,2.87290244596282
"24806","Chlorophyll a","Reference",1.17600579071478,0.513618873366323,2.61458632671827
"24809","Chlorophyll a","Reference",1.41679354150503,0.566858969432802,3.39003823160592
"24848","Chlorophyll a","Reference",1.27265440337511,0.667957844542521,2.32928038693169
"24882","Chlorophyll a","Reference",1.3028389272155,0.612247965885715,2.55014243092462
"24906","Chlorophyll a","Reference",1.17916803117345,0.445096030408326,3.16605942682826
"24916","Chlorophyll a","Reference",1.29960436128458,0.532759772247961,2.87465437217576
"24917","Chlorophyll a","Reference",1.13362270328446,0.480836905660292,2.50828482548311
"24927","Chlorophyll a","Reference",1.2136145181673,0.443402082175399,2.966840893184
"24932","Chlorophyll a","Reference",1.37149283599636,0.733312579821957,2.38497908864641
"24937","Chlorophyll a","Reference",1.13926669526202,0.596366841950195,2.03448302510638
"24948","Chlorophyll a","Reference",1.30496854442926,0.720828882431854,2.26117369160508
"24955","Chlorophyll a","Reference",1.38345802403296,0.742072787681495,2.68149679187406
"24969","Chlorophyll a","Reference",1.27228862212382,0.719203184271283,2.31491147624616
"24995","Chlorophyll a","Reference",1.43459554515213,0.849081821770233,2.37845619086042
"25002","Chlorophyll a","Reference",1.28336295696214,0.64265886902418,2.45343806197774
"25006","Chlorophyll a","Reference",1.55819649240894,0.745939004345279,3.07339454193274
"25008","Chlorophyll a","Reference",1.44805737872287,0.780853797210086,2.76244979180222
"25024","Chlorophyll a","Reference",1.3019209548843,0.756181396126739,2.25872424804377
"25044","Chlorophyll a","Reference",1.06477141786174,0.641565581403758,1.70272970846293
"25212","Chlorophyll a","Reference",1.05779188821804,0.6162328111154,1.72491106538034
"25245","Chlorophyll a","Reference",5.76104291311096,2.31331940115005,14.6602376055704
"25325","Chlorophyll a","Reference",2.04238032700126,1.0266879888101,3.80040201327675
"25492","Chlorophyll a","Reference",8.3625375380718,3.03507928114833,23.8779861983609
"25519","Chlorophyll a","Reference",2.40954287994312,1.1931231233507,4.90770134503643
"25687","Chlorophyll a","Reference",3.43654140032859,1.68110534101443,7.61821315606969
"25765","Chlorophyll a","Reference",1.69674856200627,0.934480115249689,2.89013179422858
"25787","Chlorophyll a","Reference",4.30188565605016,1.29365353509071,14.0080331164281
"25802","Chlorophyll a","Reference",5.17714789077332,2.58450243665283,10.8890927696448
"25972","Chlorophyll a","Reference",2.85067973643135,1.57348559570864,5.55268031095594
"25994","Chlorophyll a","Reference",8.49320468604722,2.76706295386569,30.4906854940145
"26026","Chlorophyll a","Reference",1.21581551149688,0.463046411585584,3.04325526116988
"26031","Chlorophyll a","Reference",1.03851751498479,0.537305942840704,1.9595295000199
"26036","Chlorophyll a","Reference",1.30912916206637,0.742661634487536,2.26199493702655
"26045","Chlorophyll a","Reference",2.06195496709893,1.07963095105863,4.06322297311166
"26051","Chlorophyll a","Reference",1.52519302304738,0.647388986623802,3.5340246861087
"26056","Chlorophyll a","Reference",1.17001898004336,0.443769610922913,2.78073243652062
"26057","Chlorophyll a","Reference",1.14793024842598,0.443126265121309,2.95044183797526
"26111","Chlorophyll a","Reference",0.855712728326652,0.487082164637098,1.49259591586188
"26130","Chlorophyll a","Reference",2.94254224830364,1.36108400089251,5.93175391495952
"26166","Chlorophyll a","Reference",1.93828491794854,0.960990159760753,3.87741394359673
"26276","Chlorophyll a","Reference",1.36078680828895,0.655859335654055,2.67805021237619
"26316","Chlorophyll a","Reference",1.24047813054038,0.711999359638626,2.04669713629424
"26348","Chlorophyll a","Reference",1.25878759656854,0.765778337328019,2.04390970542546
"26357","Chlorophyll a","Reference",1.11467614608734,0.635985664230535,1.88265056164485
"26434","Chlorophyll a","Reference",1.21325335103799,0.65172214505863,2.15218221610547
"26477","Chlorophyll a","Reference",1.62001169277641,0.972970331733856,2.62565134936376
"26484","Chlorophyll a","Reference",1.15414690746413,0.640880952876492,1.92503585141366
"26493","Chlorophyll a","Reference",1.59658111085088,0.868352337174957,2.84224340803664
"26502","Chlorophyll a","Reference",1.14831925105766,0.682643077257082,1.9081678698321
"26514","Chlorophyll a","Reference",1.10930040358743,0.649953515092107,1.8732038650826
"26515","Chlorophyll a","Reference",1.17659389414617,0.607600287202243,2.11255452498418
"26557","Chlorophyll a","Reference",1.69239805261791,0.936952125711431,2.9475949214914
"26735","Chlorophyll a","Reference",3.05249685108331,1.51219918496236,6.38624366622935
"26749","Chlorophyll a","Reference",3.86031990496067,2.02529390330674,7.2131158566737
"26887","Chlorophyll a","Reference",0.850978365840005,0.482066412085707,1.51734752334683
"27286","Chlorophyll a","Reference",1.36508844609543,0.802028910136983,2.24437191003903
"27558","Chlorophyll a","Reference",1.63696683994349,0.821780395883293,2.94889314287275
"27560","Chlorophyll a","Reference",1.35835022150132,0.665692667230401,2.93681060516876
"27564","Chlorophyll a","Reference",1.29847974659184,0.697126963614899,2.38681954605433
"27566","Chlorophyll a","Reference",1.19437844268198,0.702081149476518,1.98147980283486
"27572","Chlorophyll a","Reference",1.40776159544887,0.827333492456933,2.34631313873099
"27762","Chlorophyll a","Reference",1.0971687509702,0.627152763911099,1.83737710441687
"27936","Chlorophyll a","Reference",3.55826269693463,2.02826350841544,6.42408979594885
"27994","Chlorophyll a","Reference",3.40391880848982,1.67187422153768,6.98209271625634
"28066","Chlorophyll a","Reference",10.4201307676481,4.47856022228634,59.7293172340801
"28162","Chlorophyll a","Reference",1.16635970478266,0.604206790618625,2.21076757936945
"28383","Chlorophyll a","Reference",1.36170876547478,0.734700122040679,2.6305745895431
"28390","Chlorophyll a","Reference",1.76351441859415,0.932488999546194,3.40114139934469
"28401","Chlorophyll a","Reference",1.18813527220399,0.469122312770354,2.95289249859945
"28402","Chlorophyll a","Reference",1.40423222595974,0.572070850450492,3.37656879614578
"28403","Chlorophyll a","Reference",1.19050151269152,0.539061060171194,2.40826520909328
"28408","Chlorophyll a","Reference",1.03176861248159,0.541018831149493,1.92749731193748
"28412","Chlorophyll a","Reference",1.1871019939288,0.467241266785825,3.21920596683301
"28419","Chlorophyll a","Reference",1.12167277502021,0.642024805758303,1.88687307138988
"28438","Chlorophyll a","Reference",1.13208459975911,0.543143658130652,2.14683419051532
"28445","Chlorophyll a","Reference",1.15150060991962,0.511698899366055,2.57262165440607
"28473","Chlorophyll a","Reference",1.08396750758075,0.431586863080336,2.71787444461071
"28478","Chlorophyll a","Reference",2.2488880860441,0.758154182378103,6.01016989041932
"28490","Chlorophyll a","Reference",1.97820197930768,1.0415450434018,3.88311232151137
"28492","Chlorophyll a","Reference",1.81126871950857,0.907316529880487,3.54734818704333
"28495","Chlorophyll a","Reference",1.83349486898752,0.935296386592786,3.67250367344325
"28503","Chlorophyll a","Reference",1.77406480326501,0.866005469069883,3.88855072083378
"28532","Chlorophyll a","Reference",1.86607348027688,1.09870328506321,3.19627134911056
"28543","Chlorophyll a","Reference",5.17706325232722,2.09944424356927,11.020125028415
"28550","Chlorophyll a","Reference",4.24681931904158,1.5025064482295,11.6963485892213
"28553","Chlorophyll a","Reference",4.08191851046271,1.3397361617166,13.536654446352
"28577","Chlorophyll a","Reference",3.90361119995594,1.42554941977358,10.6815110611021
"28611","Chlorophyll a","Reference",1.06048225413463,0.393869276347064,2.46652936073464
"28624","Chlorophyll a","Reference",1.74103489427746,0.918880751287596,3.12012880245513
"28652","Chlorophyll a","Reference",1.07625502440721,0.515693072110206,2.187724956007
"28681","Chlorophyll a","Reference",1.90590102825722,0.866659738316336,4.08099486152452
"28682","Chlorophyll a","Reference",2.27273187971214,0.896522746473042,5.96941689689559
"28704","Chlorophyll a","Reference",1.3178075882522,0.587105579503563,2.87443472878746
"28708","Chlorophyll a","Reference",1.12819044611553,0.56266362314246,2.10784227294972
"28722","Chlorophyll a","Reference",1.63980196894013,0.859432573972656,3.02818258437913
"28737","Chlorophyll a","Reference",2.09397428582313,0.868751069236837,6.00288188583338
"28757","Chlorophyll a","Reference",1.50912397702515,0.605893593634804,3.69657102967878
"28774","Chlorophyll a","Reference",1.22875535006639,0.54074652420253,2.93218334105563
"28810","Chlorophyll a","Reference",1.72873416961088,0.626800876588427,4.43683731623419
"28817","Chlorophyll a","Reference",1.43048380985695,0.567949354143275,3.40172433847973
"28835","Chlorophyll a","Reference",1.189633066296,0.474461318429104,3.21175342991824
"28849","Chlorophyll a","Reference",2.23459899676003,0.747847554164352,6.01191307443422
"28856","Chlorophyll a","Reference",1.18090736091084,0.284974232327324,5.02173032720184
"28858","Chlorophyll a","Reference",1.22114997885057,0.424949276479484,3.52479279404942
"28867","Chlorophyll a","Reference",1.25815023268513,0.434257811359619,3.89282503631617
"28876","Chlorophyll a","Reference",2.02361598329874,1.08741565073068,3.681248227046
"28879","Chlorophyll a","Reference",0.978442863360961,0.446726945171846,2.16622244578515
"28885","Chlorophyll a","Reference",1.14377133679587,0.467264622556537,2.87949256767223
"28886","Chlorophyll a","Reference",1.15886771420496,0.50842903546425,2.4803456392081
"28907","Chlorophyll a","Reference",1.20874055491834,0.414019672663398,3.02974011415257
"28912","Chlorophyll a","Reference",1.12642492510774,0.424749643219491,2.78175137338168
"28937","Chlorophyll a","Reference",1.20502244518272,0.323841060368673,4.02079774374739
"28942","Chlorophyll a","Reference",1.03733087470874,0.552192116668952,1.93097683175897
"28945","Chlorophyll a","Reference",2.12578170387547,0.929829195247667,4.80102526303111
"28989","Chlorophyll a","Reference",1.01308928798835,0.369859260680141,3.23481200909571
"29031","Chlorophyll a","Reference",1.77192817921997,0.937776167697084,3.20922516754111
"29043","Chlorophyll a","Reference",1.20199640544603,0.497685391351893,2.78418182064095
"29070","Chlorophyll a","Reference",0.966602482593273,0.471344867288767,2.08844040456594
"29073","Chlorophyll a","Reference",1.0704248453184,0.618487785994989,1.78736822169075
"29095","Chlorophyll a","Reference",1.2600867358085,0.504880067396664,2.96751581987977
"29100","Chlorophyll a","Reference",2.12306917694301,0.955055600908075,4.30283298631658
"29104","Chlorophyll a","Reference",1.15342507394024,0.487489091120814,2.93556734643438
"29124","Chlorophyll a","Reference",1.12468161595147,0.493946319083309,2.46907369000419
"29224","Chlorophyll a","Reference",1.12059838371615,0.612085970864658,1.90525208415295
"29244","Chlorophyll a","Reference",0.943257090963796,0.550207310360002,1.54998369603952
"29250","Chlorophyll a","Reference",1.90498283885076,1.150058869736,3.1467391847449
"29253","Chlorophyll a","Reference",1.08610137323043,0.593095249356873,1.87107813319174
"29254","Chlorophyll a","Reference",1.20422160799804,0.736234595199238,1.86648558313846
"29427","Chlorophyll a","Reference",1.58070986805587,0.720022559680529,3.4353215797329
"29472","Chlorophyll a","Reference",1.23058836018405,0.467707619079353,3.01128006902197
"29489","Chlorophyll a","Reference",1.13169623539845,0.441904731758193,2.86481615376993
"29490","Chlorophyll a","Reference",1.07282507038876,0.504271412715741,2.25942898996061
"29496","Chlorophyll a","Reference",1.19098792237944,0.408416597396149,3.4812483790065
"29506","Chlorophyll a","Reference",1.16076323592478,0.48231903163784,2.51354322941255
"29509","Chlorophyll a","Reference",1.93998156396206,0.937863931993576,4.1140967076618
"29541","Chlorophyll a","Reference",2.2185342728294,0.981049161912444,4.95636579733864
"29547","Chlorophyll a","Reference",1.47963711660266,0.736951579038,2.85860877820119
"29548","Chlorophyll a","Reference",1.35408710779069,0.70655109837981,2.64809766432602
"29614","Chlorophyll a","Reference",2.00193095185204,1.03787612926868,3.87734262411644
"29644","Chlorophyll a","Reference",2.12307417702763,0.750886213093,5.44527624574837
"29669","Chlorophyll a","Reference",1.26869448905955,0.586962860711308,2.63935297037473
"29679","Chlorophyll a","Reference",1.64846068234582,0.889539408816993,3.02905440562626
"29681","Chlorophyll a","Reference",1.49813635989965,0.797728195365211,2.54203245295438
"29688","Chlorophyll a","Reference",1.17078809995684,0.653075393389755,1.97497232514517
"29724","Chlorophyll a","Reference",1.19633214772519,0.453350332864426,2.87152024205003
"29728","Chlorophyll a","Reference",2.11955826073703,0.843534762442493,6.05544297578474
"29729","Chlorophyll a","Reference",1.05325392061982,0.470795892551293,2.0698174856063
"29748","Chlorophyll a","Reference",1.11324104164954,0.392196631156446,3.11939760260452
"29790","Chlorophyll a","Reference",1.15713585322287,0.545904101429507,2.38145792917897
"29821","Chlorophyll a","Reference",1.12034209196001,0.506017230767567,2.24779612624215
"29831","Chlorophyll a","Reference",1.22058498159727,0.520045360561089,2.84929314612608
"29847","Chlorophyll a","Reference",1.26196326036396,0.467652917294114,3.20848108265202
"29848","Chlorophyll a","Reference",1.15480953206356,0.425003217942671,2.88845812565401
"29858","Chlorophyll a","Reference",1.40232920617666,0.644032845206828,3.20963183853152
"29883","Chlorophyll a","Reference",1.26712038755376,0.456358948996417,3.33287360128254
"29891","Chlorophyll a","Reference",1.18294100180432,0.495010818714202,2.8181883822332
"29895","Chlorophyll a","Reference",1.42592063441276,0.761250229921208,2.69616166114982
"29907","Chlorophyll a","Reference",1.33077532033933,0.614407975184024,2.63107655092882
"29917","Chlorophyll a","Reference",1.27232808742976,0.683589792162231,2.39769794633597
"29938","Chlorophyll a","Reference",1.09773015834967,0.454827228555789,2.45400918525959
"29956","Chlorophyll a","Reference",1.11751202548667,0.396230905880439,3.21777791694182
"29981","Chlorophyll a","Reference",2.63440081955829,1.00215495763351,6.51240747540527
"30017","Chlorophyll a","Reference",1.13335217606781,0.548433348963922,2.20701853475082
"30038","Chlorophyll a","Reference",1.12582709776232,0.372547342116803,2.73601859002911
"30344","Chlorophyll a","Reference",1.1108442300899,0.405101267763634,2.75061647252977
"30345","Chlorophyll a","Reference",1.1399499720479,0.577729985398465,2.28064367442459
"30380","Chlorophyll a","Reference",1.47584436859832,0.818222151441726,2.44511585969934
"30524","Chlorophyll a","Reference",5.82197211889412,2.22879640597898,15.9514444892399
"30851","Chlorophyll a","Reference",5.13580671549497,2.40581774774441,10.3621180642714
"32287","Chlorophyll a","Reference",3.32494852347822,1.52646863003466,7.57575735856167
"32805","Chlorophyll a","Reference",10.0778386254004,4.03110854934718,24.7824413009763
"32835","Chlorophyll a","Reference",4.43420527565977,2.06525765389685,9.78260219575048
"33063","Chlorophyll a","Reference",3.57939341362393,1.72978937429383,7.82464970009114
"33085","Chlorophyll a","Reference",4.14351333457801,2.0343939944293,8.93636573109777
"33287","Chlorophyll a","Reference",1.96221637444136,1.09892779993071,3.55631284768225
"34222","Chlorophyll a","Reference",2.12420173718036,1.29863412429099,3.49159756924401
"34665","Chlorophyll a","Reference",6.24116342119311,2.81647178759826,13.528498717234
"34666","Chlorophyll a","Reference",4.81743198564133,2.19828701212604,12.181147100516
"34669","Chlorophyll a","Reference",2.74921267552241,1.23223834914336,5.8901665326815
"34688","Chlorophyll a","Reference",1.39855198535903,0.618464662258886,3.04324478967467
"34689","Chlorophyll a","Reference",1.38800245042013,0.591242485030674,3.05439622390948
"35606","Chlorophyll a","Reference",2.74612256750204,1.44969107506867,5.41183393816254
"35646","Chlorophyll a","Reference",1.79793019466781,0.975104217694237,3.36245294799125
"35662","Chlorophyll a","Reference",3.52357506544236,1.92799384879639,6.37565646753457
"36025","Chlorophyll a","Reference",2.47401844068104,1.33149649037971,4.66132025426414
"36046","Chlorophyll a","Reference",5.84742177595368,2.699320356143,12.4028308130206
"36096","Chlorophyll a","Reference",11.6686844360849,3.86935790609386,42.862311766552
"36215","Chlorophyll a","Reference",13.632631539552,5.20881509672855,50.9825687126529
"36275","Chlorophyll a","Reference",3.71390580605085,1.62730869638393,8.86779099373756
"36314","Chlorophyll a","Reference",3.54172869512649,1.81356561988277,6.89884997226977
"36742","Chlorophyll a","Reference",2.29634388207566,1.39108599518251,3.81719903199194
"36981","Chlorophyll a","Reference",1.58817745046122,0.940924996990468,2.60906338949092
"37201","Chlorophyll a","Reference",3.20688825705466,1.67904461386379,6.26342298918347
"37202","Chlorophyll a","Reference",3.2362665141304,1.24277225700071,7.72675538314775
"37530","Chlorophyll a","Reference",1.98148892635661,1.23502338725576,3.18538680978053
"37534","Chlorophyll a","Reference",1.96028939562521,1.13712508700093,3.25260850743309
"37607","Chlorophyll a","Reference",2.16318991330275,1.16794604075201,4.1408065130033
"37622","Chlorophyll a","Reference",5.65972944712391,2.85201812386634,11.4997597009252
"37701","Chlorophyll a","Reference",3.50604401042818,1.16873472648619,9.65787838198466
"37702","Chlorophyll a","Reference",3.48214377954408,1.2190948076114,9.44943464047702
"37705","Chlorophyll a","Reference",3.28735670896136,1.37282760101575,8.37889178711436
"37855","Chlorophyll a","Reference",1.71671646416311,0.960907036983301,3.11232387748544
"38143","Chlorophyll a","Reference",3.16200107754576,0.994093039911357,10.2164491344673
"38184","Chlorophyll a","Reference",1.87569287390667,0.800392050646823,3.95261439562024
"38314","Chlorophyll a","Reference",2.84157958148892,1.44313361505286,5.78336873638244
"38421","Chlorophyll a","Reference",1.75655014185591,0.921882773288539,3.33772865225195
"38434","Chlorophyll a","Reference",2.98568364091308,1.08399565573483,7.35937656271923
"38502","Chlorophyll a","Reference",0.850868373830924,0.490120333897954,1.49628997726997
"38545","Chlorophyll a","Reference",1.16271691613329,0.630342339300178,2.05160665814706
"38614","Chlorophyll a","Reference",1.80538519927092,0.797103005328823,3.88920408981846
"38637","Chlorophyll a","Reference",1.50444982088156,0.646463229088774,3.46431942079836
"38638","Chlorophyll a","Reference",1.42095002511804,0.775903491343363,2.7169227836539
"38648","Chlorophyll a","Reference",1.77417631904282,0.631160225939795,4.58486593746516
"38664","Chlorophyll a","Reference",1.85490249123635,0.952133449229221,3.59212070889866
"38665","Chlorophyll a","Reference",1.53212496472584,0.829574586699265,2.8204791166604
"38955","Chlorophyll a","Reference",1.88712531783076,0.94686914288898,3.67009140776626
"38974","Chlorophyll a","Reference",0.930800638928733,0.475288569463497,1.89650590722049
"39050","Chlorophyll a","Reference",1.51934139108127,0.835206958310597,2.78027680310712
"39056","Chlorophyll a","Reference",1.15935373497134,0.623675923263747,2.1210266584706
"39101","Chlorophyll a","Reference",4.93239882308077,1.57573198176046,16.4549058194939
"39122","Chlorophyll a","Reference",1.24876968175084,0.699926024647267,2.04370755943407
"39166","Chlorophyll a","Reference",2.72466788284895,1.54437374843954,5.07057485964294
"39225","Chlorophyll a","Reference",1.57868537018108,0.876725319389658,2.82856656012382
"39226","Chlorophyll a","Reference",1.38270345459954,0.759813049389036,2.47968587118952
"39297","Chlorophyll a","Reference",1.98131841275799,1.20976301262328,3.39589538933687
"39356","Chlorophyll a","Reference",1.0010607038428,0.612185866510461,1.54773724547808
"39357","Chlorophyll a","Reference",1.11590827849028,0.644209666708517,1.87923846276083
"39364","Chlorophyll a","Reference",1.26677667136618,0.782259893793292,2.12822148833123
"39466","Chlorophyll a","Reference",3.11374276889776,0.910753788394909,9.83512458682356
"39478","Chlorophyll a","Reference",3.52641165279801,1.74859176827447,7.08757936089957
"39552","Chlorophyll a","Reference",1.51160780413591,0.643749967689598,3.50752616259265
"39599","Chlorophyll a","Reference",1.74226648715105,0.735949644675616,3.79239744992027
"39602","Chlorophyll a","Reference",2.96575710222936,0.974547095323483,9.41116807163479
"39611","Chlorophyll a","Reference",3.48286319847989,0.966155767581651,11.4596958877545
"39621","Chlorophyll a","Reference",3.22953423760605,1.70123867489229,6.31219069263317
"39653","Chlorophyll a","Reference",1.30193459172721,0.713138316325621,2.20708355540911
"39688","Chlorophyll a","Reference",1.22820385088708,0.562749959919393,2.44878353302209
"39732","Chlorophyll a","Reference",2.86492660293673,1.34126946413184,5.84892343198074
"39822","Chlorophyll a","Reference",1.18368919821188,0.523718458548777,2.71908181709039
"39837","Chlorophyll a","Reference",1.0041601982999,0.533623350583905,1.62489694208164
"39876","Chlorophyll a","Reference",2.21990122533186,1.22626194818534,3.96460699774692
"39885","Chlorophyll a","Reference",1.91468889812305,1.03435954509862,3.45162292995279
"39949","Chlorophyll a","Reference",3.95898703276014,1.93486942408167,8.56995943023391
"39950","Chlorophyll a","Reference",1.87409490597281,0.931893675440535,3.55527809661667
"39974","Chlorophyll a","Reference",1.49132297184354,0.691871856808525,3.35096620381509
"39991","Chlorophyll a","Reference",1.16045971291581,0.509439672371829,2.51359044891475
"40004","Chlorophyll a","Reference",1.58647562091738,0.865730838967808,2.74455500148025
"40008","Chlorophyll a","Reference",3.37810515734645,1.08787278106781,11.323271479244
"40050","Chlorophyll a","Reference",0.905354202482121,0.491310379429034,1.49786259148726
"40071","Chlorophyll a","Reference",3.41306620694768,2.11822330154482,5.80060528651549
"40072","Chlorophyll a","Reference",2.49326483481084,1.37640123732682,4.20977484364859
"40086","Chlorophyll a","Reference",2.81822272516029,1.18271822432085,5.18963383197746
"40102","Chlorophyll a","Reference",1.57452554488346,0.932704411617129,2.70516702336639
"40110","Chlorophyll a","Reference",2.23185614752442,1.15575851513016,4.03299460802465
"40119","Chlorophyll a","Reference",4.43202904751332,2.21830921967055,8.76605346720747
"40124","Chlorophyll a","Reference",1.92005762349513,1.08259414287481,3.26563483111718
"40135","Chlorophyll a","Reference",4.73193396305366,2.31792873878469,9.94924629382559
"40188","Chlorophyll a","Reference",2.55291822150465,1.5300561948308,4.31861455721064
"40202","Chlorophyll a","Reference",5.07370572185379,2.63460139276663,9.17579703518964
"40216","Chlorophyll a","Reference",4.8306218667963,2.40381396477175,11.7284225299186
"40232","Chlorophyll a","Reference",5.12891821084336,2.47670808577881,10.1366437492866
"40289","Chlorophyll a","Reference",2.00339949689046,1.08289854262651,3.95669298857789
"40320","Chlorophyll a","Reference",1.88242658535474,1.12547443763632,3.14405295466678
"40326","Chlorophyll a","Reference",1.50189500244563,0.878390468423825,2.69013544492375
"40327","Chlorophyll a","Reference",1.61068650752221,0.695394054652937,3.34198519540593
"40396","Chlorophyll a","Reference",1.64236461217792,0.996473821425878,2.70153483111595
"40590","Chlorophyll a","Reference",1.76822969163323,1.0269847077866,2.94703331522906
"40950","Chlorophyll a","Reference",2.16874713220741,1.08990716103097,4.45536092898169
"41299","Chlorophyll a","Reference",2.67281241197512,1.33163773742675,4.8743733427879
"41305","Chlorophyll a","Reference",1.22130428810634,0.702546749676666,2.15195564083912
"41306","Chlorophyll a","Reference",0.641398522069543,0.309965902642803,1.23520321894717
"41314","Chlorophyll a","Reference",4.74377394513118,2.43186049693909,9.48335226309406
"41335","Chlorophyll a","Reference",2.54375141623836,1.40205873733233,4.41395073070395
"41359","Chlorophyll a","Reference",1.29745553831598,0.734340784500901,2.2443629325324
"41443","Chlorophyll a","Reference",1.49968219117013,0.822142401447711,2.70611628989187
"41471","Chlorophyll a","Reference",2.03446876615284,1.11730175316064,3.59849804847048
"41679","Chlorophyll a","Reference",1.15062649632546,0.643651564170608,2.02539258741491
"41690","Chlorophyll a","Reference",3.45654025098391,1.12623455000686,12.5307427854453
"41721","Chlorophyll a","Reference",1.181825701086,0.580883433325729,2.19393038155906
"41723","Chlorophyll a","Reference",1.20608852601267,0.589522063834145,2.21174439887547
"41727","Chlorophyll a","Reference",1.17664142677137,0.610446170163668,2.0890216168864
"41743","Chlorophyll a","Reference",1.38630977949736,0.708843126867788,2.47289346587205
"41746","Chlorophyll a","Reference",1.24572193960901,0.62313859216093,2.22556208860393
"41757","Chlorophyll a","Reference",1.05802952528349,0.572648857378372,1.79280421840278
"41761","Chlorophyll a","Reference",1.19334932609885,0.644566891112779,2.22483735534934
"41768","Chlorophyll a","Reference",1.28713535391283,0.678296732828001,2.28144696019276
"41772","Chlorophyll a","Reference",1.21815870451946,0.670220529993804,2.069818832608
"42284","Chlorophyll a","Reference",3.62345147954268,1.58094048199688,8.00304937030532
"42978","Chlorophyll a","Reference",1.83604178549637,1.12635848532735,2.98669061351238
"43087","Chlorophyll a","Reference",4.87775227104404,2.46173806223822,10.2849485962811
"43269","Chlorophyll a","Reference",3.06047782063718,1.60132456314718,5.86098710713055
"43566","Chlorophyll a","Reference",6.05501799862613,1.97306308755886,17.773721957751
"43639","Chlorophyll a","Reference",4.92740974231652,1.93342327235153,11.5560192216971
"43649","Chlorophyll a","Reference",4.4970059525953,1.62449809670078,12.3542401479194
"43661","Chlorophyll a","Reference",4.61931308961617,1.55157221194355,14.531533848599
"43668","Chlorophyll a","Reference",6.21114278183308,3.03040267142432,12.6652116821022
"43829","Chlorophyll a","Reference",5.83522802094974,2.20175221150267,15.0702557930683
"43846","Chlorophyll a","Reference",3.45423029122393,1.25568038161338,9.88361467908738
"44110","Chlorophyll a","Reference",2.08480311687745,0.948543028713505,4.62048741733194
"44322","Chlorophyll a","Reference",1.95480828721139,1.02602826935783,3.81199721844822
"44353","Chlorophyll a","Reference",2.02706161155427,1.0309325605054,3.93420992268073
"44355","Chlorophyll a","Reference",4.1237474191636,1.73881991651785,9.4935127149291
"44364","Chlorophyll a","Reference",1.88751540245273,1.04654918625,3.58017989407072
"44387","Chlorophyll a","Reference",1.85791429891633,0.936975509001181,3.59443115318323
"44391","Chlorophyll a","Reference",5.12833763360173,2.4814486468696,10.5209756972968
"44570","Chlorophyll a","Reference",1.86837420820312,1.05697884115441,3.39653171377245
"44572","Chlorophyll a","Reference",1.40625516351295,0.705135452409993,2.51708881871012
"44575","Chlorophyll a","Reference",1.36073590217492,0.791188898928217,2.31928301358493
"44599","Chlorophyll a","Reference",4.73798630845705,2.14107553564931,10.6708516972983
"44615","Chlorophyll a","Reference",3.84610233683582,1.47975272291388,10.3789807113752
"44619","Chlorophyll a","Reference",3.76885635503707,1.3379647108741,10.4654940501587
"44657","Chlorophyll a","Reference",2.53742094183706,1.04014753105611,5.63169420513682
"44689","Chlorophyll a","Reference",4.75342676017125,2.01319923311545,10.9912394066115
"44694","Chlorophyll a","Reference",5.7461910138436,2.44727201652462,13.9047526003013
"44734","Chlorophyll a","Reference",1.99265414137367,0.884498603016217,4.25973620700651
"44746","Chlorophyll a","Reference",7.28903983183023,3.13524749364701,16.7595988890846
"45048","Chlorophyll a","Reference",1.35684677136195,0.753017170650644,2.30258174923432
"45123","Chlorophyll a","Reference",1.87923172989011,0.924859879270228,3.5149355172001
"45150","Chlorophyll a","Reference",1.38022782459372,0.764666013852461,2.3313564593143
"45151","Chlorophyll a","Reference",0.844365096299234,0.506443074315498,1.33845270989599
"45153","Chlorophyll a","Reference",1.32527889169813,0.780624366817621,2.26056775513896
"45155","Chlorophyll a","Reference",1.38830303233572,0.796479991894313,2.30114646666609
"45230","Chlorophyll a","Reference",1.82720350761885,0.97843084277145,3.49717287058504
"45250","Chlorophyll a","Reference",3.42942545012762,1.94394967473256,6.8213961912985
"45266","Chlorophyll a","Reference",1.23069731355545,0.625365387828921,2.29823279720493
"45302","Chlorophyll a","Reference",1.15484154520539,0.61409603055723,2.08420123568266
"45341","Chlorophyll a","Reference",1.22553347110799,0.672763886468195,2.05679478253306
"45356","Chlorophyll a","Reference",1.24545945723813,0.653322780155977,2.27002045439322
"45360","Chlorophyll a","Reference",1.11251769695133,0.636515855543437,1.84990072679006
"45362","Chlorophyll a","Reference",1.15497458325844,0.628602855494208,1.93109842055691
"45379","Chlorophyll a","Reference",1.12515772040672,0.608183172851718,1.96701886263752
"45381","Chlorophyll a","Reference",1.17542191524002,0.651686426892622,1.98009855260584
"45411","Chlorophyll a","Reference",1.11380997072198,0.628668427792507,1.91119147501745
"45434","Chlorophyll a","Reference",1.26025095428865,0.724271261345659,2.04854945082205
"45483","Chlorophyll a","Reference",0.600857111902,0.297699452498993,1.10273415612258
"45499","Chlorophyll a","Reference",0.56429821910969,0.260582805833793,1.15347114787028
"45501","Chlorophyll a","Reference",0.624940626707983,0.327497416584049,1.14087424573723
"45503","Chlorophyll a","Reference",0.557205521836562,0.270204289244334,1.14851007912766
"45504","Chlorophyll a","Reference",0.617912453901532,0.277126865609753,1.17631085559916
"45514","Chlorophyll a","Reference",0.812664817062382,0.435836078953274,1.47420600029725
"45520","Chlorophyll a","Reference",0.694919687005285,0.314893838970277,1.4632466640239
"45525","Chlorophyll a","Reference",1.61996886307354,0.901024374176105,2.69402743341596
"45534","Chlorophyll a","Reference",1.38175515888789,0.623148712080689,2.92031032511053
"45541","Chlorophyll a","Reference",0.604908482910445,0.270002738156713,1.32645299948722
"45543","Chlorophyll a","Reference",1.27612771920766,0.735566959144739,2.15498451869539
"45599","Chlorophyll a","Reference",3.1014648391684,1.31357359651802,7.50278261233028
"45674","Chlorophyll a","Reference",1.24535753699686,0.56073184982642,2.38690807068331
"45678","Chlorophyll a","Reference",1.07620517381723,0.571231008216825,1.89606459926143
"45683","Chlorophyll a","Reference",1.50456260292248,0.671129799213857,3.0897440593448
"45686","Chlorophyll a","Reference",1.31876332271959,0.614925783552513,2.83799958878764
"45688","Chlorophyll a","Reference",1.33205213899452,0.656360559893466,2.65293584399335
"45723","Chlorophyll a","Reference",1.14363511925179,0.67588127547612,1.86308081029054
"45724","Chlorophyll a","Reference",0.649630685469003,0.280426342495251,1.40310942483865
"45826","Chlorophyll a","Reference",5.51439224976532,2.40681230496391,11.5365617750072
"45831","Chlorophyll a","Reference",5.31746418476719,2.20032772186611,13.6356225103702
"45856","Chlorophyll a","Reference",5.86617638715434,2.01681682586063,16.7353266578123
"45890","Chlorophyll a","Reference",2.49532402654026,1.2299821948641,4.99291426664531
"45905","Chlorophyll a","Reference",1.60499426967804,0.997577994906428,2.64203855811302
"45924","Chlorophyll a","Reference",1.00181938550633,0.554145588311032,1.62495527635111
"45930","Chlorophyll a","Reference",9.08863489809538,2.48798084287314,30.9003910121737
"45935","Chlorophyll a","Reference",2.3025949510123,1.19339095865542,4.15657116535859
"45975","Chlorophyll a","Reference",3.57581589269951,1.74141483918461,7.51682910680402
"45980","Chlorophyll a","Reference",7.43280986391753,3.28814144900189,18.4673807224945
"46043","Chlorophyll a","Reference",1.13891466343044,0.525759418028029,2.44937733219725
"46047","Chlorophyll a","Reference",1.27912498883329,0.615788982769545,2.56733721013562
"46051","Chlorophyll a","Reference",1.12304817077792,0.516645783533736,2.28725026326721
"46090","Chlorophyll a","Reference",2.31640515383211,1.13127898690189,4.74996465570044
"46124","Chlorophyll a","Reference",1.27769640553406,0.669086054028545,2.28430048971823
"46125","Chlorophyll a","Reference",2.14401351770104,0.977809745958767,4.35572276532421
"46137","Chlorophyll a","Reference",1.14379228424903,0.588122557373401,2.10090611912667
"46138","Chlorophyll a","Reference",1.17180561322843,0.629829190339676,2.09270729601368
"46140","Chlorophyll a","Reference",2.06320385143865,1.13227081553282,3.61912914376542
"46152","Chlorophyll a","Reference",1.16146276284142,0.651603058135643,1.96513358278931
"46158","Chlorophyll a","Reference",3.4903774016453,1.29906479353859,8.22915887557053
"46160","Chlorophyll a","Reference",3.32953818104843,1.55657449438569,6.94991160203622
"46163","Chlorophyll a","Reference",3.28013197116094,1.28039059748431,8.07909962628764
"46212","Chlorophyll a","Reference",1.04064657025331,0.548062019333597,1.73957116524983
"46265","Chlorophyll a","Reference",1.80949852058396,0.789483730319999,4.17187327613429
"46301","Chlorophyll a","Reference",3.55260766743357,1.03374929246257,12.2014343808608
"46358","Chlorophyll a","Reference",1.20859599764935,0.639471384556891,2.13023530308731
"46371","Chlorophyll a","Reference",1.61430871553017,0.835999198185857,2.95047594749088
"46471","Chlorophyll a","Reference",1.22225433717899,0.686073956909488,2.1569441205961
"46484","Chlorophyll a","Reference",1.27734565041311,0.458376507736738,3.12411505016698
"46493","Chlorophyll a","Reference",1.19999963376066,0.662397174222346,2.00652733667264
"46496","Chlorophyll a","Reference",1.1204293301977,0.671372783658968,1.87956102743792
"46564","Chlorophyll a","Reference",0.913899662285148,0.48761071943377,1.58486765934435
"46630","Chlorophyll a","Reference",1.14636269848094,0.623016009826694,2.07315562419529
"46632","Chlorophyll a","Reference",1.28799110433897,0.652739952954555,2.2135750030371
"46635","Chlorophyll a","Reference",1.16192032910628,0.625736476465309,2.08150505230222
"46696","Chlorophyll a","Reference",0.607263261036295,0.30767749626575,1.1813394238308
"46723","Chlorophyll a","Reference",1.35680204624688,0.529486858744586,3.12470428839883
"46724","Chlorophyll a","Reference",2.40241057128772,1.10648223182713,4.92443792013353
"46725","Chlorophyll a","Reference",1.77984360697431,0.982485841383447,2.98278400456224
"46762","Chlorophyll a","Reference",5.01433024948443,1.42423498955346,16.9507142690252
"46763","Chlorophyll a","Reference",5.12012161429306,1.43449570371246,17.7594630436757
"46775","Chlorophyll a","Reference",1.06337405012477,0.592161024557005,1.9021538453642
"46792","Chlorophyll a","Reference",3.1098810585512,1.1998023452372,7.59353690347952
"46799","Chlorophyll a","Reference",3.11417904232977,0.945238851803158,11.1576282510256
"46820","Chlorophyll a","Reference",1.21344137478758,0.616453878330812,2.22482864328445
"46822","Chlorophyll a","Reference",1.34264824655457,0.659009534011883,2.43660727378318
"46827","Chlorophyll a","Reference",1.2400250154192,0.679894737378854,2.14153246255273
"46835","Chlorophyll a","Reference",1.15368737495157,0.564093633324538,2.20032690321313
"46860","Chlorophyll a","Reference",1.34345143776792,0.620146260015886,2.50775261766856
"46893","Chlorophyll a","Reference",1.2680754333914,0.754928057739986,2.23057541599575
"46912","Chlorophyll a","Reference",1.17987861278269,0.619139555273603,2.03590946414628
"46918","Chlorophyll a","Reference",1.16424220212906,0.616238768397043,1.94351373500283
"46926","Chlorophyll a","Reference",1.18422024913996,0.63828591421302,2.051985645231
"46939","Chlorophyll a","Reference",1.1923030095197,0.59440255857806,2.25565624089388
"46942","Chlorophyll a","Reference",3.54798634114837,1.08544680488374,12.0597607090873
"46957","Chlorophyll a","Reference",1.77325683913013,0.798754101007736,3.79602579875145
"46959","Chlorophyll a","Reference",1.23304453506234,0.731569864808512,2.14407776254529
"46964","Chlorophyll a","Reference",1.52820478066235,0.625704592407713,3.72289362194141
"47033","Chlorophyll a","Reference",2.81383650801757,1.43783406647949,5.26803246116895
"47067","Chlorophyll a","Reference",1.33776037634636,0.725988894023909,2.2699071115699
"47090","Chlorophyll a","Reference",1.76891731519367,0.781008073127034,3.72550787481961
"47095","Chlorophyll a","Reference",1.53039225416279,0.84252931595843,2.74282903945774
"47105","Chlorophyll a","Reference",1.71992405247181,0.850246951025397,3.77150828060782
"47156","Chlorophyll a","Reference",1.35792039458231,0.635412986329366,2.78461161785363
"47193","Chlorophyll a","Reference",0.675742926849564,0.343548561770905,1.19428099570599
"47196","Chlorophyll a","Reference",0.590194064880509,0.248488180601913,1.21222351080051
"47198","Chlorophyll a","Reference",2.14841517197806,1.19583647999818,4.20599363374001
"47227","Chlorophyll a","Reference",0.678604109266157,0.324871686059171,1.38389720368264
"47228","Chlorophyll a","Reference",1.00182056898934,0.615540472962937,1.61938805654325
"47383","Chlorophyll a","Reference",1.18951044095595,0.666201768964742,1.94076751564524
"47399","Chlorophyll a","Reference",1.04522993166846,0.576735854034085,1.81724082640989
"47404","Chlorophyll a","Reference",1.13069315973579,0.63646237063299,1.88502746781323
"47406","Chlorophyll a","Reference",1.06294037885977,0.599673932929481,1.79108714796469
"47414","Chlorophyll a","Reference",1.04889114217936,0.600890749420554,1.77068602074015
"47417","Chlorophyll a","Reference",1.16803824548487,0.647051506305164,1.99319627533382
"47491","Chlorophyll a","Reference",1.70129237294743,0.904711263879723,3.00953531901279
"47579","Chlorophyll a","Reference",5.73110305843446,2.08923049926744,13.9716714690928
"47791","Chlorophyll a","Reference",0.626771962656817,0.281101001783905,1.22270841985859
"47814","Chlorophyll a","Reference",1.32848004803252,0.707872095932949,2.62237418368908
"47859","Chlorophyll a","Reference",0.646608656193562,0.294443468315389,1.32600253168381
"47860","Chlorophyll a","Reference",0.607233019665817,0.303494915441902,1.17521630121349
"47869","Chlorophyll a","Reference",1.27677300739084,0.733024445118976,2.19602656907027
"47877","Chlorophyll a","Reference",1.19323053725147,0.735874154352421,1.97673513595633
"47878","Chlorophyll a","Reference",1.229855920964,0.734715429976813,2.09229480125736
"47892","Chlorophyll a","Reference",1.14226714241523,0.672981538789512,1.91056724720598
"48018","Chlorophyll a","Reference",1.33937588052514,0.631532813069365,2.745844146582
"48027","Chlorophyll a","Reference",1.30218051154806,0.718723888925546,2.39925914445084
"48177","Chlorophyll a","Reference",6.59071107953433,3.08234533430342,13.7535266327777
"48207","Chlorophyll a","Reference",1.39235115512948,0.729582083136277,2.51429219667261
"48213","Chlorophyll a","Reference",1.55989876296412,0.929292532141879,2.62057868048142
"48216","Chlorophyll a","Reference",2.75123444210491,1.52833994024949,5.0821604887135
"48217","Chlorophyll a","Reference",1.24013574172187,0.68586021542333,2.25088731648678
"48374","Chlorophyll a","Reference",1.05185541937384,0.594966577899003,1.84742743901291
"48375","Chlorophyll a","Reference",1.27316726173412,0.663149855288788,2.39231905890869
"48381","Chlorophyll a","Reference",1.22614454748833,0.626697724714229,2.1517435198018
"48387","Chlorophyll a","Reference",1.10887882062947,0.624662592369925,1.86940529965883
"48395","Chlorophyll a","Reference",1.13899713320268,0.668802763330478,1.96275307302016
"48447","Chlorophyll a","Reference",1.49310849927937,0.810466055267713,2.73594276566564
"48451","Chlorophyll a","Reference",0.728558668824693,0.417603557979079,1.27583012373886
"48455","Chlorophyll a","Reference",1.40189081258991,0.807344131768186,2.52624686943599
"48456","Chlorophyll a","Reference",1.18748470914298,0.72664895239123,1.937119256135
"48468","Chlorophyll a","Reference",1.36346673118176,0.740428339632546,2.38148553258083
"48491","Chlorophyll a","Reference",1.16381959481753,0.626282158962693,2.0367317568058
"48595","Chlorophyll a","Reference",0.584714371954449,0.259178753430426,1.24667009108447
"48597","Chlorophyll a","Reference",1.21892127048144,0.662734463601449,2.16006916673619
"48657","Chlorophyll a","Reference",1.27465514996468,0.730930629442261,2.16617964801796
"48660","Chlorophyll a","Reference",2.30555376475085,1.39568168784341,3.98523804605015
"48663","Chlorophyll a","Reference",1.35580470450741,0.726140325205983,2.45304238672144
"48673","Chlorophyll a","Reference",2.75100171506072,0.86456846387829,8.27027339390331
"48700","Chlorophyll a","Reference",1.18867077924391,0.723837634363994,1.9688654999067
"48841","Chlorophyll a","Reference",1.63102526997267,0.737662003997512,3.65583123621769
"49007","Chlorophyll a","Reference",3.78016970016649,1.68423187868811,8.63435602090136
"49090","Chlorophyll a","Reference",5.7043106828539,2.92111814758545,10.5207427899452
"49091","Chlorophyll a","Reference",5.00970221298819,2.62672652498647,9.5176910339554
"49169","Chlorophyll a","Reference",5.73781279280683,2.55617475262286,12.5008973742175
"49180","Chlorophyll a","Reference",5.72469079471805,2.85729243497372,10.9943196897657
"49186","Chlorophyll a","Reference",6.14413487687693,3.22972656381046,13.1177939481067
"49200","Chlorophyll a","Reference",7.77769851065074,3.98584359286135,15.723429681265
"49239","Chlorophyll a","Reference",3.20633515229926,1.84186001517641,5.44293649436796
"49295","Chlorophyll a","Reference",1.94496500349863,1.1781088620361,3.33879521241501
"49309","Chlorophyll a","Reference",3.21278731427726,1.52071036564288,6.73406723901662
"49334","Chlorophyll a","Reference",4.45591107279916,2.065564846993,10.3373051990782
"49337","Chlorophyll a","Reference",9.36918927400824,4.63590490801174,20.3531300557431
"49414","Chlorophyll a","Reference",4.38445859204545,2.23238832061725,7.97419392860249
"49573","Chlorophyll a","Reference",8.66582269093128,3.29705625156334,26.6428133102252
"49583","Chlorophyll a","Reference",5.80199636113842,2.96447550695466,11.1331354448477
"49643","Chlorophyll a","Reference",6.68379084932173,3.29353810058355,13.6892156304355
"49706","Chlorophyll a","Reference",1.17562185181071,0.399197101474848,3.05438130677485
"49714","Chlorophyll a","Reference",1.24419376575821,0.693636074127027,2.14759901078502
"49715","Chlorophyll a","Reference",1.14515962643568,0.425779770937687,3.28944502752367
"49716","Chlorophyll a","Reference",1.14516703699499,0.450981771046319,2.5098363700228
"49721","Chlorophyll a","Reference",2.30627935300237,0.864415118696415,6.6295692474487
"49880","Chlorophyll a","Reference",8.98712640187924,3.16881997616174,28.388390116267
"49884","Chlorophyll a","Reference",9.34320497398567,4.26723786495966,21.1254802647636
"49885","Chlorophyll a","Reference",3.73663300645294,1.43946449482201,10.0784419967669
"50139","Chlorophyll a","Reference",3.75400400814363,1.80232318058362,7.87744650962545
"50151","Chlorophyll a","Reference",2.35404945672915,1.20709598711355,4.6724265340477
"50215","Chlorophyll a","Reference",5.70489360849644,2.93280284243953,11.4509526595506
"50245","Chlorophyll a","Reference",7.51553501064984,3.55430135336557,16.5172116109768
"50269","Chlorophyll a","Reference",3.5847599911486,1.93585504917922,7.21766739060531
"50270","Chlorophyll a","Reference",3.0822425033697,1.858476755329,5.47660228311374
"50299","Chlorophyll a","Reference",7.97328994066254,2.56873244025457,24.563765959837
"50314","Chlorophyll a","Reference",7.51641057177778,3.63427123996255,17.9338669313987
"50320","Chlorophyll a","Reference",7.70526614948461,2.83087209118968,18.8148587763454
"50336","Chlorophyll a","Reference",7.48010671169485,3.14606137242951,18.6421632788147
"50349","Chlorophyll a","Reference",3.49042411008901,1.75478532506817,7.80305385952386
"50371","Chlorophyll a","Reference",8.97473016304438,3.47053489963276,26.2502059940454
"50373","Chlorophyll a","Reference",3.12145698839553,1.43783855012634,6.95113503995375
"50401","Chlorophyll a","Reference",3.3904073402235,1.8053307864186,6.45421499300478
"50403","Chlorophyll a","Reference",9.47744047689985,3.4724121610163,27.5900123003623
"50405","Chlorophyll a","Reference",3.52233649116769,1.72948979694999,7.22834853874762
"50413","Chlorophyll a","Reference",3.63925271099981,1.54188421811004,8.70878327542106
"50466","Chlorophyll a","Reference",5.73770143402743,2.74530878928544,12.1609349865636
"50470","Chlorophyll a","Reference",10.7670488729137,4.83008760247416,24.6294688045948
"50629","Chlorophyll a","Reference",1.96540418985933,0.918470511276709,4.24364824882899
"50636","Chlorophyll a","Reference",1.18883284152082,0.450717891257414,3.3321647729873
"50651","Chlorophyll a","Reference",1.21613233967579,0.431179432272769,3.5513710622699
"50658","Chlorophyll a","Reference",1.21137686429872,0.433763348564085,3.21475323888196
"50704","Chlorophyll a","Reference",1.0851035139801,0.622489124063717,1.79687816102212
"50708","Chlorophyll a","Reference",1.2615543959346,0.697106900784823,2.17306943436873
"50782","Chlorophyll a","Reference",9.5125672713181,4.09433842766527,21.4404060679636
"51224","Chlorophyll a","Reference",2.30257231813185,1.40460586154773,3.94686840878584
"51225","Chlorophyll a","Reference",2.52422665588984,1.53621109859582,4.2023069162641
"51242","Chlorophyll a","Reference",2.48188352400072,1.54855512188642,4.05458171624818
"51368","Chlorophyll a","Reference",2.22969489390002,1.36646130790051,3.74550707925746
"51371","Chlorophyll a","Reference",2.38112755837959,1.55848433630227,3.81453394125628
"51485","Chlorophyll a","Reference",9.62139641063703,3.01169519298986,42.5066691792401
"51624","Chlorophyll a","Reference",1.29894811004364,0.599372932030578,2.72301274394687
"51625","Chlorophyll a","Reference",1.33464009088757,0.484078141157187,3.40676593264875
"51631","Chlorophyll a","Reference",1.35311290384587,0.740808578410294,2.60202294628052
"51637","Chlorophyll a","Reference",1.21652120883402,0.693976962089669,2.0422299366331
"51640","Chlorophyll a","Reference",1.03343283457031,0.590316603918416,1.67979798207631
"51641","Chlorophyll a","Reference",1.27971981336527,0.638476859725337,2.3481977998909
"51652","Chlorophyll a","Reference",1.12106915632251,0.47001801183326,2.42276683719367
"51653","Chlorophyll a","Reference",1.22225380728153,0.674020524335332,2.07764675495829
"51658","Chlorophyll a","Reference",1.10842480861391,0.430053785520739,2.70691520919427
"51682","Chlorophyll a","Reference",1.17050459069666,0.388852784692831,3.14731099002633
"51684","Chlorophyll a","Reference",1.16033335824829,0.455523178383681,2.49479003810089
"51747","Chlorophyll a","Reference",1.1024920123037,0.48549649866796,2.69399187931404
"51748","Chlorophyll a","Reference",1.36890681716577,0.533717783506124,3.66000031986371
"51751","Chlorophyll a","Reference",1.16307233761081,0.444354163891813,2.93548837327831
"51770","Chlorophyll a","Reference",1.15054769764086,0.427129985069225,2.96038160795135
"51784","Chlorophyll a","Reference",1.09244045207059,0.409741998762388,2.76036250012949
"51788","Chlorophyll a","Reference",1.12951705738006,0.416966779696766,2.8812790598545
"51793","Chlorophyll a","Reference",1.21075460393116,0.480761193876103,2.93020070877988
"51794","Chlorophyll a","Reference",1.15685878662285,0.45417680592907,3.01625712437488
"51822","Chlorophyll a","Reference",1.51133933599181,0.592047163207647,3.58849909470897
"51845","Chlorophyll a","Reference",1.14889638958316,0.495386582764245,2.73013544845093
"51876","Chlorophyll a","Reference",2.22566811027832,0.911717824980906,5.68733629797039
"51877","Chlorophyll a","Reference",1.12532334678555,0.460151289622879,2.58808197373776
"51892","Chlorophyll a","Reference",2.13651255906075,0.720945733914061,5.83687188979455
"51895","Chlorophyll a","Reference",1.14095988193508,0.524840221327399,2.34134743894014
"51900","Chlorophyll a","Reference",1.3101696368144,0.585967341329038,2.83009953321178
"51912","Chlorophyll a","Reference",1.16766788630759,0.53190321482466,2.58237737928248
"51926","Chlorophyll a","Reference",1.1785215014941,0.511573069770454,2.67290469550834
"51940","Chlorophyll a","Reference",1.13994024533616,0.517457867872859,2.51754743778408
"51945","Chlorophyll a","Reference",1.13452565940265,0.443409984005869,2.88564536643405
"51954","Chlorophyll a","Reference",1.55332295877825,0.801420464045356,3.22956196553387
"51972","Chlorophyll a","Reference",1.65526816316235,0.873901558281576,3.09620601095742
"51985","Chlorophyll a","Reference",1.11265202716794,0.506802996095575,2.48862662964965
"52059","Chlorophyll a","Reference",2.34738960958394,1.13692687266659,5.10174987243538
"52080","Chlorophyll a","Reference",1.84560160547738,0.808872501950572,4.36086120896623
"52115","Chlorophyll a","Reference",1.78639556361567,0.79999136921952,4.13724460770458
"52138","Chlorophyll a","Reference",1.46261116323682,0.721858109987214,2.88153821459242
"52140","Chlorophyll a","Reference",1.13145554197698,0.495759534693452,2.36048835020479
"52143","Chlorophyll a","Reference",1.32496888825349,0.530190265432521,3.09683094562993
"52147","Chlorophyll a","Reference",1.13050277563226,0.519443062895222,2.45472537737422
"52148","Chlorophyll a","Reference",1.12713751537121,0.408873710510419,2.75151039169574
"52151","Chlorophyll a","Reference",2.22413926202171,0.850167952109612,6.03501975961488
"52154","Chlorophyll a","Reference",1.14379890661334,0.406432570964363,2.97909748824286
"52165","Chlorophyll a","Reference",1.1793671589506,0.456627017264891,3.12204251933344
"52167","Chlorophyll a","Reference",1.15261970613842,0.483608921830834,2.86823747557583
"52177","Chlorophyll a","Reference",1.19126728168154,0.450136232540744,3.06301127698252
"52181","Chlorophyll a","Reference",1.17189306653676,0.525417913961352,2.60489173760044
"52190","Chlorophyll a","Reference",1.17895890488903,0.473625508259459,2.88346481100725
"52202","Chlorophyll a","Reference",1.28525738664101,0.481578765164265,3.21233999999988
"52205","Chlorophyll a","Reference",1.14732685470678,0.555348853249431,2.2081004508609
"52221","Chlorophyll a","Reference",1.14808018672964,0.457045401974098,2.91302173248578
"52235","Chlorophyll a","Reference",1.08764425421199,0.476005087858255,2.46459041763486
"52240","Chlorophyll a","Reference",1.81977416426479,0.880883014161261,3.7116209440876
"52241","Chlorophyll a","Reference",1.1326598539265,0.419414500898013,3.0187012144189
"52243","Chlorophyll a","Reference",1.19438324993189,0.495147566616793,2.93980495456959
"52244","Chlorophyll a","Reference",1.16455673776825,0.462904716438496,2.94313548190644
"52246","Chlorophyll a","Reference",1.53199446248313,0.470949221204457,4.67377821178297
"52247","Chlorophyll a","Reference",1.13280022183144,0.535744714654033,2.476589649382
"52251","Chlorophyll a","Reference",1.14972901631905,0.516343803182299,2.51388299266523
"52254","Chlorophyll a","Reference",1.13195664052385,0.467280320236211,2.47092711352931
"52256","Chlorophyll a","Reference",1.13653917544927,0.436271942441653,2.87314354978166
"52257","Chlorophyll a","Reference",1.16612207689251,0.479296583423061,2.76621633932908
"52258","Chlorophyll a","Reference",1.13723257009286,0.422227571891463,2.92788415994132
"52268","Chlorophyll a","Reference",1.15242043170572,0.482730016460094,2.59091050792916
"52269","Chlorophyll a","Reference",1.16342602641416,0.475827600790968,2.59250517335176
"52274","Chlorophyll a","Reference",1.15492403094102,0.582444146839524,2.3405008762067
"52292","Chlorophyll a","Reference",1.01653412273475,0.40227061163482,2.31911826714232
"52307","Chlorophyll a","Reference",1.12392798014837,0.50574070516174,2.44406933767339
"52312","Chlorophyll a","Reference",1.22221650361,0.462438304389964,3.51504902057771
"52340","Chlorophyll a","Reference",1.12617311140303,0.474968749476807,2.55736816012779
"52344","Chlorophyll a","Reference",1.11085375385746,0.475937189144074,2.48168593889583
"52355","Chlorophyll a","Reference",2.09733839326354,0.758554108450454,5.85952019935532
"52358","Chlorophyll a","Reference",1.08059757130093,0.330471404889531,3.03191881784314
"52360","Chlorophyll a","Reference",1.10547788212823,0.431316806849774,2.99981622880779
"52362","Chlorophyll a","Reference",1.14615312192028,0.517874043014408,2.53330746729563
"52370","Chlorophyll a","Reference",1.13968409430758,0.53678338033899,2.43772578507152
"52380","Chlorophyll a","Reference",1.16934515702091,0.442270489422652,3.08987627127874
"52382","Chlorophyll a","Reference",1.30607704193547,0.438818333668436,3.58426949504722
"52384","Chlorophyll a","Reference",1.26252014357339,0.657492668099337,2.3477301918876
"52386","Chlorophyll a","Reference",1.1390173047854,0.523399820182226,2.47065942856534
"52389","Chlorophyll a","Reference",1.02053802419102,0.486839293437922,2.15156015822467
"52393","Chlorophyll a","Reference",1.97311230574585,0.735431055051882,5.12536298744153
"52397","Chlorophyll a","Reference",1.01416209381853,0.454419237934456,2.27560524585173
"52399","Chlorophyll a","Reference",1.14174096480368,0.544558483557818,2.42525486276543
"52407","Chlorophyll a","Reference",1.16529307409444,0.517951320237139,2.47041435756806
"52410","Chlorophyll a","Reference",1.18548705072318,0.452255855707835,3.21600471727133
"52411","Chlorophyll a","Reference",1.26258414161925,0.637522367105909,2.35938539873042
"52416","Chlorophyll a","Reference",1.17658273730171,0.548751573012868,2.44963026507526
"52422","Chlorophyll a","Reference",1.13098031629342,0.447619786665882,2.8705334070428
"52434","Chlorophyll a","Reference",1.14440964956282,0.473812430248349,2.60349555892685
"52538","Chlorophyll a","Reference",1.55284873489589,0.835208184208673,2.68249052843182
"52566","Chlorophyll a","Reference",0.932312727468838,0.539304243133084,1.65274394534983
"52585","Chlorophyll a","Reference",1.06856444825929,0.510161774108613,2.14147135761033
"52592","Chlorophyll a","Reference",1.09089786000069,0.45683780037473,2.81534087560288
"52613","Chlorophyll a","Reference",1.31073892347272,0.730813422547781,2.25440449674325
"52617","Chlorophyll a","Reference",1.03099931820131,0.500685316332036,1.95937157370021
"52641","Chlorophyll a","Reference",1.20217269257346,0.462943144529846,2.85483480185876
"52642","Chlorophyll a","Reference",2.12646964605196,0.830052706400472,6.07473829972367
"52647","Chlorophyll a","Reference",2.44197761605255,1.07310752024647,5.08574286054437
"52652","Chlorophyll a","Reference",1.23507781552215,0.570277118622079,2.9199937709941
"52660","Chlorophyll a","Reference",1.14413248343805,0.483343552521831,2.40664758307999
"52666","Chlorophyll a","Reference",0.981713530003168,0.275185050016657,3.16021566204949
"52677","Chlorophyll a","Reference",1.1353891319556,0.535529590148236,2.34840554103443
"52684","Chlorophyll a","Reference",1.31358505239688,0.604978170484827,2.80337769923531
"52697","Chlorophyll a","Reference",1.00956947775971,0.381664582817317,2.39596620692426
"52722","Chlorophyll a","Reference",1.26430919702581,0.384758945273127,3.98613364064925
"52731","Chlorophyll a","Reference",1.11820462641101,0.448035864230522,2.79661686146025
"52740","Chlorophyll a","Reference",1.13702416564879,0.556654578721024,2.23611096969569
"52751","Chlorophyll a","Reference",1.00454423206173,0.374409288833012,2.50686201657614
"52789","Chlorophyll a","Reference",1.32864448247682,0.450049476949265,3.73142977001942
"52846","Chlorophyll a","Reference",1.27111169701845,0.439964460084963,3.5266191567714
"52848","Chlorophyll a","Reference",1.26161593195151,0.447319516099695,3.27919190322634
"52849","Chlorophyll a","Reference",1.22382008055303,0.567428856788407,2.57733015286129
"52851","Chlorophyll a","Reference",1.13799057209191,0.482463318429633,2.57016800707093
"52875","Chlorophyll a","Reference",1.0796454962817,0.493140360338821,2.20086779936817
"52878","Chlorophyll a","Reference",1.14133630883418,0.424403199757148,3.10724239337626
"52884","Chlorophyll a","Reference",1.62885897825189,0.887135272288838,2.92411026206988
"52887","Chlorophyll a","Reference",1.22412571871112,0.356293859580298,3.70191455448751
"52889","Chlorophyll a","Reference",1.15828509155901,0.487339957590769,2.86727028224047
"52896","Chlorophyll a","Reference",1.02237410322727,0.487314693121438,2.0482702084771
"52902","Chlorophyll a","Reference",1.12991298677646,0.535822704762756,2.2950003568196
"52914","Chlorophyll a","Reference",1.00698785708468,0.493556990732779,1.93654914218314
"52924","Chlorophyll a","Reference",1.15260088193576,0.476975211674494,2.82028391152401
"52927","Chlorophyll a","Reference",1.17628339532617,0.488031042803579,2.80252072417382
"52928","Chlorophyll a","Reference",1.16734420778449,0.434175627458554,3.17569064025245
"52931","Chlorophyll a","Reference",1.18491752634675,0.608665074405177,2.21649121485296
"52940","Chlorophyll a","Reference",1.11184119313882,0.481998658158615,2.30394551384517
"52954","Chlorophyll a","Reference",1.09324207711768,0.395137951038358,2.93263485614091
"52960","Chlorophyll a","Reference",1.635037490224,0.843876327035726,3.05482120566143
"52988","Chlorophyll a","Reference",1.19035468516622,0.439431564641633,3.45471348803893
"52998","Chlorophyll a","Reference",1.1587952343834,0.537167996372931,2.35506137916315
"53006","Chlorophyll a","Reference",1.1507138365493,0.501412125206679,2.54562709591594
"53020","Chlorophyll a","Reference",1.15139018827504,0.586670219579673,2.21814921613264
"53022","Chlorophyll a","Reference",1.10328502527179,0.566217040373467,2.0445969555779
"53025","Chlorophyll a","Reference",2.12757743731532,1.02086886227941,4.34890325730664
"53033","Chlorophyll a","Reference",1.83675661381168,0.891006088759301,3.66943612046151
"53034","Chlorophyll a","Reference",1.07511767437288,0.451815403295351,2.62472241045246
"53059","Chlorophyll a","Reference",1.10969524093868,0.402696798311996,2.97646727838349
"53062","Chlorophyll a","Reference",1.20031622967364,0.520246551628519,2.5677555847222
"53101","Chlorophyll a","Reference",1.09143138948309,0.553398950950096,1.91301648542665
"53108","Chlorophyll a","Reference",1.1840553963494,0.643468395588551,1.96294643506547
"53109","Chlorophyll a","Reference",1.12823948444357,0.562716155966777,2.14148891535691
"53113","Chlorophyll a","Reference",1.14881066911208,0.539606053260822,2.24588541093103
"53114","Chlorophyll a","Reference",1.54646080760159,0.696474545724597,3.27451347877609
"53117","Chlorophyll a","Reference",1.11651757959047,0.539477034822783,2.33575633150691
"53120","Chlorophyll a","Reference",1.16426585376508,0.509921852490757,2.57035922079881
"53124","Chlorophyll a","Reference",1.1270675855107,0.494308110466775,2.43118435260277
"53129","Chlorophyll a","Reference",1.15498932244363,0.664886070575492,1.9126604061944
"53145","Chlorophyll a","Reference",1.26336778012141,0.734071397514699,2.13438638205723
"53149","Chlorophyll a","Reference",1.11163523130345,0.65253323968593,1.82869182597654
"53163","Chlorophyll a","Reference",1.28875613323547,0.607142481993683,2.51902503102901
"53216","Chlorophyll a","Reference",1.32075804947939,0.649591351322289,2.66509371845152
"53262","Chlorophyll a","Reference",1.1428409795077,0.659128687268991,1.92568441920506
"53300","Chlorophyll a","Reference",1.23557951395585,0.705229578829509,2.02856202570712
"53304","Chlorophyll a","Reference",1.10688230977733,0.645399253494458,1.81228083048299
"53315","Chlorophyll a","Reference",1.22497580336223,0.690092868411405,2.108932564315
"53338","Chlorophyll a","Reference",1.12026761442521,0.585908355300843,1.91989940672873
"53353","Chlorophyll a","Reference",1.07960388025089,0.642144373977399,1.80956780727821
"53392","Chlorophyll a","Reference",1.23972368522018,0.708942161539528,2.08873320824831
"53401","Chlorophyll a","Reference",1.5495094220193,0.896064651706994,2.81758009805801
"53412","Chlorophyll a","Reference",1.32993349823858,0.673627399665433,2.34317658049447
"53491","Chlorophyll a","Reference",1.28758612630005,0.717808858121103,2.31315122500698
"53492","Chlorophyll a","Reference",1.25077514235465,0.713974870873656,2.09888377800557
"53519","Chlorophyll a","Reference",1.1282205855798,0.702279554762127,1.79686461149532
"53532","Chlorophyll a","Reference",0.750602787342489,0.430554430556071,1.26764539199005
"53549","Chlorophyll a","Reference",1.58048051128699,0.966363214361888,2.55716219322807
"53550","Chlorophyll a","Reference",1.42186177540545,0.786379583488325,2.41597981189145
"53717","Chlorophyll a","Reference",1.13134517131478,0.659231821171997,1.92349322831686
"53730","Chlorophyll a","Reference",1.06643278874184,0.658108958908367,1.77002218676411
"53851","Chlorophyll a","Reference",1.18285124438899,0.68056842921477,2.11330566719865
"53868","Chlorophyll a","Reference",1.16822887110876,0.487605568869516,2.83481557414574
"53870","Chlorophyll a","Reference",1.35949631976508,0.551019831321632,3.35398862260359
"53872","Chlorophyll a","Reference",1.23575273039523,0.709473057983543,2.19660907070261
"53877","Chlorophyll a","Reference",1.20443065504347,0.633894258916277,2.14051096110396
"53886","Chlorophyll a","Reference",1.23346816417741,0.655972442064982,2.26060650301579
"53963","Chlorophyll a","Reference",1.10037983265758,0.587048935527708,1.8699170916768
"53966","Chlorophyll a","Reference",1.12367627957257,0.656050839536385,1.93237764018273
"54000","Chlorophyll a","Reference",1.04161623349253,0.480780559055253,2.10938908708151
"54001","Chlorophyll a","Reference",1.19407830252799,0.419820237236906,2.90477756515336
"54019","Chlorophyll a","Reference",1.10405684420165,0.583305625634353,1.80016341972707
"54022","Chlorophyll a","Reference",1.1132209229766,0.599358951434352,2.02655540242833
"54025","Chlorophyll a","Reference",1.12184572472935,0.620900337882965,2.00585152543725
"54035","Chlorophyll a","Reference",1.07709588891744,0.65863990694952,1.77693509030277
"54037","Chlorophyll a","Reference",1.21082137614357,0.704145011823409,2.03571329926901
"54039","Chlorophyll a","Reference",1.21074908181638,0.699914989510232,1.95796271825073
"54050","Chlorophyll a","Reference",1.78772382424478,0.942616754331307,3.40269186448796
"54060","Chlorophyll a","Reference",1.07761258602228,0.5624763762899,1.9888841547244
"54061","Chlorophyll a","Reference",1.16347792367152,0.541114555137834,2.49775290691728
"54071","Chlorophyll a","Reference",1.15227260954631,0.590070081718341,2.47040929691949
"54073","Chlorophyll a","Reference",1.10329296473619,0.5503130515636,2.19143602442648
"54077","Chlorophyll a","Reference",1.13310681275577,0.496321487018747,2.5147886424524
"54088","Chlorophyll a","Reference",1.13430160750494,0.615136191481719,2.09543789779344
"54094","Chlorophyll a","Reference",1.12259821479049,0.642484551390659,1.91515739799787
"54132","Chlorophyll a","Reference",1.02510301653385,0.591512373438714,1.72451831499507
"54141","Chlorophyll a","Reference",1.92615501898816,0.958636346579888,3.67809625679031
"54144","Chlorophyll a","Reference",1.01932724347443,0.554539032876061,1.76188062778591
"54154","Chlorophyll a","Reference",1.26452883458511,0.659023443811314,2.28031823718307
"54156","Chlorophyll a","Reference",1.11334436585801,0.627994981865113,1.87708467475698
"54177","Chlorophyll a","Reference",1.0800674432614,0.659623206412162,1.77097370597885
"54181","Chlorophyll a","Reference",1.27708290895248,0.745866069304143,2.12636838787886
"54190","Chlorophyll a","Reference",1.17462578376988,0.604625405370814,2.09616517943724
"54237","Chlorophyll a","Reference",1.21433292648569,0.720076165486882,1.97889109164045
"54288","Chlorophyll a","Reference",1.31016570836274,0.649335815106484,2.4611053040197
"54311","Chlorophyll a","Reference",1.67594765105147,0.95434582926185,2.90214148388178
"54351","Chlorophyll a","Reference",1.37143290358627,0.678914511326004,2.87095214775415
"54356","Chlorophyll a","Reference",1.39889316073715,0.638661218541163,2.7389856746171
"54407","Chlorophyll a","Reference",1.34056725881458,0.599466937499995,2.68451738457023
"54413","Chlorophyll a","Reference",1.80409079475041,0.999498682034916,3.39929250260297
"54435","Chlorophyll a","Reference",1.34451604861857,0.559284550715042,3.37826000484217
"54475","Chlorophyll a","Reference",1.32909020756655,0.687554388252897,2.29061417943975
"54486","Chlorophyll a","Reference",1.05489260142753,0.565782464215608,1.83277129818711
"54487","Chlorophyll a","Reference",1.16436011745142,0.631045648595364,2.15269333908048
"54515","Chlorophyll a","Reference",1.16648660945713,0.632862293886758,1.94121580950978
"54561","Chlorophyll a","Reference",2.0711745086984,1.02928654831685,3.97343168567733
"54601","Chlorophyll a","Reference",1.43628910020004,0.737942392603771,2.70289342861848
"54618","Chlorophyll a","Reference",1.10046577320312,0.647347716108499,1.75464743495359
"54621","Chlorophyll a","Reference",1.05635126469225,0.59241228728184,1.74743114193917
"54660","Chlorophyll a","Reference",1.10201956008862,0.606977285473757,1.83112083643393
"54672","Chlorophyll a","Reference",0.905230401478731,0.531101299000903,1.50454411017337
"54730","Chlorophyll a","Reference",1.39609740822047,0.809100828954941,2.59376962607132
"54731","Chlorophyll a","Reference",1.84171537660466,1.13917502917263,2.96337606445462
"54732","Chlorophyll a","Reference",1.76336845537468,1.05838056911745,2.93543053024192
"54733","Chlorophyll a","Reference",1.68171434008094,1.02504079627914,2.82506979505824
"54734","Chlorophyll a","Reference",1.42896693840919,0.845551309063726,2.37950939313984
"54735","Chlorophyll a","Reference",1.06876531934859,0.597958434040739,1.95199723537657
"54736","Chlorophyll a","Reference",0.641159890626285,0.359967825241648,1.11412558583498
"54737","Chlorophyll a","Reference",2.08414800247189,1.26104109511079,3.71090449816041
"54738","Chlorophyll a","Reference",0.818532237972231,0.456633231584849,1.43031338850383
"54741","Chlorophyll a","Reference",1.37177232666173,0.685503124684385,2.77396323970794
"54742","Chlorophyll a","Reference",4.35436138462881,2.07546412736568,9.50655714749917
"1","Secchi Depth","Current",1.75667152477571,1.22269861250927,2.51618733333304
"1","Secchi Depth","Reference",6.81583188771906,4.14220870073391,10.4596619951852
"3","Secchi Depth","Current",2.29292593144638,1.73372499704364,2.9302676701181
"3","Secchi Depth","Reference",7.27943809790995,4.84834997591868,9.73827640635802
"4","Secchi Depth","Current",2.15707314436766,1.60341702108653,2.85877287698813
"4","Secchi Depth","Reference",7.14569833660486,4.76806542533326,9.89433161540117
"229","Secchi Depth","Current",4.40882365057849,3.51032336574331,5.5560259669422
"229","Secchi Depth","Reference",9.07923477617195,6.82015745658337,11.6150582156854
"381","Secchi Depth","Current",3.31242111989097,2.69172072670434,4.03264550346479
"381","Secchi Depth","Reference",7.24803681814553,4.57000575258285,10.3052700413538
"476","Secchi Depth","Current",9.2219749343769,7.18256721312513,11.7747747731277
"476","Secchi Depth","Reference",11.4793941148613,8.92063074919644,14.6991837531017
"511","Secchi Depth","Current",0.881057993307345,0.503666239362695,1.33449546561116
"511","Secchi Depth","Reference",4.62000365690758,1.55124844752298,8.88305112802161
"515","Secchi Depth","Current",1.45490341127158,1.01935721973363,2.01277077779143
"515","Secchi Depth","Reference",4.55941054857756,1.1151772968428,8.98111567248485
"667","Secchi Depth","Current",1.0880875123285,0.687918781079762,1.56374554238522
"667","Secchi Depth","Reference",4.76130694991048,2.04657627235294,8.42512878298797
"831","Secchi Depth","Current",2.80957712572527,2.2109578044537,3.42899022800354
"831","Secchi Depth","Reference",6.9699033479092,4.51082699173522,9.72850623378521
"841","Secchi Depth","Current",2.27130539759437,1.71715431546047,2.91598899589914
"841","Secchi Depth","Reference",4.60208599686977,2.10765511320259,7.83151847116503
"869","Secchi Depth","Current",0.906690436182948,0.454488556870724,1.39306871941721
"869","Secchi Depth","Reference",4.56846431813076,1.55794630422285,8.46466824099901
"1553","Secchi Depth","Current",2.12864814959835,1.41972765571503,2.96181475486483
"1553","Secchi Depth","Reference",7.5011262728299,5.40885887115654,9.8863332126209
"1708","Secchi Depth","Current",0.728659741586418,0.33231376661674,1.33121796912366
"1708","Secchi Depth","Reference",5.4820919979985,3.26814191025395,7.97172639684441
"1962","Secchi Depth","Current",1.52338720835051,0.986577855770108,2.07182020755304
"1962","Secchi Depth","Reference",4.5966087381619,1.99447126439789,7.7960172565742
"1972","Secchi Depth","Current",3.47207466618926,2.75393603531125,4.26600094437062
"1972","Secchi Depth","Reference",7.19011377435874,4.71956375893471,10.458667050826
"1974","Secchi Depth","Current",1.86367319538795,1.36137622105474,2.43645289872228
"1974","Secchi Depth","Reference",4.18499681828163,1.66739434558675,6.95535703333885
"1993","Secchi Depth","Current",5.46493059953958,3.68472841978016,7.23942231662134
"1993","Secchi Depth","Reference",10.4557049003153,7.98573898183967,13.5817780480765
"2549","Secchi Depth","Current",6.17955015300389,4.52054168656929,7.93722621822532
"2549","Secchi Depth","Reference",10.4101985138614,7.35790590991876,14.1186638938939
"3129","Secchi Depth","Current",4.48954669220147,3.70731762099828,5.43474171176918
"3129","Secchi Depth","Reference",7.99816673822052,5.25282897595258,11.2473976933618
"4278","Secchi Depth","Current",2.55912682921828,1.98172463118016,3.23656411999111
"4278","Secchi Depth","Reference",4.69611723876174,1.35524607993449,9.1851796195788
"4342","Secchi Depth","Current",8.69622657623035,6.4748480345038,11.3893020696854
"4342","Secchi Depth","Reference",11.6229681474491,8.72864631210392,15.0283219182481
"4343","Secchi Depth","Current",8.97256175494377,7.08791391616956,11.6791132378182
"4343","Secchi Depth","Reference",11.617630796004,9.11414594628948,15.1832019610692
"4345","Secchi Depth","Current",0.555434782457884,0.244546692178532,0.911673837313847
"4345","Secchi Depth","Reference",3.94264877455171,1.95320685113564,6.34784401559635
"4486","Secchi Depth","Current",0.665284087306631,0.237658856459979,1.13818554879081
"4486","Secchi Depth","Reference",4.38213198206289,1.06738437460635,8.43579374609867
"4509","Secchi Depth","Current",2.46562455340645,1.85203200481551,3.11613970303738
"4509","Secchi Depth","Reference",7.21701534842412,4.28951616642197,10.7719030129561
"4922","Secchi Depth","Current",5.46706117483261,3.56036361826184,7.61807755762102
"4922","Secchi Depth","Reference",8.15543654963795,5.88545104641932,11.1899427031585
"4926","Secchi Depth","Current",7.08781684683809,5.2994035365695,9.04718392067973
"4926","Secchi Depth","Reference",9.98159237796749,7.64734500129838,12.7891218698471
"5008","Secchi Depth","Current",0.483213460985516,0.153774409751128,0.918171698198219
"5008","Secchi Depth","Reference",4.51520230633965,1.93001220887732,8.11984137445513
"5042","Secchi Depth","Current",0.43425446931812,0.135213232950791,0.860072569544284
"5042","Secchi Depth","Reference",4.59761303446628,1.84600286998651,7.85586472486534
"5264","Secchi Depth","Current",8.28051756955685,6.45407581925166,10.2894839484036
"5264","Secchi Depth","Reference",11.4117171209171,8.96362224456387,14.430975556383
"5306","Secchi Depth","Current",0.482224972779133,0.165357191574606,0.897926237816974
"5306","Secchi Depth","Reference",4.65739553930902,1.86473636725972,8.71822020318403
"5397","Secchi Depth","Current",2.3157843911925,1.65059564319792,3.10942960943157
"5397","Secchi Depth","Reference",7.21549266711204,4.79764540001376,10.1536915233627
"6394","Secchi Depth","Current",4.66831865730361,3.91405232974592,5.50740522870668
"6394","Secchi Depth","Reference",10.7177362103849,8.16045822336385,13.7062898106085
"6396","Secchi Depth","Current",4.86013471499412,4.12065194294211,5.7543844246543
"6396","Secchi Depth","Reference",10.6792042973768,8.13776857823504,13.9493210987665
"6867","Secchi Depth","Current",5.37367012671118,3.34911999039893,7.49090117962466
"6867","Secchi Depth","Reference",11.7509569108491,8.11436869993479,16.7147701129344
"6914","Secchi Depth","Current",4.0798196438292,3.31591649323523,5.00792892482473
"6914","Secchi Depth","Reference",11.4349494806918,8.73906740647407,15.2023516813227
"7113","Secchi Depth","Current",3.36101379092242,2.62140586211317,4.1745533015838
"7113","Secchi Depth","Reference",9.18431509228122,6.73116443677154,12.2505043594219
"7382","Secchi Depth","Current",5.68683150186512,4.79957865536018,6.81048651497733
"7382","Secchi Depth","Reference",11.2625714323157,8.8414673088058,14.5185605419276
"7386","Secchi Depth","Current",5.46919894960924,4.451296238417,6.62857579089253
"7386","Secchi Depth","Reference",11.3516668910748,8.81557415861727,14.5202099588426
"7408","Secchi Depth","Current",11.7452088361641,9.37444020085681,14.9596413892884
"7408","Secchi Depth","Reference",10.321794127466,7.89265499958356,13.3590010280439
"7409","Secchi Depth","Current",11.9117442894293,9.69514095593889,14.8561625376943
"7409","Secchi Depth","Reference",10.457786969518,8.09498554574187,13.3037376649636
"7506","Secchi Depth","Current",7.97109594295793,6.02473016638556,10.0872369071164
"7506","Secchi Depth","Reference",9.93643236174168,7.47592335622538,12.7646255326596
"7512","Secchi Depth","Current",7.85839952039179,6.36512749014947,9.86079281115863
"7512","Secchi Depth","Reference",8.69757640233056,6.55977869744688,11.2240509235033
"7537","Secchi Depth","Current",3.67283188359142,2.11532804289395,5.42820510425538
"7537","Secchi Depth","Reference",9.06123635095069,6.47344045479759,11.8605141150109
"7605","Secchi Depth","Current",3.13315525486075,1.53242421193592,4.7710058046898
"7605","Secchi Depth","Reference",10.797518910274,8.22936246714596,14.1983779456654
"7633","Secchi Depth","Current",9.62505788308262,7.25359770383175,12.5071481779984
"7633","Secchi Depth","Reference",10.5079854062684,7.82862119278379,13.5782832413432
"7640","Secchi Depth","Current",3.68304888552369,3.02246866296922,4.37151498615532
"7640","Secchi Depth","Reference",10.8126993139246,8.32866303441861,13.8264345689373
"7657","Secchi Depth","Current",9.32821046702841,7.56256667198817,11.7510457803907
"7657","Secchi Depth","Reference",11.4048125592618,8.94368341013822,14.4191648368385
"7660","Secchi Depth","Current",8.21485508522295,6.39854414208661,10.203848093881
"7660","Secchi Depth","Reference",11.2444596764059,8.84777937163799,14.1724681946442
"7688","Secchi Depth","Current",5.60788906475727,3.9038885831465,7.37662426627747
"7688","Secchi Depth","Reference",9.83431189422581,7.50814925581611,12.9850433450737
"7689","Secchi Depth","Current",5.46336067742248,3.92628095425794,6.93992981626959
"7689","Secchi Depth","Reference",11.0913124802732,8.648959868727,14.5232854925241
"7748","Secchi Depth","Current",5.81679030865029,3.94742635296056,7.64779770844218
"7748","Secchi Depth","Reference",11.2173991138728,8.73223221293778,14.6282564642635
"7777","Secchi Depth","Current",9.15341834861862,6.93259987877351,11.6951037505735
"7777","Secchi Depth","Reference",11.0746492440217,8.66997662182264,14.0626644859241
"7900","Secchi Depth","Current",4.81536982420548,3.93802193121832,5.7594954501864
"7900","Secchi Depth","Reference",9.12278944587375,6.70865503628426,12.4649613216324
"7901","Secchi Depth","Current",4.35292264536771,3.56442617805293,5.30180321624363
"7901","Secchi Depth","Reference",11.1813297380008,8.7055454415241,14.3372433064045
"8158","Secchi Depth","Current",1.68683501596478,1.16769364930227,2.23442052318621
"8158","Secchi Depth","Reference",7.21689098104935,4.56510109484626,10.5922954335876
"8262","Secchi Depth","Current",1.6606554397906,1.13373405144869,2.21264544639532
"8262","Secchi Depth","Reference",6.00911324069965,2.88164455048087,9.99879055103045
"8265","Secchi Depth","Current",2.71592176657569,2.15103510058114,3.35519491835198
"8265","Secchi Depth","Reference",6.21064459111059,3.52272985013927,9.01569078630643
"8890","Secchi Depth","Current",4.13706586141405,3.41933544933786,5.12040493846578
"8890","Secchi Depth","Reference",10.4548715022094,8.03322555717511,13.7564842450184
"9071","Secchi Depth","Current",3.9169147992854,2.21804863206057,5.68470028994814
"9071","Secchi Depth","Reference",10.8697438783707,8.3857966238053,14.2474205941324
"10124","Secchi Depth","Current",3.89739683363597,2.95787385550763,5.02824248788037
"10124","Secchi Depth","Reference",14.3489212441671,10.6475126371959,19.90312132457
"10605","Secchi Depth","Current",3.17493511419379,2.12633959856454,4.34891865117333
"10605","Secchi Depth","Reference",8.98809177521118,6.31155532194495,12.1193535192482
"10706","Secchi Depth","Current",2.61745068398241,1.86277452804145,3.54705771395763
"10706","Secchi Depth","Reference",9.74797959011895,6.60546669112908,13.8260559949009
"10718","Secchi Depth","Current",3.5909528259512,2.67568603941392,4.68623512715553
"10718","Secchi Depth","Reference",14.8079595497854,10.8564674523132,20.2630450785367
"11030","Secchi Depth","Current",5.67681071917825,3.8990190978833,7.50667505664662
"11030","Secchi Depth","Reference",11.1873574621481,8.76510922314515,14.5231234695154
"11084","Secchi Depth","Current",4.25293295785409,3.55433848843801,5.13062022344465
"11084","Secchi Depth","Reference",6.63501594387087,4.33668919985229,9.17055753904877
"11133","Secchi Depth","Current",5.91487268661565,4.40122031757951,7.6583478167946
"11133","Secchi Depth","Reference",9.08035228058526,7.02196945706875,11.3386242725316
"11138","Secchi Depth","Current",9.3940770835097,7.73990826751558,11.435713568605
"11138","Secchi Depth","Reference",9.41546718072908,7.36449253099983,11.7843134705795
"11476","Secchi Depth","Current",3.81328278448697,3.08454408178038,4.57382514580078
"11476","Secchi Depth","Reference",11.2188116750174,7.91303770594628,15.6570047380655
"11490","Secchi Depth","Current",4.06499204109014,3.35999338042363,4.9064736108864
"11490","Secchi Depth","Reference",10.6037618387276,8.2568261159958,13.7481493846934
"11614","Secchi Depth","Current",8.75757800556212,7.01483362750631,10.7729545612218
"11614","Secchi Depth","Reference",11.3338237466577,8.34482999171681,14.8363140497954
"11616","Secchi Depth","Current",4.43269090842291,3.75265508636615,5.30354696699206
"11616","Secchi Depth","Reference",11.4940590963438,8.31012980897853,15.4908513751387
"11620","Secchi Depth","Current",4.35867742932938,3.69530669319463,5.19283300491013
"11620","Secchi Depth","Reference",10.8866756453026,8.56473582439545,14.096546733308
"11654","Secchi Depth","Current",4.24393308724929,3.49439309475622,5.19719917592477
"11654","Secchi Depth","Reference",10.2746331985277,7.85907448181693,13.4188886508606
"11656","Secchi Depth","Current",5.12608736827695,4.26396737021465,6.21419813839562
"11656","Secchi Depth","Reference",11.113587813105,8.55291473201492,14.3796150336226
"11664","Secchi Depth","Current",4.95846191159462,4.13666188318719,6.02317443494148
"11664","Secchi Depth","Reference",11.2177899750659,8.61792182353139,14.6307971065211
"11789","Secchi Depth","Current",4.97641399895237,4.22125749842426,5.84912569686843
"11789","Secchi Depth","Reference",11.334839896241,8.93479602653264,14.6180204403108
"11793","Secchi Depth","Current",4.70712042756394,3.99968472659254,5.59616847607326
"11793","Secchi Depth","Reference",12.2178376613888,9.54179470046264,15.8636756508297
"11853","Secchi Depth","Current",4.51508361490675,3.60162765808786,5.58014993782282
"11853","Secchi Depth","Reference",11.6278054181818,8.37048250491401,16.0951672691771
"11911","Secchi Depth","Current",0.78413375308868,0.403949250497004,1.21469711720846
"11911","Secchi Depth","Reference",6.89688651549284,4.05485863699226,10.6280992947724
"11916","Secchi Depth","Current",1.47984547294114,0.962138816963826,2.0200287244368
"11916","Secchi Depth","Reference",7.12117903008025,4.36473800509267,10.5237618518
"12101","Secchi Depth","Current",1.49917410775895,0.97296903509956,2.05882718594035
"12101","Secchi Depth","Reference",5.68614655463501,3.00073188241973,9.14366224482515
"12107","Secchi Depth","Current",1.27640629542356,0.78801154542426,1.79583145169154
"12107","Secchi Depth","Reference",5.51955279427339,3.20599038211475,8.43189265615983
"12216","Secchi Depth","Current",3.28232337629656,2.38597446561493,4.35530547532343
"12216","Secchi Depth","Reference",9.01020835315198,6.05218580800818,12.3108511711281
"12307","Secchi Depth","Current",5.97303993617358,4.05789020407042,8.16711065223046
"12307","Secchi Depth","Reference",11.810880348397,8.97666018024338,15.1656813103211
"12469","Secchi Depth","Current",0.540044905933029,0.230169014609518,0.926601153928171
"12469","Secchi Depth","Reference",5.42756751328051,3.11262818229559,8.17643179170657
"12537","Secchi Depth","Current",1.25392160842212,0.752670588900198,1.78729959967029
"12537","Secchi Depth","Reference",5.53502369168931,3.26987676168597,8.29773090771268
"12579","Secchi Depth","Current",1.05839918242076,0.585647281471846,1.58559554936683
"12579","Secchi Depth","Reference",5.54952120491112,2.78673435286461,9.11295847183979
"12591","Secchi Depth","Current",5.06902378693787,4.21742079827258,6.11390776629157
"12591","Secchi Depth","Reference",8.73804326227796,6.22234600553943,11.5218504074178
"12670","Secchi Depth","Current",3.60264006743644,2.81041126408063,4.41434398094622
"12670","Secchi Depth","Reference",8.67453862464134,6.01719664479717,12.1772450897192
"12690","Secchi Depth","Current",0.44775921204776,0.139518991389777,0.862871634609138
"12690","Secchi Depth","Reference",5.56788890497667,2.71996319475743,8.97974146519284
"12830","Secchi Depth","Current",3.19896506480881,2.61886628453299,3.94681908733107
"12830","Secchi Depth","Reference",7.43590095167447,5.03833743015426,10.0343956379183
"12872","Secchi Depth","Current",3.29390416406203,2.64121975710942,4.15299624911233
"12872","Secchi Depth","Reference",5.11340838499086,2.80347333265084,7.81669273684055
"12873","Secchi Depth","Current",2.83141638188124,2.23242226626328,3.54957852535312
"12873","Secchi Depth","Reference",5.75907496551163,2.8464687454058,9.92180680700424
"12876","Secchi Depth","Current",2.52521678387687,1.93339719698728,3.25880027087684
"12876","Secchi Depth","Reference",7.3946689838108,5.33441975303576,9.5386145214429
"13147","Secchi Depth","Current",4.30935496125275,3.54620608032593,5.11378301616287
"13147","Secchi Depth","Reference",8.84532645821221,6.65307747510937,11.2537972704017
"13148","Secchi Depth","Current",6.64648772526309,4.9146921003533,8.75250285249645
"13148","Secchi Depth","Reference",9.16094215921204,7.1467733496153,11.7154185184623
"13222","Secchi Depth","Current",5.43932468476914,3.67995743849643,7.76666703214869
"13222","Secchi Depth","Reference",9.23579218727613,6.82247613008053,12.8064188374593
"13276","Secchi Depth","Current",8.38475889169835,6.53830222251914,10.9190098967047
"13276","Secchi Depth","Reference",8.7968664327962,6.62806835864457,11.5957073002503
"13277","Secchi Depth","Current",4.98108302307758,4.21660778530737,5.95248914298597
"13277","Secchi Depth","Reference",8.53410844427655,6.39962148076628,11.0817951437819
"13278","Secchi Depth","Current",7.29776425803457,5.46707699249931,9.33224981697807
"13278","Secchi Depth","Reference",8.07661143934507,6.14984965935657,10.2153719927549
"13438","Secchi Depth","Current",4.42622993137513,2.77181134111101,5.9852090682616
"13438","Secchi Depth","Reference",7.59068251415081,5.14566489605476,10.221666555677
"13446","Secchi Depth","Current",1.90990967587566,1.34161779812156,2.52681313261784
"13446","Secchi Depth","Reference",7.10053046556946,4.15933639893378,10.3455984287991
"13456","Secchi Depth","Current",1.88706772735401,1.36905335512596,2.4503074614762
"13456","Secchi Depth","Reference",7.04559539587559,4.73211847287477,9.88708827239653
"13466","Secchi Depth","Current",3.37626213117252,2.74779904076355,4.13747090313068
"13466","Secchi Depth","Reference",7.36129932795549,4.84253362463868,10.4761591773241
"13467","Secchi Depth","Current",1.56672375052462,1.10694992672115,2.12757052801872
"13467","Secchi Depth","Reference",4.85649223325528,2.12225853405111,8.08696645736156
"13577","Secchi Depth","Current",5.58777402307752,4.06955094515922,7.33137914240757
"13577","Secchi Depth","Reference",8.47518469246427,6.01804153310995,11.3477408221218
"13857","Secchi Depth","Current",5.93636334004597,4.20186397542508,8.13645725229843
"13857","Secchi Depth","Reference",7.13473329604866,4.69700469742434,10.1545281911659
"13873","Secchi Depth","Current",8.19421681068966,6.1642390858967,10.4692688607425
"13873","Secchi Depth","Reference",10.3042153153655,7.64607125183096,13.5661523501223
"13876","Secchi Depth","Current",6.5918724033865,4.58558194962013,8.83278994814034
"13876","Secchi Depth","Reference",7.63115335912058,5.24409490734512,10.3624089386509
"13877","Secchi Depth","Current",7.78203797867114,6.04383743143214,9.64384952243203
"13877","Secchi Depth","Reference",8.01611447035188,5.8706148179177,10.3614325615121
"13883","Secchi Depth","Current",4.92392516156618,3.25611030138558,6.72080392030678
"13883","Secchi Depth","Reference",7.11933067044519,5.04883966383697,9.60174018930949
"13904","Secchi Depth","Current",3.66822941811528,2.83598949967452,4.63948153958838
"13904","Secchi Depth","Reference",8.55038528623446,6.29824874249285,11.1346170437275
"13907","Secchi Depth","Current",3.06737457008051,1.53876012486826,5.14896053585885
"13907","Secchi Depth","Reference",8.63659652921015,6.4860029343664,11.3709821275539
"13909","Secchi Depth","Current",10.9189303912775,8.75338993745039,14.097014211831
"13909","Secchi Depth","Reference",7.22500222706363,4.98557145746348,10.3546769639069
"13915","Secchi Depth","Current",4.61842002104212,2.94327079382552,6.28404869785091
"13915","Secchi Depth","Reference",8.76663750918847,6.3830628343291,11.650081190078
"13930","Secchi Depth","Current",2.33144187259855,1.67580905133109,3.1632196248986
"13930","Secchi Depth","Reference",7.83969524703377,5.81051949394586,10.5956444423908
"13957","Secchi Depth","Current",8.55370411950658,6.38953133797767,11.1752008020191
"13957","Secchi Depth","Reference",8.18999379186667,5.86379696355489,11.2611111021522
"13970","Secchi Depth","Current",9.46534833615529,7.5297768249054,11.8891982276458
"13970","Secchi Depth","Reference",8.50872757421601,6.17684023850426,11.2231630661647
"14092","Secchi Depth","Current",4.14947961573676,3.42044242684962,5.04952580756157
"14092","Secchi Depth","Reference",8.39713641411527,6.27468242791313,11.3362325529575
"14179","Secchi Depth","Current",3.10917129170657,2.44181358343925,3.77443218106268
"14179","Secchi Depth","Reference",8.80149514296361,6.6706973620429,11.3077481261552
"14262","Secchi Depth","Current",4.7200586365565,3.94516591762596,5.61707339921783
"14262","Secchi Depth","Reference",8.71796545295603,6.7784236894948,11.2262244958292
"14290","Secchi Depth","Current",3.65738575424415,3.0520105234026,4.35037439066253
"14290","Secchi Depth","Reference",8.84032520969028,6.93524607963961,11.1487473210068
"14405","Secchi Depth","Current",3.18392389684053,2.4632941828232,4.00557412003724
"14405","Secchi Depth","Reference",8.72063150401514,6.38598839594705,11.7707871983278
"14406","Secchi Depth","Current",1.17182123487503,0.729898271739928,1.60756628717548
"14406","Secchi Depth","Reference",5.68654545419927,3.54773212906058,7.85893575774389
"14407","Secchi Depth","Current",3.05844387922817,2.34171878890438,3.8223112511021
"14407","Secchi Depth","Reference",8.42172087938214,5.98970984323145,11.5529622405371
"14408","Secchi Depth","Current",2.98650924476029,2.38507617705376,3.65806117010053
"14408","Secchi Depth","Reference",8.78726047710085,6.4370592854988,12.1334297806468
"14418","Secchi Depth","Current",1.78481499559821,1.18648810345223,2.46138790023706
"14418","Secchi Depth","Reference",5.89630219856828,3.62134684977926,8.31471903518125
"14546","Secchi Depth","Current",7.16165070653252,5.25423983080412,9.39105145144884
"14546","Secchi Depth","Reference",7.90695310927333,5.73940025227377,10.4236756067392
"14586","Secchi Depth","Current",2.383501942718,0.939341988334167,4.20481072253029
"14586","Secchi Depth","Reference",8.54951974493404,5.89370799188464,12.6033833977119
"14680","Secchi Depth","Current",6.4103980635934,4.7174744067796,8.50919397254192
"14680","Secchi Depth","Reference",8.22251705467559,6.12058937282067,10.8532909124458
"14718","Secchi Depth","Current",4.09736951838216,3.34671954087616,4.94316062833502
"14718","Secchi Depth","Reference",9.03044414778176,6.0095966600717,12.9356716266093
"14820","Secchi Depth","Current",5.33659091881859,3.56260338709485,7.06095329961932
"14820","Secchi Depth","Reference",9.42034260749292,7.2815384240567,12.0175564227984
"14852","Secchi Depth","Current",3.15045526195383,1.47483385439312,5.01968706130753
"14852","Secchi Depth","Reference",9.00405017481217,6.50718704204027,11.8345930905044
"14860","Secchi Depth","Current",5.82947882470991,4.08223435346452,7.80484359643788
"14860","Secchi Depth","Reference",9.37841555690605,7.21066634260984,12.4240141534991
"15007","Secchi Depth","Current",3.46078823883614,2.82292625540732,4.19576491586082
"15007","Secchi Depth","Reference",8.34943087463976,6.05527480402755,11.4222160376844
"15013","Secchi Depth","Current",1.58285803543697,1.0659404573147,2.09130540098023
"15013","Secchi Depth","Reference",5.82172601397799,3.68507605833743,8.30969788742722
"15022","Secchi Depth","Current",3.10890151027512,2.50372043043578,3.81936976027089
"15022","Secchi Depth","Reference",8.2347540668239,5.87541979566751,10.9431851280337
"15035","Secchi Depth","Current",1.48347382291377,0.984700596016226,2.02713286725255
"15035","Secchi Depth","Reference",4.01168248844579,1.48621369719504,6.81247244595209
"15037","Secchi Depth","Current",1.55288105903427,0.97724396010951,2.14762669239523
"15037","Secchi Depth","Reference",5.83204766940985,3.08813130458021,8.78256378870519
"15038","Secchi Depth","Current",1.18804822061479,0.711316795980817,1.71506518545322
"15038","Secchi Depth","Reference",4.04441945916342,1.78881611831331,6.5996760185794
"15106","Secchi Depth","Current",2.52339057047858,1.92333591137832,3.4573433706441
"15106","Secchi Depth","Reference",8.19543320061431,5.58958380506513,12.1593419150784
"15141","Secchi Depth","Current",1.38206805247875,0.823111327686789,1.95819780687505
"15141","Secchi Depth","Reference",4.37812827981462,2.05503828488486,6.81648050101879
"15176","Secchi Depth","Current",3.84025976097661,2.1479016702051,5.69908467931248
"15176","Secchi Depth","Reference",9.39892261073613,7.32459761925773,12.1534451933476
"15312","Secchi Depth","Current",8.37623070227208,6.72221801900231,10.3889010657489
"15312","Secchi Depth","Reference",8.51051946713453,6.4771736019639,10.7621364795847
"15325","Secchi Depth","Current",8.51168621477922,6.9238491476928,10.5087298048665
"15325","Secchi Depth","Reference",9.4295019264539,7.43062997135208,11.7587299326398
"15621","Secchi Depth","Current",8.55122460029383,6.79749187656812,10.6183184880851
"15621","Secchi Depth","Reference",8.52712757527876,6.61079907447469,10.5776601846229
"15633","Secchi Depth","Current",7.4901800465565,5.79245897280507,9.19851927711328
"15633","Secchi Depth","Reference",9.56655865059842,7.22434043507453,12.411420182943
"15651","Secchi Depth","Current",4.97694952289282,4.16492134039599,5.95698615253912
"15651","Secchi Depth","Reference",8.59019318464111,6.4758431114915,11.124426995478
"15670","Secchi Depth","Current",7.62335544140805,5.69235118950262,9.88066622857179
"15670","Secchi Depth","Reference",10.0563247914851,7.61085612586899,13.2832282736879
"15672","Secchi Depth","Current",7.85860487327683,6.14104049699298,9.86820121330317
"15672","Secchi Depth","Reference",9.51190954437293,7.26097873850096,12.0035166126018
"15692","Secchi Depth","Current",9.38874520639938,7.38895454806955,12.1406271067913
"15692","Secchi Depth","Reference",6.53212426586208,4.03221594173051,10.3205373598052
"15719","Secchi Depth","Current",7.23575744061818,5.44390023904321,9.56651812245289
"15719","Secchi Depth","Reference",8.78787048314855,6.66428554129725,11.5789474287598
"15736","Secchi Depth","Current",1.67223618144796,1.17214612687387,2.22705368419463
"15736","Secchi Depth","Reference",6.11202518839288,3.9469624176255,8.65048759602216
"15795","Secchi Depth","Current",1.4100150130333,0.909229692483155,1.92783758023243
"15795","Secchi Depth","Reference",4.14066731860803,1.76309261336614,7.51448178353394
"15898","Secchi Depth","Current",2.64592558353849,2.04322900936109,3.3313664006714
"15898","Secchi Depth","Reference",6.83675343099026,3.97496076743829,10.7556431860009
"15902","Secchi Depth","Current",2.51453331692251,1.89210608315867,3.16568318292249
"15902","Secchi Depth","Reference",7.34790128721833,4.53705804345476,11.0411588183368
"15904","Secchi Depth","Current",3.32380874242765,2.70570752945047,4.11314389966389
"15904","Secchi Depth","Reference",7.06546758532617,4.1218057601893,10.9008438609995
"15906","Secchi Depth","Current",2.84103619240958,2.22282140214878,3.52149990812861
"15906","Secchi Depth","Reference",7.10437766535941,3.9749064830201,10.8510792407055
"15907","Secchi Depth","Current",1.96692003425186,1.48095542494546,2.53934613096612
"15907","Secchi Depth","Reference",7.23203059917407,4.65874183768456,10.0726938378561
"15909","Secchi Depth","Current",2.38241196717186,1.74776722675775,3.07099237188867
"15909","Secchi Depth","Reference",7.01234406697428,3.72783549376314,11.0110446253407
"15926","Secchi Depth","Current",2.52574639238891,1.85332063634135,3.26008512897349
"15926","Secchi Depth","Reference",7.32584736636048,4.81512989977166,10.2140624246521
"15929","Secchi Depth","Current",2.35109079552666,1.70909417852475,3.01419693211047
"15929","Secchi Depth","Reference",7.22842728171941,4.96358860911625,9.86966236227737
"15930","Secchi Depth","Current",2.94797580344837,2.36955447024432,3.60640943694162
"15930","Secchi Depth","Reference",7.49696506078295,4.57194763572625,11.6921441861112
"15942","Secchi Depth","Current",1.50236197504743,1.03686310466759,2.00016778214209
"15942","Secchi Depth","Reference",4.19402307869392,1.71421733558315,7.05519262258423
"15947","Secchi Depth","Current",2.58333011134748,1.09332788197011,4.36482341374183
"15947","Secchi Depth","Reference",7.28430257201984,4.32274868929165,10.8059052487848
"16080","Secchi Depth","Current",2.68546392825182,2.01254355216989,3.45691079485771
"16080","Secchi Depth","Reference",6.63899102286159,3.86398226676928,9.67720678652276
"16131","Secchi Depth","Current",7.75889765077339,5.99297556769174,9.62691227215801
"16131","Secchi Depth","Reference",8.79857642957471,6.50767025329649,11.5674350199884
"16190","Secchi Depth","Current",5.38404243350864,3.53147703464295,7.2250022095571
"16190","Secchi Depth","Reference",8.30243738741617,5.92415374196681,11.1704847946927
"16214","Secchi Depth","Current",10.4282964813451,8.53857417185341,12.8249492873446
"16214","Secchi Depth","Reference",8.46317477556135,6.08101509231436,11.0828188751742
"16215","Secchi Depth","Current",5.92369407388299,4.35283494892827,7.72011282118694
"16215","Secchi Depth","Reference",9.18855456158197,6.89562900797907,11.9666453451566
"16222","Secchi Depth","Current",7.1477198931368,5.61217714728343,9.01661163334669
"16222","Secchi Depth","Reference",9.3147738336479,7.14816696520984,11.8161264130691
"16224","Secchi Depth","Current",4.57042172155073,3.85598662699132,5.42827085743458
"16224","Secchi Depth","Reference",8.35152746752901,6.23881848053936,10.897607512237
"16233","Secchi Depth","Current",5.41125546849472,3.65352043094088,7.18068542604952
"16233","Secchi Depth","Reference",10.5071566006755,7.94552164877072,13.7130032035175
"16235","Secchi Depth","Current",5.85931343953,3.917468432712,7.8132944262608
"16235","Secchi Depth","Reference",10.4046487371225,7.93129365637569,13.8523605551049
"16377","Secchi Depth","Current",6.64250636886108,5.05148792536916,8.96183084187682
"16377","Secchi Depth","Reference",10.3335685206142,7.63287548597047,14.9787723958122
"16392","Secchi Depth","Current",4.29059368422886,2.54377954786515,5.91412077244344
"16392","Secchi Depth","Reference",9.49987520416162,7.16403835673355,12.1273511255105
"16734","Secchi Depth","Current",0.500786815850592,0.141695085293571,0.98110040331639
"16734","Secchi Depth","Reference",4.7120444575214,1.81601935063449,8.96933656904342
"16939","Secchi Depth","Current",0.923226451764492,0.454876695663789,1.46878756563546
"16939","Secchi Depth","Reference",4.50949075280841,1.87157610884843,7.31148523876005
"17014","Secchi Depth","Current",2.16106587380761,1.57155569608606,2.8325864001718
"17014","Secchi Depth","Reference",7.33681542844452,4.62732722041246,10.5776712353282
"17153","Secchi Depth","Current",3.6164552988034,2.84382569944207,4.48556889692698
"17153","Secchi Depth","Reference",8.42408749083252,6.19659866703095,11.3206043209568
"17750","Secchi Depth","Current",2.33818392405048,1.71038804644265,3.03750911480946
"17750","Secchi Depth","Reference",4.84589191018981,2.40120728449634,7.59316072548123
"17761","Secchi Depth","Current",3.26437049971775,2.63549309394132,3.97432396119153
"17761","Secchi Depth","Reference",6.79726291268627,4.36207787338278,9.85151445952573
"18023","Secchi Depth","Current",2.98255027426076,1.55353273959839,4.60968830574836
"18023","Secchi Depth","Reference",9.11832792965991,6.72822725336113,12.4011152513448
"18027","Secchi Depth","Current",2.82252786298226,1.35297618964186,4.55417807043886
"18027","Secchi Depth","Reference",9.0591921603756,6.17215841555936,12.5991254922099
"18318","Secchi Depth","Current",3.61306327480082,2.17991901520289,5.21763496463128
"18318","Secchi Depth","Reference",8.40521964082308,5.90456078746848,11.5326517078106
"18610","Secchi Depth","Current",10.048546792381,7.97413806671525,12.5713823595727
"18610","Secchi Depth","Reference",9.41313320102174,7.35952540301974,11.8489429737606
"18809","Secchi Depth","Current",4.81281280709442,3.11352745140366,6.92816590842637
"18809","Secchi Depth","Reference",8.05916152879184,5.63555409543473,10.863535336353
"18933","Secchi Depth","Current",3.24202632929141,2.49955403092435,4.07545652378116
"18933","Secchi Depth","Reference",6.93491446059556,4.16661529234893,10.3254844874456
"18934","Secchi Depth","Current",2.23611174838874,0.855684973508609,3.82656108147235
"18934","Secchi Depth","Reference",7.8415855070013,5.03296109722702,11.5714644615023
"18935","Secchi Depth","Current",1.53508090236942,0.866650766457179,2.37340052031837
"18935","Secchi Depth","Reference",6.83996077352667,3.50730262749635,11.2397561637036
"18936","Secchi Depth","Current",1.7379266167696,1.17310869265793,2.35639976733568
"18936","Secchi Depth","Reference",7.15463614706888,4.79375302481786,10.0701620726334
"18951","Secchi Depth","Current",3.38088719404427,1.84711458203265,5.04043933438462
"18951","Secchi Depth","Reference",7.61279953927339,4.66671435069461,11.2213633319768
"18957","Secchi Depth","Current",3.2398740807719,2.58193661592998,3.94335183496365
"18957","Secchi Depth","Reference",7.8136834680534,5.07800363711454,11.5077213878135
"19172","Secchi Depth","Current",3.5905737484088,1.89967647556827,5.40352377217461
"19172","Secchi Depth","Reference",7.37990618957809,4.29054051794151,11.0137965320322
"19559","Secchi Depth","Current",2.27367854196033,1.74247118061665,2.87786932481169
"19559","Secchi Depth","Reference",4.1066271717267,1.27705951193839,7.38412897037028
"19572","Secchi Depth","Current",2.32253030573651,1.73986103153427,2.85388206943039
"19572","Secchi Depth","Reference",4.60110906380754,2.27979030464974,7.39147937840371
"19612","Secchi Depth","Current",4.02477596361622,2.44896756367747,5.50248072991638
"19612","Secchi Depth","Reference",8.80939275832005,5.92020718726876,12.4474832722921
"19621","Secchi Depth","Current",4.88944075708948,3.36284615411258,6.54199172075108
"19621","Secchi Depth","Reference",7.73694314349494,5.37130514970313,10.4361423424636
"19781","Secchi Depth","Current",3.77504357180215,2.17005225084164,5.44531546587017
"19781","Secchi Depth","Reference",9.23470335028772,6.08693226432433,12.98260520053
"20286","Secchi Depth","Current",3.35015435834386,2.71166486478166,4.04138209450916
"20286","Secchi Depth","Reference",9.66546625652897,7.49655184438822,12.5070435349565
"20493","Secchi Depth","Current",4.21948672569906,2.52487174976843,6.02843067244117
"20493","Secchi Depth","Reference",11.4364621848709,8.04645579806586,16.0345949710521
"20741","Secchi Depth","Current",8.40684337369176,6.63724981484364,10.4167847433973
"20741","Secchi Depth","Reference",10.323076709452,7.99320975598215,13.1896013773918
"20846","Secchi Depth","Current",5.38203721303925,4.48975572385457,6.50029477267352
"20846","Secchi Depth","Reference",10.6066827613324,7.75224786358403,14.3115733510148
"20851","Secchi Depth","Current",5.68619405472715,4.62604268187514,7.0366827346822
"20851","Secchi Depth","Reference",10.6486389221773,8.07909644723204,14.1684996377335
"20880","Secchi Depth","Current",5.81797495764289,3.90189005154799,7.82510632623871
"20880","Secchi Depth","Reference",9.48105645846209,7.37385014873225,12.1886120961773
"20904","Secchi Depth","Current",3.51251546277149,2.81563283098655,4.30946974861239
"20904","Secchi Depth","Reference",7.89422854497057,4.66471569353661,11.7788833878516
"20943","Secchi Depth","Current",6.93185714112031,5.23133291480842,8.83952782969187
"20943","Secchi Depth","Reference",9.45020003977732,7.318893698694,12.0171731702621
"20969","Secchi Depth","Current",1.86926676760291,1.35858213001819,2.444380315707
"20969","Secchi Depth","Reference",6.26434605012219,4.26475740354859,8.61875841844307
"21367","Secchi Depth","Current",10.1956429664305,8.41268864140053,12.7246911677338
"21367","Secchi Depth","Reference",10.8341026319589,8.55363950374881,13.7292901239222
"21370","Secchi Depth","Current",10.3247791476352,8.34519724017058,12.7206791474721
"21370","Secchi Depth","Reference",8.39352201731175,6.39290922926043,10.6373576436657
"21372","Secchi Depth","Current",5.32444477124272,4.45259730216956,6.38245474854961
"21372","Secchi Depth","Reference",9.73691087322321,7.35998342054099,13.0998938132814
"21383","Secchi Depth","Current",8.43978482660554,6.73679342067001,10.5054536359662
"21383","Secchi Depth","Reference",9.1757188112325,7.20548442758844,11.734298814768
"21433","Secchi Depth","Current",2.70669490109503,2.13411275975312,3.37460570710965
"21433","Secchi Depth","Reference",8.87175131517819,6.74275647475735,11.3571133696233
"21434","Secchi Depth","Current",2.13266013327298,1.62628171401884,2.69121947713541
"21434","Secchi Depth","Reference",6.06780218670858,3.8298226259399,8.3753574272251
"21544","Secchi Depth","Current",5.22838924659396,3.60151755431919,7.00444391279206
"21544","Secchi Depth","Reference",7.84911267889586,5.75008753590513,10.2284150178638
"21692","Secchi Depth","Current",3.59653002611104,2.93576667266305,4.32376230722909
"21692","Secchi Depth","Reference",10.0529333392987,7.16793710631454,14.0408734012817
"21733","Secchi Depth","Current",8.9399406761395,7.1245618735934,11.1153631271529
"21733","Secchi Depth","Reference",11.9894598373766,8.47112595411179,16.4251765054605
"21759","Secchi Depth","Current",3.72935029037341,3.05523321573036,4.49837095822069
"21759","Secchi Depth","Reference",6.77305849359589,4.23079586758458,9.65125967224124
"21763","Secchi Depth","Current",3.57230506894116,2.89812560207124,4.25713780429225
"21763","Secchi Depth","Reference",7.18995809006909,4.82472176082717,9.85449961117993
"21773","Secchi Depth","Current",3.10215995378701,2.45043463228646,3.80909146674971
"21773","Secchi Depth","Reference",6.78630351484993,4.39491519824563,9.62944009622323
"21886","Secchi Depth","Current",1.57819649902855,0.98168012594272,2.24144651073222
"21886","Secchi Depth","Reference",4.42967371873358,2.13507276158663,7.08506546931955
"21917","Secchi Depth","Current",7.33265735567519,5.50945193095896,9.35222298855858
"21917","Secchi Depth","Reference",10.0221726869367,7.53067732673396,12.9231874771194
"21918","Secchi Depth","Current",5.35998735841355,4.40397070623087,6.55611264707822
"21918","Secchi Depth","Reference",9.06733945346408,6.78054562845217,12.0735596505204
"21926","Secchi Depth","Current",5.48748541305539,3.76610226110556,7.09235661241086
"21926","Secchi Depth","Reference",9.75475903280605,7.33054605728823,12.8369884603908
"22201","Secchi Depth","Current",2.78215556341491,2.22494242032596,3.46261753937467
"22201","Secchi Depth","Reference",8.40524011198271,6.13390043595888,11.0975306335346
"22472","Secchi Depth","Current",4.45054354622523,3.66949495341427,5.30143309282364
"22472","Secchi Depth","Reference",8.9307402103884,6.63143517246897,11.7713779485583
"22495","Secchi Depth","Current",3.96706732561129,3.25769843116638,4.73340811298727
"22495","Secchi Depth","Reference",8.82549084991617,6.62651724146982,11.7579837611741
"22571","Secchi Depth","Current",3.40010927619248,2.58929273922612,4.3161176067194
"22571","Secchi Depth","Reference",8.62575742443294,6.18058629201423,11.9872979509921
"22785","Secchi Depth","Current",3.67079916445056,3.02222035903722,4.38703904091729
"22785","Secchi Depth","Reference",8.94914993866885,6.80716206265466,11.6683584936251
"22786","Secchi Depth","Current",9.78837867794237,7.97068824753776,12.1352061060018
"22786","Secchi Depth","Reference",9.75857174316267,7.57884786677388,12.6911172845433
"22929","Secchi Depth","Current",4.96611678337238,3.22641593136502,6.59021940155568
"22929","Secchi Depth","Reference",9.43375272909058,7.18292303730631,11.8245721723799
"23060","Secchi Depth","Current",2.10914006598241,1.58068206396201,2.70072323535555
"23060","Secchi Depth","Reference",5.73144662977465,3.4367656156339,8.22610221418003
"23306","Secchi Depth","Current",3.3618153330242,2.68340058651634,4.13576573318601
"23306","Secchi Depth","Reference",8.44379875513864,6.04216426475353,11.5277795959397
"23314","Secchi Depth","Current",3.88231615669873,3.22490796329652,4.72894287980033
"23314","Secchi Depth","Reference",6.05303814486979,3.75653312455668,8.86377018696813
"23339","Secchi Depth","Current",6.20967263253524,4.30815276495535,8.45170820615896
"23339","Secchi Depth","Reference",11.4476552873592,8.03720481240843,16.6054629781448
"23617","Secchi Depth","Current",2.2339813119837,1.63380275790318,2.91601462051622
"23617","Secchi Depth","Reference",6.05325635789665,3.71108179534999,8.72456470985671
"23657","Secchi Depth","Current",1.04382352795647,0.628971325703435,1.50292332523158
"23657","Secchi Depth","Reference",3.81467308493519,1.37511537105254,7.25965072905731
"23660","Secchi Depth","Current",1.88725537254418,1.35646151931773,2.42716006797198
"23660","Secchi Depth","Reference",4.37755929689249,1.68417827867321,8.03034063985676
"23671","Secchi Depth","Current",3.04090593281943,2.48666482356845,3.71644344468365
"23671","Secchi Depth","Reference",6.69443022466865,4.10076624810069,9.6398303208845
"23676","Secchi Depth","Current",3.23040011424461,2.56321284218766,3.9407311950272
"23676","Secchi Depth","Reference",4.28212030423298,1.48021605379063,7.61268622495372
"23691","Secchi Depth","Current",1.47592377784574,0.978989841970321,2.00614932576091
"23691","Secchi Depth","Reference",4.1705249816504,1.25673185641827,7.47308640892316
"23721","Secchi Depth","Current",1.32713442734277,0.864598068261361,1.90498236118696
"23721","Secchi Depth","Reference",5.34276175645126,2.33598226440328,7.56348678208835
"23862","Secchi Depth","Current",7.47578521006045,5.73517253972852,9.42477049854723
"23862","Secchi Depth","Reference",7.99482344511183,5.94212940717268,10.206804805689
"23940","Secchi Depth","Current",3.77595333460647,2.90201390181603,4.87176720848402
"23940","Secchi Depth","Reference",8.18544623769174,5.74881924125459,11.6150909811301
"23986","Secchi Depth","Current",3.55424876878581,2.82475152713579,4.48058172626672
"23986","Secchi Depth","Reference",7.13263095309014,4.7762156651705,10.217481709443
"24015","Secchi Depth","Current",5.17374705546479,3.31667875268196,7.08864436588321
"24015","Secchi Depth","Reference",7.88233938810624,5.5750119302821,10.5061338402327
"24024","Secchi Depth","Current",2.5486970895872,1.88868704749985,3.29134690616567
"24024","Secchi Depth","Reference",5.92735893403697,3.1156192674736,8.80371627550345
"24039","Secchi Depth","Current",6.61610094291116,4.83870271182896,8.41147683814532
"24039","Secchi Depth","Reference",9.09824536211953,7.01722850173594,11.4649315820115
"24103","Secchi Depth","Current",3.28723272579205,2.45669790818073,4.21964571293915
"24103","Secchi Depth","Reference",7.18660044062431,4.98814608194575,9.66825611672187
"24122","Secchi Depth","Current",4.19441297220166,3.40013786169285,5.24925767059787
"24122","Secchi Depth","Reference",8.76861179348646,6.35468846402407,11.9945507584503
"24271","Secchi Depth","Current",7.45107233659312,5.70853991405991,9.35778786851785
"24271","Secchi Depth","Reference",9.84039817934364,7.6264593666926,12.6604355310018
"24304","Secchi Depth","Current",9.11658985891755,7.4548060858745,11.2424841226828
"24304","Secchi Depth","Reference",8.91557398013127,6.89361807113572,11.2188251564509
"24313","Secchi Depth","Current",5.87626606107447,4.1915645856125,7.57646211998891
"24313","Secchi Depth","Reference",9.48622109162172,7.21105110806691,12.0952345266906
"24415","Secchi Depth","Current",1.39179710984916,0.925392627478257,1.89575655473821
"24415","Secchi Depth","Reference",3.91188816770143,1.62964936328737,6.5919398256192
"24422","Secchi Depth","Current",0.991245886481334,0.635647252210457,1.43815163529639
"24422","Secchi Depth","Reference",3.83203920090044,1.85847737819938,6.31414742827591
"24423","Secchi Depth","Current",1.09287768193991,0.653622974696645,1.56694269601322
"24423","Secchi Depth","Reference",3.83936691915709,1.51296203165068,6.62092060767161
"24477","Secchi Depth","Current",3.97136804851866,3.25201208381431,4.78969689274708
"24477","Secchi Depth","Reference",7.53870729562925,4.77821520443347,10.8500176793121
"24496","Secchi Depth","Current",4.31737160421432,3.55270975209966,5.22722300514351
"24496","Secchi Depth","Reference",7.55353188887939,4.8293415215442,10.8842228385255
"24539","Secchi Depth","Current",1.93959159996522,1.41899551381715,2.53788088906809
"24539","Secchi Depth","Reference",4.35530978394864,1.81766442406917,7.21599154058567
"24596","Secchi Depth","Current",3.59794709831552,2.95063664602761,4.34791078910452
"24596","Secchi Depth","Reference",7.5633575983276,4.94805748355673,10.817343713296
"24619","Secchi Depth","Current",1.23363270471595,0.794268746863879,1.71572037917642
"24619","Secchi Depth","Reference",4.04576495247902,1.4296474174386,7.07492130908095
"24620","Secchi Depth","Current",2.90656110858237,2.33611230689969,3.6269361162639
"24620","Secchi Depth","Reference",7.32826934162364,4.9179844201198,10.2289711588683
"24621","Secchi Depth","Current",3.17355950018745,2.53609035737084,3.90666923560523
"24621","Secchi Depth","Reference",6.68568668102127,4.26531766832256,9.46075818554418
"24628","Secchi Depth","Current",3.56156557796043,2.87958855011353,4.39205096641145
"24628","Secchi Depth","Reference",7.13551199085326,5.04724392678502,9.58002004167798
"24633","Secchi Depth","Current",3.49936873602844,2.92886955803984,4.29300523417102
"24633","Secchi Depth","Reference",6.88320069627934,4.60107146403785,9.41126962158801
"24724","Secchi Depth","Current",7.72325088533669,5.92591479456509,9.7510244296388
"24724","Secchi Depth","Reference",11.6269982567606,7.92899912932306,17.0631462155611
"24728","Secchi Depth","Current",4.82340370698299,3.97037401547209,5.86546642029202
"24728","Secchi Depth","Reference",11.0235479557244,7.35972115891136,16.3471416322814
"24734","Secchi Depth","Current",10.9026983904717,8.86208542756229,14.2524510410742
"24734","Secchi Depth","Reference",9.74785453158651,6.68138027077107,14.4993188083053
"24742","Secchi Depth","Current",12.6590424568854,10.0198470560562,16.2188019657132
"24742","Secchi Depth","Reference",10.5678555805739,6.6038620755065,15.778193702239
"24746","Secchi Depth","Current",8.47208845409694,6.7081517210229,10.5985020110831
"24746","Secchi Depth","Reference",9.2326651975014,6.03329618116875,13.2022924053938
"24747","Secchi Depth","Current",6.58377577126022,5.53642264153976,7.93720127905305
"24747","Secchi Depth","Reference",8.61768947733544,5.41253291138274,12.882738321006
"24750","Secchi Depth","Current",11.7370520169733,9.51328664725525,14.4701381306729
"24750","Secchi Depth","Reference",9.53604121595062,6.63922694337041,12.9365262525054
"24758","Secchi Depth","Current",6.13378033884864,5.15201809296503,7.3531346481275
"24758","Secchi Depth","Reference",10.4094713011918,6.42964086860071,15.0147008704197
"24777","Secchi Depth","Current",10.7688609373525,8.51096621642775,13.7106869162844
"24777","Secchi Depth","Reference",10.5185366447016,6.56745888098959,15.2653010522087
"24789","Secchi Depth","Current",10.559245100658,8.41656514020162,13.454031648511
"24789","Secchi Depth","Reference",10.5418082129267,7.26199671696648,14.7853522025053
"24791","Secchi Depth","Current",6.1405772667943,5.11923206875387,7.4597599001606
"24791","Secchi Depth","Reference",10.222219034259,6.53442899473989,15.31431241378
"24795","Secchi Depth","Current",5.34422160134399,4.336842430195,6.56793117651053
"24795","Secchi Depth","Reference",10.139089444138,6.58665952983152,15.1182612497694
"24805","Secchi Depth","Current",5.18620978066943,4.28170374403403,6.37462312197876
"24805","Secchi Depth","Reference",11.0957079347423,7.75167820586173,15.4928044926115
"24806","Secchi Depth","Current",8.47502942242915,6.45179911618954,11.0434385936866
"24806","Secchi Depth","Reference",11.435016565735,8.09090225545759,16.0142465599079
"24809","Secchi Depth","Current",10.7166206551076,8.44221339681295,13.7806253230699
"24809","Secchi Depth","Reference",10.6519119711356,7.06761989597102,15.812888477359
"24848","Secchi Depth","Current",9.68859634235848,7.72769022410651,12.4586982345233
"24848","Secchi Depth","Reference",11.0995823478187,8.41302834645523,14.6635413134701
"24882","Secchi Depth","Current",12.9769894774229,10.4394802800502,16.4969404642007
"24882","Secchi Depth","Reference",11.0009893315275,8.09707016592417,14.8778583654438
"24906","Secchi Depth","Current",8.35133907487496,6.31131081080739,10.945268538989
"24906","Secchi Depth","Reference",11.4235297892153,7.4350827436919,16.8530157159177
"24916","Secchi Depth","Current",4.00359842927163,3.2451822513147,5.09229688645275
"24916","Secchi Depth","Reference",11.0114238032694,7.60831773745809,15.5614584043597
"24917","Secchi Depth","Current",9.70825746577519,7.49635116118331,12.6562917782854
"24917","Secchi Depth","Reference",11.5926044795632,8.12478805211322,16.1867244953375
"24927","Secchi Depth","Current",7.49725214128004,5.5725095244843,10.1886760190872
"24927","Secchi Depth","Reference",11.3007246223523,7.49038582301415,16.6164499221317
"24932","Secchi Depth","Current",6.80284513569984,5.58047518542015,8.27680233107904
"24932","Secchi Depth","Reference",10.7865296088341,8.31247144950536,14.1129925576747
"24937","Secchi Depth","Current",8.59525403742494,6.29598205647393,11.1214462763265
"24937","Secchi Depth","Reference",11.5712191596878,8.69191585019992,15.0021344129408
"24948","Secchi Depth","Current",7.32904302819026,5.91906827135939,9.12874435228617
"24948","Secchi Depth","Reference",10.9941361690029,8.44754681604171,14.520509894307
"24955","Secchi Depth","Current",6.82816983534319,5.65156162499202,8.25527314932295
"24955","Secchi Depth","Reference",10.7504632352981,7.99937821035496,13.929693936831
"24969","Secchi Depth","Current",13.4371127720476,10.8188641606277,16.6943201898991
"24969","Secchi Depth","Reference",11.1007941319035,8.40500543260838,14.5182647769579
"24995","Secchi Depth","Current",11.1899848558519,8.90789183733666,14.5195926046411
"24995","Secchi Depth","Reference",10.60041014645,8.27454740047948,13.391462033611
"25002","Secchi Depth","Current",11.8665571266839,9.57568382871791,14.9114800058764
"25002","Secchi Depth","Reference",11.0642889133424,8.1778128006228,14.7739886617961
"25006","Secchi Depth","Current",5.89851356553135,4.85467995072601,7.23931738398139
"25006","Secchi Depth","Reference",10.2626805268698,7.41115502935826,13.8765162224248
"25008","Secchi Depth","Current",6.36024660019595,5.29698738870284,7.68654626837546
"25008","Secchi Depth","Reference",10.5619687835115,7.8472885514163,13.997583999048
"25024","Secchi Depth","Current",4.725342490616,3.73633101488103,5.9373540646278
"25024","Secchi Depth","Reference",11.0039475052279,8.4380848970803,14.1676869061641
"25044","Secchi Depth","Current",10.484514934298,8.61912340634147,13.2289268029991
"25044","Secchi Depth","Reference",11.8641086812711,9.29020375594148,15.1147720208772
"25212","Secchi Depth","Current",9.35830400816045,7.30822775110355,11.9194045178396
"25212","Secchi Depth","Reference",11.8927876503803,9.28141228318172,15.3171514151586
"25245","Secchi Depth","Current",1.17654774941385,0.726641655928906,1.668622295028
"25245","Secchi Depth","Reference",5.64684148435812,2.88503270295437,8.83148131731942
"25325","Secchi Depth","Current",6.11089753224407,4.31447831750193,7.86024626844731
"25325","Secchi Depth","Reference",9.19519356484833,6.75986751887265,12.2334364069291
"25492","Secchi Depth","Current",1.68200184152685,1.19395007033178,2.27783929018482
"25492","Secchi Depth","Reference",4.58199380386994,1.86245801421021,7.72301419535493
"25519","Secchi Depth","Current",3.92213819142874,3.05888487386981,5.08682433655913
"25519","Secchi Depth","Reference",8.57183134120569,6.04733962359759,11.8473384610136
"25687","Secchi Depth","Current",3.99868133735213,3.28739890691965,4.75109624896302
"25687","Secchi Depth","Reference",7.3070942193579,4.71946041603689,10.086599144936
"25765","Secchi Depth","Current",12.2738948501696,9.89647437652641,15.4628015223927
"25765","Secchi Depth","Reference",9.92029880457751,7.48008022708378,13.0929690291371
"25787","Secchi Depth","Current",3.50320765549741,2.84060159564041,4.27202273561624
"25787","Secchi Depth","Reference",6.5591330242116,3.03203925911561,11.0955193004159
"25802","Secchi Depth","Current",2.01244449619507,1.46770041462418,2.6131495315878
"25802","Secchi Depth","Reference",5.97272032492578,3.70006581489848,8.60878600196994
"25972","Secchi Depth","Current",3.00513743391223,2.32963393650158,3.7377832921617
"25972","Secchi Depth","Reference",7.9603503847202,5.67832645267166,10.603104182876
"25994","Secchi Depth","Current",1.90512893329955,1.3940978185654,2.44159049562011
"25994","Secchi Depth","Reference",4.54009756958648,1.45603814942914,8.51797130063438
"26026","Secchi Depth","Current",5.47995803359081,4.29402816608213,6.86871410031153
"26026","Secchi Depth","Reference",11.2930189553734,7.65728399310963,16.7985309141047
"26031","Secchi Depth","Current",11.0848552756097,8.74631170373736,13.9586319776176
"26031","Secchi Depth","Reference",11.9731638701207,9.05700088621086,15.7331751794656
"26036","Secchi Depth","Current",9.85996742709023,7.89357517636202,12.1915399116051
"26036","Secchi Depth","Reference",10.9807855408709,8.54806205591804,14.2248381629679
"26045","Secchi Depth","Current",10.1485863282167,8.19353165897721,12.7848325900245
"26045","Secchi Depth","Reference",9.1586324835744,6.54016345282808,12.2944477412108
"26051","Secchi Depth","Current",9.23571569499019,7.41573710828371,11.6549688120966
"26051","Secchi Depth","Reference",10.3496390093635,7.11831093524149,14.8584704430848
"26056","Secchi Depth","Current",9.80627855065773,7.60910457692112,12.2891171910735
"26056","Secchi Depth","Reference",11.4568642925722,7.86436380494135,16.6077555523398
"26057","Secchi Depth","Current",9.03644458378919,7.14049679971133,11.5549052413926
"26057","Secchi Depth","Reference",11.5386358829311,7.73502244885131,17.1055230363633
"26111","Secchi Depth","Current",11.3358073133103,9.19551772105207,14.0881678588583
"26111","Secchi Depth","Reference",12.8358428961916,9.74964215749786,16.6025342939061
"26130","Secchi Depth","Current",2.78222733748946,2.13275964915696,3.54756327510584
"26130","Secchi Depth","Reference",7.84752929494212,5.46876010197064,11.0722613754171
"26166","Secchi Depth","Current",5.45314799399342,3.75121077256002,7.20233869229516
"26166","Secchi Depth","Reference",9.39700025583282,6.87057247558361,12.7055452804166
"26276","Secchi Depth","Current",4.34302641406261,3.53352949588761,5.27164065954833
"26276","Secchi Depth","Reference",10.8191200827126,7.87806696308865,14.7810773622402
"26316","Secchi Depth","Current",5.30710049223677,4.49302062684963,6.34585045108321
"26316","Secchi Depth","Reference",11.2077926791862,8.73302797212771,14.2072175267869
"26348","Secchi Depth","Current",5.22842897025629,4.46414331321086,6.20595315979703
"26348","Secchi Depth","Reference",11.1458134616111,8.74219875732815,14.2112400794218
"26357","Secchi Depth","Current",10.7905962653996,8.93170810189661,13.556728427228
"26357","Secchi Depth","Reference",11.6653277266613,9.02683865478858,15.0150168131191
"26434","Secchi Depth","Current",10.6095694073129,8.46966365092338,13.3695193452288
"26434","Secchi Depth","Reference",11.3019906526244,8.79760032339837,14.8039651928311
"26477","Secchi Depth","Current",11.5134289368402,9.45294896496984,14.3134278875102
"26477","Secchi Depth","Reference",10.1055924292137,7.94428884527519,13.10445535605
"26484","Secchi Depth","Current",11.3596394473501,9.1827690585483,14.3344700179336
"26484","Secchi Depth","Reference",11.515434510469,8.94282866999836,15.1041931088154
"26493","Secchi Depth","Current",5.93359150382818,5.04137837589422,7.04545644808654
"26493","Secchi Depth","Reference",10.1642766553528,7.72262505790747,13.6908356237267
"26502","Secchi Depth","Current",12.3154691377259,9.96618273415223,15.841588561373
"26502","Secchi Depth","Reference",11.5371797075204,8.87466062084932,14.8747611930444
"26514","Secchi Depth","Current",12.5619701153471,10.2097774070107,15.994837184508
"26514","Secchi Depth","Reference",11.6862288038076,9.06977394538141,14.7943683650766
"26515","Secchi Depth","Current",11.6807523021626,9.42266123284361,14.9561229910635
"26515","Secchi Depth","Reference",11.4328775180408,8.66102749404541,15.1048407460366
"26557","Secchi Depth","Current",4.82967465781214,4.00171825509694,5.87565206332818
"26557","Secchi Depth","Reference",9.93053270115314,7.52630598683846,12.9713248031302
"26735","Secchi Depth","Current",4.51259453904088,3.83963210980877,5.31322650142903
"26735","Secchi Depth","Reference",7.7180350488799,5.23082256032009,10.5974422309823
"26749","Secchi Depth","Current",3.34498681418399,2.74930176587293,4.0049167532341
"26749","Secchi Depth","Reference",6.91478305714371,4.65949442211429,9.44290431968698
"26887","Secchi Depth","Current",14.1204663843606,11.2835752196501,17.4946981020368
"26887","Secchi Depth","Reference",12.8610051343747,9.79951803297481,16.7022225202694
"27286","Secchi Depth","Current",9.28737322181496,7.58327166526596,11.3985157682892
"27286","Secchi Depth","Reference",10.8059887426232,8.43990946412129,13.7939174715922
"27558","Secchi Depth","Current",4.07822973703106,3.37385751369751,4.9726072939136
"27558","Secchi Depth","Reference",10.0637575997029,7.4825637508265,13.5137912203285
"27560","Secchi Depth","Current",5.02931230711296,4.23266063993448,5.96396712109761
"27560","Secchi Depth","Reference",10.8265800756142,7.90570824900067,14.8524213152042
"27564","Secchi Depth","Current",5.37775818932905,4.56868818027938,6.30901324709594
"27564","Secchi Depth","Reference",11.0150589742601,8.33545194949501,14.6992157876486
"27566","Secchi Depth","Current",9.26447109183527,7.40125750095446,11.5773167024337
"27566","Secchi Depth","Reference",11.3687847507119,8.79380941130084,14.4526642023446
"27572","Secchi Depth","Current",4.64535148252069,3.93588271107943,5.52381102605651
"27572","Secchi Depth","Reference",10.6783380266239,8.26207571651514,13.7615389270818
"27762","Secchi Depth","Current",11.5154173849184,9.54750191626083,14.3180474713026
"27762","Secchi Depth","Reference",11.7338414203362,9.09053216355321,15.1696386579469
"27936","Secchi Depth","Current",2.91692698709414,2.19980222457837,3.82194358279876
"27936","Secchi Depth","Reference",7.18853061586919,5.0849980395405,9.51857798628719
"27994","Secchi Depth","Current",3.82790551044916,3.14182923605128,4.65487203640831
"27994","Secchi Depth","Reference",7.33975375049243,4.96542577276715,10.1188543779311
"28066","Secchi Depth","Current",1.19484398350647,0.71964588385626,1.7945675643177
"28066","Secchi Depth","Reference",4.00557208145977,0.497238447646907,6.74604970442962
"28162","Secchi Depth","Current",7.18003333034434,5.52409107220162,9.04408100738269
"28162","Secchi Depth","Reference",11.4702835625717,8.65263395777239,15.7555445573513
"28383","Secchi Depth","Current",9.23351924266554,7.3180616139145,11.4373951931893
"28383","Secchi Depth","Reference",10.8163015183087,8.04915783520754,14.6276168001097
"28390","Secchi Depth","Current",9.12559387194273,7.31602883020261,11.4159086791347
"28390","Secchi Depth","Reference",9.76708720099108,7.13706094330847,12.7588334943315
"28401","Secchi Depth","Current",8.58836438238106,6.84564565894953,10.8569754419366
"28401","Secchi Depth","Reference",11.391154337853,7.72576904595711,16.7154501795339
"28402","Secchi Depth","Current",9.53291024262183,7.60994610173578,11.909814091643
"28402","Secchi Depth","Reference",10.6887194531327,7.12985315749215,15.4152469167619
"28403","Secchi Depth","Current",8.47451775075558,6.59874769172623,10.5707849329941
"28403","Secchi Depth","Reference",11.3826595905435,8.33127376385143,15.9741646837228
"28408","Secchi Depth","Current",9.87675368605192,7.97388751473075,12.4971425346058
"28408","Secchi Depth","Reference",12.0017255827268,9.11146473682194,15.9277825556806
"28412","Secchi Depth","Current",9.21474293105942,7.2486918788363,11.4869086305121
"28412","Secchi Depth","Reference",11.3948700862558,7.4818965732297,16.9556981781809
"28419","Secchi Depth","Current",8.80346656197582,7.02843142980154,10.9951893980372
"28419","Secchi Depth","Reference",11.6383028258123,8.79661525090133,15.0404201261104
"28438","Secchi Depth","Current",9.65358329723511,7.5451557514425,12.0625510150456
"28438","Secchi Depth","Reference",11.598454317161,8.69617441602444,15.6172846657586
"28445","Secchi Depth","Current",10.0963690438832,8.11483286744555,12.7092149883
"28445","Secchi Depth","Reference",11.5252926673692,8.22991817800057,16.1395835539249
"28473","Secchi Depth","Current",10.4551336230509,8.33984569713244,13.0245026455412
"28473","Secchi Depth","Reference",11.7863656072192,8.02822693683565,17.1805343518757
"28478","Secchi Depth","Current",4.61135932485637,3.80525738638258,5.58918676467351
"28478","Secchi Depth","Reference",8.82934806377681,5.50823608214353,13.4743183957767
"28490","Secchi Depth","Current",9.94000468132017,7.81486372307122,12.6909507990981
"28490","Secchi Depth","Reference",9.31810084851504,6.84827898477362,12.4600465328395
"28492","Secchi Depth","Current",4.92703252259043,4.08423204972459,6.11161287966927
"28492","Secchi Depth","Reference",9.6617184634003,7.06565409176991,13.0008883169918
"28495","Secchi Depth","Current",10.9876962820923,8.92518378961906,13.8487453575477
"28495","Secchi Depth","Reference",9.61381082467263,6.97210316401981,12.9674157787619
"28503","Secchi Depth","Current",4.40678463295829,3.63162120213291,5.42300864016715
"28503","Secchi Depth","Reference",9.74351498781067,6.73449481930524,13.5412534419616
"28532","Secchi Depth","Current",11.8603746166828,9.57627385479459,14.7597298670852
"28532","Secchi Depth","Reference",9.54483829226939,7.40360427743488,12.1308300697701
"28543","Secchi Depth","Current",0.889697674715746,0.518167351167721,1.32727266859003
"28543","Secchi Depth","Reference",5.97277087879092,3.61901643429575,9.18092199818853
"28550","Secchi Depth","Current",1.33613542903123,0.821893559744394,1.87332057810498
"28550","Secchi Depth","Reference",6.60094707849647,3.52309223857943,10.3180780638995
"28553","Secchi Depth","Current",2.03696796179325,1.49761008362824,2.6260787174462
"28553","Secchi Depth","Reference",6.73031678578291,3.30963466713902,11.0223071047179
"28577","Secchi Depth","Current",2.76260797782301,2.15225096856551,3.34784407318999
"28577","Secchi Depth","Reference",6.87772809447737,3.70306199918644,10.848448367099
"28611","Secchi Depth","Current",10.4844918913476,8.60481139990546,13.161779800246
"28611","Secchi Depth","Reference",11.8817064515857,8.35397516655863,17.6826855753262
"28624","Secchi Depth","Current",9.3052120077926,7.50452279829513,11.884737266707
"28624","Secchi Depth","Reference",9.8178825185401,7.35668746451657,13.2452902084549
"28652","Secchi Depth","Current",10.2568999743521,8.34173524274761,12.7048096784835
"28652","Secchi Depth","Reference",11.8174033308154,8.41827816331888,16.8419343983036
"28681","Secchi Depth","Current",3.84731150624066,3.12847121129788,4.71577441185247
"28681","Secchi Depth","Reference",9.46246396585403,6.60384005229278,13.0903995723312
"28682","Secchi Depth","Current",3.60364687901925,2.91472120727346,4.49408607752118
"28682","Secchi Depth","Reference",8.78974046973978,5.15499303956752,13.1241588946931
"28704","Secchi Depth","Current",4.75347116598082,3.87428448142796,5.95491473961456
"28704","Secchi Depth","Reference",10.9531000433331,7.86442374634292,15.4868935791712
"28708","Secchi Depth","Current",11.3967347081534,9.4153594329967,14.1051895535928
"28708","Secchi Depth","Reference",11.613307103834,8.68800677900306,15.6650032920149
"28722","Secchi Depth","Current",11.0705852410114,8.95122839011638,13.5825870736996
"28722","Secchi Depth","Reference",10.0568129720481,7.5679645908334,13.190424066266
"28737","Secchi Depth","Current",10.8815420653487,8.73961804634679,13.8480379638165
"28737","Secchi Depth","Reference",9.09972309780129,5.55677322033002,13.2099440506127
"28757","Secchi Depth","Current",9.76839189371093,7.78338218558497,12.2425520349469
"28757","Secchi Depth","Reference",10.3927973309623,6.9589332492275,15.1080550693504
"28774","Secchi Depth","Current",6.56993525017076,5.23999620736375,8.3285573536685
"28774","Secchi Depth","Reference",11.2480493568931,7.69061158129177,15.9143548786843
"28810","Secchi Depth","Current",8.14521463349469,6.23779703373564,10.8485446629771
"28810","Secchi Depth","Reference",9.84601242594402,6.47461682346239,14.9903966757805
"28817","Secchi Depth","Current",9.36495924054408,7.38650197168316,11.963427017398
"28817","Secchi Depth","Reference",10.6122375089483,7.30141298535004,15.5719306725172
"28835","Secchi Depth","Current",8.56846330316564,6.71453107727025,10.9891240392074
"28835","Secchi Depth","Reference",11.385774961751,7.35027344141591,16.5718453288634
"28849","Secchi Depth","Current",3.39458835743345,2.69317257641929,4.2120156805361
"28849","Secchi Depth","Reference",8.85332897601524,5.41270917632537,13.6628349148106
"28856","Secchi Depth","Current",8.49496652446342,6.67302834230444,11.1906635243954
"28856","Secchi Depth","Reference",11.4172272862003,5.96757313190389,18.8016246458505
"28858","Secchi Depth","Current",9.44672127329829,7.58246061474096,12.0665962407225
"28858","Secchi Depth","Reference",11.2744115811954,7.18247220085625,17.3087287916366
"28867","Secchi Depth","Current",8.65947234752601,6.69597020512396,11.0125423479492
"28867","Secchi Depth","Reference",11.1479529423876,6.86369796357951,17.5653456720978
"28876","Secchi Depth","Current",10.0257005274888,7.93105094376064,12.5456312938534
"28876","Secchi Depth","Reference",9.23064097900746,6.7754278718052,12.2496256557063
"28879","Secchi Depth","Current",10.0581419444974,8.00218369504957,12.701348645346
"28879","Secchi Depth","Reference",12.2354665940076,8.758075626348,17.1296375153003
"28885","Secchi Depth","Current",8.92593934311724,7.12203766742485,11.5133643158212
"28885","Secchi Depth","Reference",11.5542408477019,7.87495337132473,16.2103367901833
"28886","Secchi Depth","Current",11.006992161412,8.52987618244772,14.611434015039
"28886","Secchi Depth","Reference",11.4979146749982,8.203460827332,15.8483459646773
"28907","Secchi Depth","Current",9.71747659576507,7.89166327133269,12.3279046744844
"28907","Secchi Depth","Reference",11.3178476000153,7.6285302366936,16.3193687738758
"28912","Secchi Depth","Current",10.3738028851273,8.2603879346617,13.2463104775102
"28912","Secchi Depth","Reference",11.6200610608459,7.93556398054753,16.8955538338209
"28937","Secchi Depth","Current",11.6964922509878,9.42793895527995,14.6915887760544
"28937","Secchi Depth","Reference",11.330965137621,6.47195457620913,17.8971409155807
"28942","Secchi Depth","Current",10.2808276476665,8.28136793592634,12.9753019910001
"28942","Secchi Depth","Reference",11.9781698608835,9.00802705865704,15.8750094646176
"28945","Secchi Depth","Current",10.9663570271564,8.84701476733077,13.7586347014597
"28945","Secchi Depth","Reference",9.04227270725378,6.27592714843452,12.645644766112
"28989","Secchi Depth","Current",9.9461556103321,7.96489413486416,12.3798600301433
"28989","Secchi Depth","Reference",12.0819437125899,7.37324313372006,18.2153368925248
"29031","Secchi Depth","Current",10.100415325368,7.97030013698189,12.6999063005671
"29031","Secchi Depth","Reference",9.74827510721273,7.37474270998645,12.92508157545
"29043","Secchi Depth","Current",10.3652707970252,8.27366238093482,13.0067759693822
"29043","Secchi Depth","Reference",11.3416765837804,7.84868267386374,16.601251337499
"29070","Secchi Depth","Current",8.49140054843413,6.47209669329979,10.7540895846483
"29070","Secchi Depth","Reference",12.2894109681341,8.99114524015453,16.4989975775259
"29073","Secchi Depth","Current",8.70922288703602,6.83180957424681,11.0542114099625
"29073","Secchi Depth","Reference",11.8410413137533,9.32108665366794,15.279583891178
"29095","Secchi Depth","Current",5.94472724785908,4.83190563595479,7.27015378049294
"29095","Secchi Depth","Reference",11.1414565437942,7.72990575256387,15.9284069535809
"29100","Secchi Depth","Current",10.5623164805571,8.39208885576447,13.5917300168375
"29100","Secchi Depth","Reference",9.04713136658765,6.36203506519248,12.6310749849812
"29104","Secchi Depth","Current",10.2758454945546,8.20003576129372,13.2274419395645
"29104","Secchi Depth","Reference",11.5181208690862,7.90873218598019,16.6194491234966
"29124","Secchi Depth","Current",10.0796177461899,7.98098595501631,12.7812205307439
"29124","Secchi Depth","Reference",11.6267423729581,8.18847094248443,16.1362841440036
"29224","Secchi Depth","Current",11.6164875701893,9.23794731707435,14.9273449607286
"29224","Secchi Depth","Reference",11.6424397207735,8.97693612818473,15.1513618218283
"29244","Secchi Depth","Current",14.2257071670768,11.415663331207,17.9341472731972
"29244","Secchi Depth","Reference",12.3980937133439,9.46337942534487,15.9549240543847
"29250","Secchi Depth","Current",8.87224644176919,7.33114107268606,11.0585099059858
"29250","Secchi Depth","Reference",9.46433959470042,7.39042175980845,12.2701034786402
"29253","Secchi Depth","Current",11.2011194722334,8.9408376133212,14.3271459589286
"29253","Secchi Depth","Reference",11.7778243531972,9.02695894125446,15.4707027881338
"29254","Secchi Depth","Current",12.076803598622,9.8971898659442,15.260504724062
"29254","Secchi Depth","Reference",11.3337967951378,8.85882982375605,14.4264835217348
"29427","Secchi Depth","Current",7.69471162595829,5.78515667565543,9.9801231570706
"29427","Secchi Depth","Reference",10.2046172934241,7.22822201434076,13.9148950281578
"29472","Secchi Depth","Current",8.55099676364424,6.62171698308564,11.0048514660356
"29472","Secchi Depth","Reference",11.2417246566075,7.75688342389375,16.639745533491
"29489","Secchi Depth","Current",7.59892481157353,5.69688978908831,9.82333892591675
"29489","Secchi Depth","Reference",11.5999328656945,7.69775510639071,17.0367075172599
"29490","Secchi Depth","Current",9.04061457098397,6.93165128912394,11.6809429902723
"29490","Secchi Depth","Reference",11.8312913826402,8.55693106033708,16.1757046453093
"29496","Secchi Depth","Current",8.87858671341202,6.81323024815909,11.6690438163849
"29496","Secchi Depth","Reference",11.3809158755728,7.21169383540447,16.9535447509606
"29506","Secchi Depth","Current",10.1253109707194,7.92937944333713,12.9945607917619
"29506","Secchi Depth","Reference",11.4909038361824,8.19375562624432,16.1919997870739
"29509","Secchi Depth","Current",5.02160041350244,4.08456383494756,6.27349976191785
"29509","Secchi Depth","Reference",9.39360692876299,6.51575855817373,12.989524810068
"29541","Secchi Depth","Current",8.34739645630672,5.84075124992083,11.1971097532072
"29541","Secchi Depth","Reference",8.88051291841811,5.9612824018317,12.4628379208878
"29547","Secchi Depth","Current",8.19017929477495,6.45002933918929,10.6824882033282
"29547","Secchi Depth","Reference",10.4734417649015,7.68442289044579,14.2857029132973
"29548","Secchi Depth","Current",3.92197033558869,3.19240508328848,4.82935277811362
"29548","Secchi Depth","Reference",10.8396707228465,8.17119266588375,14.347161070803
"29614","Secchi Depth","Current",8.8961657660535,6.7462027749405,11.7391256243897
"29614","Secchi Depth","Reference",9.27210380162992,6.60815476758119,12.2714565865269
"29644","Secchi Depth","Current",10.2998899896445,7.97749109433697,13.660180370956
"29644","Secchi Depth","Reference",9.04712240356005,5.73789564395921,13.8708817880146
"29669","Secchi Depth","Current",5.52907664409677,4.5485189232534,6.77685849616135
"29669","Secchi Depth","Reference",11.1127231035547,7.96426430449404,15.3643261451162
"29679","Secchi Depth","Current",11.201207912392,8.97028920522276,14.2307913866749
"29679","Secchi Depth","Reference",10.0356923575346,7.53174658411013,13.1445831539163
"29681","Secchi Depth","Current",10.7399614298457,8.7356095915272,13.6927770616491
"29681","Secchi Depth","Reference",10.4226256395236,7.90126343595882,13.7079850189262
"29688","Secchi Depth","Current",11.9306028780591,9.65896118284848,15.1549603188291
"29688","Secchi Depth","Reference",11.4540501159272,8.83449115922311,15.0739653667548
"29724","Secchi Depth","Current",10.7384757303836,8.50079718661993,14.121728594864
"29724","Secchi Depth","Reference",11.3618130424216,7.67646751418196,16.6623113943232
"29728","Secchi Depth","Current",12.3492748056545,9.84459639220527,15.8106910428251
"29728","Secchi Depth","Reference",9.0534312627688,5.46422261141263,13.5451621850846
"29729","Secchi Depth","Current",10.1286618826349,7.96716957434762,13.0685281854404
"29729","Secchi Depth","Reference",11.9115546202235,8.76335343586697,16.3738282986873
"29748","Secchi Depth","Current",8.81880299739231,6.59793965859954,11.7706799123142
"29748","Secchi Depth","Reference",11.6708957558425,7.6460585216544,17.4689021125802
"29790","Secchi Depth","Current",10.4924395040915,8.02661670091489,13.7074954568209
"29790","Secchi Depth","Reference",11.5043320985594,8.44068390283431,15.7226323320093
"29821","Secchi Depth","Current",9.74867762526056,7.55474699752948,12.9375887292787
"29821","Secchi Depth","Reference",11.643427255141,8.43978065351079,15.9563620147712
"29831","Secchi Depth","Current",8.9276127487664,6.95958250234044,11.6613390578983
"29831","Secchi Depth","Reference",11.2763777934177,7.79732991157892,16.0607412488602
"29847","Secchi Depth","Current",5.33849303313694,4.41239393671257,6.5625955714625
"29847","Secchi Depth","Reference",11.1351726755739,7.39524800018885,16.6450091851522
"29848","Secchi Depth","Current",8.23662356415271,6.19114971593803,10.9089007772798
"29848","Secchi Depth","Reference",11.5129702565938,7.57506052753727,17.2730155290939
"29858","Secchi Depth","Current",9.98358885896254,7.88754260236568,12.6667918654608
"29858","Secchi Depth","Reference",10.6943300017226,7.37296455069693,14.9861896773659
"29883","Secchi Depth","Current",5.15637211580319,4.21934002271613,6.35362945351636
"29883","Secchi Depth","Reference",11.117960233413,7.3795066496653,16.0252850147451
"29891","Secchi Depth","Current",9.82885191411159,7.63477944833512,12.686536639756
"29891","Secchi Depth","Reference",11.4098723007922,7.78137910112237,16.284360731981
"29895","Secchi Depth","Current",4.93104170036296,4.11272897207291,5.98560122602421
"29895","Secchi Depth","Reference",10.625411055936,7.7651972683806,14.2152637103907
"29907","Secchi Depth","Current",5.11349037067283,4.29161005790204,6.23135847160933
"29907","Secchi Depth","Reference",10.912133201149,7.90649092814674,15.1973275826283
"29917","Secchi Depth","Current",8.52727000668872,6.87515457030735,10.7732747085409
"29917","Secchi Depth","Reference",11.1006633687044,8.38343959537896,14.5848035210371
"29938","Secchi Depth","Current",10.5243828920648,8.59537810669329,13.2388412849188
"29938","Secchi Depth","Reference",11.7316243478757,8.33148500277276,16.9552585683944
"29956","Secchi Depth","Current",9.30847449357184,7.46520005816522,11.9192564803676
"29956","Secchi Depth","Reference",11.6543498046315,7.29158105782914,17.443131890815
"29981","Secchi Depth","Current",3.32077602777025,2.67869600912758,4.35675457408013
"29981","Secchi Depth","Reference",8.2445111169701,5.24564269048142,12.5616107012216
"30017","Secchi Depth","Current",12.9621358891833,10.3201495749222,16.6677297668403
"30017","Secchi Depth","Reference",11.5936326878272,8.7273110121555,15.9407074098724
"30038","Secchi Depth","Current",14.9672027867272,11.7765422664787,19.3630749576508
"30038","Secchi Depth","Reference",11.6223508795162,8.02325915334817,16.8995726815517
"30344","Secchi Depth","Current",14.0432874733387,11.308608338648,18.1130798524248
"30344","Secchi Depth","Reference",11.6802140855726,7.82909984602618,17.4825464783766
"30345","Secchi Depth","Current",13.6466863408572,10.9431232769569,17.4309694486539
"30345","Secchi Depth","Reference",11.5686387236146,8.55799440710267,15.5717680447211
"30380","Secchi Depth","Current",9.38161803746674,7.69420886494557,11.5413202438342
"30380","Secchi Depth","Reference",10.4839540304402,8.12800743804828,13.7624670610085
"30524","Secchi Depth","Current",1.47244037568609,1.00665737675884,1.94312295661548
"30524","Secchi Depth","Reference",5.61525372885986,2.68566571181777,9.02808896392913
"30851","Secchi Depth","Current",1.60989320211957,1.02778378405611,2.19819978301361
"30851","Secchi Depth","Reference",5.99753766636068,3.74212064548871,8.72901623813864
"32287","Secchi Depth","Current",4.20052411616048,2.56682353809109,5.8522114456244
"32287","Secchi Depth","Reference",7.42043781157428,4.71995632138192,10.5624109579339
"32805","Secchi Depth","Current",1.10502852901534,0.70147431231681,1.54333019739896
"32805","Secchi Depth","Reference",4.09060009564286,1.80118831006122,6.88504114957529
"32835","Secchi Depth","Current",2.65036000240877,1.94300645626111,3.37987425693593
"32835","Secchi Depth","Reference",6.46133002834292,3.95263683082875,9.3366819201555
"33063","Secchi Depth","Current",3.46030986058805,1.77970861351155,5.28178272896686
"33063","Secchi Depth","Reference",7.16845850024065,4.64609311170774,10.0142993262317
"33085","Secchi Depth","Current",3.44839175200673,2.78363442082227,4.15644038458525
"33085","Secchi Depth","Reference",6.68124472800891,4.22209655045878,9.55187759661426
"33287","Secchi Depth","Current",6.0618724218374,4.6135959193726,7.63892806931407
"33287","Secchi Depth","Reference",9.34946506994485,6.89157373574917,12.4090486892076
"34222","Secchi Depth","Current",7.19260948583033,5.4654433814414,9.05926782392289
"34222","Secchi Depth","Reference",9.04510181946624,7.0627252744373,11.4754679354432
"34665","Secchi Depth","Current",0.968815152775503,0.597601743116994,1.4246822909037
"34665","Secchi Depth","Reference",5.40872579753155,3.20841359221,8.09259198102446
"34666","Secchi Depth","Current",2.72839779016675,2.15130242188931,3.40260745300163
"34666","Secchi Depth","Reference",6.19747810410647,3.39134089980464,9.14071608123442
"34669","Secchi Depth","Current",3.17044592599367,2.5513358175448,4.02826299690417
"34669","Secchi Depth","Reference",8.09025866376139,5.58153876278427,11.4686532709705
"34688","Secchi Depth","Current",3.95524761261151,3.20796894904201,4.90220919288686
"34688","Secchi Depth","Reference",10.7054930993317,7.60107740690986,15.3228579737152
"34689","Secchi Depth","Current",4.50705022510794,3.75709097915854,5.43938603122491
"34689","Secchi Depth","Reference",10.7368624611401,7.56451696051886,15.2043080552782
"35606","Secchi Depth","Current",4.27228754013476,2.65726100637827,5.91908500908127
"35606","Secchi Depth","Reference",8.09430658194002,5.74515657363585,10.9628715950235
"35646","Secchi Depth","Current",5.21805607194745,3.58529869461265,6.9063372261407
"35646","Secchi Depth","Reference",9.69081018297419,7.26057874264425,12.7298423455104
"35662","Secchi Depth","Current",2.53540940900042,1.919497259074,3.23236159410733
"35662","Secchi Depth","Reference",7.22180197592154,4.95009748895109,9.66162188170173
"36025","Secchi Depth","Current",6.40551451310797,4.87294360230071,8.08037767961278
"36025","Secchi Depth","Reference",8.47428827552197,6.08681082630723,11.1943606297044
"36046","Secchi Depth","Current",1.31331010042565,0.892364517180242,1.88044011331127
"36046","Secchi Depth","Reference",5.60218351274348,3.46455667080629,8.19950555211877
"36096","Secchi Depth","Current",0.624519653523956,0.280885818975911,1.04801011420289
"36096","Secchi Depth","Reference",3.72411728096825,1.09988636110835,7.11623001207541
"36215","Secchi Depth","Current",0.447696730390712,0.175141754792266,0.854788433144508
"36215","Secchi Depth","Reference",3.35397192767968,0.624093119431364,6.08551565096662
"36275","Secchi Depth","Current",2.93813309557758,2.22017419394127,3.64241363611419
"36275","Secchi Depth","Reference",7.04402992999963,4.32605144006776,10.330901873932
"36314","Secchi Depth","Current",2.59298750126866,2.00245841496856,3.19937936999281
"36314","Secchi Depth","Reference",7.20433932006445,5.01522100129595,9.8817751130726
"36742","Secchi Depth","Current",5.34841833469422,4.51501722477567,6.41400762585001
"36742","Secchi Depth","Reference",8.75101168577424,6.77733526292818,11.1114839157862
"36981","Secchi Depth","Current",7.14768724344861,5.32661928000881,8.93457651897504
"36981","Secchi Depth","Reference",10.1855764424236,8.07075968193619,12.9861721824017
"37201","Secchi Depth","Current",3.69704053227427,2.12738061067741,5.30767870654683
"37201","Secchi Depth","Reference",7.5455692993387,5.24062886730639,10.3647961705205
"37202","Secchi Depth","Current",4.09629796012937,2.49617712041317,5.72170022439597
"37202","Secchi Depth","Reference",7.51390740698231,4.60142649783288,11.3877804132663
"37530","Secchi Depth","Current",6.43174206334022,4.87395001096834,8.2782325376572
"37530","Secchi Depth","Reference",9.31168967995126,7.24974647154982,11.7321745073859
"37534","Secchi Depth","Current",7.73120168074552,6.12405159998736,9.51356958250929
"37534","Secchi Depth","Reference",9.35326668027457,7.27549824953114,11.7656788074086
"37607","Secchi Depth","Current",3.26680489859523,2.72079509125137,3.97660248752166
"37607","Secchi Depth","Reference",8.97602321106546,6.46518729120393,12.0005720195333
"37622","Secchi Depth","Current",1.8473802839804,1.25719032774532,2.44829608761529
"37622","Secchi Depth","Reference",5.7003135638779,3.39297124523844,8.12835331385459
"37701","Secchi Depth","Current",3.35580951605134,2.68576912380362,4.14701826171926
"37701","Secchi Depth","Reference",7.23877157337605,3.99521675728144,11.5797349760569
"37702","Secchi Depth","Current",3.49554320451961,2.76428591853867,4.28781110412092
"37702","Secchi Depth","Reference",7.2620759489125,4.20539002211342,11.2124333141907
"37705","Secchi Depth","Current",3.94682175438143,3.25778521374767,4.809188928265
"37705","Secchi Depth","Reference",7.4596796705132,4.43101868392723,10.7992178591205
"37855","Secchi Depth","Current",6.8257876011484,4.95958917725229,9.06102720585709
"37855","Secchi Depth","Reference",9.87372835704905,7.44161823865053,12.890958188246
"38143","Secchi Depth","Current",5.83443247253165,4.68085227273963,7.33404809718229
"38143","Secchi Depth","Reference",7.59464120081406,3.97605653075638,12.5191780996931
"38184","Secchi Depth","Current",5.67610489014492,4.74812314511878,6.76898351471052
"38184","Secchi Depth","Reference",9.52474994164333,6.54037376482176,13.6365628776023
"38314","Secchi Depth","Current",3.39531670741978,2.70281875245941,4.17461362867515
"38314","Secchi Depth","Reference",7.97176872336521,5.53734702937224,10.7935017031234
"38421","Secchi Depth","Current",4.18123165349246,3.30130105111602,5.26768466349735
"38421","Secchi Depth","Reference",9.7827402549491,7.24757705628162,13.3149897489114
"38434","Secchi Depth","Current",4.79722634185857,4.01406886106122,5.73134735190544
"38434","Secchi Depth","Reference",7.79602470874804,4.6897562009666,11.8691542347047
"38502","Secchi Depth","Current",13.1302307685106,10.3625608590852,16.8123526683486
"38502","Secchi Depth","Reference",12.861591677283,9.76712676207384,16.6042718733357
"38545","Secchi Depth","Current",10.1363370529719,8.05746769566674,13.1178583801599
"38545","Secchi Depth","Reference",11.4836920931668,8.80821091797389,15.0707502907782
"38614","Secchi Depth","Current",4.38750829294641,3.55745471700819,5.35330699694151
"38614","Secchi Depth","Reference",9.67451870995898,6.84311509049619,13.9677018912261
"38637","Secchi Depth","Current",8.74180804281952,6.92061643688297,11.0222181676329
"38637","Secchi Depth","Reference",10.4054545071109,7.19262697729548,14.8745927393378
"38638","Secchi Depth","Current",9.18694992114931,7.38112664861996,11.4652404120967
"38638","Secchi Depth","Reference",10.6398182377566,7.86332684952068,13.9703234755912
"38648","Secchi Depth","Current",4.9062337889672,3.94446490879799,6.15231970554913
"38648","Secchi Depth","Reference",9.7432667345576,6.22816936739505,14.580369153101
"38664","Secchi Depth","Current",4.4619218880865,3.64623188242662,5.46817360592504
"38664","Secchi Depth","Reference",9.56832401620144,6.91191062397046,12.6613552468571
"38665","Secchi Depth","Current",10.2609146032531,8.42272463374366,12.6515995133184
"38665","Secchi Depth","Reference",10.3311888278165,7.70571785723884,13.3667440421643
"38955","Secchi Depth","Current",3.63916530032775,2.84998962008918,4.67825912773216
"38955","Secchi Depth","Reference",9.50103619929678,6.81440186435472,12.8702419459706
"38974","Secchi Depth","Current",11.7432689096826,9.50790664342605,14.6008583742771
"38974","Secchi Depth","Reference",12.4573903812471,9.29616312417974,16.645223278664
"39050","Secchi Depth","Current",11.9617609247958,9.58333020359762,14.9171961581274
"39050","Secchi Depth","Reference",10.3652920986058,7.87993045615664,13.834941550522
"39056","Secchi Depth","Current",9.05876514311106,6.83272746407564,12.1862086188353
"39056","Secchi Depth","Reference",11.4961157661506,8.59464667221101,15.0709975249702
"39101","Secchi Depth","Current",3.86863377626439,3.09134759063441,4.85599698272088
"39101","Secchi Depth","Reference",6.12341252560079,2.81422187735072,10.2907758746397
"39122","Secchi Depth","Current",5.75418738742858,4.83574740734218,6.80901004593407
"39122","Secchi Depth","Reference",11.1795911576145,8.71084148820819,14.374025467698
"39166","Secchi Depth","Current",5.57251251866823,4.58853777550434,6.73607159949304
"39166","Secchi Depth","Reference",8.12256574923462,5.96168557275485,10.5599915470532
"39225","Secchi Depth","Current",4.80055660062745,3.9833432587205,5.83498384228222
"39225","Secchi Depth","Reference",10.2097979355014,7.77445688197907,13.2301010652467
"39226","Secchi Depth","Current",10.7494140242856,8.77811603788799,13.2214709139812
"39226","Secchi Depth","Reference",10.7527267057521,8.09984566208208,13.977353779103
"39297","Secchi Depth","Current",10.1567765257762,8.07505319849807,12.8496199283706
"39297","Secchi Depth","Reference",9.31202194975546,7.14672385024934,11.7733566511669
"39356","Secchi Depth","Current",10.16137204165,8.32920886752082,12.4635923136974
"39356","Secchi Depth","Reference",12.134531484257,9.58658861530795,15.5180949316604
"39357","Secchi Depth","Current",8.52019012185922,6.84917617330975,10.5284796061795
"39357","Secchi Depth","Reference",11.6605539787152,9.26021739689797,15.3451709070403
"39364","Secchi Depth","Current",8.75347853468194,7.01663206555245,11.059554986654
"39364","Secchi Depth","Reference",11.1191048273712,8.69053605706548,14.2356370091041
"39466","Secchi Depth","Current",2.92527269232794,2.26334315002378,3.59838685744794
"39466","Secchi Depth","Reference",7.64836314919434,3.88731105530603,12.5778379662819
"39478","Secchi Depth","Current",3.79585249151738,3.12674281955331,4.69512767060327
"39478","Secchi Depth","Reference",7.21906603806111,4.81474904929399,9.75228553541383
"39552","Secchi Depth","Current",9.39505112330644,7.38537000117691,11.7046935028823
"39552","Secchi Depth","Reference",10.3860904262888,7.09865639849233,15.0224631308891
"39599","Secchi Depth","Current",2.80589412605521,2.18718396774935,3.51050507218074
"39599","Secchi Depth","Reference",9.81507921105332,6.63040202649189,13.8749024837678
"39602","Secchi Depth","Current",2.55633607078677,1.91765316597084,3.26238652460858
"39602","Secchi Depth","Reference",7.81969992838347,4.09466157211811,12.1265351579034
"39611","Secchi Depth","Current",2.44771224642801,1.92102268594228,3.07194307246126
"39611","Secchi Depth","Reference",7.26137158537656,3.5211767081471,12.6791568431812
"39621","Secchi Depth","Current",3.17049762464965,2.48550213446418,3.96706755153767
"39621","Secchi Depth","Reference",7.52113167331338,5.02525881065594,10.2350322804647
"39653","Secchi Depth","Current",5.8145748180421,4.83582506570783,6.95629422380039
"39653","Secchi Depth","Reference",11.0039035422135,8.58267629920016,14.2555253609023
"39688","Secchi Depth","Current",6.3985821251796,5.33167216490376,7.6355931234945
"39688","Secchi Depth","Reference",11.2499544693658,8.22764432060886,15.3271007973522
"39732","Secchi Depth","Current",6.69155895112944,5.75794391576787,7.80630837857461
"39732","Secchi Depth","Reference",7.94256358042702,5.46670443829248,10.9813500985009
"39822","Secchi Depth","Current",9.59836824918889,7.48111669684849,12.4681831890297
"39822","Secchi Depth","Reference",11.40717010633,7.90871750603503,16.0914899635047
"39837","Secchi Depth","Current",11.2784664489467,9.10292347254141,14.1107704642894
"39837","Secchi Depth","Reference",12.1209096606143,9.28706483279209,15.7856494902551
"39876","Secchi Depth","Current",5.56520988192045,3.89226283725094,7.59061755623745
"39876","Secchi Depth","Reference",8.87819055144446,6.60501893164806,11.6404786819413
"39885","Secchi Depth","Current",5.76115015221956,4.07945213071986,7.54875167446547
"39885","Secchi Depth","Reference",9.44456749999641,7.07257953273382,12.3831323645269
"39949","Secchi Depth","Current",5.17536531896661,4.36840023794344,6.18023914132695
"39949","Secchi Depth","Reference",6.83106623265641,4.39185268283519,9.62087423265056
"39950","Secchi Depth","Current",9.86129118440935,7.84934670238072,12.512269155025
"39950","Secchi Depth","Reference",9.52807839762093,6.91219742503774,13.2269816138151
"39974","Secchi Depth","Current",5.33584542471412,4.51112688497009,6.36893391922427
"39974","Secchi Depth","Reference",10.4412538188883,7.1332319896559,14.6671968092677
"39991","Secchi Depth","Current",9.32312580985711,7.23940539175827,11.7551288351083
"39991","Secchi Depth","Reference",11.4920255424632,8.16845073618295,15.9068532156727
"40004","Secchi Depth","Current",6.18320268359366,5.237988121088,7.23933411238464
"40004","Secchi Depth","Reference",10.1899063185727,7.90276936692497,13.3550762358725
"40008","Secchi Depth","Current",3.06312774642179,2.46463581420453,3.7190194231735
"40008","Secchi Depth","Reference",7.36587148386732,3.71351825498619,12.0850537125042
"40050","Secchi Depth","Current",13.0373468713243,10.547503702317,16.4958688878749
"40050","Secchi Depth","Reference",12.5814850850168,9.75687709310372,16.5428961011505
"40071","Secchi Depth","Current",2.45629805634736,1.92471159007533,3.07334629924114
"40071","Secchi Depth","Reference",7.33055715995174,5.40413823437723,9.35292662680386
"40072","Secchi Depth","Current",4.28826284607577,3.51639605481889,5.20472159062405
"40072","Secchi Depth","Reference",8.44576922396211,6.43219583434364,11.1099862648486
"40086","Secchi Depth","Current",4.67520750305108,3.92011549856077,5.77574701303395
"40086","Secchi Depth","Reference",8.00128156529434,5.8943754826723,11.5445545225278
"40102","Secchi Depth","Current",10.6986010233956,8.72496214023285,13.238458277652
"40102","Secchi Depth","Reference",10.2204678517511,8.00280602163258,13.0563504452256
"40110","Secchi Depth","Current",4.76071343795288,4.03348507021384,5.71046439341632
"40110","Secchi Depth","Reference",8.85795348587847,6.43937066831851,11.7608340343771
"40119","Secchi Depth","Current",2.63719815403279,2.01462756424692,3.290015610708
"40119","Secchi Depth","Reference",6.46290898210019,4.24977167315276,9.06398146151986
"40124","Secchi Depth","Current",6.18150600544164,4.36598881114531,8.22756037457123
"40124","Secchi Depth","Reference",9.43368277761165,7.27646442125376,12.3582029105943
"40135","Secchi Depth","Current",3.11972598442996,2.40968216957631,3.871784302998
"40135","Secchi Depth","Reference",6.25401140810192,3.88425704893577,8.96379589545917
"40188","Secchi Depth","Current",3.27398249654126,2.62641848477224,4.07370617084157
"40188","Secchi Depth","Reference",8.35905117021683,6.28530487304505,10.786205998928
"40202","Secchi Depth","Current",2.71041446219594,2.14735173573878,3.37606051217075
"40202","Secchi Depth","Reference",6.03529349222428,3.94805015269444,8.28349152755218
"40216","Secchi Depth","Current",1.66144691952985,1.19914538421928,2.22952410233334
"40216","Secchi Depth","Reference",6.18886866775382,3.63341401883752,8.71318138194689
"40232","Secchi Depth","Current",2.41881934393111,1.8978503317489,3.05662257082588
"40232","Secchi Depth","Reference",6.00169731044923,3.89564155200242,8.5283415183782
"40289","Secchi Depth","Current",6.65757143476309,4.97117981370351,8.30804072918169
"40289","Secchi Depth","Reference",9.26927878057731,6.64734433656326,12.420561802576
"40320","Secchi Depth","Current",5.04728324085404,3.39245542331248,6.86185774420229
"40320","Secchi Depth","Reference",9.51076153249261,7.41786100122733,12.0281166006105
"40326","Secchi Depth","Current",8.45985226403954,6.63583418466072,10.7196110248375
"40326","Secchi Depth","Reference",10.4123926134193,7.86965202229183,13.2332384632197
"40327","Secchi Depth","Current",5.01535433632649,4.19890394072503,6.14168377861333
"40327","Secchi Depth","Reference",10.1288256418458,7.21590709719208,14.3891957530808
"40396","Secchi Depth","Current",10.3683461088497,8.44677344328242,12.8727920742579
"40396","Secchi Depth","Reference",10.0505481772975,7.77787813991335,12.6086302470199
"40590","Secchi Depth","Current",4.95247399374485,3.34514346581794,6.51897309861713
"40590","Secchi Depth","Reference",9.7565311930518,7.6631463753344,12.60430521046
"40950","Secchi Depth","Current",2.76174219277039,1.25975539519206,4.82558100678909
"40950","Secchi Depth","Reference",8.96629984534842,6.26599820947368,12.1881641802465
"41299","Secchi Depth","Current",1.39138550231881,0.969476018540689,1.95613796730254
"41299","Secchi Depth","Reference",8.19200506248633,5.99012245546529,11.2005267367994
"41305","Secchi Depth","Current",3.54898387832663,2.81527989404703,4.37953620878531
"41305","Secchi Depth","Reference",11.2738747669874,8.69482156130137,14.7531578517024
"41306","Secchi Depth","Current",3.25831851813387,2.60946004717356,4.06021231331908
"41306","Secchi Depth","Reference",14.1759351356525,10.4399804467172,19.1231340510791
"41314","Secchi Depth","Current",1.33549254243261,0.89251579093166,1.81394945709461
"41314","Secchi Depth","Reference",6.24610647255514,4.01651274405752,8.74956182459624
"41335","Secchi Depth","Current",3.55528607797356,2.83880745753394,4.45173904889435
"41335","Secchi Depth","Reference",8.37221547902462,6.33948761618907,11.047548466046
"41359","Secchi Depth","Current",4.67574185013511,3.84315423900927,5.66521380332332
"41359","Secchi Depth","Reference",11.0183728575431,8.41388643040237,14.1536523895107
"41443","Secchi Depth","Current",3.97818469017103,2.39377914653649,5.65224196039468
"41443","Secchi Depth","Reference",10.4184133505275,7.801462319234,13.6847395638275
"41471","Secchi Depth","Current",6.35277074041481,4.74795618903724,7.95695531599413
"41471","Secchi Depth","Reference",9.21009098302718,7.05141059843953,12.0874588058446
"41679","Secchi Depth","Current",9.20887652186646,6.91516066195958,12.1790610676862
"41679","Secchi Depth","Reference",11.5285548780012,8.87663380565076,15.1740412272386
"41690","Secchi Depth","Current",3.0469893641691,2.4788180680147,3.7686473384868
"41690","Secchi Depth","Reference",7.28726128895543,3.53161739594103,11.9399438712711
"41721","Secchi Depth","Current",8.44944912090682,6.24403400784866,11.5185409009948
"41721","Secchi Depth","Reference",11.4139041024344,8.74063339982449,14.953547337909
"41723","Secchi Depth","Current",7.72546682226765,5.23042996971154,10.8896271724555
"41723","Secchi Depth","Reference",11.3271990795159,8.47089308462229,15.1109161544845
"41727","Secchi Depth","Current",10.9806310200537,8.71474075975738,13.8515349753641
"41727","Secchi Depth","Reference",11.4327046879854,8.71538621370744,15.4193799804032
"41743","Secchi Depth","Current",5.32895601490664,4.38546164563419,6.56561956345497
"41743","Secchi Depth","Reference",10.7419221498049,8.09666825807402,14.4823680915469
"41746","Secchi Depth","Current",5.88031634477004,4.74237025351266,7.26846313564742
"41746","Secchi Depth","Reference",11.1899312977884,8.4534090191241,14.9316166747848
"41757","Secchi Depth","Current",9.34246709046428,6.93778635678682,12.4933699552725
"41757","Secchi Depth","Reference",11.8918075179689,9.17330169158526,15.2519938234428
"41761","Secchi Depth","Current",9.99498057170954,7.64874599908854,13.296289395651
"41761","Secchi Depth","Reference",11.3724625551023,8.61656419971661,14.7058064464351
"41768","Secchi Depth","Current",5.07051570755735,4.13367077826033,6.38919171901182
"41768","Secchi Depth","Reference",11.0519391799529,8.29144300661199,14.4655533861934
"41772","Secchi Depth","Current",10.3208900634422,8.05798200417513,13.5947807628668
"41772","Secchi Depth","Reference",11.2848336435154,8.66762104682853,14.6176599827495
"42284","Secchi Depth","Current",2.62776845724223,1.16335316410817,4.41621644710508
"42284","Secchi Depth","Reference",7.12707490629422,4.43704122280977,10.2963517049421
"42978","Secchi Depth","Current",3.97653444369819,2.38483507764515,5.67429895439023
"42978","Secchi Depth","Reference",9.60836571640904,7.37923687311108,12.0042559002565
"43087","Secchi Depth","Current",3.53812689900565,2.85963749013888,4.29749509863474
"43087","Secchi Depth","Reference",6.15834449465631,3.75631574371302,8.60135888946438
"43269","Secchi Depth","Current",7.96579238231014,6.06895055601671,10.4966864618282
"43269","Secchi Depth","Reference",7.70885924269343,5.35292887353044,10.3815135023524
"43566","Secchi Depth","Current",2.54875560783106,1.98227596231028,3.24251199803246
"43566","Secchi Depth","Reference",5.49819310394231,2.69973734669891,9.59270335313786
"43639","Secchi Depth","Current",1.19274852205524,0.765440169858175,1.63890666164417
"43639","Secchi Depth","Reference",6.12658152180094,3.50850756647345,9.49174275551134
"43649","Secchi Depth","Current",1.27898976777024,0.874625511578532,1.77300420590801
"43649","Secchi Depth","Reference",6.41617791704619,3.42113518357239,10.3824349874824
"43661","Secchi Depth","Current",2.54146686492288,1.95046826320371,3.14998668932296
"43661","Secchi Depth","Reference",6.3304631868239,2.89380196447934,10.6142784718403
"43668","Secchi Depth","Current",1.32316034796637,0.871628373141451,1.8484725280163
"43668","Secchi Depth","Reference",5.42292355930849,3.42271917170361,7.86550796373819
"43829","Secchi Depth","Current",0.938822181296032,0.488463031961074,1.43439518074996
"43829","Secchi Depth","Reference",5.60843686315307,2.9188421374021,9.07500769556507
"43846","Secchi Depth","Current",1.62269539248947,1.06732340636696,2.19297991672669
"43846","Secchi Depth","Reference",7.28954484060753,3.90500984038832,11.422966272216
"44110","Secchi Depth","Current",3.27686768901959,1.67984639197282,5.48962307452488
"44110","Secchi Depth","Reference",9.11648436248039,6.07452805465651,12.9925179142203
"44322","Secchi Depth","Current",3.12943187954304,1.48160258402132,4.86975147466208
"44322","Secchi Depth","Reference",9.36410470603644,6.87190086394264,12.5788682713321
"44353","Secchi Depth","Current",3.47273245290765,2.78504547919963,4.30297632305704
"44353","Secchi Depth","Reference",9.22410220183385,6.56829465532173,12.8453482541194
"44355","Secchi Depth","Current",2.11841726139948,1.57813979195819,2.72361241858997
"44355","Secchi Depth","Reference",6.6968926102706,3.99036891460739,9.95394752258639
"44364","Secchi Depth","Current",2.54183218293868,0.998620584708705,4.28702519857803
"44364","Secchi Depth","Reference",9.50023012294973,7.00757350866111,12.4125551079559
"44387","Secchi Depth","Current",9.68908668433576,7.9341956744246,12.1793782103281
"44387","Secchi Depth","Reference",9.56197529313481,6.94343625963341,12.595734729736
"44391","Secchi Depth","Current",0.36166919387076,0.129832750524808,0.721960970628341
"44391","Secchi Depth","Reference",6.00204821492247,3.74629919475633,8.54312158806329
"44570","Secchi Depth","Current",5.96084955902017,4.31298794169019,7.65604325157996
"44570","Secchi Depth","Reference",9.54002230726603,7.25741495339837,12.2884215267577
"44572","Secchi Depth","Current",5.9418549797761,4.31651396284146,7.87927625731578
"44572","Secchi Depth","Reference",10.6827653007029,8.10750881592085,14.4708454472246
"44575","Secchi Depth","Current",6.07623767302739,4.3324707456796,7.97535103333831
"44575","Secchi Depth","Reference",10.8192757768317,8.42686324473597,13.940543171284
"44599","Secchi Depth","Current",0.793739489549284,0.446339521603205,1.22756829350615
"44599","Secchi Depth","Reference",6.24996748166885,3.73753711908343,9.20741415856796
"44615","Secchi Depth","Current",1.22766399317047,0.744709675168351,1.75445839104797
"44615","Secchi Depth","Reference",6.92706513094571,3.87093192376128,10.905332751614
"44619","Secchi Depth","Current",0.93944340322956,0.509179980961012,1.45023232189287
"44619","Secchi Depth","Reference",6.99479375709323,3.81934618169493,11.0423014907565
"44657","Secchi Depth","Current",2.93168773362834,2.3339790296631,3.83936985575044
"44657","Secchi Depth","Reference",8.38134037100995,5.56961605702946,12.1182551700189
"44689","Secchi Depth","Current",1.1659526120284,0.764222067703528,1.64136434327198
"44689","Secchi Depth","Reference",6.23968006667575,3.61366240736975,9.55867718603024
"44694","Secchi Depth","Current",0.841429801450889,0.457486778449009,1.33235222957124
"44694","Secchi Depth","Reference",5.65460538532667,3.02123256800627,8.62683050101275
"44734","Secchi Depth","Current",3.31252500632917,2.60087702109803,4.16777737069262
"44734","Secchi Depth","Reference",9.29000751508805,6.42749751235302,13.1160337139617
"44746","Secchi Depth","Current",0.872286982579348,0.506574160350229,1.331181973467
"44746","Secchi Depth","Reference",4.96165691477926,2.51297453572627,7.80731396182124
"45048","Secchi Depth","Current",5.39603088705011,4.56541580008339,6.39001830426932
"45048","Secchi Depth","Reference",10.8311910881464,8.47559408142403,13.8517675499911
"45123","Secchi Depth","Current",4.48026472481992,3.73844999497968,5.29589866791055
"45123","Secchi Depth","Reference",9.51739089815267,7.07185963154513,12.9431079174199
"45150","Secchi Depth","Current",7.87776216382665,6.13241642404535,9.87942740197794
"45150","Secchi Depth","Reference",10.7601631758555,8.34585869116189,14.096350437108
"45151","Secchi Depth","Current",10.534628514288,8.49499265277158,13.5919690315633
"45151","Secchi Depth","Reference",12.8964304423031,10.0596828588367,16.5414894186235
"45153","Secchi Depth","Current",6.25385666737869,4.68663099562943,7.88048711282318
"45153","Secchi Depth","Reference",10.929438849962,8.4974708060081,14.0212629734609
"45155","Secchi Depth","Current",4.38747194018739,3.69071535515916,5.17296868650687
"45155","Secchi Depth","Reference",10.7359647390583,8.29635414725815,13.8032573615634
"45230","Secchi Depth","Current",4.31687870788147,2.68460570963545,5.93420546157829
"45230","Secchi Depth","Reference",9.62730038687531,7.03794513383711,12.6317242868603
"45250","Secchi Depth","Current",6.0009177796109,4.52656256347715,7.65345896033441
"45250","Secchi Depth","Reference",7.31418551722819,5.05754923004318,9.83505198075053
"45266","Secchi Depth","Current",5.71406603529785,4.50813268221474,7.21016859695335
"45266","Secchi Depth","Reference",11.2413490716528,8.44333304431011,14.9722716876624
"45302","Secchi Depth","Current",7.71612645560758,5.73475507591203,10.2513451495998
"45302","Secchi Depth","Reference",11.5128512444756,8.72788121026687,15.5251524543472
"45341","Secchi Depth","Current",8.16873113695539,5.35329759459656,11.5897707771428
"45341","Secchi Depth","Reference",11.2591934987222,8.76454421794258,14.6022475314122
"45356","Secchi Depth","Current",4.6686216499286,3.7122054702937,5.75674260843339
"45356","Secchi Depth","Reference",11.1908232341029,8.47303638545067,15.0254598342826
"45360","Secchi Depth","Current",10.5013935381216,8.17065234755761,13.7765655269153
"45360","Secchi Depth","Reference",11.6737054700951,9.16004352994542,14.9577541919372
"45362","Secchi Depth","Current",9.632350819926,7.29625393894288,12.6903615096246
"45362","Secchi Depth","Reference",11.512356703881,8.94462810572703,15.3253959748164
"45379","Secchi Depth","Current",10.0954035994584,7.65347076795521,13.2857876299174
"45379","Secchi Depth","Reference",11.6249164627712,9.07479208615193,14.9985190390425
"45381","Secchi Depth","Current",9.10823748030955,6.99071701467195,11.7633181416049
"45381","Secchi Depth","Reference",11.437141492062,8.88096899226343,15.0730325722685
"45411","Secchi Depth","Current",12.0679783097203,9.39099676662864,15.8738875321382
"45411","Secchi Depth","Reference",11.6686873636005,8.94287933708114,15.2490902168765
"45434","Secchi Depth","Current",5.8166391519931,4.80966048966672,6.97497504434536
"45434","Secchi Depth","Reference",11.1409061853815,8.73619195849153,14.4180613334158
"45483","Secchi Depth","Current",4.05831870480208,3.29988458265684,4.91976387420478
"45483","Secchi Depth","Reference",14.4886946505736,10.8921353134817,19.8121922278539
"45499","Secchi Depth","Current",3.99464731013677,3.17702505214019,5.04986642991224
"45499","Secchi Depth","Reference",14.7926031159709,10.8923039618196,20.1209258191916
"45501","Secchi Depth","Current",2.56433962613725,1.86297210678674,3.32248228956115
"45501","Secchi Depth","Reference",14.3000399653394,10.87395195641,19.3117832761939
"45503","Secchi Depth","Current",6.43837345068128,4.73356955818747,8.24000412885177
"45503","Secchi Depth","Reference",14.8542210363039,10.8086302803445,20.3716075602079
"45504","Secchi Depth","Current",3.61638517859689,2.92932157578104,4.37089512700459
"45504","Secchi Depth","Reference",14.3542055277369,10.6093294751749,19.5022817669792
"45514","Secchi Depth","Current",13.6611063013507,11.0949691598841,17.0205517975717
"45514","Secchi Depth","Reference",13.0708915217336,9.88173741845081,17.3990003853742
"45520","Secchi Depth","Current",3.57474907867563,2.85673828514172,4.36730035846411
"45520","Secchi Depth","Reference",13.7967018308294,10.1698437871314,18.7795590501759
"45525","Secchi Depth","Current",12.0829337864763,9.71912686870074,14.9572957250678
"45525","Secchi Depth","Reference",10.105698770371,7.9334341906394,13.0793909832667
"45534","Secchi Depth","Current",5.67234055374844,4.82348070000429,6.72837687023207
"45534","Secchi Depth","Reference",10.7555733844301,7.65109186278954,14.8233300946049
"45541","Secchi Depth","Current",3.58357318487281,1.92691806522482,5.34483041681661
"45541","Secchi Depth","Reference",14.4563479873888,10.2734355310701,20.0684485475292
"45543","Secchi Depth","Current",10.429915318957,8.1174152668385,13.4568628618102
"45543","Secchi Depth","Reference",11.0880963310348,8.50223359311174,14.3751209287869
"45599","Secchi Depth","Current",5.20250071972542,4.33572728855228,6.23746757867339
"45599","Secchi Depth","Reference",7.66219458369272,4.72395891345965,11.1200260291536
"45674","Secchi Depth","Current",6.66549979736207,4.30076471689724,9.71090965344023
"45674","Secchi Depth","Reference",11.1911696275712,8.27605321104421,15.5266581698054
"45678","Secchi Depth","Current",7.67909444568884,5.20895418456725,11.0237806931504
"45678","Secchi Depth","Reference",11.8176048028377,9.12241407929802,15.5900349078222
"45683","Secchi Depth","Current",10.9027192596853,8.7559810494607,13.9209508467267
"45683","Secchi Depth","Reference",10.4051485503911,7.24431887220672,14.587615785287
"45686","Secchi Depth","Current",10.7861537603256,8.74180730542277,13.4282773227096
"45686","Secchi Depth","Reference",10.950064384671,7.85267045389044,15.0061828064145
"45688","Secchi Depth","Current",13.4503079644431,10.8784318175775,16.7615683309499
"45688","Secchi Depth","Reference",10.9081252920383,8.05655193608342,15.0277341560702
"45723","Secchi Depth","Current",9.58120131946407,7.61953904508496,12.2883218141066
"45723","Secchi Depth","Reference",11.554753097644,9.02850776355638,14.9505412117845
"45724","Secchi Depth","Current",3.88812306297354,3.2019152889957,4.75849190100601
"45724","Secchi Depth","Reference",14.1152460233337,10.174915332337,20.2661850701968
"45826","Secchi Depth","Current",1.84495232674694,1.27105417549398,2.41882577707753
"45826","Secchi Depth","Reference",5.77917201126615,3.45026358865721,8.8344036632358
"45831","Secchi Depth","Current",2.65149310555509,1.98580161154974,3.39822290514023
"45831","Secchi Depth","Reference",5.89031324005781,3.17635452324382,8.89896390947096
"45856","Secchi Depth","Current",1.53208560965699,0.97331226365045,2.1341117364631
"45856","Secchi Depth","Reference",5.59259773013619,2.68974295616329,9.18607072665037
"45890","Secchi Depth","Current",4.08212485318636,3.34249112627419,4.84855850700763
"45890","Secchi Depth","Reference",8.44273382089671,5.98280663181518,11.6690585998131
"45905","Secchi Depth","Current",9.18783403259175,7.58137688619448,11.3501951386139
"45905","Secchi Depth","Reference",10.1430869575093,7.89944562742529,12.8509072743893
"45924","Secchi Depth","Current",11.56301732257,9.20751379315323,14.3350985030855
"45924","Secchi Depth","Reference",12.1311925875765,9.49778573794744,15.8030106719024
"45930","Secchi Depth","Current",3.74079335208836,2.97206350249507,4.67235457274404
"45930","Secchi Depth","Reference",4.3592589234023,1.33674363442631,8.39517669461156
"45935","Secchi Depth","Current",3.92845474711156,3.28811483064161,4.65855627192837
"45935","Secchi Depth","Reference",8.74083944842672,6.53084258288252,11.6745017232953
"45975","Secchi Depth","Current",3.47907995925365,2.74716517068558,4.37339004281529
"45975","Secchi Depth","Reference",7.17184647964706,4.67835412788831,10.0296896401162
"45980","Secchi Depth","Current",2.2881988297932,1.62928851065865,3.04019371596394
"45980","Secchi Depth","Reference",4.90676055229519,2.22334769887553,7.7297204842384
"46043","Secchi Depth","Current",7.84607918056263,5.70806255482989,10.4568858969075
"46043","Secchi Depth","Reference",11.5725493457029,8.46574703811046,15.8169538996743
"46047","Secchi Depth","Current",10.6068900977424,8.20054218894435,14.0425392431416
"46047","Secchi Depth","Reference",11.0782144289319,8.12516026739838,15.0574890262794
"46051","Secchi Depth","Current",11.4900045419828,9.12857847854875,14.7740877460128
"46051","Secchi Depth","Reference",11.6330137773671,8.40590438311514,15.7574728980465
"46090","Secchi Depth","Current",5.25826548846703,4.33777457468025,6.46898309715054
"46090","Secchi Depth","Reference",8.71848475598458,6.12801739121725,11.963445436263
"46124","Secchi Depth","Current",4.82680424225821,3.9643488922807,5.95137377051002
"46124","Secchi Depth","Reference",11.0829209815481,8.46173833387878,14.8554285302039
"46125","Secchi Depth","Current",5.12788509186043,4.23873550143904,6.1796901549678
"46125","Secchi Depth","Reference",9.00980955855554,6.38523160606295,12.5799537816853
"46137","Secchi Depth","Current",11.5587553268443,8.63950992354988,16.0598155883069
"46137","Secchi Depth","Reference",11.554162080629,8.75378141138303,15.2327948990809
"46138","Secchi Depth","Current",10.771366827698,7.47340772824424,14.9458248326619
"46138","Secchi Depth","Reference",11.4503304485561,8.72418729712694,15.275588466404
"46140","Secchi Depth","Current",3.21931435552506,2.47177310804896,4.13788758334824
"46140","Secchi Depth","Reference",9.15631409578119,6.96964655854065,12.0348616210709
"46152","Secchi Depth","Current",8.4913656105755,6.04706276111082,11.7254848394561
"46152","Secchi Depth","Reference",11.4883199740824,8.84422157485104,15.0968344130237
"46158","Secchi Depth","Current",3.19322824942856,2.58821004765616,3.91155425838593
"46158","Secchi Depth","Reference",7.25402535421234,4.44847833285982,11.1150570714594
"46160","Secchi Depth","Current",3.06125472387682,2.39588911050595,3.89711846575825
"46160","Secchi Depth","Reference",7.41568415636714,4.9658343216109,10.5862923775249
"46163","Secchi Depth","Current",3.07683782719123,2.42810516679278,3.86376654876359
"46163","Secchi Depth","Reference",7.46728486568279,4.41139445545075,11.1776994517522
"46212","Secchi Depth","Current",10.6600210233552,8.10841983915796,14.1370606148724
"46212","Secchi Depth","Reference",11.9641991205434,9.41499021980277,15.729821774325
"46265","Secchi Depth","Current",4.68446370347199,3.80577571197424,5.89183341645452
"46265","Secchi Depth","Reference",9.66556445733048,6.6494323819339,14.1892643368617
"46301","Secchi Depth","Current",3.31675929679014,2.56806125689587,4.23697329424113
"46301","Secchi Depth","Reference",7.19392734286292,3.5609676734884,12.1369000124381
"46358","Secchi Depth","Current",10.9677347622148,8.63288450589351,14.0623386251481
"46358","Secchi Depth","Reference",11.3183567037857,8.67224221483953,14.7598284909228
"46371","Secchi Depth","Current",10.175239531272,7.96888927347651,13.2547130484463
"46371","Secchi Depth","Reference",10.1197819915686,7.50140961284507,13.7509506137561
"46471","Secchi Depth","Current",6.32436835495069,5.39213557512464,7.57721491087761
"46471","Secchi Depth","Reference",11.2705714916336,8.60709491059625,14.8142024870203
"46484","Secchi Depth","Current",4.98284030234389,4.07814971640991,6.00358143624122
"46484","Secchi Depth","Reference",11.0840775227538,7.60701570165518,16.2165916918138
"46493","Secchi Depth","Current",5.07624511232522,4.33095417415322,6.07168231501804
"46493","Secchi Depth","Reference",11.3487622282861,8.90659803264941,14.6880599561336
"46496","Secchi Depth","Current",9.09428391805018,7.50828550802525,11.213592273226
"46496","Secchi Depth","Reference",11.6430910817757,8.8741694202157,14.9326764905152
"46564","Secchi Depth","Current",12.7550965214111,10.3019551696191,16.0079106402771
"46564","Secchi Depth","Reference",12.5393577517147,9.59289857722038,16.3921466802302
"46630","Secchi Depth","Current",10.3688589623248,8.33117875461993,13.0503446000142
"46630","Secchi Depth","Reference",11.5445097183179,8.80939328887879,14.994425418582
"46632","Secchi Depth","Current",5.57461061778503,4.56954490007248,6.94582991719459
"46632","Secchi Depth","Reference",11.0491436957055,8.42293747480597,14.6544949007146
"46635","Secchi Depth","Current",10.4533114100901,8.03314969341488,13.6570113394435
"46635","Secchi Depth","Reference",11.4866308476104,8.77726530041956,15.4153839014009
"46696","Secchi Depth","Current",4.74426671518702,3.88962927649493,5.68662932244716
"46696","Secchi Depth","Reference",14.4376630360164,10.6444072961502,19.7185093830895
"46723","Secchi Depth","Current",4.37462280342518,3.45740032401476,5.52162753661331
"46723","Secchi Depth","Reference",10.8313283513089,7.26179917547679,15.6950388053596
"46724","Secchi Depth","Current",5.082316533858,4.14817647803131,6.26096695381593
"46724","Secchi Depth","Reference",8.58281638023361,5.91674970303487,12.0250655909948
"46725","Secchi Depth","Current",4.7815790401886,3.79561775256372,5.89471656790054
"46725","Secchi Depth","Reference",9.73067503382965,7.53405959778141,12.7920740895938
"46762","Secchi Depth","Current",3.50393186206194,2.81976394556563,4.35196976012804
"46762","Secchi Depth","Reference",6.07193970691908,2.6836088482663,10.4730935482895
"46763","Secchi Depth","Current",3.41589236690749,2.73023963274646,4.36806468401808
"46763","Secchi Depth","Reference",6.00701939271707,2.7030928331597,10.4736621265854
"46775","Secchi Depth","Current",12.2031948133057,9.25811659787607,16.2346862515047
"46775","Secchi Depth","Reference",11.8698326346434,9.09525532161747,15.6319724633962
"46792","Secchi Depth","Current",4.64813112925587,3.7891953330075,5.71087601081291
"46792","Secchi Depth","Reference",7.65270624089526,4.72835789342441,11.5199143890574
"46799","Secchi Depth","Current",3.86274959213734,3.104326820048,4.79314050185824
"46799","Secchi Depth","Reference",7.64787290822917,3.55695095556924,12.4193321415866
"46820","Secchi Depth","Current",8.66804135035819,6.17518142586568,11.8984075906164
"46820","Secchi Depth","Reference",11.3013315008951,8.440736831754,14.8933229012974
"46822","Secchi Depth","Current",4.18580959384803,3.2481319854087,5.49332057499689
"46822","Secchi Depth","Reference",10.8750399558278,8.25252175197653,14.6668831027763
"46827","Secchi Depth","Current",4.07449388809128,3.15329834117061,5.27783162183641
"46827","Secchi Depth","Reference",11.2093402855484,8.61434585957706,14.7877688246142
"46835","Secchi Depth","Current",10.8094225544835,8.57647829306754,14.0512218522386
"46835","Secchi Depth","Reference",11.5171444651795,8.72558563141201,15.4645809984107
"46860","Secchi Depth","Current",5.27681342046078,4.40663212282268,6.59146810364754
"46860","Secchi Depth","Reference",10.87254476339,8.13422863627999,14.9606711207519
"46893","Secchi Depth","Current",6.3935004559414,5.11589907450639,7.93092354639763
"46893","Secchi Depth","Reference",11.1147818159765,8.50244589922306,14.532528643496
"46912","Secchi Depth","Current",5.25934420210828,3.02128298900946,8.13450013503985
"46912","Secchi Depth","Reference",11.4209536471252,8.79803575779248,15.1456280615247
"46918","Secchi Depth","Current",7.56875088131929,5.20573481670383,10.4627796325503
"46918","Secchi Depth","Reference",11.4780716973016,8.92964539750622,15.2209473555022
"46926","Secchi Depth","Current",7.78210763567297,5.34316605483962,10.7851076270353
"46926","Secchi Depth","Reference",11.4052533871174,8.68564978013262,15.1112224573826
"46939","Secchi Depth","Current",8.31390596627519,5.73374363949881,11.8491790014324
"46939","Secchi Depth","Reference",11.3762056915868,8.49637502171199,15.4516389545026
"46942","Secchi Depth","Current",3.3855711164096,2.67899869935697,4.2803369622882
"46942","Secchi Depth","Reference",7.19834547187308,3.49605308817464,12.053237551716
"46957","Secchi Depth","Current",5.12594100670531,3.99909971180053,6.56482068448804
"46957","Secchi Depth","Reference",9.74531421535462,6.91113972012092,13.5701566408368
"46959","Secchi Depth","Current",11.2893367117104,9.0722408438526,14.2256626923013
"46959","Secchi Depth","Reference",11.2332672951135,8.73657361671773,14.4542195046988
"46964","Secchi Depth","Current",9.7388874102918,7.40617917986883,12.668029801138
"46964","Secchi Depth","Reference",10.3416105573666,7.0111368755215,14.8707839851663
"47033","Secchi Depth","Current",3.67192557280993,2.96959558201236,4.48125485847135
"47033","Secchi Depth","Reference",8.00685721024084,5.66367775078893,11.0306136108433
"47067","Secchi Depth","Current",8.64934794179649,6.62029234120824,11.2862761522552
"47067","Secchi Depth","Reference",10.8902630581726,8.37171493865237,14.2232854205256
"47090","Secchi Depth","Current",4.64355119572374,3.89239814339862,5.70586810966881
"47090","Secchi Depth","Reference",9.75499464921342,7.02049651887266,13.576366454104
"47095","Secchi Depth","Current",9.03235933007831,7.1220371425037,11.3865193316144
"47095","Secchi Depth","Reference",10.3357912635471,7.82159851959807,13.5182787810641
"47105","Secchi Depth","Current",6.45587861236947,5.45795491403012,7.67074988809213
"47105","Secchi Depth","Reference",9.86630807686962,6.94922471246648,13.5359431844897
"47156","Secchi Depth","Current",5.01334636585788,4.20517719080946,6.04537451108166
"47156","Secchi Depth","Reference",10.8278977136737,7.8587446710845,15.1521722701347
"47193","Secchi Depth","Current",8.14858412074746,5.76995441645787,10.8619436708739
"47193","Secchi Depth","Reference",13.9285308667189,10.539330385084,18.334935580384
"47196","Secchi Depth","Current",5.56551790852505,4.50600802122067,6.91297166292057
"47196","Secchi Depth","Reference",14.5750600090007,10.5473243195841,20.4076201732252
"47198","Secchi Depth","Current",9.40155877202648,7.51711130398746,11.8520172825139
"47198","Secchi Depth","Reference",9.00202213823093,6.48719747945903,11.9044296755285
"47227","Secchi Depth","Current",3.80452624742719,3.14681560412592,4.56210887833299
"47227","Secchi Depth","Reference",13.9085860511189,10.0949626521459,19.4575465215372
"47228","Secchi Depth","Current",12.5830837886186,10.1265033848783,15.9543112368669
"47228","Secchi Depth","Reference",12.1311873814976,9.38313017667078,15.4744685737377
"47383","Secchi Depth","Current",5.46099051057543,4.51214449002583,6.58394592040456
"47383","Secchi Depth","Reference",11.386215072295,8.8152291173885,14.4723199093877
"47399","Secchi Depth","Current",10.8295679084908,8.11427532177661,14.0327441406366
"47399","Secchi Depth","Reference",11.9449735097977,9.14999631579505,15.8498876352731
"47404","Secchi Depth","Current",9.70630721689934,7.2672977225393,13.1157784365327
"47404","Secchi Depth","Reference",11.6037544774229,8.96029380044497,15.0068117967947
"47406","Secchi Depth","Current",10.5770936427729,8.35254829573972,13.6819305982776
"47406","Secchi Depth","Reference",11.8716108666436,9.28013076529549,15.3645004640697
"47414","Secchi Depth","Current",7.61179546565944,5.2293847491434,10.4573447007002
"47414","Secchi Depth","Reference",11.9296875175424,9.13105760212774,15.4644981201814
"47417","Secchi Depth","Current",8.7334976615632,6.16099172223606,11.6885870875581
"47417","Secchi Depth","Reference",11.4641218350193,8.92924813689913,15.1598657300272
"47491","Secchi Depth","Current",4.23782709283115,3.31838338522391,5.34657358572284
"47491","Secchi Depth","Reference",9.9096437835077,7.38725914191678,13.2080909174313
"47579","Secchi Depth","Current",0.868217471965512,0.514652532671647,1.32316713645276
"47579","Secchi Depth","Reference",5.66251874381668,3.05727893619667,9.16097378533451
"47791","Secchi Depth","Current",4.27517700338876,3.55536982730788,5.10203042597428
"47791","Secchi Depth","Reference",14.2860427154952,10.6154374102498,19.7489589054804
"47814","Secchi Depth","Current",5.7677499343879,4.7477459862607,7.04482442557768
"47814","Secchi Depth","Reference",10.9193495510918,8.06606798760176,14.5897972566192
"47859","Secchi Depth","Current",3.29161942462082,2.61870350695915,4.15596879392333
"47859","Secchi Depth","Reference",14.137420104631,10.3374398808115,19.872483145912
"47860","Secchi Depth","Current",4.33024826109072,3.56346794188491,5.23706296894066
"47860","Secchi Depth","Reference",14.4379024625199,10.7871495408261,19.5507690912968
"47869","Secchi Depth","Current",4.89663515895002,4.03496369598294,5.98696134022544
"47869","Secchi Depth","Reference",11.0859665050291,8.50705157235992,14.359925686052
"47877","Secchi Depth","Current",7.99636731978942,6.17618052022694,10.0594488747443
"47877","Secchi Depth","Reference",11.3728873191026,8.97442191052134,14.4358848868921
"47878","Secchi Depth","Current",5.41310980987826,4.24639300263036,6.8337720847962
"47878","Secchi Depth","Reference",11.2442505535519,8.70959955696153,14.4097486503563
"47892","Secchi Depth","Current",7.58500102185029,5.96434182952961,9.41158368096237
"47892","Secchi Depth","Reference",11.5599014295034,8.95360739151186,14.7417691193485
"48018","Secchi Depth","Current",4.70776779148635,3.9562043074986,5.67700840236708
"48018","Secchi Depth","Reference",10.8852243025443,7.83529535381146,14.7769996093646
"48027","Secchi Depth","Current",5.65888219416402,4.79043489937944,6.84596581813969
"48027","Secchi Depth","Reference",11.0031108298771,8.3950088074743,14.4913171366545
"48177","Secchi Depth","Current",0.103031758406542,0.0018015413150026,0.352115552863166
"48177","Secchi Depth","Reference",5.24955735585264,3.12343097739465,7.88322282758172
"48207","Secchi Depth","Current",4.35685088586882,3.50746083355997,5.57403057132548
"48207","Secchi Depth","Reference",10.7238971047484,8.14146004944906,14.2826920533059
"48213","Secchi Depth","Current",9.54719485127961,7.75738804509597,11.8057696620446
"48213","Secchi Depth","Reference",10.2582552594065,7.94736214153615,13.2191619396712
"48216","Secchi Depth","Current",5.83899032903025,4.89390346149014,6.96311889035998
"48216","Secchi Depth","Reference",8.08761323890932,5.89311262272106,10.6956329985772
"48217","Secchi Depth","Current",8.36119585813964,6.74675160807118,10.4273259403518
"48217","Secchi Depth","Reference",11.2089620398284,8.61495754849833,14.4483509442643
"48374","Secchi Depth","Current",8.95820462437281,6.63224094946205,11.999194839202
"48374","Secchi Depth","Reference",11.9173574798167,9.03311510549754,15.8200948552588
"48375","Secchi Depth","Current",4.67002475043545,3.73225788961316,5.96060148445795
"48375","Secchi Depth","Reference",11.0978840147581,8.31976861892204,15.1051276637529
"48381","Secchi Depth","Current",8.47996990444021,6.05592207820785,11.6627974029369
"48381","Secchi Depth","Reference",11.2570771754984,8.5522733806585,14.7071619545924
"48387","Secchi Depth","Current",10.5046085978527,8.04144570161355,13.6589360957256
"48387","Secchi Depth","Reference",11.6878730073466,9.01213320947801,15.5004420376878
"48395","Secchi Depth","Current",8.95350203334955,6.15585517870038,12.6129502838637
"48395","Secchi Depth","Reference",11.5722376820326,8.84807623110042,15.0551634998865
"48447","Secchi Depth","Current",3.73324795540696,3.07876768499642,4.5292399883998
"48447","Secchi Depth","Reference",10.4363622619423,7.8820847071704,13.4182669493573
"48451","Secchi Depth","Current",12.3405061079304,9.72733331993255,15.763882647502
"48451","Secchi Depth","Reference",13.5754304228097,10.2901737234151,17.7229031473556
"48455","Secchi Depth","Current",4.59549012974929,3.72558584418057,5.65315273539724
"48455","Secchi Depth","Reference",10.6956237766424,8.19580689063481,13.9600246521326
"48456","Secchi Depth","Current",4.67842792281268,3.92789290447321,5.55708799091053
"48456","Secchi Depth","Reference",11.393493365175,8.87938819202835,14.3359857607351
"48468","Secchi Depth","Current",4.35699768872849,3.47321694285109,5.4046847767688
"48468","Secchi Depth","Reference",10.810933448259,8.43462232534426,14.2096460923714
"48491","Secchi Depth","Current",8.79653917008559,6.64956314036252,11.6155549734714
"48491","Secchi Depth","Reference",11.4796280513055,8.84796220660075,15.0704675611652
"48595","Secchi Depth","Current",7.31325820310376,5.5892947968841,9.17842961147734
"48595","Secchi Depth","Reference",14.6201533839449,10.6528731565233,20.5451081251822
"48597","Secchi Depth","Current",7.86446873942039,6.19795641099575,9.75595352223233
"48597","Secchi Depth","Reference",11.2821738597575,8.68839613901197,15.0532057336719
"48657","Secchi Depth","Current",5.19957379952747,4.32734807726073,6.27418089652649
"48657","Secchi Depth","Reference",11.0929614683302,8.55192868608183,14.3634098018556
"48660","Secchi Depth","Current",3.6211201899274,2.93069560539458,4.48639620838579
"48660","Secchi Depth","Reference",8.73603631346453,6.72893122677854,11.2712449253731
"48663","Secchi Depth","Current",3.80025385638413,3.1399942847902,4.62793861251148
"48663","Secchi Depth","Reference",10.8343906350095,8.07032998240734,14.1247297654469
"48673","Secchi Depth","Current",2.2077081262663,1.66589419426723,2.83976886566657
"48673","Secchi Depth","Reference",8.08791763466571,4.56692159737348,12.897113762061
"48700","Secchi Depth","Current",5.71576265636424,4.18687622205564,7.41794332617089
"48700","Secchi Depth","Reference",11.3892301225407,8.91571481000957,14.4615762880945
"48841","Secchi Depth","Current",4.30954679058029,2.55273323241326,6.02958586792525
"48841","Secchi Depth","Reference",10.0783583410346,6.84208959411939,14.169365809111
"49007","Secchi Depth","Current",1.48914364487271,1.0228214521173,1.96819493364146
"49007","Secchi Depth","Reference",6.9847672683457,4.19762173518548,10.0186969417268
"49090","Secchi Depth","Current",1.65372401127361,1.10474863900028,2.21973025200202
"49090","Secchi Depth","Reference",5.67663605824353,3.69723759009027,7.95374897155703
"49091","Secchi Depth","Current",1.25489609894681,0.805764723796108,1.76517321032183
"49091","Secchi Depth","Reference",6.07481900239829,3.92083590691094,8.51711944880235
"49169","Secchi Depth","Current",1.62062050570323,1.14572388265366,2.14936449766807
"49169","Secchi Depth","Reference",5.65899635758212,3.22005235500611,8.4598759529727
"49180","Secchi Depth","Current",1.11740255852246,0.701138337816474,1.57614695010814
"49180","Secchi Depth","Reference",5.66588984953993,3.62948205075473,8.12797652381978
"49186","Secchi Depth","Current",0.859114615860571,0.487319766743528,1.32931836858765
"49186","Secchi Depth","Reference",5.45493097691173,3.20478702492087,7.68352534514938
"49200","Secchi Depth","Current",1.04278379656365,0.590493539743188,1.50925887905324
"49200","Secchi Depth","Reference",4.78046103348124,2.66612283290179,7.05319035889888
"49239","Secchi Depth","Current",2.75945961287649,2.18859864075426,3.3708105394213
"49239","Secchi Depth","Reference",7.54616881750731,5.56284120840474,9.91873412306771
"49295","Secchi Depth","Current",5.12485610122178,3.29620401058731,6.90801242301719
"49295","Secchi Depth","Reference",9.38366061264347,7.22551489156346,11.7943937856688
"49309","Secchi Depth","Current",3.74928372691044,2.16471699968138,5.38138755201052
"49309","Secchi Depth","Reference",7.53918313002307,5.04416200493966,10.6504136131553
"49334","Secchi Depth","Current",3.10286629896257,2.49625423293451,3.85122526618468
"49334","Secchi Depth","Reference",6.44563425110247,3.87065653850375,9.21521825753957
"49337","Secchi Depth","Current",1.18883305214075,0.723667938158157,1.73840926638649
"49337","Secchi Depth","Reference",4.27931452268558,2.22521767744248,6.63654133528908
"49414","Secchi Depth","Current",3.82116849550859,3.19092116244916,4.62503413580058
"49414","Secchi Depth","Reference",6.49766735054625,4.47702372551466,8.95660698098785
"49573","Secchi Depth","Current",2.91656040580848,2.33536162377367,3.58732497946525
"49573","Secchi Depth","Reference",4.48601489107662,1.74088310174115,7.60421690127149
"49583","Secchi Depth","Current",3.26829490602914,2.67562551483085,4.0440609928483
"49583","Secchi Depth","Reference",5.62556351980805,3.54453704894961,8.00408273207073
"49643","Secchi Depth","Current",1.65601651450627,1.14325591429826,2.28135652355755
"49643","Secchi Depth","Reference",5.20898029904221,3.01941780306959,7.57004110065612
"49706","Secchi Depth","Current",9.81716792242938,7.59257413305362,12.8516210578271
"49706","Secchi Depth","Reference",11.4364137121632,7.44570183405454,17.0981428438542
"49714","Secchi Depth","Current",5.16240301005569,4.28975714882709,6.3468886637985
"49714","Secchi Depth","Reference",11.1951272958869,8.7631310865317,14.6459779573501
"49715","Secchi Depth","Current",10.4850884117671,8.36123236944802,13.7665871877062
"49715","Secchi Depth","Reference",11.5490242683901,7.23848017827799,16.8676210239196
"49716","Secchi Depth","Current",10.4333140752843,8.20439457890555,13.3357678008702
"49716","Secchi Depth","Reference",11.5489964429119,8.25794332781243,16.4536005913132
"49721","Secchi Depth","Current",9.52501373719687,7.58002367702078,11.9215725610159
"49721","Secchi Depth","Reference",8.7348595858522,5.20562137057868,13.2029295513496
"49880","Secchi Depth","Current",2.66383293106235,2.10499765930698,3.30687410287842
"49880","Secchi Depth","Reference",4.38898049430783,1.6055104383926,7.70266953468395
"49884","Secchi Depth","Current",1.77422127850731,1.29898913938432,2.33540539115979
"49884","Secchi Depth","Reference",4.28658679497124,2.21481231208632,6.73590008633654
"49885","Secchi Depth","Current",3.50186730390668,2.86747205923763,4.35043748381831
"49885","Secchi Depth","Reference",7.02355742447239,3.96328249003496,10.5756545469637
"50139","Secchi Depth","Current",4.29492478472943,3.58769320704814,5.14678191551688
"50139","Secchi Depth","Reference",7.0080134646811,4.65170817406586,9.86673966700831
"50151","Secchi Depth","Current",9.58303142093607,7.38882182202043,12.2412901687956
"50151","Secchi Depth","Reference",8.65836239267693,6.26274900921988,11.8058476988688
"50215","Secchi Depth","Current",2.64085699370195,2.05912333946078,3.28772934128204
"50215","Secchi Depth","Reference",5.6763280132675,3.44817312697777,7.99647460068206
"50245","Secchi Depth","Current",2.50179853529747,1.91928733861472,3.12635172188164
"50245","Secchi Depth","Reference",4.87578806889568,2.71893625636545,7.51063567939317
"50269","Secchi Depth","Current",2.78378643696853,2.19409083464252,3.38504377282309
"50269","Secchi Depth","Reference",7.16338409304027,4.99028934997153,9.64374137916425
"50270","Secchi Depth","Current",7.27223757447095,5.57727419476929,9.04958501285584
"50270","Secchi Depth","Reference",7.68398474025857,5.58571236224564,9.90510581928139
"50299","Secchi Depth","Current",2.97257322065507,2.24791139906973,3.81223872274786
"50299","Secchi Depth","Reference",4.71199856052473,1.71836399997242,8.35979243820684
"50314","Secchi Depth","Current",1.80098667792917,1.29434946037499,2.42734659969683
"50314","Secchi Depth","Reference",4.87546260476452,2.65444651296427,7.33499181933163
"50320","Secchi Depth","Current",2.31793642312179,1.77951160291559,2.89296586039133
"50320","Secchi Depth","Reference",4.80638018338566,2.31819303304336,7.96856282284897
"50336","Secchi Depth","Current",2.41887780814883,1.89702798494454,3.08372261807761
"50336","Secchi Depth","Reference",4.88899856196071,2.47916898055032,7.87408857974546
"50349","Secchi Depth","Current",7.49682966154266,5.78734727969078,9.49390894328301
"50349","Secchi Depth","Reference",7.25397975097727,4.6792562143237,10.1372102394248
"50371","Secchi Depth","Current",2.91777422742101,2.34582800128005,3.56812241292867
"50371","Secchi Depth","Reference",4.39264004526422,1.76248683341205,7.70091132294867
"50373","Secchi Depth","Current",3.49967585624901,2.81564041751022,4.29084846071258
"50373","Secchi Depth","Reference",7.63970709724788,4.94394407891583,11.1073805226451
"50401","Secchi Depth","Current",3.91980526780482,3.12600615067475,4.88261462050381
"50401","Secchi Depth","Reference",7.35339379524636,5.09032359431974,9.81889627477347
"50403","Secchi Depth","Current",3.47646315165783,2.7343239349418,4.38883952493017
"50403","Secchi Depth","Reference",4.24929912851138,1.73282381113061,7.441819155909
"50405","Secchi Depth","Current",3.52665688053062,2.84690541615041,4.30603137995469
"50405","Secchi Depth","Reference",7.22299745594858,4.96346673518743,9.97659505741247
"50413","Secchi Depth","Current",3.58249176628965,2.89044340472132,4.45514526662227
"50413","Secchi Depth","Reference",7.11238423478018,4.41990373156835,10.3416203097057
"50466","Secchi Depth","Current",2.1784505886793,1.62064311843879,2.77653738339146
"50466","Secchi Depth","Reference",5.65905477465968,3.39679378505026,8.26872370787811
"50470","Secchi Depth","Current",1.40429254200084,0.897519097694224,1.92220533394279
"50470","Secchi Depth","Reference",3.92306566256163,1.68864825051281,6.46060142242794
"50629","Secchi Depth","Current",10.6851357243324,8.40429390445682,13.6899491401402
"50629","Secchi Depth","Reference",9.34318591971028,6.44693153929746,12.9864770221348
"50636","Secchi Depth","Current",9.97611762650169,7.59777095481023,13.611406659962
"50636","Secchi Depth","Reference",11.3886479937528,7.49853450447848,16.6568209756964
"50651","Secchi Depth","Current",7.64730734687988,5.44997889289166,10.5081614674111
"50651","Secchi Depth","Reference",11.2919111062586,7.14369921008193,17.1070218786555
"50658","Secchi Depth","Current",7.47396909531195,5.21626513872687,10.295917545068
"50658","Secchi Depth","Reference",11.3085756784667,7.35368456586071,16.8174364086747
"50704","Secchi Depth","Current",10.0551865994004,8.25959686042142,12.4457673971723
"50704","Secchi Depth","Reference",11.7818160222953,9.11503467107273,15.2319012413559
"50708","Secchi Depth","Current",4.74490430001439,3.8902424099711,5.79092974620666
"50708","Secchi Depth","Reference",11.1365408815906,8.64354581661562,14.5553487609241
"50782","Secchi Depth","Current",0.533143332690175,0.265617068779731,0.930525537319199
"50782","Secchi Depth","Reference",4.23965545271,2.03235915624644,6.97281146128989
"51224","Secchi Depth","Current",9.33865910707874,7.67689449483087,11.3832490798022
"51224","Secchi Depth","Reference",8.74087621796196,6.71777061799189,11.1130041945367
"51225","Secchi Depth","Current",5.17107346065489,3.45146767303377,7.0526785497324
"51225","Secchi Depth","Reference",8.40044839243403,6.33079156652016,10.6358870158062
"51242","Secchi Depth","Current",7.26730345526017,5.69879890853436,9.02840769257742
"51242","Secchi Depth","Reference",8.46260137134243,6.51831523904201,10.5946911749911
"51368","Secchi Depth","Current",9.1562307675125,7.37993378030107,11.2406535067244
"51368","Secchi Depth","Reference",8.86160226866037,6.83536051335642,11.121569522944
"51371","Secchi Depth","Current",8.33961338214951,6.64059957979582,10.429944022568
"51371","Secchi Depth","Reference",8.61583321245054,6.61985321411549,10.6993211572121
"51485","Secchi Depth","Current",2.76628387181856,2.1272415448253,3.38400515792883
"51485","Secchi Depth","Reference",4.21007074520503,0.99408094103338,7.85823078468734
"51624","Secchi Depth","Current",8.04047392349913,6.26759394545829,10.3897540043616
"51624","Secchi Depth","Reference",11.0135445948824,8.02299330200522,15.2284093054324
"51625","Secchi Depth","Current",8.45820461920806,6.64975839826906,10.7133808341463
"51625","Secchi Depth","Reference",10.9000157850755,7.3509649667723,15.8504460203409
"51631","Secchi Depth","Current",8.63522006324223,6.65188335511103,11.0690769784362
"51631","Secchi Depth","Reference",10.8426690866485,8.11240635041382,14.2282422376407
"51637","Secchi Depth","Current",4.63030074788503,3.84330369849166,5.66178287542808
"51637","Secchi Depth","Reference",11.2905518210572,8.82084021988153,14.5909529524811
"51640","Secchi Depth","Current",9.45278094737649,7.6374806101014,11.7477921649985
"51640","Secchi Depth","Reference",11.9946620236884,9.38655263603658,15.0819824220507
"51641","Secchi Depth","Current",5.2093823213387,4.39080065996649,6.31270532474386
"51641","Secchi Depth","Reference",11.0762565883786,8.39409139698871,14.7026106488746
"51652","Secchi Depth","Current",8.7879679323873,7.06652469648525,11.04218476031
"51652","Secchi Depth","Reference",11.6406264537324,8.20781608424637,16.480341460059
"51653","Secchi Depth","Current",4.10121346226329,3.36008992170665,5.03283133918871
"51653","Secchi Depth","Reference",11.2705733332112,8.55009994352548,14.6976044947518
"51658","Secchi Depth","Current",7.82379657238262,6.04723413099475,9.78165288496341
"51658","Secchi Depth","Reference",11.6896445151711,7.96309546552969,17.2676223219843
"51682","Secchi Depth","Current",8.70720396842175,6.73695914819017,11.6378093933862
"51682","Secchi Depth","Reference",11.4550872086905,7.36156053615257,17.1936284825346
"51684","Secchi Depth","Current",8.53133293491141,6.16924470287649,11.1316652906407
"51684","Secchi Depth","Reference",11.4924926041752,8.14671695876073,16.6055109097912
"51747","Secchi Depth","Current",9.49332784298977,7.20154307893861,12.2389770199318
"51747","Secchi Depth","Reference",11.7128730066938,7.94042353330333,16.3487823466037
"51748","Secchi Depth","Current",4.91102197035532,4.09786010738657,6.06646164531657
"51748","Secchi Depth","Reference",10.7943739126714,6.85140892354432,16.0781193546084
"51751","Secchi Depth","Current",8.95610080203713,6.92699636779094,11.673299214154
"51751","Secchi Depth","Reference",11.4823816494171,7.74997827162444,17.040532144558
"51770","Secchi Depth","Current",10.8183249238905,8.640619617606,13.8073140822462
"51770","Secchi Depth","Reference",11.5288491008335,7.58861626163268,16.5655785141835
"51784","Secchi Depth","Current",9.27082221171981,7.08606913532536,11.7272130941877
"51784","Secchi Depth","Reference",11.7525675901769,8.02500231963918,17.3308804401327
"51788","Secchi Depth","Current",10.0275943922443,7.47116479152035,13.119734033077
"51788","Secchi Depth","Reference",11.6082404255893,7.78387041108064,16.8075971557142
"51793","Secchi Depth","Current",7.95125428375255,5.87541373147671,10.8902558298682
"51793","Secchi Depth","Reference",11.3107620102837,7.83630794268095,16.4134596707552
"51794","Secchi Depth","Current",8.66163687730696,6.52158912498232,11.4233273934964
"51794","Secchi Depth","Reference",11.5053598283023,7.61243110885993,16.5365636928667
"51822","Secchi Depth","Current",8.10894898046594,6.21846306071058,10.3308054524237
"51822","Secchi Depth","Reference",10.386814716344,7.09060944514663,15.0456177633205
"51845","Secchi Depth","Current",9.54443915117823,7.36460612148117,12.1807449078871
"51845","Secchi Depth","Reference",11.5350203502227,7.96258855896033,16.362834461689
"51876","Secchi Depth","Current",7.52668206757183,5.48737080061963,10.0820746299762
"51876","Secchi Depth","Reference",8.86841202459709,5.77196917331531,12.910555346264
"51877","Secchi Depth","Current",10.5740069224807,8.42986109281191,13.448230300889
"51877","Secchi Depth","Reference",11.6242814830936,8.04602990644072,16.8951309954137
"51892","Secchi Depth","Current",8.01583426713837,6.14462145560842,10.1273779641588
"51892","Secchi Depth","Reference",9.0231249806006,5.71480794301142,13.9522689203587
"51895","Secchi Depth","Current",8.31634760428869,6.11540639201244,10.8881796758877
"51895","Secchi Depth","Reference",11.564828095345,8.56159284401069,16.2745643223615
"51900","Secchi Depth","Current",4.84455134785282,3.96326284266955,5.95389892604684
"51900","Secchi Depth","Reference",10.97745475293,7.69150752803518,15.2252814158673
"51912","Secchi Depth","Current",9.30348499944441,6.77934881351163,12.4601943631056
"51912","Secchi Depth","Reference",11.4654804764976,8.00873987207585,15.9267641816564
"51926","Secchi Depth","Current",7.74539218385819,5.35373785332197,10.4245839970242
"51926","Secchi Depth","Reference",11.4258753192829,8.04887898762079,15.8626210221814
"51940","Secchi Depth","Current",10.4994475311031,8.59706370835242,13.0047709698549
"51940","Secchi Depth","Reference",11.5686754442576,8.07614904911821,15.883294186874
"51945","Secchi Depth","Current",11.3121523666758,9.05665624573936,14.3113174333765
"51945","Secchi Depth","Reference",11.5891746678082,7.85413096032312,16.645440825374
"51954","Secchi Depth","Current",8.41139053080033,6.60446122620977,10.4255719493243
"51954","Secchi Depth","Reference",10.2753819742015,7.43481036090401,13.799748218572
"51972","Secchi Depth","Current",7.6891170951966,5.90434676460784,9.69902267764137
"51972","Secchi Depth","Reference",10.0191805635785,7.4768685409707,13.0164005863394
"51985","Secchi Depth","Current",8.37553354192262,6.35137596550222,10.7833587919788
"51985","Secchi Depth","Reference",11.6731835226487,8.22482350069309,16.0954526547064
"52059","Secchi Depth","Current",5.60041678353631,3.92057370346127,7.375298150202
"52059","Secchi Depth","Reference",8.66891356122729,6.08157390881011,11.8135689566849
"52080","Secchi Depth","Current",7.09501607527664,5.44438792328558,8.91297715900151
"52080","Secchi Depth","Reference",9.58800841499816,6.36628925233132,13.9363975550467
"52115","Secchi Depth","Current",8.63997913017667,6.93061525167021,10.9016233265774
"52115","Secchi Depth","Reference",9.71617772585461,6.62575001789016,13.3083914308931
"52138","Secchi Depth","Current",8.51082648885653,6.66964618348591,10.7925240660418
"52138","Secchi Depth","Reference",10.5208866479307,7.62059003792621,14.5163552848503
"52140","Secchi Depth","Current",9.70052962604683,7.78864221662328,12.3009524470099
"52140","Secchi Depth","Reference",11.6008495157123,8.5264539909931,16.0844444455666
"52143","Secchi Depth","Current",8.86809862424423,6.99449543676144,11.1440332959867
"52143","Secchi Depth","Reference",10.93041745036,7.49672800144371,15.7034057987922
"52147","Secchi Depth","Current",10.4923513469869,8.37434898044912,13.1867801740977
"52147","Secchi Depth","Reference",11.6044802745372,8.18406883904285,16.1573665917573
"52148","Secchi Depth","Current",12.4756230940991,10.0054926181922,15.6474165098128
"52148","Secchi Depth","Reference",11.6173335548545,7.96822838838559,17.4069904475516
"52151","Secchi Depth","Current",9.96266713415215,7.9409011783426,12.4707619800584
"52151","Secchi Depth","Reference",8.8710013969657,5.40869905575533,13.30653629909
"52154","Secchi Depth","Current",11.425079112878,8.78839407281893,14.9288398102952
"52154","Secchi Depth","Reference",11.5541371794254,7.3758676385277,17.0378604912385
"52165","Secchi Depth","Current",7.77498325919317,5.73317922129126,10.6962422875236
"52165","Secchi Depth","Reference",11.422807685674,7.65663695510854,16.7708304901864
"52167","Secchi Depth","Current",8.65066927788263,6.47462345267186,11.5062786601236
"52167","Secchi Depth","Reference",11.5211204620395,7.75892667197144,16.3244101595141
"52177","Secchi Depth","Current",7.31662787008896,5.05676641825234,10.045562428682
"52177","Secchi Depth","Reference",11.3799147913817,7.50755133424838,16.8299131354197
"52181","Secchi Depth","Current",7.69955853576966,5.63046749772538,10.3150338553187
"52181","Secchi Depth","Reference",11.450010929223,7.9270909284996,15.8980282709178
"52190","Secchi Depth","Current",7.14882066061934,5.25108325796734,9.69947769861805
"52190","Secchi Depth","Reference",11.4242883065392,7.89686704318351,16.3635095634284
"52202","Secchi Depth","Current",4.87744624353832,4.01132222266577,5.93149884046585
"52202","Secchi Depth","Reference",11.0580817071501,7.28846631889064,15.6151846792736
"52205","Secchi Depth","Current",8.43511579523816,6.33403565112937,10.8375583948704
"52205","Secchi Depth","Reference",11.5408957591133,8.44500362835884,15.7136400624731
"52221","Secchi Depth","Current",7.75493312226156,5.7316138261583,9.93698321987546
"52221","Secchi Depth","Reference",11.5380745411336,7.7159793620543,16.5583044876402
"52235","Secchi Depth","Current",8.06697433322096,6.13055644793936,10.3401196330651
"52235","Secchi Depth","Reference",11.7716610124544,8.29830301759141,16.7864265132145
"52240","Secchi Depth","Current",8.42307746846059,6.50494774855914,10.5447286205604
"52240","Secchi Depth","Reference",9.64330212764322,6.84989748608476,13.401603951398
"52241","Secchi Depth","Current",10.2862960935098,7.95138134022572,13.2543499109133
"52241","Secchi Depth","Reference",11.5962653621465,7.89846050480708,16.5283312787535
"52243","Secchi Depth","Current",8.98978150713699,6.98445947329155,11.4369893309856
"52243","Secchi Depth","Reference",11.3687675796393,7.80262027686904,16.0243445243527
"52244","Secchi Depth","Current",7.90244977097539,5.84487253840374,10.3108416541472
"52244","Secchi Depth","Reference",11.4769137785824,7.58086954684122,16.2613498402225
"52246","Secchi Depth","Current",5.07005919177673,4.29430087302345,6.1441778259406
"52246","Secchi Depth","Reference",10.3315352516553,6.04312268273585,16.1033372400104
"52247","Secchi Depth","Current",9.29365093218577,7.31240914058598,12.1609712721034
"52247","Secchi Depth","Reference",11.5957314347922,8.26863564537713,15.8706641121258
"52251","Secchi Depth","Current",9.76438294825025,7.32616552202199,13.1493732437494
"52251","Secchi Depth","Reference",11.5319073529551,8.16460815112296,16.1482752506905
"52254","Secchi Depth","Current",8.3818315624891,6.26106420237174,10.7316005813738
"52254","Secchi Depth","Reference",11.5989414064876,8.1992798007682,16.5613502025272
"52256","Secchi Depth","Current",9.10390655716705,6.93652075040543,11.5869440378252
"52256","Secchi Depth","Reference",11.5815381202311,7.75186023949458,17.0132764297806
"52257","Secchi Depth","Current",8.54420002168092,6.08051167567497,11.6130712467723
"52257","Secchi Depth","Reference",11.4711567172548,7.92271392720245,16.5355404081678
"52258","Secchi Depth","Current",10.5801647720527,8.24820529191723,13.7109679599893
"52258","Secchi Depth","Reference",11.5789120349686,7.72887193679762,17.6016107118962
"52268","Secchi Depth","Current",7.62719624062608,5.38277494216688,10.3232589062494
"52268","Secchi Depth","Reference",11.5218630435635,8.14814852233759,16.1554707509711
"52269","Secchi Depth","Current",7.6403592006305,5.62188794464224,9.98825043338038
"52269","Secchi Depth","Reference",11.481078065727,8.07507729627895,16.2942563408677
"52274","Secchi Depth","Current",8.01371164648381,5.89150835168701,10.6065663072452
"52274","Secchi Depth","Reference",11.5125446133799,8.46923126407789,15.4260855273252
"52292","Secchi Depth","Current",8.81108122624918,6.71478142355572,11.4165322795391
"52292","Secchi Depth","Reference",12.067019058943,8.23131425509572,17.4916993088486
"52307","Secchi Depth","Current",10.2937704063802,7.65577543409008,13.6136679629412
"52307","Secchi Depth","Reference",11.6296345188794,8.24991326567791,16.3285898435739
"52312","Secchi Depth","Current",8.59030638104465,6.52710123497391,11.2019848003785
"52312","Secchi Depth","Reference",11.2707029788039,7.11303061501175,16.6874651027689
"52340","Secchi Depth","Current",8.12427197712857,6.14272062151099,10.3717862977815
"52340","Secchi Depth","Reference",11.6210253906081,8.11644725327652,16.7134269412847
"52344","Secchi Depth","Current",9.3624565269869,7.4905770005371,11.8245520493469
"52344","Secchi Depth","Reference",11.6801770119081,8.21002239002472,16.4066525021466
"52355","Secchi Depth","Current",9.09654398639983,7.34631071682959,11.4023924618146
"52355","Secchi Depth","Reference",9.09359708980246,5.39565103984257,13.6812298805161
"52358","Secchi Depth","Current",10.5444581056841,8.49073727164704,13.1993803840171
"52358","Secchi Depth","Reference",11.7998951343156,7.71605930910448,17.951174892081
"52360","Secchi Depth","Current",9.75388809076714,7.66603033264244,12.6405691486066
"52360","Secchi Depth","Reference",11.7011640602687,7.73143710411145,16.66785249265
"52362","Secchi Depth","Current",9.52333850985576,7.58253800995066,11.9061796225128
"52362","Secchi Depth","Reference",11.5452957538897,8.25349254700498,16.2004251713804
"52370","Secchi Depth","Current",8.15328114877112,6.07394659988023,10.7260502248338
"52370","Secchi Depth","Reference",11.5696426088938,8.34595197611212,15.9967294364464
"52380","Secchi Depth","Current",6.87418756375368,4.7855914432544,9.36754325195066
"52380","Secchi Depth","Reference",11.4593315870488,7.71578708048908,17.0159251281017
"52382","Secchi Depth","Current",5.0434941413083,4.26294766821943,6.23624772576081
"52382","Secchi Depth","Reference",10.9905742637716,7.01232117966798,16.7340828485068
"52384","Secchi Depth","Current",4.27463288313967,3.46583491995628,5.24646604239755
"52384","Secchi Depth","Reference",11.1333099940017,8.26361323194231,14.7165541665035
"52386","Secchi Depth","Current",8.11857510868406,6.17006719711506,10.3982342305391
"52386","Secchi Depth","Reference",11.5721614551511,8.35049323771174,15.8424987048272
"52389","Secchi Depth","Current",8.26539048630902,6.51680818676151,10.5203537194268
"52389","Secchi Depth","Reference",12.0497472139106,8.57537376662864,16.5081639534718
"52393","Secchi Depth","Current",8.13351960893235,6.03732398097666,10.5905268950521
"52393","Secchi Depth","Reference",9.32805364016269,5.83355452074308,14.0074928956817
"52397","Secchi Depth","Current",8.21068889097561,6.0618629492142,10.4903893893761
"52397","Secchi Depth","Reference",12.07728938631,8.37879295824375,17.0413614986077
"52399","Secchi Depth","Current",6.0345997973229,4.03812904903181,7.96777903078998
"52399","Secchi Depth","Reference",11.5618836278332,8.25441548932292,15.7945372707646
"52407","Secchi Depth","Current",12.0507298148377,9.56674669175211,15.6903573948473
"52407","Secchi Depth","Reference",11.4742045107899,8.45797372629516,15.8770634045594
"52410","Secchi Depth","Current",9.43370963580467,7.1714515940093,12.6110467686505
"52410","Secchi Depth","Reference",11.400685245063,7.48734020879999,16.6848185178084
"52411","Secchi Depth","Current",5.74620761062231,4.73728931222776,6.9067814181729
"52411","Secchi Depth","Reference",11.1330959938156,8.27295656114857,14.8933974812433
"52416","Secchi Depth","Current",10.0084126602891,7.76150943647875,13.188692325065
"52416","Secchi Depth","Reference",11.432918085864,8.25186299231595,15.8115335461197
"52422","Secchi Depth","Current",9.5594659531271,7.49592946255419,12.2825114452486
"52422","Secchi Depth","Reference",11.6026600308816,7.80925754113147,16.9348289674673
"52434","Secchi Depth","Current",8.9012911812017,6.66504401082019,11.7362069876512
"52434","Secchi Depth","Reference",11.5518414180511,8.14813928825289,16.2257730978333
"52538","Secchi Depth","Current",4.66020523568353,3.93354434413697,5.49736543749447
"52538","Secchi Depth","Reference",10.2766204477436,7.87240467592772,13.5029544717907
"52566","Secchi Depth","Current",14.1076258413696,11.1729779770841,17.8015958715776
"52566","Secchi Depth","Reference",12.4501425999025,9.54521625945427,16.1728757760765
"52585","Secchi Depth","Current",10.294793990155,8.11661686988116,13.3752739415052
"52585","Secchi Depth","Reference",11.8486162367704,8.58497208221117,16.1562308614176
"52592","Secchi Depth","Current",9.20317249690268,6.99605839205167,11.8814281434963
"52592","Secchi Depth","Reference",11.7586977221333,7.97907120216118,17.2001115005634
"52613","Secchi Depth","Current",10.142822221199,8.09667435055659,12.7749947710512
"52613","Secchi Depth","Reference",10.975633674497,8.41564905681667,14.1388194676156
"52617","Secchi Depth","Current",10.7409419143636,8.3204838391897,13.8841789853474
"52617","Secchi Depth","Reference",12.004995300499,9.14913444654727,16.3828244832115
"52641","Secchi Depth","Current",8.52713973728988,6.51392493827495,10.8983020008545
"52641","Secchi Depth","Reference",11.3410516918292,7.76511290743095,16.2362244134019
"52642","Secchi Depth","Current",10.1893954807427,8.06930979759147,13.0851674166444
"52642","Secchi Depth","Reference",9.04104166283717,5.44311561989509,13.5114012159449
"52647","Secchi Depth","Current",5.14736217899896,4.32467194847818,6.24120020119889
"52647","Secchi Depth","Reference",8.52237014467449,5.92677109858642,12.360936503846
"52652","Secchi Depth","Current",12.7199885028534,10.1923105299829,15.8982715505304
"52652","Secchi Depth","Reference",11.2262812256316,7.70251227401397,15.5569944376797
"52660","Secchi Depth","Current",8.29595074287654,6.21398712770393,10.6936964384873
"52660","Secchi Depth","Reference",11.5528830956656,8.41666502232821,16.3315046920577
"52666","Secchi Depth","Current",10.0690182780396,8.00653751809518,13.0301554381947
"52666","Secchi Depth","Reference",12.2207013088181,7.4118287836378,19.5996918025418
"52677","Secchi Depth","Current",10.9802744360171,8.61391928135651,14.0695581089138
"52677","Secchi Depth","Reference",11.5858978579019,8.41312778932162,15.8495860394526
"52684","Secchi Depth","Current",5.47370599500462,4.53319860411792,6.79537294753341
"52684","Secchi Depth","Reference",10.9665433615706,7.84220586653103,14.987681930415
"52697","Secchi Depth","Current",8.55689824609075,6.46215168512602,11.004776767211
"52697","Secchi Depth","Reference",12.0972552815293,8.31480500758295,17.9587796342439
"52722","Secchi Depth","Current",8.96273962307535,6.99058139298286,11.4853900526553
"52722","Secchi Depth","Reference",11.1273325155913,6.71408322427443,17.4796955307731
"52731","Secchi Depth","Current",9.7507240502612,7.39483586072566,12.9515480137829
"52731","Secchi Depth","Reference",11.6516737060782,7.80695521327312,16.5630290352139
"52740","Secchi Depth","Current",8.77448309976721,6.55314922632605,11.5953237168453
"52740","Secchi Depth","Reference",11.5797011229997,8.51194717851459,15.3125597976601
"52751","Secchi Depth","Current",15.8672710174415,12.5072528747426,20.5062674779862
"52751","Secchi Depth","Reference",12.1192253484472,8.1284408543113,17.786511119685
"52789","Secchi Depth","Current",5.30207152280997,4.39149588703744,6.44375783623101
"52789","Secchi Depth","Reference",10.9188320743702,6.92437181302224,16.5764756379507
"52846","Secchi Depth","Current",7.62655853407566,5.69234310834821,10.1821729346894
"52846","Secchi Depth","Reference",11.104695940945,7.09839367654573,16.6904945611036
"52848","Secchi Depth","Current",5.70211974044079,4.7896788904387,6.85826087863575
"52848","Secchi Depth","Reference",11.1363349264409,7.26540424716516,16.6293937086464
"52849","Secchi Depth","Current",5.16538783190837,4.29670294483916,6.187158546429
"52849","Secchi Depth","Reference",11.2651341296278,8.17515996217049,15.3342024879059
"52851","Secchi Depth","Current",8.98271416152192,7.0726083098384,11.4496424706436
"52851","Secchi Depth","Reference",11.5760434346687,8.16938969034284,16.4231580667583
"52875","Secchi Depth","Current",8.69177675464248,6.47073438704673,11.2467293006983
"52875","Secchi Depth","Reference",11.8037265528344,8.58431136442291,16.6266029579821
"52878","Secchi Depth","Current",9.12250463082383,6.84954703871973,12.1171442690091
"52878","Secchi Depth","Reference",11.5634087711495,7.44062433938703,17.1278962110168
"52884","Secchi Depth","Current",9.460230790259,7.43802608627334,11.929883736932
"52884","Secchi Depth","Reference",10.0836976361171,7.61394219371425,13.3734055919209
"52887","Secchi Depth","Current",9.08110921563135,7.22946903007482,11.4376416418693
"52887","Secchi Depth","Reference",11.2640737034663,6.95264444047621,17.4019798462641
"52889","Secchi Depth","Current",9.78242826013937,7.41941146179222,12.9204738294271
"52889","Secchi Depth","Reference",11.5000723165742,8.00584105925233,16.2795570799544
"52896","Secchi Depth","Current",11.9937807345311,9.37582348975875,15.6433182667788
"52896","Secchi Depth","Reference",12.0418535920055,8.99668541646419,16.5846380660558
"52902","Secchi Depth","Current",9.6071551890437,7.59175004514746,12.2369065836527
"52902","Secchi Depth","Reference",11.6067296338161,8.56397255838688,15.9759099869395
"52914","Secchi Depth","Current",11.1840067539039,8.97645567742808,13.9936584022672
"52914","Secchi Depth","Reference",12.108525785249,9.04620118351416,16.3688042049988
"52924","Secchi Depth","Current",10.4206638790951,8.14991289058704,13.5919157737195
"52924","Secchi Depth","Reference",11.5211906025323,7.79637920842894,16.2145811117422
"52927","Secchi Depth","Current",10.595765726411,8.08781846929198,13.9112520890972
"52927","Secchi Depth","Reference",11.4340067050411,7.75948119245027,16.4849954575741
"52928","Secchi Depth","Current",10.8069995545439,8.47697712511425,14.1956702995851
"52928","Secchi Depth","Reference",11.4666682915432,7.47775746338905,16.9834471904062
"52931","Secchi Depth","Current",9.86190945213269,7.52069657537956,12.9385159130561
"52931","Secchi Depth","Reference",11.4027382574476,8.46082416497345,15.3779603834827
"52940","Secchi Depth","Current",15.696366583325,12.4554732985177,20.4121493234227
"52940","Secchi Depth","Reference",11.6763351986154,8.56518766923301,16.3212157753738
"52954","Secchi Depth","Current",12.9839023895175,10.4079009591553,16.9060659859043
"52954","Secchi Depth","Reference",11.7493860464735,7.67576603679885,17.4519009265411
"52960","Secchi Depth","Current",11.9852545788435,9.46134351831092,15.7710593121149
"52960","Secchi Depth","Reference",10.0684917820228,7.58012217137177,13.6143697013051
"52988","Secchi Depth","Current",10.8333377290482,8.21092467418601,14.7319740680065
"52988","Secchi Depth","Reference",11.3831861142176,7.36463854213911,16.932126881053
"52998","Secchi Depth","Current",13.0531757633299,10.5766543788836,16.3160814153382
"52998","Secchi Depth","Reference",11.498183021294,8.49963824003291,15.9004037250302
"53006","Secchi Depth","Current",12.346675166424,9.69216096741036,15.7683119823071
"53006","Secchi Depth","Reference",11.5282287902326,8.15331829823249,16.4386297425723
"53020","Secchi Depth","Current",11.2708734486735,8.9975881731041,14.4320350185158
"53020","Secchi Depth","Reference",11.5257046011626,8.53206728983613,15.5310048841306
"53022","Secchi Depth","Current",10.7006294424799,8.6242145145344,13.4527860953722
"53022","Secchi Depth","Reference",11.7097595828761,8.96805613435476,15.8503747000197
"53025","Secchi Depth","Current",9.08533462715428,7.28314685199842,11.2153254748972
"53025","Secchi Depth","Reference",9.03906032841247,6.41114203849994,12.6318619180492
"53033","Secchi Depth","Current",11.8089663395327,9.47365874022424,14.898995275433
"53033","Secchi Depth","Reference",9.60683910372826,6.7741309168922,13.0075712518405
"53034","Secchi Depth","Current",12.2912889966458,9.73031788128987,15.8798623866538
"53034","Secchi Depth","Reference",11.8220027024781,8.06250574533013,16.7369377886364
"53059","Secchi Depth","Current",11.3408954019198,9.01422589157518,14.5501917876997
"53059","Secchi Depth","Reference",11.6846895814308,7.75270731971265,17.5963617764715
"53062","Secchi Depth","Current",10.4207658600856,8.21587965917487,13.5848230326207
"53062","Secchi Depth","Reference",11.3476378379744,8.16137439129304,16.0129144182516
"53101","Secchi Depth","Current",9.38405467007246,7.41303463084771,11.7692897351701
"53101","Secchi Depth","Reference",11.7565763596938,9.07253231052671,15.8289472866189
"53108","Secchi Depth","Current",10.1179564584236,7.94016967060566,12.9874813546911
"53108","Secchi Depth","Reference",11.4058482801461,8.97174634202753,15.1574404812911
"53109","Secchi Depth","Current",9.99449853393175,7.80273175820244,13.0242220080005
"53109","Secchi Depth","Reference",11.6131196878194,8.82730369426858,15.4874288632396
"53113","Secchi Depth","Current",11.3395210110311,9.06103967275155,14.1827207339839
"53113","Secchi Depth","Reference",11.535340991023,8.43428024011336,15.3022742946738
"53114","Secchi Depth","Current",5.40392597226436,4.47806665760384,6.54883589967102
"53114","Secchi Depth","Reference",10.293347294961,7.31686435133629,14.2269300135109
"53117","Secchi Depth","Current",8.98751241192818,6.88200262584337,11.5681477268817
"53117","Secchi Depth","Reference",11.6581956233191,8.46927879373474,15.889483955913
"53120","Secchi Depth","Current",11.0158567039001,8.61110176453604,14.1218612132085
"53120","Secchi Depth","Reference",11.4779846142223,8.09089638150095,16.1954294244349
"53124","Secchi Depth","Current",10.8907850086416,8.54133943686943,13.998844301166
"53124","Secchi Depth","Reference",11.6176011274654,8.5011965350136,15.7753733964668
"53129","Secchi Depth","Current",12.2071931438732,9.72083994545584,15.3913332052768
"53129","Secchi Depth","Reference",11.5123019182615,8.9637713031876,14.6783781964635
"53145","Secchi Depth","Current",5.91158822945952,4.90916662329679,7.27622098826254
"53145","Secchi Depth","Reference",11.1304766661968,8.64985072136658,14.3812636311425
"53149","Secchi Depth","Current",12.0899854591081,9.89157532830096,14.9463812238752
"53149","Secchi Depth","Reference",11.6771361970051,9.27364080535224,14.8722126748813
"53163","Secchi Depth","Current",5.87102273000917,4.96377144024517,6.97773904489356
"53163","Secchi Depth","Reference",11.0466464429826,8.26400323737696,15.3269666010029
"53216","Secchi Depth","Current",5.11139392344312,4.33140274678492,6.08708806294635
"53216","Secchi Depth","Reference",10.9437370531296,7.98330199567599,14.9957368750419
"53262","Secchi Depth","Current",11.4217327618032,9.36105670450501,14.2446559708508
"53262","Secchi Depth","Reference",11.5577409241985,8.80114097480149,14.9718905758103
"53300","Secchi Depth","Current",5.15970761715586,4.10139702175438,6.59206766169532
"53300","Secchi Depth","Reference",11.2245595622763,8.75448535920057,14.6089151324654
"53304","Secchi Depth","Current",11.4273187349388,9.20613317595686,15.008553000937
"53304","Secchi Depth","Reference",11.6956696152821,9.19532013682226,14.9078838806455
"53315","Secchi Depth","Current",5.43683605893039,4.44921098366923,6.65767491275121
"53315","Secchi Depth","Reference",11.2611259482117,8.71756460443073,14.4621808703882
"53338","Secchi Depth","Current",12.0028517333612,9.65170642361236,15.3391074748568
"53338","Secchi Depth","Reference",11.643714279573,9.02000962306641,15.0803034089828
"53353","Secchi Depth","Current",11.3245809179925,9.13302014033445,14.3563167441034
"53353","Secchi Depth","Reference",11.8038941187398,9.26064105802048,15.1717624730123
"53392","Secchi Depth","Current",9.66226588982092,7.52198394993785,12.3504985667099
"53392","Secchi Depth","Reference",11.2103698455938,8.78623379482144,14.5437898311029
"53401","Secchi Depth","Current",5.19014649256608,4.20929758346391,6.45747802725585
"53401","Secchi Depth","Reference",10.2853541712704,7.82967587551656,13.2994580677516
"53412","Secchi Depth","Current",8.79421095913501,6.94546608492396,11.1191042142731
"53412","Secchi Depth","Reference",10.9147781716034,8.42859428833334,14.6270455746747
"53491","Secchi Depth","Current",5.76196123953307,4.83215438782338,6.89088269285688
"53491","Secchi Depth","Reference",11.0504663638663,8.4945148188455,14.179521474413
"53492","Secchi Depth","Current",7.06782260630347,5.82941770876386,8.53376538719199
"53492","Secchi Depth","Reference",11.172803545482,8.65279048014578,14.4862325923721
"53519","Secchi Depth","Current",8.64792311441515,7.02640888034153,10.7005947969174
"53519","Secchi Depth","Reference",11.6131919148666,9.11525134644127,14.8429203536157
"53532","Secchi Depth","Current",14.7274589225806,11.5297585288036,19.0226362353875
"53532","Secchi Depth","Reference",13.4368218870783,10.3676751855899,17.6850749355645
"53549","Secchi Depth","Current",7.96177748255148,6.17108791172236,10.0754969979798
"53549","Secchi Depth","Reference",10.205203812585,7.90209651172713,12.901571036952
"53550","Secchi Depth","Current",4.70262377853937,3.92239797873386,5.5564621917826
"53550","Secchi Depth","Reference",10.6371710509143,8.14498033658299,13.9860227223888
"53717","Secchi Depth","Current",8.4401869409425,6.78092537450024,10.5596671445627
"53717","Secchi Depth","Reference",11.6012699255454,8.98462734421257,14.904885181448
"53730","Secchi Depth","Current",8.46047768285933,6.78075180876772,10.4974563432506
"53730","Secchi Depth","Reference",11.8573148668202,9.16359300738577,15.0398992880117
"53851","Secchi Depth","Current",10.5534337339319,8.52148048612091,13.2397724240924
"53851","Secchi Depth","Reference",11.4101966059864,8.73905184547796,15.2243361034545
"53868","Secchi Depth","Current",11.8956585035366,9.64441467823283,15.1133787144986
"53868","Secchi Depth","Reference",11.4634227351023,7.75696010244667,16.326377216916
"53870","Secchi Depth","Current",5.65384487397513,4.75822329573957,6.76857595749556
"53870","Secchi Depth","Reference",10.8230691302268,7.19305730891714,15.5833462754251
"53872","Secchi Depth","Current",9.07227869404698,7.35638131773018,11.3374513768113
"53872","Secchi Depth","Reference",11.223965333648,8.57455085070128,14.4804063348045
"53877","Secchi Depth","Current",10.1624744297146,8.16680870837442,12.631093125666
"53877","Secchi Depth","Reference",11.3330574159024,8.50685496659064,14.9550091103719
"53886","Secchi Depth","Current",4.70876127111383,3.94591804532886,5.62657631710183
"53886","Secchi Depth","Reference",11.2318106354037,8.4791252072378,14.9519587577634
"53963","Secchi Depth","Current",9.7656780241131,7.33917454961792,12.8282234979583
"53963","Secchi Depth","Reference",11.7211785325068,9.06781881590142,15.6317544982756
"53966","Secchi Depth","Current",8.83287909940282,6.31621750041357,12.0445719038703
"53966","Secchi Depth","Reference",11.6306009549089,8.75148481247207,15.0628611153898
"54000","Secchi Depth","Current",12.8484308892407,10.1785309078501,15.9887281538197
"54000","Secchi Depth","Reference",11.9601233761605,8.79996947292915,16.7185030539439
"54001","Secchi Depth","Current",11.7447433297229,9.19094176821274,15.2704523039825
"54001","Secchi Depth","Reference",11.3698569874336,7.73612249011446,16.9634333669163
"54019","Secchi Depth","Current",10.6095716196046,8.50332652291536,13.1443836464249
"54019","Secchi Depth","Reference",11.7067319134953,9.25275584481113,15.3814099921783
"54022","Secchi Depth","Current",8.90399824130392,7.00291534016959,11.2354869848509
"54022","Secchi Depth","Reference",11.670973874283,8.78840302226786,15.338511886251
"54025","Secchi Depth","Current",8.87391388756709,6.9239802432565,11.0484606511243
"54025","Secchi Depth","Reference",11.6376373297466,8.9571803558683,14.9742531282793
"54035","Secchi Depth","Current",10.6277583857876,8.68800060836779,13.2682274310868
"54035","Secchi Depth","Reference",11.81400662647,9.18867293969252,15.0169476714935
"54037","Secchi Depth","Current",5.14810819715586,4.34965418050495,6.17187589663232
"54037","Secchi Depth","Reference",11.3105273400325,8.84712032944401,14.4976020668367
"54039","Secchi Depth","Current",4.74410748179014,3.67914639086651,6.04313632639183
"54039","Secchi Depth","Reference",11.3107814183875,8.85987195555616,14.4626088405009
"54050","Secchi Depth","Current",7.80233319999307,6.13873091946147,9.82820931946019
"54050","Secchi Depth","Reference",9.71324652267097,7.15038888635054,12.8610476601
"54060","Secchi Depth","Current",11.9871455874054,9.54707831958473,15.2571508044561
"54060","Secchi Depth","Reference",11.811920965831,8.95954681364592,15.6746563656309
"54061","Secchi Depth","Current",10.8913545009973,8.52200640931425,14.0433720338384
"54061","Secchi Depth","Reference",11.4808868286182,8.14226874186222,15.7334458022162
"54071","Secchi Depth","Current",10.1399074793805,8.0130280340457,12.968031601252
"54071","Secchi Depth","Reference",11.5224139903961,8.37102727440046,15.5370769743352
"54073","Secchi Depth","Current",10.1384150775359,7.99469855440697,12.9082969128118
"54073","Secchi Depth","Reference",11.7097284253967,8.55868507423503,15.8445312816556
"54077","Secchi Depth","Current",9.39496586357971,7.44824592917864,11.9170385769978
"54077","Secchi Depth","Reference",11.5945655059145,8.19189454647179,16.2473660852533
"54088","Secchi Depth","Current",10.3232906705407,8.1757264784095,13.0872031310412
"54088","Secchi Depth","Reference",11.5900254102746,8.81047624905259,15.2252818051173
"54094","Secchi Depth","Current",9.94319122326962,8.02136475032369,12.5657385737148
"54094","Secchi Depth","Reference",11.6347432258304,9.03049144332558,15.2479616115566
"54132","Secchi Depth","Current",11.4479549121598,9.31799326537637,14.1570707992855
"54132","Secchi Depth","Reference",12.0301524361928,9.38369706207091,15.6526953668186
"54141","Secchi Depth","Current",4.05453019647603,3.35440644626372,5.02265591684044
"54141","Secchi Depth","Reference",9.42136515397813,6.74174063709482,12.9677863286372
"54144","Secchi Depth","Current",10.8999250409968,8.9399636773729,13.4933091005376
"54144","Secchi Depth","Reference",12.0549617622954,9.28384515165935,15.9561822659057
"54154","Secchi Depth","Current",5.59330935781823,4.58637894742833,6.78339020330424
"54154","Secchi Depth","Reference",11.1265993692568,8.51634057631271,14.712491414615
"54156","Secchi Depth","Current",10.7103957599489,8.26645669737671,13.829032223104
"54156","Secchi Depth","Reference",11.6704945864561,8.88840977554266,14.9298965655464
"54177","Secchi Depth","Current",12.9618920933718,10.260175511666,17.2276513860355
"54177","Secchi Depth","Reference",11.8020280256737,9.22680948536165,15.0939102633213
"54181","Secchi Depth","Current",6.05198644361435,4.46025309453273,7.75847043228409
"54181","Secchi Depth","Reference",11.084944105042,8.59541167920636,14.120742202544
"54190","Secchi Depth","Current",6.22415080496065,4.57880018749587,8.08436732911752
"54190","Secchi Depth","Reference",11.4400409118062,8.64790927947265,15.4499051123869
"54237","Secchi Depth","Current",4.96988082122415,4.19535695838181,5.99672028848351
"54237","Secchi Depth","Reference",11.2982076541003,8.68981796938041,14.4040208188838
"54288","Secchi Depth","Current",5.55517730260641,4.4218494453609,7.13799291378749
"54288","Secchi Depth","Reference",10.9774673228404,8.24106778881434,15.0656659042647
"54311","Secchi Depth","Current",6.363974526542,4.6950081278087,8.06504384189124
"54311","Secchi Depth","Reference",9.96951719209943,7.71855095411457,12.9438465096866
"54351","Secchi Depth","Current",8.56868923629716,6.48471895001644,10.9320641717842
"54351","Secchi Depth","Reference",10.7867112051706,7.76954468941916,14.606322188969
"54356","Secchi Depth","Current",11.0740593621266,8.80267233403319,14.2125364623061
"54356","Secchi Depth","Reference",10.7044833213577,7.86856999652688,14.6435200443668
"54407","Secchi Depth","Current",9.53907954893716,7.37559909101025,12.1918000999407
"54407","Secchi Depth","Reference",10.881513033049,7.84578528031265,14.8667347287261
"54413","Secchi Depth","Current",10.2556645068358,8.2234297207371,12.9505469870589
"54413","Secchi Depth","Reference",9.67734156732907,7.24693907448428,12.6132975166176
"54435","Secchi Depth","Current",9.37198121166907,7.32523116148814,12.0206437142195
"54435","Secchi Depth","Reference",10.8692401839917,7.24112470766358,15.4632609677122
"54475","Secchi Depth","Current",5.28096650653601,4.35028811973398,6.56236532453795
"54475","Secchi Depth","Reference",10.9174297570404,8.34881038970254,14.6207090544775
"54486","Secchi Depth","Current",8.66423351575978,6.32480387864984,12.0339859305036
"54486","Secchi Depth","Reference",11.9047667630775,9.16637846720597,15.7287602800022
"54487","Secchi Depth","Current",8.9153481824177,6.3341108537965,12.450529803785
"54487","Secchi Depth","Reference",11.4776375651309,8.71842639351286,15.1124563313377
"54515","Secchi Depth","Current",8.28801641422853,5.69529739614123,11.4448386399582
"54515","Secchi Depth","Reference",11.469817342628,8.84098516033563,14.8957393495662
"54561","Secchi Depth","Current",4.09029004097591,3.30563255424782,5.03645341864025
"54561","Secchi Depth","Reference",9.14155749252517,6.5744965610129,12.1016409687008
"54601","Secchi Depth","Current",5.67129061634619,4.6460782940584,7.00763558337007
"54601","Secchi Depth","Reference",10.5955504194978,7.89606182713198,14.1212581153684
"54618","Secchi Depth","Current",9.65831102998436,7.08707168007891,12.819511896111
"54618","Secchi Depth","Reference",11.7208402280426,9.12680779762622,14.9168741460975
"54621","Secchi Depth","Current",11.2295994703145,8.8348783243693,14.3560880142136
"54621","Secchi Depth","Reference",11.8987350755944,9.23388359868629,15.4724270646797
"54660","Secchi Depth","Current",11.9777438832085,9.58924374518374,15.2992729072909
"54660","Secchi Depth","Reference",11.7147291483936,8.96093417868967,15.422746175925
"54672","Secchi Depth","Current",13.7720987712349,10.8507674930519,17.8792585941857
"54672","Secchi Depth","Reference",12.5820988375315,9.86133732851695,16.2166682448745
"54730","Secchi Depth","Current",11.4583516402142,9.29884166293481,14.2258188128132
"54730","Secchi Depth","Reference",10.7127665960028,7.96538470873891,14.1375955299466
"54731","Secchi Depth","Current",11.017081017245,8.97828825362532,13.5992620508797
"54731","Secchi Depth","Reference",9.59626865117558,7.51066090604254,12.0448991566455
"54732","Secchi Depth","Current",10.8424770802046,8.89618208635535,13.5719731767495
"54732","Secchi Depth","Reference",9.76741450796611,7.50027211676997,12.4574197963201
"54733","Secchi Depth","Current",7.71730935769395,5.93270725976635,9.90878029813163
"54733","Secchi Depth","Reference",9.95579908257642,7.73373406421727,12.5049456996605
"54734","Secchi Depth","Current",10.2147759078184,8.11506751842287,12.9196257210665
"54734","Secchi Depth","Reference",10.6166110288627,8.17709527159197,13.6464508665506
"54735","Secchi Depth","Current",13.7131027986031,10.768642041889,17.3830890233033
"54735","Secchi Depth","Reference",11.8477976044084,8.91271130577399,15.6711365627218
"54736","Secchi Depth","Current",15.8922863188619,12.4607428766157,20.7309260767543
"54736","Secchi Depth","Reference",14.1777079230165,10.7942129102417,18.9604470731958
"54737","Secchi Depth","Current",9.77512409526731,7.75769516252047,12.6789925515178
"54737","Secchi Depth","Reference",9.11768506393626,6.95925645118773,11.6479587544318
"54738","Secchi Depth","Current",12.1322899167804,9.63554704035938,15.5577192625195
"54738","Secchi Depth","Reference",13.038003440037,9.84259105445144,16.7191657902952
"54741","Secchi Depth","Current",11.2420510434743,9.01409120872472,14.347637192646
"54741","Secchi Depth","Reference",10.7856828717905,7.87017080289151,14.5378493666586
"54742","Secchi Depth","Current",0.43710096306251,0.191184575360476,0.794940878961951
"54742","Secchi Depth","Reference",6.51990258031355,3.97180154865037,9.50653332872409
"1","TLI","Current",4.50935511298755,3.94927089323495,5.02487052840228
"1","TLI","Reference",3.43348492206537,2.67017665166793,4.3125241555249
"10124","TLI","Current",4.21786246015742,3.7155857747073,4.74027120880142
"10124","TLI","Reference",1.77663726423,1.078494542373,2.4251654490534
"10605","TLI","Current",4.89623260738976,4.22228229318247,5.59287919146773
"10605","TLI","Reference",2.92590038548194,2.38499219761531,3.54996503986713
"10706","TLI","Current",5.17586611788294,4.55255652536053,5.7742936800219
"10706","TLI","Reference",2.7088056148098,1.99167707531195,3.52468280747827
"10718","TLI","Current",4.40363940218177,3.81912179838851,4.97207104706736
"10718","TLI","Reference",1.70941842048074,1.08475024293526,2.2641640118434
"11030","TLI","Current",3.82119075128098,3.36862129661145,4.29572447804146
"11030","TLI","Reference",2.43014562842749,1.94057332925281,2.89707540056984
"11084","TLI","Current",3.76565586624689,3.35119801889337,4.19008235692824
"11084","TLI","Reference",3.5454471635204,2.94586988941923,4.23984014090119
"11133","TLI","Current",3.76137469185186,3.34872822755931,4.15263134317272
"11133","TLI","Reference",2.91623753212009,2.51008104020951,3.36568840831245
"11138","TLI","Current",2.86915034212439,2.50263278332268,3.21281974044839
"11138","TLI","Reference",2.8340238987359,2.42046619852124,3.24075532804966
"11476","TLI","Current",4.28555294797045,3.93344700028792,4.68040302974183
"11476","TLI","Reference",2.42007035721939,1.71545106163427,3.07740205849981
"11490","TLI","Current",3.93580493434469,3.53300696663566,4.37814001714953
"11490","TLI","Reference",2.53671829463575,2.09001854769724,2.99435941789993
"11614","TLI","Current",3.03252221912763,2.6491678380342,3.4376859156642
"11614","TLI","Reference",2.39762074373795,1.84345482019237,2.9546410410835
"11616","TLI","Current",3.92452968545299,3.54740013558059,4.29757775627181
"11616","TLI","Reference",2.36717619386708,1.71006121019721,3.05303090109388
"11620","TLI","Current",3.53829465698223,3.19210532977921,3.88134283088348
"11620","TLI","Reference",2.48826449134186,2.03156220024264,2.91872848025178
"11654","TLI","Current",3.56155643208415,3.09634476050938,4.02545864187506
"11654","TLI","Reference",2.60807756821232,2.08115780773735,3.0932517011716
"11656","TLI","Current",3.10195110760324,2.74287725112204,3.43360284139749
"11656","TLI","Reference",2.43831206626836,1.9896737308178,2.88415919831594
"11664","TLI","Current",3.25377946891284,2.81724828194948,3.66508024213304
"11664","TLI","Reference",2.40051472716895,1.9316697272243,2.8529410291451
"11789","TLI","Current",3.42327641510512,3.07364689527554,3.76281308371697
"11789","TLI","Reference",2.38695179841562,1.93368388311806,2.7831216456385
"11793","TLI","Current",3.67922835807021,3.28358752991482,4.06637405797288
"11793","TLI","Reference",2.2068954899945,1.68100030721229,2.66665205209748
"11853","TLI","Current",3.61418322322158,3.15481804408826,4.09395929585589
"11853","TLI","Reference",2.32562544119201,1.66169711478394,3.0151939620303
"11911","TLI","Current",6.1839960779426,5.66688846291956,6.74994762782547
"11911","TLI","Reference",3.47255989259875,2.61005151755392,4.33104988426664
"11916","TLI","Current",5.65942835204308,5.14613256168456,6.18234411300919
"11916","TLI","Reference",3.42557737370218,2.66383634417789,4.24732240314102
"12101","TLI","Current",5.90020171764407,5.42545303141574,6.36494218774298
"12101","TLI","Reference",3.82939010670539,3.0059544303165,4.75164689394358
"12107","TLI","Current",5.86850748509221,5.3870466270115,6.39101053307618
"12107","TLI","Reference",3.8876448803791,3.14294813430471,4.62725601903882
"12216","TLI","Current",4.30766003373059,3.71293253612877,4.89773283761464
"12216","TLI","Reference",2.93263725693053,2.30978452446441,3.638728868487
"12307","TLI","Current",3.7482864436021,3.22213305170574,4.29387393549339
"12307","TLI","Reference",2.28549183487673,1.7884792569051,2.78872519178022
"12469","TLI","Current",6.2192556762202,5.73143064194565,6.81282763694654
"12469","TLI","Reference",3.9089624570673,3.22744187067252,4.68474427507497
"12537","TLI","Current",6.02580992453388,5.56556812842649,6.54258394802234
"12537","TLI","Reference",3.88925745448782,3.15229604185317,4.65963751518525
"12579","TLI","Current",6.17151795874424,5.71150718782653,6.69833568151408
"12579","TLI","Reference",3.85811330311268,2.95927509118087,4.85866610628759
"12591","TLI","Current",3.20869008701009,2.89018905082923,3.5313656990681
"12591","TLI","Reference",2.99374821179188,2.40665364528437,3.59632760982975
"12670","TLI","Current",4.55838433344545,4.16535930611192,4.96955669214916
"12670","TLI","Reference",3.00475970823708,2.32747765694944,3.68331855604438
"12690","TLI","Current",6.9278448504579,6.34950728946064,7.62189250953279
"12690","TLI","Reference",3.88674655549111,2.9839283185929,4.81487195512608
"12830","TLI","Current",4.04145377729953,3.66162768651993,4.42107377199904
"12830","TLI","Reference",3.33528735353797,2.71699776220622,3.92486989923876
"12872","TLI","Current",3.82684960683976,3.40127574572817,4.24036319094667
"12872","TLI","Reference",4.02305031642912,3.30504720890098,4.78354869558447
"12873","TLI","Current",4.28431659085118,3.86294656205089,4.70090968666398
"12873","TLI","Reference",3.79718365115681,2.75271058301584,4.82959536447293
"12876","TLI","Current",4.10840553829494,3.70545313692823,4.49835492115677
"12876","TLI","Reference",3.36113368837666,2.82615835280661,3.87537284176899
"13147","TLI","Current",4.29171946925856,3.9033342206682,4.70806829356708
"13147","TLI","Reference",2.97377816910555,2.53831300287354,3.42815821638802
"13148","TLI","Current",3.56391293623726,3.09194796806385,4.03252671308442
"13148","TLI","Reference",2.89091062613156,2.40852913822081,3.35635181634271
"13222","TLI","Current",3.89498134451677,3.34099143057218,4.44481485631156
"13222","TLI","Reference",2.83417832020066,2.2228366261661,3.45105801763399
"13276","TLI","Current",3.09504152849149,2.62856699250959,3.55912512766039
"13276","TLI","Reference",2.9553563859532,2.418217826048,3.48033341174482
"13277","TLI","Current",3.30231283817478,2.88085787962336,3.70765547609377
"13277","TLI","Reference",3.03150196951076,2.5051780701211,3.54396064175605
"13278","TLI","Current",3.35437637879909,2.94238244272301,3.76783842400383
"13278","TLI","Reference",3.15982255016583,2.76235132456526,3.63132333028429
"13438","TLI","Current",4.23955473540334,3.81666611298075,4.70793998808796
"13438","TLI","Reference",3.29016081482551,2.67821208556548,3.92641475894827
"13446","TLI","Current",5.29133435022785,4.83285031240227,5.75956132750808
"13446","TLI","Reference",3.41924135696313,2.65876989030661,4.2588300673056
"13456","TLI","Current",5.19317368428689,4.77624145595368,5.62741595625386
"13456","TLI","Reference",3.42060754162091,2.84171444426586,4.10582454776985
"13466","TLI","Current",3.9506291116331,3.56094349866092,4.34148694352188
"13466","TLI","Reference",3.33493661132161,2.66396750146368,4.07351727150315
"13467","TLI","Current",5.14881812559635,4.66170675203686,5.64296627514029
"13467","TLI","Reference",4.10574756409206,3.23675726505669,5.1034132737663
"13577","TLI","Current",3.87342829424961,3.4416567989576,4.31798151481483
"13577","TLI","Reference",3.04628098657526,2.4715695493436,3.67040857873549
"13857","TLI","Current",3.74897866328986,3.19820507945526,4.24759310398595
"13857","TLI","Reference",3.37377777108632,2.70515945408516,4.09633743354216
"13873","TLI","Current",3.17187975809443,2.68279981323797,3.68588180961035
"13873","TLI","Reference",2.63976246041267,2.07573539076287,3.20725312399439
"13876","TLI","Current",3.57267941240096,3.04817502983901,4.12198416627936
"13876","TLI","Reference",3.27004149844097,2.66355007401426,3.89930827035094
"13877","TLI","Current",3.26844191812967,2.8635000214379,3.72222758760505
"13877","TLI","Reference",3.17717009361817,2.72327353189566,3.72494120552699
"13883","TLI","Current",4.05895201860852,3.56293807107455,4.54641042013323
"13883","TLI","Reference",3.41697487483765,2.88967350461012,4.00088189384975
"13904","TLI","Current",4.6117663050024,4.08655755114377,5.14789920969887
"13904","TLI","Reference",3.02728140716595,2.47487845727737,3.57302409375501
"13907","TLI","Current",4.75540883420957,4.07967581161839,5.39988224472154
"13907","TLI","Reference",2.9927830366408,2.47654523033046,3.50638556217879
"13909","TLI","Current",2.5153492577589,2.06429146185836,2.97085738798408
"13909","TLI","Reference",3.3554544010008,2.66527934771852,3.96133573170939
"13915","TLI","Current",4.16497670441313,3.75438955023757,4.63496268625406
"13915","TLI","Reference",2.98093281876744,2.44340075156791,3.58948342724043
"13930","TLI","Current",5.13846846493592,4.4893085970143,5.66387806321926
"13930","TLI","Reference",3.19271206585413,2.62547996468549,3.72072319201261
"13957","TLI","Current",3.08060469360599,2.5920925562973,3.58676297935503
"13957","TLI","Reference",3.12103269179514,2.54153322171503,3.71794824187609
"13970","TLI","Current",2.86803837752815,2.46920278183825,3.30772324482211
"13970","TLI","Reference",3.07129051356222,2.55553545063986,3.60634148446358
"14092","TLI","Current",3.9855601040465,3.54645720777902,4.42424465472533
"14092","TLI","Reference",3.07090866136058,2.5097382032002,3.60142614075717
"14179","TLI","Current",4.54366207866942,4.13183251953586,4.98963668811264
"14179","TLI","Reference",2.97068836408467,2.50492013335813,3.48185234629958
"14262","TLI","Current",3.73752453193993,3.28059132251217,4.17812193104017
"14262","TLI","Reference",2.98125377974888,2.51381146518828,3.44552772829593
"14290","TLI","Current",4.19563629071663,3.81807690332288,4.58238637046355
"14290","TLI","Reference",2.96448709775282,2.53830718502105,3.38083422366643
"14405","TLI","Current",4.39422419428768,3.99386599424113,4.84018886182309
"14405","TLI","Reference",3.009893752709,2.40278749711706,3.57054154221724
"14406","TLI","Current",5.84201137074146,5.3839911211753,6.34590630448963
"14406","TLI","Reference",3.85167378474329,3.3076486028055,4.46659923587947
"14407","TLI","Current",4.81497153586185,4.33671045342981,5.29516284880707
"14407","TLI","Reference",3.06437777677623,2.45263823011039,3.70181285303335
"14408","TLI","Current",4.78406705693655,4.38416984056688,5.20258182581596
"14408","TLI","Reference",2.98290680524337,2.37992877478237,3.54471315112091
"14418","TLI","Current",5.75284915289148,5.27963835977937,6.2055316692505
"14418","TLI","Reference",3.7774627356328,3.1845852952455,4.43523608613233
"14546","TLI","Current",3.4298472742677,2.93714960977836,3.92933807042151
"14546","TLI","Reference",3.19313565334461,2.67416144858282,3.76832183040681
"14586","TLI","Current",5.05737895553904,4.44518289108013,5.7228096954105
"14586","TLI","Reference",3.01146029231347,2.22929138410694,3.71442009507915
"14680","TLI","Current",3.62605214022239,3.12081462103962,4.09903267763294
"14680","TLI","Reference",3.10526887706665,2.59187732699316,3.62638788999985
"14718","TLI","Current",4.11102318528433,3.65785140759889,4.52430558656343
"14718","TLI","Reference",2.91667102188931,2.16265253456531,3.71907680041932
"14820","TLI","Current",3.93235846900674,3.48210907601741,4.42356129813586
"14820","TLI","Reference",2.83025286613012,2.33884231914159,3.31247136548069
"14852","TLI","Current",4.6967783283997,4.12795848276955,5.3033194756229
"14852","TLI","Reference",2.92981930560908,2.36940904398747,3.56211647240632
"14860","TLI","Current",3.80094877939533,3.33035541082783,4.27424926307105
"14860","TLI","Reference",2.82562187920578,2.28643955610952,3.3176324957623
"15007","TLI","Current",4.55350838711934,4.10323480876264,4.9754508444796
"15007","TLI","Reference",3.08396843924938,2.51085845612043,3.7027139175143
"15013","TLI","Current",5.46838870658801,5.01546422212017,5.97164307291752
"15013","TLI","Reference",3.79805185086088,3.21424938718573,4.40836941133186
"15022","TLI","Current",4.13000568615,3.78562349577666,4.50003605754767
"15022","TLI","Reference",3.12608917182486,2.55631145065461,3.71319391658746
"15035","TLI","Current",5.87565984916552,5.45451622226481,6.30654901004919
"15035","TLI","Reference",4.39381978592939,3.56145056030487,5.33862788626169
"15037","TLI","Current",5.79181308944386,5.29876457767026,6.35181545565611
"15037","TLI","Reference",3.82341133780802,3.03978360793366,4.67132501980646
"15038","TLI","Current",6.10308156263652,5.65430575146733,6.61451497685676
"15038","TLI","Reference",4.40137663092737,3.63897327976859,5.26594171185967
"15106","TLI","Current",5.06907639131976,4.37726287327961,5.59102243677369
"15106","TLI","Reference",3.07532911884736,2.28781277745626,3.78567555991982
"15141","TLI","Current",6.13368305691346,5.69218720217218,6.65125415155514
"15141","TLI","Reference",4.29032022625881,3.59090420922491,5.10520054509332
"15176","TLI","Current",4.44754474325971,3.90705811636676,5.03327207752352
"15176","TLI","Reference",2.83108896222769,2.33775324557487,3.27117109746591
"15312","TLI","Current",3.09895656314436,2.73623927533816,3.46390454152618
"15312","TLI","Reference",3.04977466551318,2.62296946139909,3.51667777294008
"15325","TLI","Current",3.07666615909282,2.70260770523453,3.44235620037857
"15325","TLI","Reference",2.8331396823166,2.45075566174454,3.22766447045793
"1553","TLI","Current",4.1762050533202,3.67148061562681,4.68541325102184
"1553","TLI","Reference",3.30646142308821,2.8054787458908,3.80394399576835
"15621","TLI","Current",3.06401910142617,2.71698467696701,3.44472470235535
"15621","TLI","Reference",3.05647540729988,2.64938485320712,3.47263923690919
"15633","TLI","Current",3.33225414124329,2.97546560639187,3.71495817547687
"15633","TLI","Reference",2.79672412176091,2.28857648071924,3.31273535033836
"15651","TLI","Current",3.62415872280006,3.17102539786858,4.07717691999899
"15651","TLI","Reference",3.00979662787747,2.5270954760001,3.52264319388911
"15670","TLI","Current",3.29608569067364,2.78611793707018,3.78339702555735
"15670","TLI","Reference",2.67244254194638,2.15442041657804,3.20224311504523
"15672","TLI","Current",3.25232331155247,2.82188056998503,3.65544582181977
"15672","TLI","Reference",2.80144881616748,2.34459147152383,3.28718098177731
"15692","TLI","Current",2.81381809271586,2.36507806515686,3.25845731784013
"15692","TLI","Reference",3.51629314541218,2.64712282214811,4.36342242987367
"15719","TLI","Current",3.39765886038358,2.87168890858147,3.86152872289177
"15719","TLI","Reference",2.95167520027201,2.39874595984879,3.46571267679651
"15736","TLI","Current",5.64235513966882,5.21602086343074,6.0995824612821
"15736","TLI","Reference",3.71397994184947,3.08288593143289,4.3723839217885
"15795","TLI","Current",5.60794148060787,5.14719539593619,6.10999223369411
"15795","TLI","Reference",4.36507400188038,3.3829476962218,5.35811031025175
"15898","TLI","Current",4.84500749823814,4.34065824050009,5.31208550570571
"15898","TLI","Reference",3.47661032429729,2.61997058366344,4.41879753146572
"15902","TLI","Current",4.77710883428802,4.35662119017695,5.22701629303939
"15902","TLI","Reference",3.35539545845032,2.49897089972455,4.17131176588656
"15904","TLI","Current",4.07668872536294,3.70902267980434,4.45276046443792
"15904","TLI","Reference",3.46384776949968,2.62113095854686,4.34287403335155
"15906","TLI","Current",4.92668896713877,4.47566633104804,5.36611224354518
"15906","TLI","Reference",3.40446063223457,2.54104255694915,4.33132673711367
"15907","TLI","Current",5.13931697000752,4.71626588497457,5.57452000343672
"15907","TLI","Reference",3.38468812702291,2.69468840906226,4.07109563060427
"15909","TLI","Current",5.245813155657,4.76950653027881,5.7386738985583
"15909","TLI","Reference",3.44460277112581,2.54073811187328,4.44019985387342
"15926","TLI","Current",5.04792644237871,4.5615255162871,5.53888532398416
"15926","TLI","Reference",3.34714675983764,2.70220212480227,4.05942746339836
"15929","TLI","Current",5.07977875028872,4.58342827358176,5.58067414538035
"15929","TLI","Reference",3.37932901884458,2.80041234240172,3.97348161495728
"15930","TLI","Current",4.51075921041503,4.12178621988292,4.94624820649847
"15930","TLI","Reference",3.30575336575441,2.46293872177181,4.15608440189826
"15942","TLI","Current",5.59879823577371,5.13103463596169,6.02767683817339
"15942","TLI","Reference",4.35904019710969,3.48957246916797,5.33340206211248
"15947","TLI","Current",4.98062609953328,4.4169721143174,5.6102718458085
"15947","TLI","Reference",3.38047338436113,2.5725065523267,4.21069012122337
"16080","TLI","Current",4.93467591231182,4.4583719985001,5.45126665510201
"16080","TLI","Reference",3.55372604477298,2.80398645369365,4.36745281812533
"16131","TLI","Current",3.28069316780382,2.88177373338131,3.68710297037433
"16131","TLI","Reference",2.97855954852941,2.50244288208325,3.51303119208912
"16190","TLI","Current",3.96476338098762,3.52519463440157,4.45329457945489
"16190","TLI","Reference",3.08848243198901,2.52756703072074,3.67952880127925
"16214","TLI","Current",2.64221879729906,2.28610491026332,2.99598285879293
"16214","TLI","Reference",3.06063796638393,2.53255125360779,3.63942869663518
"16215","TLI","Current",3.77447574497274,3.35463268552745,4.20256886065758
"16215","TLI","Reference",2.89117396468739,2.41453675165096,3.39078106082127
"16222","TLI","Current",3.42769791352757,3.04365312496212,3.81030656825923
"16222","TLI","Reference",2.86351228393431,2.40757855782176,3.34466899705749
"16224","TLI","Current",3.58251110430029,3.19617023536507,3.97185372190387
"16224","TLI","Reference",3.07696413252179,2.5586706363302,3.56880692412183
"16233","TLI","Current",3.95228681409169,3.52859203000333,4.41150492613581
"16233","TLI","Reference",2.56610804766612,2.03832857976994,3.09756056172968
"16235","TLI","Current",3.82136661337829,3.32744994505083,4.32908136583871
"16235","TLI","Reference",2.5859236520563,2.04258433595735,3.15596227080656
"16377","TLI","Current",3.51702627781058,3.00308911642428,3.99085295203383
"16377","TLI","Reference",2.56738145809863,1.82783664614398,3.23853344108603
"16392","TLI","Current",4.29262962326149,3.83144922434693,4.78907897261779
"16392","TLI","Reference",2.82906948685579,2.35770616838543,3.31834161605714
"16734","TLI","Current",7.05002099159826,6.4821980464247,7.7693811152106
"16734","TLI","Reference",4.1766997003555,3.02126909342415,5.40744267542364
"16939","TLI","Current",6.57819071184375,6.05882314617385,7.16172237466215
"16939","TLI","Reference",4.21666628327016,3.37708404784936,5.25602541555446
"17014","TLI","Current",5.10401001230651,4.64886019343422,5.57058396996308
"17014","TLI","Reference",3.36335617824245,2.65669446604172,4.09075506675746
"1708","TLI","Current",4.95021481780214,4.43636707550026,5.45934447078424
"1708","TLI","Reference",3.90391861162768,3.25501823123627,4.56536445509015
"17153","TLI","Current",4.6157876284131,4.11713567204893,5.11591382736114
"17153","TLI","Reference",3.06857807657692,2.47354829178054,3.61943760259896
"17750","TLI","Current",5.09009582487523,4.64618584660337,5.55387736654222
"17750","TLI","Reference",4.14239858654649,3.36721839573886,4.91370247200918
"17761","TLI","Current",4.42299266989167,3.98760064053876,4.86263448967485
"17761","TLI","Reference",3.4913672781006,2.80632424701862,4.18834897417573
"18023","TLI","Current",4.80121101023108,4.32106642746297,5.31551517040216
"18023","TLI","Reference",2.87288846591044,2.29739543580295,3.43345091458344
"18027","TLI","Current",4.87573687173527,4.37261322343297,5.43294271726177
"18027","TLI","Reference",2.90962183826582,2.20101087219315,3.62353211009744
"18318","TLI","Current",4.55713357535443,4.11516450358131,4.98191590337663
"18318","TLI","Reference",3.07610351238543,2.43121652187079,3.74683567819751
"18610","TLI","Current",2.74913138403147,2.34259634570633,3.17830410811514
"18610","TLI","Reference",2.83250299611635,2.39312068322588,3.29610540779463
"18809","TLI","Current",4.10589409097559,3.51974178189208,4.62955341946428
"18809","TLI","Reference",3.14362775614056,2.5496700252883,3.8313378827982
"18933","TLI","Current",3.87245559680328,3.51288158619382,4.22995998100455
"18933","TLI","Reference",3.45696360336994,2.65216990028932,4.26345572133858
"18934","TLI","Current",5.14789512204711,4.66782610410377,5.75748830107503
"18934","TLI","Reference",3.22095402196963,2.44083319095358,3.95757774146176
"18935","TLI","Current",5.98475438149231,5.27564077280308,6.63651677083823
"18935","TLI","Reference",3.45509300461425,2.45950814418878,4.56727623585169
"18936","TLI","Current",5.45537223825917,4.92808982497544,5.98114355127367
"18936","TLI","Reference",3.40724329435128,2.80142617739014,4.0677728196387
"18951","TLI","Current",4.6117183361946,4.18358223408512,5.12950035352116
"18951","TLI","Reference",3.29040057223426,2.54893108772331,4.13088942123032
"18957","TLI","Current",4.49921936178158,4.1066536409658,4.88352117051378
"18957","TLI","Reference",3.21874078870573,2.49428868254582,3.95876477475932
"19172","TLI","Current",4.57450349094243,4.02200974982536,5.11685196204771
"19172","TLI","Reference",3.32872677556143,2.53670582113415,4.25047163346384
"19559","TLI","Current",4.68786595412236,4.2674863713697,5.12604615253721
"19559","TLI","Reference",4.37775245031024,3.36803496316581,5.57681295399793
"19572","TLI","Current",5.11980538603018,4.70209957035205,5.5444282513506
"19572","TLI","Reference",4.20719822625864,3.42318733059109,5.03117163594234
"19612","TLI","Current",4.39954232087686,3.97193737832986,4.85608999875744
"19612","TLI","Reference",2.98077084903363,2.32714971132618,3.71992915054031
"1962","TLI","Current",5.83363686153271,5.40786967368405,6.32959072574794
"1962","TLI","Reference",4.18640238605887,3.29766606775345,5.14637923685617
"19621","TLI","Current",4.09512995438953,3.69643967699893,4.52221117658407
"19621","TLI","Reference",3.25849387523534,2.70975412196247,3.91977405955039
"1972","TLI","Current",4.56050298562328,4.1945834071343,4.96581113128024
"1972","TLI","Reference",3.39460816064336,2.71508134051645,4.04285567529814
"1974","TLI","Current",5.31792154433527,4.89302803717694,5.78969026331111
"1974","TLI","Reference",4.38455858357795,3.57156779087229,5.37465759820656
"19781","TLI","Current",4.49733040242868,4.03182801860484,4.98840176945711
"19781","TLI","Reference",2.88511698505925,2.15196969275716,3.60105563616225
"1993","TLI","Current",3.92267551143148,3.45270835099183,4.38634482560821
"1993","TLI","Reference",2.58070946384405,2.06563940524992,3.03348385337414
"20286","TLI","Current",4.4931424297526,4.1118435762767,4.92379880036095
"20286","TLI","Reference",2.7555288821351,2.27879311592121,3.20457275620759
"20493","TLI","Current",4.33134476015205,3.82532256930921,4.83342663249087
"20493","TLI","Reference",2.36398405508521,1.65082031680982,3.1163520328263
"20741","TLI","Current",3.11955920980019,2.70777229884796,3.50378500624794
"20741","TLI","Reference",2.6103197249118,2.168824380135,3.03399568957895
"20846","TLI","Current",3.05945492856374,2.65060006072285,3.45170917362806
"20846","TLI","Reference",2.56285285042348,1.92118364339093,3.21204065275213
"20851","TLI","Current",2.67631201874883,2.29601480826586,3.04044910205608
"20851","TLI","Reference",2.54787051060197,1.97112347701362,3.03922059066527
"20880","TLI","Current",3.7557280113347,3.32150961218552,4.22357992734255
"20880","TLI","Reference",2.82016033280583,2.33016970544609,3.28787979611934
"20904","TLI","Current",3.98278374523218,3.57774262357866,4.39192804832027
"20904","TLI","Reference",3.24043226017206,2.35949941128771,4.06788165142683
"20943","TLI","Current",3.4528100930698,3.07168553274413,3.87026836305851
"20943","TLI","Reference",2.82770875409435,2.37848344254749,3.28396871060258
"20969","TLI","Current",5.13674400080447,4.70290802115344,5.59239750642655
"20969","TLI","Reference",3.67434097374534,3.11826263756113,4.21347976679783
"21367","TLI","Current",2.69125524263334,2.31931727223642,3.03754783695034
"21367","TLI","Reference",2.5184535165583,2.08196336604577,2.92570678502887
"21370","TLI","Current",2.66089508512265,2.29669324559505,3.01158890413735
"21370","TLI","Reference",3.09045599020704,2.67260027619205,3.54835580616905
"21372","TLI","Current",3.59557204613095,3.11644137761735,4.03882507789268
"21372","TLI","Reference",2.74030109792855,2.18342567196618,3.26774555270349
"21383","TLI","Current",3.09512131072855,2.70025926621217,3.49379926936952
"21383","TLI","Reference",2.88593609805122,2.44654478090548,3.33908908695996
"21433","TLI","Current",4.41697870254257,4.01748963815036,4.83579432065266
"21433","TLI","Reference",2.96398664628634,2.47674540648283,3.42591745107818
"21434","TLI","Current",4.93963435191365,4.52203774968684,5.3887313915083
"21434","TLI","Reference",3.73405244056936,3.15660887582284,4.37845451623097
"21544","TLI","Current",3.98331563427296,3.52827694123171,4.44221859399705
"21544","TLI","Reference",3.21845048361687,2.7298963949523,3.77258193659504
"21692","TLI","Current",4.27571042550656,3.91357069894268,4.67228301275458
"21692","TLI","Reference",2.67554241062275,1.99536837264413,3.33567693155635
"21733","TLI","Current",2.98328438860105,2.5834117720207,3.39824104960281
"21733","TLI","Reference",2.26654603683204,1.54382551114721,2.98809038280814
"21759","TLI","Current",4.13667414585547,3.73240542640924,4.5526339944466
"21759","TLI","Reference",3.50904670254628,2.82685812416097,4.21587642595253
"21763","TLI","Current",4.56966872548044,4.1858801100073,5.00422150591429
"21763","TLI","Reference",3.38817954750193,2.76393864599878,4.02194559597881
"21773","TLI","Current",4.67455552553502,4.21371011074019,5.12257657792413
"21773","TLI","Reference",3.50693772860059,2.84137818350127,4.14846047813447
"21886","TLI","Current",5.83053381877703,5.35398824096892,6.34300315885736
"21886","TLI","Reference",4.26812123532946,3.52604685265795,5.10241329719165
"21917","TLI","Current",3.34913925959031,2.94774385104886,3.80786469518103
"21917","TLI","Reference",2.69949369591982,2.22809630097187,3.21984612763831
"21918","TLI","Current",2.88380739410702,2.50831912583075,3.22794141877013
"21918","TLI","Reference",2.92747136582283,2.38652798077618,3.4786499399522
"21926","TLI","Current",3.90888491850464,3.49087293932484,4.3421903559886
"21926","TLI","Reference",2.75247153255333,2.2393696386716,3.272189076627
"22201","TLI","Current",4.70786616642774,4.32831909688027,5.12412872727259
"22201","TLI","Reference",3.06433131678417,2.53117195835673,3.59170580323432
"22472","TLI","Current",3.94010027976835,3.5106576602682,4.38930914198838
"22472","TLI","Reference",2.93630132437953,2.40590704821722,3.48752104718764
"22495","TLI","Current",4.18967285171299,3.77013581414046,4.63744546021763
"22495","TLI","Reference",2.96464674157249,2.47071092488835,3.48683451999553
"22571","TLI","Current",4.77271711459182,4.2151746389794,5.30836133241165
"22571","TLI","Reference",3.0137670253022,2.414233205729,3.63616357405997
"22785","TLI","Current",4.34715946377955,3.95725973149794,4.76040981655017
"22785","TLI","Reference",2.94618774038652,2.4559624880753,3.43317962558506
"22786","TLI","Current",2.77599972072274,2.40023140364598,3.13787260023153
"22786","TLI","Reference",2.74684918269061,2.28037527989283,3.21425086010584
"229","TLI","Current",3.01363938446584,2.67872850334853,3.36575701149947
"229","TLI","Reference",2.91166570691877,2.41229091635719,3.40221827329058
"22929","TLI","Current",4.05384344542204,3.62422534005889,4.5377092117645
"22929","TLI","Reference",2.82735759185524,2.36475405224805,3.33556472645296
"23060","TLI","Current",5.32774572464052,4.8366442386826,5.77519510494843
"23060","TLI","Reference",3.85392782044599,3.20221647938661,4.50007484090683
"23306","TLI","Current",4.23897456981624,3.75372586065333,4.72121803029175
"23306","TLI","Reference",3.06292846538449,2.43238768840384,3.6748925040951
"23314","TLI","Current",3.89282598590687,3.46860356744849,4.31609968907348
"23314","TLI","Reference",3.72207219298498,3.04974067605353,4.42078976751023
"23339","TLI","Current",3.67035616454142,3.13052670669441,4.21213064369308
"23339","TLI","Reference",2.34512024641362,1.58532950562751,3.13276846023425
"23617","TLI","Current",5.27448810419076,4.83554247476237,5.71518205635688
"23617","TLI","Reference",3.73460478530902,3.12009850768264,4.40246403311263
"23657","TLI","Current",5.84605977872126,5.40701539843891,6.38344164694987
"23657","TLI","Reference",4.47737392791506,3.42372565040063,5.56226769370495
"23660","TLI","Current",5.3103981054958,4.88634226772951,5.76546694392802
"23660","TLI","Reference",4.26870468758423,3.25610952682661,5.32118938408343
"23671","TLI","Current",4.35199981209246,3.94184034429938,4.75082507007158
"23671","TLI","Reference",3.51551045844844,2.82813832542151,4.24434172563705
"23676","TLI","Current",4.0638203777976,3.65630628166844,4.49947180479411
"23676","TLI","Reference",4.32774429785336,3.31439068615127,5.46970373178834
"23691","TLI","Current",5.31146871860549,4.84290277999419,5.84543579109385
"23691","TLI","Reference",4.42071106678729,3.36765825864678,5.65816297683288
"23721","TLI","Current",5.10757655286821,4.60552408049585,5.63832369883071
"23721","TLI","Reference",4.03212705771475,3.3983778846033,5.12533750231605
"23862","TLI","Current",3.34401051065037,2.93993796067593,3.75446609223347
"23862","TLI","Reference",3.18830052847192,2.73694694975923,3.71546056823361
"23940","TLI","Current",4.71729646612532,4.11246269162885,5.25468883201744
"23940","TLI","Reference",3.09617174446654,2.42717952968149,3.7520286769503
"23986","TLI","Current",4.4607348832256,3.93001380867472,4.96805861688402
"23986","TLI","Reference",3.38104496348006,2.71195403575216,4.10184014312099
"24015","TLI","Current",4.026036137886,3.51802926314497,4.55008818866615
"24015","TLI","Reference",3.21207241128065,2.64955685653249,3.78852538071405
"24024","TLI","Current",5.03912549533796,4.58587897098866,5.49986022948555
"24024","TLI","Reference",3.77953370327404,3.03970679242236,4.64831745566179
"24039","TLI","Current",3.58441511914418,3.21757262768255,4.01676253270369
"24039","TLI","Reference",2.91017315403516,2.48805273354773,3.34858828069054
"24103","TLI","Current",4.55160631598959,3.97735907659864,5.10263471993971
"24103","TLI","Reference",3.38700672472044,2.83034542644642,4.02228719446013
"24122","TLI","Current",4.32234549193176,3.76574227904969,4.82195746330867
"24122","TLI","Reference",2.96109571185935,2.35872951209914,3.55380028087835
"24271","TLI","Current",3.32924564134218,2.96537830643922,3.69886709263122
"24271","TLI","Reference",2.7298443025972,2.25189387747017,3.17828002221286
"24304","TLI","Current",2.94110146833727,2.59766852812656,3.29985164235361
"24304","TLI","Reference",2.96208768675777,2.53439209844744,3.43568974908934
"24313","TLI","Current",3.74964745584158,3.33924892080456,4.18608745048518
"24313","TLI","Reference",2.81453376318221,2.34307173049827,3.32059770838818
"24415","TLI","Current",5.72967090934946,5.24714166089077,6.19617618809906
"24415","TLI","Reference",4.44696422826737,3.62385178203439,5.39567506834908
"24422","TLI","Current",5.70917804511154,5.22498149745316,6.20511177802252
"24422","TLI","Reference",4.47326189133438,3.79258927485885,5.23350029087514
"24423","TLI","Current",5.81589985019508,5.33380217512295,6.33689939242531
"24423","TLI","Reference",4.48155508755613,3.65204371291041,5.40572114457392
"24477","TLI","Current",3.71682047048657,3.34088275209123,4.09256306956968
"24477","TLI","Reference",3.30753557072998,2.58234403957602,4.04099149236299
"24496","TLI","Current",3.49651836103175,3.16158681456154,3.87653111127895
"24496","TLI","Reference",3.28686077523678,2.5613353552447,4.0226307292326
"24539","TLI","Current",5.31623922372881,4.86386028952825,5.7515553536215
"24539","TLI","Reference",4.29630165444489,3.44193810103388,5.17375263320809
"24596","TLI","Current",4.10132326958307,3.72351469923282,4.48215007190588
"24596","TLI","Reference",3.26675940336117,2.57822993021751,4.03175728432142
"24619","TLI","Current",5.69337817326335,5.24431932203839,6.15861016816092
"24619","TLI","Reference",4.44113642920142,3.4286139898745,5.5128777214531
"24620","TLI","Current",4.08866553661658,3.73553946520147,4.43108153414934
"24620","TLI","Reference",3.34647405600541,2.71266545197233,3.97141476651645
"24621","TLI","Current",4.10863072208612,3.73446960384524,4.52874240514145
"24621","TLI","Reference",3.52529657720743,2.88380099053796,4.19057444593799
"24628","TLI","Current",3.778145037492,3.42805210527276,4.13650625683961
"24628","TLI","Reference",3.40822494586722,2.84906258519395,3.99485990117176
"24633","TLI","Current",3.89228250593884,3.51423593444571,4.25708940705644
"24633","TLI","Reference",3.47457874708325,2.92887264770119,4.04144680580606
"24724","TLI","Current",3.29367662665955,2.86316073585213,3.7290120435794
"24724","TLI","Reference",2.32510634458671,1.50366865239678,3.20331565449004
"24728","TLI","Current",3.60642175065951,3.11987731220668,4.08325327312043
"24728","TLI","Reference",2.43134237869358,1.57045001038372,3.39248369000553
"24734","TLI","Current",2.51851348874482,2.04254587164769,2.96399124454899
"24734","TLI","Reference",2.7232933332401,1.95598144051409,3.48694933751989
"24742","TLI","Current",2.17090036210144,1.73055734770506,2.63147025578766
"24742","TLI","Reference",2.54756134366889,1.62907307692842,3.53664534303214
"24746","TLI","Current",3.073102675589,2.67031014116025,3.47724069788215
"24746","TLI","Reference",2.86744649733348,2.11988441623439,3.65866450236604
"24747","TLI","Current",2.71108979631278,2.28552583731629,3.12955358556613
"24747","TLI","Reference",2.98882464743982,2.15282721613152,3.88080170475661
"24750","TLI","Current",2.34743770002464,1.98968033833009,2.73498373319539
"24750","TLI","Reference",2.80122151639297,2.12893254055945,3.49141064307259
"24758","TLI","Current",2.97373115364455,2.53567373372263,3.41558380219412
"24758","TLI","Reference",2.60057038797811,1.75523597997683,3.57813359784718
"24777","TLI","Current",2.55647415926518,2.07743881053748,3.04405060662609
"24777","TLI","Reference",2.56919447840991,1.69215843568761,3.53226248274626
"24789","TLI","Current",2.59867429030933,2.1478636774823,3.06629273732748
"24789","TLI","Reference",2.55670060866953,1.85812788826975,3.33422410739991
"24791","TLI","Current",2.88391445669538,2.45506831589079,3.30871942165519
"24791","TLI","Reference",2.59962417141246,1.72277085001784,3.58410590797351
"24795","TLI","Current",2.96627557320824,2.53251467629975,3.39940373425874
"24795","TLI","Reference",2.65260359180151,1.82812209456618,3.50739266632845
"24805","TLI","Current",3.12629584623183,2.70565652780213,3.56553868042269
"24805","TLI","Reference",2.43433563349439,1.6970750923301,3.20110579514429
"24806","TLI","Current",3.10623675719913,2.61315853347028,3.61040403747195
"24806","TLI","Reference",2.35608379740374,1.68967451059826,3.09654543864398
"24809","TLI","Current",2.58822959397555,2.09447755493769,3.04596164323364
"24809","TLI","Reference",2.50993592387008,1.72042940031067,3.35173459105375
"24848","TLI","Current",2.78798992608044,2.30649191539772,3.24871299087421
"24848","TLI","Reference",2.43499586970649,1.87259650476758,2.9759657691492
"24882","TLI","Current",2.12344069406688,1.68096930778234,2.55791098718726
"24882","TLI","Reference",2.46284035425254,1.82381484298178,3.10325008811945
"24906","TLI","Current",3.1354319834764,2.63065978419714,3.6223210041922
"24906","TLI","Reference",2.35085191678236,1.46042084041001,3.26920935785829
"24916","TLI","Current",3.61393043968758,3.09793697920602,4.11707753016759
"24916","TLI","Reference",2.44601742566448,1.70563919028708,3.21835945539831
"24917","TLI","Current",2.84333725828344,2.38308544112758,3.31022684288812
"24917","TLI","Reference",2.33116783088668,1.5974556682396,3.07454399908502
"24927","TLI","Current",3.32886139880066,2.7840882672809,3.83890059435174
"24927","TLI","Reference",2.35380842594474,1.51468551973568,3.25747427911684
"24932","TLI","Current",2.30845191346298,1.92284156062304,2.67946469867626
"24932","TLI","Reference",2.52069730572865,1.97479529771956,3.01127137309819
"24937","TLI","Current",3.10267941378057,2.6328000229768,3.59070574130248
"24937","TLI","Reference",2.34226465419029,1.78590104531871,2.8658823930702
"24948","TLI","Current",2.08169107987485,1.59212034938543,2.58420874719655
"24948","TLI","Reference",2.47439740876562,1.93366338699189,2.94318094159385
"24955","TLI","Current",2.40026873704911,1.99667738562765,2.79103308301876
"24955","TLI","Reference",2.53394515685124,1.95827189727848,3.11756912373199
"24969","TLI","Current",2.05200552154869,1.65774852377327,2.44286257157747
"24969","TLI","Reference",2.45308672536096,1.97047311623328,3.02257797756148
"24995","TLI","Current",2.49531087722518,2.02712033384046,2.94338347225481
"24995","TLI","Reference",2.55978015274545,2.09700267588334,3.01691393231657
"25002","TLI","Current",2.33702966802218,1.90649351429521,2.75681267328479
"25002","TLI","Reference",2.44954164590765,1.84833292762852,3.03810037962662
"25006","TLI","Current",2.72791154065401,2.29592366297231,3.13527186504255
"25006","TLI","Reference",2.62477481338929,1.9531932647293,3.26701047371687
"25008","TLI","Current",2.6392511410443,2.21649562593818,3.05287102548381
"25008","TLI","Reference",2.55980907433927,1.99450074086569,3.1419937483203
"25024","TLI","Current",3.00131388817174,2.56930946033137,3.44479501076598
"25024","TLI","Reference",2.47043066093962,1.98321370487461,2.92325420528815
"25044","TLI","Current",2.64599929169479,2.26991499090809,3.01672285938923
"25044","TLI","Reference",2.27913120254897,1.84354478575943,2.66978010088088
"25212","TLI","Current",2.92223097243841,2.52279658807172,3.33685233235118
"25212","TLI","Reference",2.26981850541454,1.8266946935988,2.66375273977641
"25245","TLI","Current",5.87390518278809,5.40902616408304,6.35416210340543
"25245","TLI","Reference",3.86080353807377,3.00706013681736,4.78384385701533
"25325","TLI","Current",3.72795434164795,3.31994370626667,4.175991479977
"25325","TLI","Reference",2.8828965752089,2.28667142225281,3.43990194963941
"2549","TLI","Current",3.67706783556926,3.27856414462002,4.11643538369287
"2549","TLI","Reference",2.61022867852815,2.0103850929344,3.29149123236919
"25492","TLI","Current",5.34934537407947,4.88394405330627,5.80880802440244
"25492","TLI","Reference",4.21388650392115,3.28446517323932,5.26918244186277
"25519","TLI","Current",3.23340314521088,2.82194899755561,3.64397367602562
"25519","TLI","Reference",3.01151039394808,2.40954204324118,3.66697118863976
"25687","TLI","Current",4.00272557143129,3.65622882604759,4.40530050719003
"25687","TLI","Reference",3.36746442705094,2.7383138793597,4.08773553188302
"25765","TLI","Current",2.21766895011032,1.81016075464899,2.56999994744912
"25765","TLI","Reference",2.70770497100568,2.17871460720559,3.21863071525318
"25787","TLI","Current",3.93092679360223,3.51902830134583,4.36119449676849
"25787","TLI","Reference",3.57644451156446,2.49557270420442,4.6838633485767
"25802","TLI","Current",5.10043882312459,4.64612124262479,5.54324901742951
"25802","TLI","Reference",3.77522067418297,3.11710595657301,4.40948151361983
"25972","TLI","Current",4.31318428553981,3.90592213352764,4.73342527332191
"25972","TLI","Reference",3.20564159102029,2.67305087903739,3.76658839831262
"25994","TLI","Current",4.84816668780847,4.43851744636829,5.31005142759642
"25994","TLI","Reference",4.23769858115571,3.1660844602565,5.51265510922281
"26026","TLI","Current",2.66086040188541,2.23880416854408,3.0553417756521
"26026","TLI","Reference",2.4073006925677,1.53114787117431,3.23434856114068
"26031","TLI","Current",2.50895158525162,2.11303873520466,2.94751751813931
"26031","TLI","Reference",2.25961862649849,1.67466912404027,2.82258567646015
"26036","TLI","Current",2.76567701608312,2.38850421760959,3.18510441256062
"26036","TLI","Reference",2.47759327802064,1.98266341816529,2.95349705682444
"26045","TLI","Current",2.7043421030732,2.27428055804647,3.09618420247162
"26045","TLI","Reference",2.8915813145071,2.2957909582332,3.52849479127793
"26051","TLI","Current",2.8986819407726,2.48771800593765,3.29918241439144
"26051","TLI","Reference",2.61649980100572,1.87204501153011,3.35730915504527
"26056","TLI","Current",2.78416889138483,2.3518145222895,3.27708011988593
"26056","TLI","Reference",2.358287575241,1.49956877146774,3.18063567377773
"26057","TLI","Current",2.95427104329783,2.47803168402722,3.42953372940158
"26057","TLI","Reference",2.31816662921778,1.49404214670349,3.23665326472225
"26111","TLI","Current",2.46958693553896,2.11050258830309,2.85484285340368
"26111","TLI","Reference",2.09554443089919,1.59095452127755,2.57379038293379
"26130","TLI","Current",4.87579481639123,4.39305205424647,5.34767951645839
"26130","TLI","Reference",3.19213719786213,2.54073191166945,3.84301855114884
"26166","TLI","Current",3.91140699799485,3.46790945848203,4.39675813094216
"26166","TLI","Reference",2.82018676948452,2.20422146554086,3.46303482778242
"26276","TLI","Current",4.25887784992891,3.804362054829,4.72356453222433
"26276","TLI","Reference",2.49439637110447,1.86319077081774,3.10418764057657
"26316","TLI","Current",3.49359968137577,3.09398291747993,3.90873313182338
"26316","TLI","Reference",2.41680589575394,1.94420823954768,2.83343636564166
"26348","TLI","Current",3.56982350608102,3.17235633125783,3.94572221457943
"26348","TLI","Reference",2.4239953070482,1.99077831581911,2.85918586665869
"26357","TLI","Current",2.56362939488279,2.1577504134996,2.94544634098171
"26357","TLI","Reference",2.31390820952981,1.84826002687064,2.79363143899753
"26434","TLI","Current",2.6000137080619,2.11782611092948,3.0366077627096
"26434","TLI","Reference",2.3738324149624,1.85399424747655,2.89672347867483
"26477","TLI","Current",2.41651686791397,2.01561345065061,2.80057628517597
"26477","TLI","Reference",2.67482137174324,2.23042913376174,3.09155339123357
"26484","TLI","Current",2.43048944192642,2.01014900578938,2.81403255587793
"26484","TLI","Reference",2.34292511123556,1.84158653222811,2.80458332262933
"26493","TLI","Current",3.13119682407689,2.73536974514335,3.53833153952698
"26493","TLI","Reference",2.64505042696611,2.11677312545457,3.15172531804893
"26502","TLI","Current",2.24756041379303,1.85731564638381,2.67885337840854
"26502","TLI","Reference",2.35395783662867,1.88789415802166,2.80035369940494
"26514","TLI","Current",2.19461106479929,1.77249438735426,2.5872823842469
"26514","TLI","Reference",2.3192526726293,1.84848384818409,2.74883996246269
"26515","TLI","Current",2.36332858563002,1.92330207997109,2.80516230691666
"26515","TLI","Reference",2.37008903989494,1.82862883752956,2.89815153877561
"26557","TLI","Current",3.3388185743629,2.89654363448379,3.76223887970882
"26557","TLI","Reference",2.69288283464023,2.21727824126027,3.21198820802121
"26735","TLI","Current",3.95096712602293,3.59168926986406,4.31829923448561
"26735","TLI","Reference",3.25292024187987,2.61807113554622,3.92194987744148
"26749","TLI","Current",4.34547699232156,3.97242359920315,4.72527658031683
"26749","TLI","Reference",3.46229231004889,2.89047375794353,4.04558701790689
"26887","TLI","Current",1.91747912459696,1.54008056265799,2.28257957680788
"26887","TLI","Reference",2.09023259649621,1.56659710160679,2.57821986136982
"27286","TLI","Current",2.89581341429109,2.52973454865382,3.25494356448358
"27286","TLI","Reference",2.51849980801654,2.05190017092225,2.94803542150752
"27558","TLI","Current",3.79083464176281,3.3479115279249,4.22981630652137
"27558","TLI","Reference",2.67076093600331,2.07556666008355,3.19126208298305
"27560","TLI","Current",3.44347830833338,3.05512737399708,3.86975566346814
"27560","TLI","Reference",2.48562519192964,1.86662522812655,3.12044027682787
"27564","TLI","Current",3.36470679605941,2.99269728944925,3.74460685028087
"27564","TLI","Reference",2.45255223070004,1.93079655263703,2.95518898740658
"27566","TLI","Current",2.91236945612354,2.49560126281695,3.30803751977735
"27566","TLI","Reference",2.38598347149513,1.927788482748,2.81351147663526
"27572","TLI","Current",3.51882491426954,3.15405506835216,3.88586193395884
"27572","TLI","Reference",2.53166629976294,2.07233714710135,2.9815647131621
"27762","TLI","Current",2.40588905733988,2.04410445269214,2.75425071514618
"27762","TLI","Reference",2.3029237075331,1.81555014818722,2.75758730371439
"27936","TLI","Current",3.72127637174334,3.36643365771292,4.10980445955459
"27936","TLI","Reference",3.38233646322584,2.88326836406005,3.90505854796105
"27994","TLI","Current",3.86407056512436,3.5123269409422,4.19104259229996
"27994","TLI","Reference",3.34779412195921,2.71696545396605,3.96567367433312
"28066","TLI","Current",4.9786650625708,4.49902521906972,5.51551793494079
"28066","TLI","Reference",4.53270468408623,3.60829780615101,6.31368126321408
"28162","TLI","Current",3.38903997841928,3.01099018492985,3.79503010660252
"28162","TLI","Reference",2.33272010972196,1.75980022134846,2.88556151163545
"28383","TLI","Current",2.90972337384584,2.52772712635423,3.30776798169951
"28383","TLI","Reference",2.50761288822178,1.97264567641117,3.09808030315081
"28390","TLI","Current",2.92642157088321,2.51768593801645,3.32296713951991
"28390","TLI","Reference",2.75981483152491,2.17417910136975,3.3389375069704
"28401","TLI","Current",3.05357606314862,2.6109438123357,3.4759093858552
"28401","TLI","Reference",2.37974312168928,1.53939859839429,3.20765738318763
"28402","TLI","Current",2.84738807041502,2.4354290788424,3.24749668709358
"28402","TLI","Reference",2.55115642029006,1.76099844711336,3.33907455877431
"28403","TLI","Current",3.07330435881817,2.66290990827293,3.49462911181272
"28403","TLI","Reference",2.36172442885519,1.68638109591383,3.01232572590929
"28408","TLI","Current",2.75759110473333,2.3590058017601,3.15637013203734
"28408","TLI","Reference",2.2631756119132,1.67596738077322,2.8234405270948
"28412","TLI","Current",2.89604808206219,2.47021216879718,3.34833528941808
"28412","TLI","Reference",2.37932212049781,1.54744722245252,3.30018256755706
"28419","TLI","Current",3.00539204640202,2.63559648861472,3.40337262689472
"28419","TLI","Reference",2.32377381832253,1.82845743132884,2.79545270452365
"28438","TLI","Current",2.81030202904029,2.39332937014288,3.27064563691141
"28438","TLI","Reference",2.32352903942768,1.68139440452079,2.93797619455298
"28445","TLI","Current",2.7224495955181,2.28904805787405,3.14926419726403
"28445","TLI","Reference",2.33784610522413,1.63246779320658,3.09656193780321
"28473","TLI","Current",2.63682087517717,2.20475015265408,3.04967234405198
"28473","TLI","Reference",2.27109916689863,1.4758228121501,3.12280153998007
"28478","TLI","Current",3.27718802832672,2.93397952716402,3.65999992349017
"28478","TLI","Reference",2.97277011233197,2.06129291981715,3.90478411913828
"28490","TLI","Current",2.74173360772584,2.30687290849161,3.22258923338416
"28490","TLI","Reference",2.83969575987285,2.27105708603727,3.45545252176754
"28492","TLI","Current",3.02950810464225,2.6066236423681,3.44492718126866
"28492","TLI","Reference",2.76329712322378,2.1444347502206,3.39632698958779
"28495","TLI","Current",2.52274982845065,2.09968147713883,2.92275624066753
"28495","TLI","Reference",2.77834991488516,2.18532563909843,3.41444618693271
"28503","TLI","Current",3.47554567698359,3.03040338450135,3.89050174874954
"28503","TLI","Reference",2.74493287758779,2.09927405933778,3.44597083235475
"28532","TLI","Current",2.31932142456201,1.94647256460945,2.68190636111217
"28532","TLI","Reference",2.79197374319179,2.33545225058542,3.26403866677434
"28543","TLI","Current",5.69174010826371,5.22452760010592,6.193044940564
"28543","TLI","Reference",3.73321250086154,2.90457817458053,4.49671162231405
"28550","TLI","Current",5.95126466193109,5.48655221908605,6.4524134743871
"28550","TLI","Reference",3.55686067703588,2.61634439679362,4.56096541898176
"28553","TLI","Current",5.36310202339032,4.91092268073141,5.80206214731474
"28553","TLI","Reference",3.51967506218677,2.5076809286745,4.70159431730294
"28577","TLI","Current",4.86303570798739,4.46877932167228,5.31205424454665
"28577","TLI","Reference",3.50218510993871,2.56972468833519,4.4576343271158
"28611","TLI","Current",2.6205520450734,2.2298451738155,3.0207520125194
"28611","TLI","Reference",2.23847994315593,1.387741593466,3.07657411692218
"28624","TLI","Current",2.88027277607197,2.4677726599553,3.31244292811916
"28624","TLI","Reference",2.71774631205652,2.17484333211765,3.2634685610558
"28652","TLI","Current",2.6862179048057,2.26101289035899,3.08022626739803
"28652","TLI","Reference",2.30553197511559,1.59778637427787,2.95284620538338
"28681","TLI","Current",3.58705808131188,3.15703665795089,4.02400804887015
"28681","TLI","Reference",2.80769843898595,2.13298587023236,3.47231627266467
"28682","TLI","Current",3.79937276487804,3.37795380557992,4.20165079119861
"28682","TLI","Reference",2.98813270629198,2.10071667877569,3.91302048827229
"28704","TLI","Current",3.08361570556302,2.63133980871507,3.50403928768087
"28704","TLI","Reference",2.46474369178945,1.75444739051149,3.20354367677644
"28708","TLI","Current",2.43224953737757,2.03953945644098,2.79250487851775
"28708","TLI","Reference",2.32880419850338,1.71887054169151,2.89786250164436
"28722","TLI","Current",2.51380582971409,2.15075748407983,2.91011940234309
"28722","TLI","Reference",2.68851588755931,2.13630741770159,3.22466942180039
"28737","TLI","Current",2.56576454949586,2.1516880464886,2.98910660823168
"28737","TLI","Reference",2.92505442490658,2.10914491421611,3.85678564381043
"28757","TLI","Current",2.7971333719619,2.3834942577948,3.21863458665289
"28757","TLI","Reference",2.59775877663963,1.82497961846981,3.43670235005831
"28774","TLI","Current",2.2078570248956,1.75936978866054,2.65888738517626
"28774","TLI","Reference",2.42728537357105,1.66622375663431,3.21640509927685
"28810","TLI","Current",3.14421128846429,2.59861597590113,3.61960406730823
"28810","TLI","Reference",2.68786787562873,1.80264298653451,3.6106136649152
"28817","TLI","Current",2.8905916152499,2.44305405105092,3.30657115565307
"28817","TLI","Reference",2.52707974908475,1.71537256875033,3.33467695102144
"28835","TLI","Current",3.05231993598507,2.59942662061815,3.52460312755304
"28835","TLI","Reference",2.36829945417514,1.54230302628693,3.3176328564726
"28849","TLI","Current",3.84338723981637,3.4291506089611,4.29837572797025
"28849","TLI","Reference",2.94416897741525,1.98752248946614,3.87439836522603
"28856","TLI","Current",3.07891462273937,2.57614441393849,3.53084578942056
"28856","TLI","Reference",2.34163728150847,1.09026534930575,3.73113109486908
"28858","TLI","Current",2.8333910694026,2.36596522745406,3.26554813005687
"28858","TLI","Reference",2.39041578343702,1.47498297176855,3.37749980013706
"28867","TLI","Current",3.03995218176905,2.59289741976057,3.50038680897702
"28867","TLI","Reference",2.41500390034303,1.48202914390308,3.44418185740149
"28876","TLI","Current",2.73248682319584,2.28216991517563,3.15360853470558
"28876","TLI","Reference",2.86870043213584,2.33378463068867,3.4257908633991
"28879","TLI","Current",2.73119309718196,2.3086035770083,3.14769544670675
"28879","TLI","Reference",2.19541012047208,1.50737225753382,2.92226769719388
"28885","TLI","Current",2.98217733893021,2.51714643919757,3.4248981022201
"28885","TLI","Reference",2.34610026932009,1.57219091579532,3.2196379534292
"28886","TLI","Current",2.54181570575989,2.02128557355958,3.04322243261785
"28886","TLI","Reference",2.35041647135963,1.62950559102464,3.06479661945245
"28907","TLI","Current",2.78088998598775,2.3276181569881,3.21158476799243
"28907","TLI","Reference",2.36578007828097,1.47392882596535,3.23164279427073
"28912","TLI","Current",2.6584134665271,2.20979375667354,3.08871258119577
"28912","TLI","Reference",2.31576505270862,1.5265520770034,3.1558748705392
"28937","TLI","Current",2.38121528907029,2.00902740769178,2.78347432747788
"28937","TLI","Reference",2.39361287409327,1.23376662564491,3.52410479182009
"28942","TLI","Current",2.68846672726549,2.28144073424577,3.07518027397332
"28942","TLI","Reference",2.26410267752551,1.6997394848681,2.80372577886731
"28945","TLI","Current",2.53114464406834,2.10073290346447,2.92601070347878
"28945","TLI","Reference",2.91360207997218,2.19214178674699,3.65214579616448
"28989","TLI","Current",2.75871056394259,2.34713977342381,3.15831147217358
"28989","TLI","Reference",2.25340569323584,1.31796345580656,3.33042938460136
"29031","TLI","Current",2.73207423027405,2.2997437176092,3.18342828524351
"29031","TLI","Reference",2.73604751394918,2.16709901895878,3.29201620765774
"29043","TLI","Current",2.66161220812318,2.25174317328995,3.07343607587731
"29043","TLI","Reference",2.39018421580676,1.56088298909658,3.17227122165753
"29070","TLI","Current",3.12080779322773,2.67641657311954,3.57436156765412
"29070","TLI","Reference",2.19508493701999,1.56366306860973,2.86707112300483
"29073","TLI","Current",3.04812541938521,2.61596995862592,3.46562232370672
"29073","TLI","Reference",2.27941339764287,1.82207426060707,2.74418120125351
"29095","TLI","Current",2.72913605752746,2.28397553549443,3.19012361692696
"29095","TLI","Reference",2.39932492046735,1.59155273959956,3.21399572712689
"29100","TLI","Current",2.64110932117407,2.20472531540182,3.0797249214717
"29100","TLI","Reference",2.91052550295335,2.22863906381226,3.57750472026201
"29104","TLI","Current",2.67439712985248,2.22575572572618,3.11990098069004
"29104","TLI","Reference",2.36047444437343,1.5692713119738,3.17668072716361
"29124","TLI","Current",2.7336150986691,2.31157034192978,3.16363081106478
"29124","TLI","Reference",2.33826814057562,1.60047098540079,3.05090115555095
"29224","TLI","Current",2.40706233644534,1.95586831877317,2.82502417865221
"29224","TLI","Reference",2.33299707496021,1.83472628390295,2.78715706807721
"29244","TLI","Current",1.89294161329804,1.51695601595174,2.27670028911783
"29244","TLI","Reference",2.16860609520865,1.76412109703277,2.60894416263883
"29250","TLI","Current",2.97519503775233,2.5989533933098,3.335126524426
"29250","TLI","Reference",2.79815017046054,2.37902720165212,3.25717301838929
"29253","TLI","Current",2.50986451655619,2.08297896380314,2.92930390180409
"29253","TLI","Reference",2.30261024684021,1.75569035300579,2.76298256872932
"29254","TLI","Current",2.28063951583826,1.90943148016325,2.63797600955662
"29254","TLI","Reference",2.39632960917078,1.9784562277252,2.76726498511184
"29427","TLI","Current",3.2836124268736,2.80375657589477,3.76326579629404
"29427","TLI","Reference",2.63951566215552,1.95481385522328,3.34119958909196
"29472","TLI","Current",3.06401322105239,2.58948852183494,3.55290198876491
"29472","TLI","Reference",2.38562325455367,1.57654803811032,3.22528898550404
"29489","TLI","Current",3.3231892036567,2.83243322286636,3.80845442294192
"29489","TLI","Reference",2.32449255325416,1.50517596685179,3.1937790533161
"29490","TLI","Current",2.96842919784872,2.50339566471176,3.43376107602526
"29490","TLI","Reference",2.28200936260172,1.61612427126713,2.96132302873702
"29496","TLI","Current",3.00086685460879,2.49868702935886,3.49271154014941
"29496","TLI","Reference",2.3822467169656,1.38369160033055,3.37691947671973
"29506","TLI","Current",2.72988773828665,2.23028847990253,3.18071529619319
"29506","TLI","Reference",2.33791751023503,1.57570080510002,3.05097160519651
"29509","TLI","Current",3.38280170432428,2.88339090782763,3.87499470348706
"29509","TLI","Reference",2.8361672349424,2.19653159642363,3.54497577897701
"29541","TLI","Current",3.16490999006727,2.66305294910218,3.72420436985204
"29541","TLI","Reference",2.95577835509854,2.24370192317658,3.7183461876029
"29547","TLI","Current",3.15719832888606,2.68018069405273,3.59397130593263
"29547","TLI","Reference",2.57193514293763,1.96320406325575,3.20862194341876
"29548","TLI","Current",3.98296613941875,3.52634786210002,4.44670531157014
"29548","TLI","Reference",2.48464551386751,1.93939490218307,3.07946311864732
"29614","TLI","Current",3.01196265621225,2.52890346988354,3.5253476393844
"29614","TLI","Reference",2.85147416917026,2.27567879618573,3.4768690590927
"29644","TLI","Current",2.70858987998875,2.19210126533917,3.14813470118851
"29644","TLI","Reference",2.89765789812301,1.97664777404436,3.81299935593608
"29669","TLI","Current",2.97625148644927,2.54190826971374,3.41382795910583
"29669","TLI","Reference",2.41119668002096,1.74854806397353,3.09813207336573
"29679","TLI","Current",2.48623669829694,2.04097068132763,2.92985099581125
"29679","TLI","Reference",2.67469856375415,2.14870897991089,3.24449868444886
"29681","TLI","Current",2.56982155425195,2.10579388933244,3.01661423419383
"29681","TLI","Reference",2.57924813250717,2.03588151169632,3.09196893223985
"29688","TLI","Current",2.33966502021874,1.88112528345311,2.76818981413862
"29688","TLI","Reference",2.37107874117932,1.86638464421463,2.81827346943545
"29724","TLI","Current",2.57365763864266,2.09046190154799,3.03825664313251
"29724","TLI","Reference",2.3894374193454,1.57406401601669,3.20759410225528
"29728","TLI","Current",2.2565966794307,1.82774646478817,2.70646309558757
"29728","TLI","Reference",2.92789196136051,2.09305235822697,3.87246239775082
"29729","TLI","Current",2.72788165971167,2.29619038398428,3.19009851178533
"29729","TLI","Reference",2.26788971881975,1.57342222238676,2.87061714904729
"29748","TLI","Current",3.01831142510997,2.49127867616144,3.53421834006501
"29748","TLI","Reference",2.28412072721008,1.40748999082529,3.2592681134478
"29790","TLI","Current",2.64975861651168,2.16582089675749,3.15005589901084
"29790","TLI","Reference",2.35905751630859,1.69840506233059,3.00207184461664
"29821","TLI","Current",2.8124936217683,2.33065334882963,3.31715132625565
"29821","TLI","Reference",2.31927650273275,1.64906664939267,2.96205936776052
"29831","TLI","Current",2.98369493265456,2.50669472999742,3.45230546930604
"29831","TLI","Reference",2.40104400429001,1.67872184592895,3.19845934884556
"29847","TLI","Current",3.0204666166444,2.57952260945601,3.44680479382245
"29847","TLI","Reference",2.41794350611275,1.53216023787638,3.30436025588565
"29848","TLI","Current",3.15999038186932,2.66314337886321,3.65617273526396
"29848","TLI","Reference",2.32795683471509,1.46112213959231,3.23362577713375
"29858","TLI","Current",2.7550682186749,2.31481652867738,3.20621458759921
"29858","TLI","Reference",2.54242074184987,1.83137227785352,3.28195862815905
"29883","TLI","Current",3.22176654135631,2.76261069314073,3.6992781260955
"29883","TLI","Reference",2.40852267366897,1.54555224623291,3.32510624650215
"29891","TLI","Current",2.79677326158435,2.31084469915819,3.2611682976909
"29891","TLI","Reference",2.36875938873868,1.55904415234644,3.16479103609844
"29895","TLI","Current",3.30017542132493,2.91553424801237,3.68873177823178
"29895","TLI","Reference",2.53497351911439,1.9896242023807,3.09680519729256
"29907","TLI","Current",3.15726035903834,2.76877832312683,3.54101600404414
"29907","TLI","Reference",2.45231896333525,1.8477840578901,3.08099751214883
"29917","TLI","Current",3.06608627853211,2.65158364392252,3.44992877211695
"29917","TLI","Reference",2.43267935730882,1.92785290745569,2.95432752813132
"29938","TLI","Current",2.62996876337654,2.22380367751202,3.03225274886585
"29938","TLI","Reference",2.29590456506851,1.5491683975061,3.02044391550373
"29956","TLI","Current",2.88003370152146,2.4163515656228,3.33513944017613
"29956","TLI","Reference",2.31089082889776,1.36507752512763,3.31031958305916
"29981","TLI","Current",4.45101612904186,3.80653749764914,4.9442649615684
"29981","TLI","Reference",3.05699054129096,2.25043494832324,3.94718004896693
"3","TLI","Current",4.40772586339123,3.99846140821651,4.84488410052753
"3","TLI","Reference",3.37789303513749,2.81755824753214,4.06083797025167
"30017","TLI","Current",2.13072767065138,1.63570825104023,2.56308043473842
"30017","TLI","Reference",2.32391985926438,1.72300705624425,2.95522158297738
"30038","TLI","Current",1.75222116461511,1.27522314906244,2.18124521432876
"30038","TLI","Reference",2.31138736619883,1.35640431703944,3.15654105298193
"30344","TLI","Current",1.91384061753454,1.42015294144636,2.29817876468474
"30344","TLI","Reference",2.31424324860646,1.42407407328384,3.16171842456803
"30345","TLI","Current",1.99926777412892,1.57022442948061,2.42957063334064
"30345","TLI","Reference",2.34655327076363,1.72203813349342,2.95811561214709
"30380","TLI","Current",2.87371065451827,2.51298423635377,3.22282626721483
"30380","TLI","Reference",2.56819407579592,2.06491300985981,3.03662027465485
"30524","TLI","Current",5.41820667179361,4.9679807426875,5.89837209700254
"30524","TLI","Reference",3.86658350752223,2.92384516422125,4.82095823365789
"30851","TLI","Current",5.82133572825344,5.35922040242802,6.3256865529637
"30851","TLI","Reference",3.72658472975067,3.04866795120933,4.40427843050663
"3129","TLI","Current",3.52096021804833,3.15909316781415,3.87590336692261
"3129","TLI","Reference",3.1610294894144,2.47301222699353,3.88221107866584
"32287","TLI","Current",4.33466177302453,3.88178108347882,4.81826359826251
"32287","TLI","Reference",3.34904591698961,2.63166120213785,4.10710638437114
"32805","TLI","Current",5.68959955330631,5.25042405214382,6.18809090176155
"32805","TLI","Reference",4.36958689336151,3.53425380316563,5.28636837848481
"32835","TLI","Current",5.05915527642005,4.53399674773182,5.56094303783479
"32835","TLI","Reference",3.5931679139843,2.93625393923129,4.33496860585636
"33063","TLI","Current",4.62723591753998,4.10230078914519,5.17308977035709
"33063","TLI","Reference",3.3978870312578,2.75265604937246,4.08176186812384
"33085","TLI","Current",4.36192106038472,3.95952401278362,4.81505031453793
"33085","TLI","Reference",3.53085332299885,2.90677176389173,4.22272932446752
"33287","TLI","Current",3.73106546221733,3.34833313950418,4.08060372849426
"33287","TLI","Reference",2.86305047036837,2.31569367421985,3.40369165427558
"34222","TLI","Current",3.4252996657971,3.02596397889011,3.8681162426739
"34222","TLI","Reference",2.922397184145,2.4775958972786,3.36888345521488
"34665","TLI","Current",5.43745527217236,4.97126737618385,5.89399333467716
"34665","TLI","Reference",3.9192211735976,3.2069144986646,4.65756192885713
"34666","TLI","Current",4.67244490978149,4.24730118578539,5.08131319065042
"34666","TLI","Reference",3.72024435513717,2.96482879134218,4.5339799965964
"34669","TLI","Current",4.30247360696794,3.78369367269407,4.80260858632588
"34669","TLI","Reference",3.12514253903134,2.39003174047655,3.84848629973042
"34688","TLI","Current",3.59496388701522,3.18540526502934,3.98573440368385
"34688","TLI","Reference",2.53286099130315,1.82305287188283,3.24442839808952
"34689","TLI","Current",3.42478101280288,3.06416757079155,3.76297468607074
"34689","TLI","Reference",2.52495845480678,1.76875073175968,3.24918956748903
"35606","TLI","Current",4.27849463950164,3.84669595125759,4.72225179957614
"35606","TLI","Reference",3.15387028576,2.58211578940344,3.7540744777844
"35646","TLI","Current",3.94426845873631,3.55466651477298,4.32919513809448
"35646","TLI","Reference",2.77905059461804,2.2151548692884,3.3222983189787
"35662","TLI","Current",4.91866883157048,4.48106306619287,5.39284611466027
"35662","TLI","Reference",3.38910697289752,2.82987845912196,3.92597202994209
"36025","TLI","Current",3.63909081016174,3.25010122465199,4.00857362865074
"36025","TLI","Reference",3.05432365953745,2.52558731918036,3.632841190987
"36046","TLI","Current",5.0456633313723,4.60043063290298,5.49907964908137
"36046","TLI","Reference",3.85741773725739,3.18075311679291,4.57865692041935
"36096","TLI","Current",6.27284847236502,5.70073934328493,6.86073524183391
"36096","TLI","Reference",4.54181570828393,3.49451787128484,5.78784874680963
"36215","TLI","Current",6.54084296034423,5.91510814149231,7.20038461104735
"36215","TLI","Reference",4.74886320192303,3.77747986118148,6.13002716107925
"36275","TLI","Current",4.89621969018395,4.43819497480175,5.39442927219549
"36275","TLI","Reference",3.43450450259097,2.69135811621953,4.2688224113839
"36314","TLI","Current",4.93703089305084,4.56432893104035,5.33538907502402
"36314","TLI","Reference",3.39546859135076,2.8076150083157,3.98161351254461
"36742","TLI","Current",3.12736630788206,2.74145111594496,3.50170062711321
"36742","TLI","Reference",2.98988673247393,2.54685236713004,3.45011691334429
"36981","TLI","Current",3.4445122577114,3.05018039745499,3.89463583882086
"36981","TLI","Reference",2.65892598335624,2.22742180710142,3.11515484531298
"37201","TLI","Current",4.51788311594257,4.08559588406853,4.98571326024339
"37201","TLI","Reference",3.29528276581355,2.69635145577535,3.91574974136352
"37202","TLI","Current",4.37393396346678,3.92535260520631,4.83963586810934
"37202","TLI","Reference",3.30434920649836,2.42049351488588,4.16834045566005
"37530","TLI","Current",3.63233756961096,3.22602648171397,4.04697698116027
"37530","TLI","Reference",2.84799997884968,2.4274778634492,3.30085982112265
"37534","TLI","Current",3.27339463616241,2.90858782779625,3.67215024607797
"37534","TLI","Reference",2.84598037897995,2.39227654474711,3.31297175410886
"37607","TLI","Current",4.01373479507832,3.66996760114142,4.35596780888758
"37607","TLI","Reference",2.95012608655425,2.39259733904802,3.50897147039809
"37622","TLI","Current",5.63745400960191,5.17212707614373,6.11231177622789
"37622","TLI","Reference",3.86400246487467,3.22246711680593,4.52241567997589
"37701","TLI","Current",4.29596031552914,3.86075101448574,4.74573692843684
"37701","TLI","Reference",3.37151245655123,2.42330447221896,4.34548479299505
"37702","TLI","Current",3.92009215294239,3.46609263439219,4.3716309306675
"37702","TLI","Reference",3.37691927500623,2.42043486712349,4.3235758982272
"37705","TLI","Current",3.80221658728704,3.3574643998783,4.2208728024641
"37705","TLI","Reference",3.32960042510237,2.5295264136221,4.21847965672663
"37855","TLI","Current",3.51523911096362,3.02323321272296,3.99344517314664
"37855","TLI","Reference",2.71270868385555,2.1984819904477,3.25287518606788
"381","TLI","Current",4.18122105847028,3.81187929881954,4.55456682000141
"381","TLI","Reference",3.37569047577041,2.69838304244097,4.11605190724507
"38143","TLI","Current",2.6616378345965,2.17063021966541,3.12389406026972
"38143","TLI","Reference",3.26140304231224,2.16698389650181,4.39513269801934
"38184","TLI","Current",3.26709731777545,2.82888948728945,3.69946377450372
"38184","TLI","Reference",2.77967276053483,2.08985257832564,3.48197000191171
"38314","TLI","Current",4.56075420978403,4.12713848873642,5.01615120960845
"38314","TLI","Reference",3.16753308222785,2.61031320340157,3.80880320671029
"38421","TLI","Current",3.18085158008352,2.79835836274394,3.54225711750136
"38421","TLI","Reference",2.72928708797581,2.16472417672628,3.27865197875758
"38434","TLI","Current",3.6165800543545,3.15916381665492,4.08296773607736
"38434","TLI","Reference",3.23688487674838,2.35701464120585,4.05751959860106
"38502","TLI","Current",2.12632252990726,1.67756946128337,2.56350831534984
"38502","TLI","Reference",2.08149172853809,1.60109457015308,2.5728338044563
"38545","TLI","Current",2.7232144588609,2.27311760871387,3.16145904982848
"38545","TLI","Reference",2.35807000766472,1.83415948494525,2.86496507110244
"38614","TLI","Current",3.36847485344613,2.95966906118963,3.8160614534753
"38614","TLI","Reference",2.748537949199,2.06211875411622,3.45649984069282
"38637","TLI","Current",3.02845831053157,2.64553790739617,3.42410265829818
"38637","TLI","Reference",2.60313074852934,1.82721615231574,3.37044723855949
"38638","TLI","Current",2.92725984774844,2.52978723337498,3.33002734571692
"38638","TLI","Reference",2.55270868918811,2.03161814653054,3.10584746236139
"38648","TLI","Current",3.10512039928769,2.65496283335914,3.58588564251943
"38648","TLI","Reference",2.73545066643829,1.85190842869667,3.6488407787859
"38664","TLI","Current",3.26115703460601,2.88784143377762,3.67338465655305
"38664","TLI","Reference",2.80364541818179,2.21917527233983,3.37447233328871
"38665","TLI","Current",2.68292752962531,2.29807914798281,3.06459354366957
"38665","TLI","Reference",2.61122652066003,2.10453445634784,3.14223375515678
"38955","TLI","Current",3.49782086396723,3.06389056337996,3.92493062145271
"38955","TLI","Reference",2.8076340167494,2.21288466495878,3.41206241538412
"38974","TLI","Current",2.3716489483125,2.00501733220841,2.75237653415548
"38974","TLI","Reference",2.17095444285062,1.57970834221096,2.78136316054708
"39050","TLI","Current",2.33999630420788,1.95802336696302,2.703499882865
"39050","TLI","Reference",2.61880220031868,2.08352214279345,3.16204633955158
"39056","TLI","Current",2.96773565826809,2.44698008776942,3.48570387004675
"39056","TLI","Reference",2.35705512395085,1.80029496996113,2.89159080547866
"39101","TLI","Current",3.56513391506335,3.08435431001424,4.00387609486459
"39101","TLI","Reference",3.72737630299676,2.66267265380898,4.83767052589068
"39122","TLI","Current",3.23740440118265,2.81907662802748,3.64921964986208
"39122","TLI","Reference",2.4212279476142,1.93649336880766,2.85453931052788
"39166","TLI","Current",3.03378343649048,2.60599504267386,3.47535826887669
"39166","TLI","Reference",3.13703692983486,2.65839059321219,3.68714327053897
"39225","TLI","Current",3.19800657562226,2.79460962228066,3.59605946866471
"39225","TLI","Reference",2.63306124539904,2.12143854069014,3.1500294321284
"39226","TLI","Current",2.57765671298861,2.2074322711863,2.93795621670483
"39226","TLI","Reference",2.52611808820527,1.9961734808447,3.04655243003208
"39297","TLI","Current",2.71655186084668,2.30561988907886,3.11334273827058
"39297","TLI","Reference",2.85456187602432,2.42387884509588,3.29776376621044
"39356","TLI","Current",2.69734470826057,2.33931851402674,3.05550524933302
"39356","TLI","Reference",2.23004756808203,1.80815410597248,2.60133618420444
"39357","TLI","Current",3.07782323340352,2.74246213235304,3.42023914285253
"39357","TLI","Reference",2.31761999285759,1.83589000850882,2.7410992733534
"39364","TLI","Current",3.03904894804363,2.63282407031719,3.39739645995922
"39364","TLI","Reference",2.44873371927813,2.00492413071436,2.89002195772024
"39466","TLI","Current",4.79221981653732,4.38089933002392,5.24172367419183
"39466","TLI","Reference",3.26548722710909,2.14640079634713,4.38622501943459
"39478","TLI","Current",3.77666252000039,3.33620586949847,4.20609010332558
"39478","TLI","Reference",3.39676668154329,2.76501718274107,4.05968795876032
"39552","TLI","Current",2.87801515641381,2.45434550381957,3.32918441187144
"39552","TLI","Reference",2.60004390153971,1.82336888469013,3.38375125962496
"39599","TLI","Current",4.46275683339373,4.02768866926556,4.94932634966324
"39599","TLI","Reference",2.71305826536998,1.9948955517793,3.43942069702217
"39602","TLI","Current",5.22378226710215,4.7893748742855,5.6742202616342
"39602","TLI","Reference",3.23698011553309,2.20404865012616,4.3082474874724
"39611","TLI","Current",4.72842643367632,4.28877535752403,5.16952243821066
"39611","TLI","Reference",3.34785030079616,2.25322400512279,4.51496085713668
"39621","TLI","Current",3.89492852770186,3.4656187646536,4.31461825723114
"39621","TLI","Reference",3.30348677472742,2.73548976964442,3.92163615272557
"39653","TLI","Current",2.86556626469425,2.46795028653037,3.25805246306342
"39653","TLI","Reference",2.45566439389006,1.93765864042334,2.92513773951845
"39688","TLI","Current",2.68186604814815,2.28544082653337,3.07968321174229
"39688","TLI","Reference",2.40799079393394,1.73802708874847,3.05149527878131
"39732","TLI","Current",3.28822881228054,2.87750176642724,3.7161160144554
"39732","TLI","Reference",3.16803241294706,2.54905730840524,3.86849925795724
"39822","TLI","Current",2.84425027154682,2.35013424661929,3.31853883893371
"39822","TLI","Reference",2.37071935539301,1.62207942136902,3.13793328775312
"39837","TLI","Current",2.47349108135635,2.08697840056433,2.85921302541535
"39837","TLI","Reference",2.21426724739975,1.69213337296179,2.66088800655321
"39876","TLI","Current",3.85947656188239,3.35890192984192,4.37457755882336
"39876","TLI","Reference",2.9461056125358,2.43646013061386,3.49781571595954
"39885","TLI","Current",3.82516548556326,3.3675256502726,4.27896633363286
"39885","TLI","Reference",2.81825789929233,2.29149316872381,3.34009812750858
"39949","TLI","Current",3.53419813278814,3.09168822242353,3.99713436826812
"39949","TLI","Reference",3.50804394299775,2.85117098257346,4.21583772713862
"39950","TLI","Current",2.78561855140794,2.34332790425335,3.22255168896541
"39950","TLI","Reference",2.79712190772488,2.18927769246264,3.38187540907365
"39974","TLI","Current",3.21723914771546,2.78438293848113,3.62633034925957
"39974","TLI","Reference",2.5924603320777,1.91947826892489,3.32634227827946
"39991","TLI","Current",2.90242248520201,2.44876611168243,3.36470783213224
"39991","TLI","Reference",2.34451805119986,1.6554673184885,3.0582277454063
"4","TLI","Current",4.39090877791165,3.93969599385931,4.86207859025414
"4","TLI","Reference",3.40386118173211,2.76579043812388,4.08735684382902
"40004","TLI","Current",3.20438155571298,2.80040287035867,3.63483634070061
"40004","TLI","Reference",2.64412561893744,2.12042892054614,3.14282791270952
"40008","TLI","Current",4.35874933827499,3.9153746954054,4.76990716709712
"40008","TLI","Reference",3.39807095537863,2.32024402570226,4.52466620381547
"40050","TLI","Current",2.12376611027293,1.72864702948419,2.51164390278213
"40050","TLI","Reference",2.14151370498064,1.64569006909815,2.58196775517218
"40071","TLI","Current",4.53071035997581,4.13170201598718,4.92030492514428
"40071","TLI","Reference",3.36289397266039,2.92597033429582,3.84870787531128
"40072","TLI","Current",3.9236710294899,3.45943687770341,4.39601661166011
"40072","TLI","Reference",3.04766073227631,2.54196830729019,3.53172414977171
"40086","TLI","Current",3.80598889619833,3.31636608243004,4.2689718644984
"40086","TLI","Reference",3.12146516995555,2.38725256863101,3.73184272518722
"40102","TLI","Current",2.58404967512856,2.22941949002982,2.95164815898248
"40102","TLI","Reference",2.65208074598512,2.19286147403289,3.11727448140402
"40110","TLI","Current",3.54690578021685,3.13668827555051,3.93817673581781
"40110","TLI","Reference",2.96690807714429,2.39814129998292,3.51280651707757
"40119","TLI","Current",5.0395327805927,4.6116537450637,5.47151981814442
"40119","TLI","Reference",3.60823694239583,2.9875377620788,4.23717880047527
"40124","TLI","Current",3.69953773678285,3.1857124131493,4.21321544073623
"40124","TLI","Reference",2.81038342235975,2.3222435218421,3.29213311066045
"40135","TLI","Current",4.89638893182768,4.45120333770385,5.35298911466883
"40135","TLI","Reference",3.6849654569959,3.03008397233201,4.36213574824448
"40188","TLI","Current",3.89431012366331,3.52776582010997,4.27055580308464
"40188","TLI","Reference",3.082103785198,2.6420752887642,3.55322192101565
"40202","TLI","Current",4.64981695973058,4.22781372903899,5.08832162536349
"40202","TLI","Reference",3.73372797565653,3.14784208724815,4.28701558999552
"40216","TLI","Current",5.41338586342602,4.94791708568172,5.85396615742691
"40216","TLI","Reference",3.7320625412626,3.04243938943565,4.53669171659657
"40232","TLI","Current",4.81750430080366,4.38917264255397,5.24158998724413
"40232","TLI","Reference",3.73233845852946,3.0844027755593,4.4091717120066
"40289","TLI","Current",3.55906789531223,3.1510694740419,3.96368214083639
"40289","TLI","Reference",2.88190056630889,2.30535478681839,3.49592559468051
"40320","TLI","Current",4.05800061746721,3.60165054903027,4.51795209988395
"40320","TLI","Reference",2.80138800930862,2.37141267246454,3.25336836572705
"40326","TLI","Current",3.11081741622368,2.66073034782643,3.53679977234463
"40326","TLI","Reference",2.60054766452382,2.13733139556704,3.11739200509424
"40327","TLI","Current",3.44372286514405,2.93227817271021,3.90535194741217
"40327","TLI","Reference",2.60751249626458,1.91931122665599,3.34922219566183
"40396","TLI","Current",2.65715105155214,2.26872113099032,3.03907114856903
"40396","TLI","Reference",2.69256510545946,2.25030127491038,3.14921800260201
"40590","TLI","Current",4.07997704791113,3.71186851520101,4.50478859321435
"40590","TLI","Reference",2.74660872208662,2.28880516751045,3.20320475440826
"40950","TLI","Current",4.90270753670724,4.16540887793166,5.54786749335579
"40950","TLI","Reference",2.94223188808028,2.33079935102495,3.58887237668042
"41299","TLI","Current",5.02557733565027,4.59271597520869,5.47230130520675
"41299","TLI","Reference",3.12217414556054,2.51808377583173,3.67194529182387
"41305","TLI","Current",3.58394963541718,3.23707564668979,3.94945588613988
"41305","TLI","Reference",2.38898476501103,1.94841438943349,2.85890174523566
"41306","TLI","Current",3.94609325195613,3.60754414905407,4.33299993148329
"41306","TLI","Reference",1.80594586022701,1.18878275469085,2.38071301967903
"41314","TLI","Current",5.42532384750321,4.9708758249911,5.89430719198806
"41314","TLI","Reference",3.67768840947633,3.06203300912824,4.31843162297531
"41335","TLI","Current",4.19325257486162,3.72519508806262,4.64345178318078
"41335","TLI","Reference",3.07738594999865,2.54956485325772,3.59371597944533
"41359","TLI","Current",3.46820811866316,3.0379304814802,3.90470448823863
"41359","TLI","Reference",2.45323984178508,1.97350818975907,2.93011176647174
"41443","TLI","Current",4.40845735040186,3.96576997573933,4.90774365385404
"41443","TLI","Reference",2.60004766865137,2.07549799689277,3.14573831155788
"41471","TLI","Current",3.64740094962504,3.26410978099062,4.08423965349053
"41471","TLI","Reference",2.88215019947908,2.34900887304331,3.39230744691001
"41679","TLI","Current",2.95172881550131,2.45417182487131,3.46140376005234
"41679","TLI","Reference",2.35030219778903,1.84161404670295,2.87236998793614
"41690","TLI","Current",4.3431036741842,3.91032044417566,4.7638412340993
"41690","TLI","Reference",3.38621878546095,2.36863208449543,4.61620222195401
"41721","TLI","Current",3.12338762575358,2.56554539545721,3.64938016133174
"41721","TLI","Reference",2.36407514946295,1.77367888037093,2.95242495636501
"41723","TLI","Current",3.29658182988811,2.70904177487071,3.88671606495017
"41723","TLI","Reference",2.37956683926849,1.77107270232151,2.95323360167059
"41727","TLI","Current",2.53007572346813,2.07261225694,2.99675918834228
"41727","TLI","Reference",2.34299537111654,1.77169541688953,2.87413285319685
"41743","TLI","Current",3.11352687744732,2.57835499070053,3.58860621874609
"41743","TLI","Reference",2.49332695492066,1.93912333090082,3.02878373061183
"41746","TLI","Current",2.80716302798057,2.29996071955135,3.28617867491146
"41746","TLI","Reference",2.40775410787574,1.82286938817408,2.96792736988655
"41757","TLI","Current",2.9314779957441,2.42025842014688,3.44768355137568
"41757","TLI","Reference",2.26809778107834,1.76586291965238,2.74668794835657
"41761","TLI","Current",2.75811066327154,2.19600542428057,3.26337444498302
"41761","TLI","Reference",2.37956479670477,1.85103543184796,2.94841206087601
"41768","TLI","Current",3.16063853972911,2.64636614072644,3.62754666123537
"41768","TLI","Reference",2.42613548312766,1.88935077499295,2.94703635024853
"41772","TLI","Current",2.68545332711599,2.18280358965299,3.17356941241936
"41772","TLI","Reference",2.38744911497855,1.85568341916767,2.87093330367258
"42284","TLI","Current",4.97395575912832,4.43643497846915,5.57603958640343
"42284","TLI","Reference",3.40370193223496,2.64391030219708,4.17260327919571
"4278","TLI","Current",4.451735497427,4.01782510545239,4.90012164591119
"4278","TLI","Reference",4.19199476128047,2.93515349464125,5.56810782715116
"42978","TLI","Current",4.43272149592828,4.00264646672148,4.89031846018958
"42978","TLI","Reference",2.78482609105823,2.36911052376,3.23226569924126
"43087","TLI","Current",4.40351932795467,3.93436757136395,4.8153314455704
"43087","TLI","Reference",3.72069427683091,3.07513101629705,4.41400077666239
"43269","TLI","Current",3.2134166574385,2.70869127047276,3.66590934593005
"43269","TLI","Reference",3.23229958515304,2.66116952528861,3.85732659236736
"4342","TLI","Current",3.03814421064201,2.52428599436502,3.54119292368409
"4342","TLI","Reference",2.33242389749467,1.79594506332625,2.87824479163417
"4343","TLI","Current",2.96899398587482,2.49346041794224,3.4024237691636
"4343","TLI","Reference",2.31561817967379,1.81197852917428,2.77995835037916
"4345","TLI","Current",6.33212792025769,5.83190419362749,6.88111161661641
"4345","TLI","Reference",4.42041853058641,3.77387277246382,5.19213858972821
"43566","TLI","Current",4.42555090967694,4.0148871435963,4.86061750983131
"43566","TLI","Reference",3.89179331143812,2.86671573984272,4.92968051879156
"43639","TLI","Current",5.50097560043649,5.07046696956314,5.97266550259671
"43639","TLI","Reference",3.69053625074433,2.87476818594585,4.51280246206403
"43649","TLI","Current",5.49219903915418,5.05005898783389,5.97506140852641
"43649","TLI","Reference",3.61325797732152,2.67624559612488,4.59655639345126
"43661","TLI","Current",4.64757514868841,4.21635091659284,5.09309650653801
"43661","TLI","Reference",3.64161792194397,2.61793119070664,4.74788046426869
"43668","TLI","Current",5.38273016888389,4.93603157363601,5.88484791599803
"43668","TLI","Reference",3.92339744712101,3.28905543722157,4.58696082440621
"43829","TLI","Current",6.21933695145472,5.68804303617156,6.74793498294234
"43829","TLI","Reference",3.85253394722208,2.94689112356887,4.78533460041889
"43846","TLI","Current",5.68738574250881,5.24153904235191,6.20882605387644
"43846","TLI","Reference",3.38260505404457,2.46570021390488,4.37182628748263
"44110","TLI","Current",4.66062347008895,3.99198049679114,5.29318947759266
"44110","TLI","Reference",2.86301920678941,2.20389658372734,3.60095875640726
"44322","TLI","Current",4.73729855403262,4.20745615652301,5.32158736908361
"44322","TLI","Reference",2.83557250696536,2.24782495800093,3.46333390238484
"44353","TLI","Current",4.53563694144055,4.09453972399089,4.98325265814257
"44353","TLI","Reference",2.87398659214477,2.23411978265651,3.47255363755641
"44355","TLI","Current",5.32457942064538,4.89848120396226,5.77846724376477
"44355","TLI","Reference",3.53780442599766,2.73512337839971,4.32802878166111
"44364","TLI","Current",5.0058350364548,4.49683999616461,5.64549362381604
"44364","TLI","Reference",2.8017129297526,2.27086484767094,3.35101799086997
"44387","TLI","Current",2.7938482565872,2.36678478079604,3.22910861534203
"44387","TLI","Reference",2.77258095167074,2.20950375696939,3.37202533664888
"44391","TLI","Current",6.33076357015186,5.75338235006429,6.99111081469639
"44391","TLI","Reference",3.74450474131211,3.07218990380652,4.40523276280656
"44570","TLI","Current",3.74331765991893,3.33935440617195,4.15504021973734
"44570","TLI","Reference",2.80099728565648,2.28532372055992,3.32682881473708
"44572","TLI","Current",3.75671858247708,3.29581677245665,4.2100931181002
"44572","TLI","Reference",2.52106477103357,1.95451018972527,3.05513048440149
"44575","TLI","Current",3.71460550827755,3.25932580872104,4.18395246466024
"44575","TLI","Reference",2.51245695752141,2.03310591220536,2.97884651745647
"44599","TLI","Current",5.86010840789437,5.38807966239182,6.42181405844387
"44599","TLI","Reference",3.67213675229223,2.91530873947634,4.4593766952374
"44615","TLI","Current",6.05341348514671,5.608303390573,6.56290717570893
"44615","TLI","Reference",3.48937388123038,2.58038030339533,4.42999095078688
"44619","TLI","Current",6.303874627904,5.83294906135384,6.82021596708281
"44619","TLI","Reference",3.45626114352358,2.49939576975741,4.40026808865568
"44657","TLI","Current",4.69831460724089,4.12066154643227,5.22053298812043
"44657","TLI","Reference",3.04777541927717,2.2974458168592,3.7954881045167
"44689","TLI","Current",5.6574615071894,5.22765045723827,6.14182622109323
"44689","TLI","Reference",3.66204505675543,2.87220801403291,4.47066643510512
"44694","TLI","Current",5.43952150467756,4.94644410422099,5.93653136568709
"44694","TLI","Reference",3.83531771769884,3.07969821600037,4.6711285049273
"44734","TLI","Current",4.57355215649142,4.10379207518864,5.03938901243873
"44734","TLI","Reference",2.8510583264143,2.13352743783429,3.57171602787438
"44746","TLI","Current",5.62848849351032,5.14698590808964,6.11573956992715
"44746","TLI","Reference",4.06831996648356,3.29804117893651,4.84579096605851
"4486","TLI","Current",6.697340630297,6.09183067270296,7.46996364758164
"4486","TLI","Reference",4.31981773486898,3.13365960853866,5.83513895349425
"45048","TLI","Current",3.51339782741308,3.15646466149544,3.86987946682429
"45048","TLI","Reference",2.4990660057404,2.02909924878526,2.93902010853236
"4509","TLI","Current",4.88464221612294,4.46945389890856,5.30970238315722
"4509","TLI","Reference",3.38363034374343,2.61106401852233,4.23092917867318
"45123","TLI","Current",4.22204250334218,3.8702983179021,4.62042329725342
"45123","TLI","Reference",2.79786570900181,2.19414827435049,3.36906956585738
"45150","TLI","Current",3.21132244735187,2.81453891692992,3.61321715644235
"45150","TLI","Reference",2.51699726097377,2.01553742599257,2.96221240944589
"45151","TLI","Current",2.61899507285383,2.19945646304446,3.02777958751031
"45151","TLI","Reference",2.07044938252125,1.62634213097635,2.49190150227609
"45153","TLI","Current",3.67234499353777,3.28985916126304,4.06210106277137
"45153","TLI","Reference",2.48711889061618,2.02263778823866,2.96555770129975
"45155","TLI","Current",3.85655109614522,3.51171244451602,4.22189442788998
"45155","TLI","Reference",2.53400310695824,2.03944532999629,2.96213859229841
"45230","TLI","Current",4.2809742738119,3.8636905329591,4.73908757241287
"45230","TLI","Reference",2.77390155342195,2.22232336528359,3.3644517016026
"45250","TLI","Current",3.74143596794913,3.33578708113343,4.1451897208313
"45250","TLI","Reference",3.3610385417592,2.83432888193449,3.9605599864659
"45266","TLI","Current",3.04604961609582,2.49848709196064,3.58228351800818
"45266","TLI","Reference",2.41417960735158,1.84069050750266,2.96633278068925
"45302","TLI","Current",3.29918261297809,2.76667108115601,3.81163206122125
"45302","TLI","Reference",2.33720028393647,1.7647914076497,2.86616026965907
"45341","TLI","Current",3.22082863316437,2.61459308702003,3.86270336429507
"45341","TLI","Reference",2.39939437621124,1.90210378080116,2.85704428209814
"45356","TLI","Current",3.79845679375108,3.24869195766402,4.33644254098014
"45356","TLI","Reference",2.40458153986775,1.83447077775779,2.9311014185585
"45360","TLI","Current",2.6655830328565,2.22367477930152,3.10734039304857
"45360","TLI","Reference",2.32756143740919,1.84365909504212,2.73765202906907
"45362","TLI","Current",2.84809135779363,2.31687055606951,3.33980424265662
"45362","TLI","Reference",2.34130466693719,1.80768248257353,2.80888393960832
"45379","TLI","Current",2.7506543532215,2.25725809193826,3.22678345865096
"45379","TLI","Reference",2.32754733403905,1.82780548803389,2.84164707461744
"45381","TLI","Current",2.950227666063,2.46382279352251,3.42590894352098
"45381","TLI","Reference",2.35296011650357,1.84416559786655,2.83271802253955
"45411","TLI","Current",2.34112127113017,1.89579605976439,2.85021577032802
"45411","TLI","Reference",2.32092768140913,1.84686387973169,2.81488306784305
"45434","TLI","Current",2.78076433361968,2.42709421934968,3.16422256740167
"45434","TLI","Reference",2.43023856056216,1.97165716697053,2.85085062585573
"45483","TLI","Current",3.96514878972657,3.60235863229654,4.37138985346012
"45483","TLI","Reference",1.76460040257408,1.15570777313804,2.29323713689332
"45499","TLI","Current",3.80131657042843,3.34428591868062,4.25756243225586
"45499","TLI","Reference",1.70478373776123,1.02827591092119,2.34337342239178
"45501","TLI","Current",4.95444091373673,4.51037378080216,5.42407555165071
"45501","TLI","Reference",1.79289896160352,1.24952250503383,2.30121196029178
"45503","TLI","Current",3.60634946446196,3.19494534024671,4.0232407868799
"45503","TLI","Reference",1.69543555358463,1.06372107994792,2.33790538153765
"45504","TLI","Current",4.21424887091303,3.85331855585297,4.61906879485037
"45504","TLI","Reference",1.77029047677929,1.13822325333604,2.35697945918695
"45514","TLI","Current",1.98840030862824,1.61162799288022,2.34588379572279
"45514","TLI","Reference",2.0295335058429,1.47888486765877,2.54566352843774
"45520","TLI","Current",4.33102169004326,3.95906481551052,4.72173372285091
"45520","TLI","Reference",1.90309555520244,1.23777334335854,2.54711717511927
"45525","TLI","Current",2.28532249746748,1.89474468797847,2.68934077345823
"45525","TLI","Reference",2.66276802337172,2.15877006099115,3.13281232670767
"45534","TLI","Current",3.28927045996135,2.87856991508505,3.69965367581603
"45534","TLI","Reference",2.50215830764078,1.88681888067391,3.18212414667777
"45541","TLI","Current",4.53510414822179,4.00985831647274,5.12405628497979
"45541","TLI","Reference",1.76837161530086,1.05306038668049,2.45194805225579
"45543","TLI","Current",2.57410707701975,2.20579128482424,2.94846634103162
"45543","TLI","Reference",2.45598811151144,1.97350917287004,2.93017464817737
"45599","TLI","Current",3.33518318902055,2.87343821806737,3.78162788755536
"45599","TLI","Reference",3.27819159377302,2.47052798856021,4.11550197168547
"45674","TLI","Current",3.56484036331843,2.91750975441028,4.14788122900464
"45674","TLI","Reference",2.38942739726761,1.73497990512701,3.00286493103329
"45678","TLI","Current",3.33301086284655,2.69215832118887,3.91408633779325
"45678","TLI","Reference",2.27241975732678,1.73220436950604,2.79103324869545
"45683","TLI","Current",2.55751058355161,2.11699690136606,3.01064147042074
"45683","TLI","Reference",2.58896452678805,1.88062801193872,3.26520595528255
"45686","TLI","Current",2.57749866966225,2.18895214840776,2.97276004590333
"45686","TLI","Reference",2.47252350507548,1.83257299030191,3.18282331195529
"45688","TLI","Current",2.02041054183384,1.61687192204968,2.38735889023887
"45688","TLI","Reference",2.48731138193707,1.83214099346244,3.10443398277552
"45723","TLI","Current",2.84233678606102,2.3813122472324,3.26636396710636
"45723","TLI","Reference",2.3460696903085,1.87563742913658,2.77025495653667
"45724","TLI","Current",3.88544478512631,3.49203778655288,4.29125869781312
"45724","TLI","Reference",1.82171958505334,1.0857200848269,2.523463310559
"45826","TLI","Current",5.58952705756154,5.14875285615074,6.08984060273036
"45826","TLI","Reference",3.80041514730515,3.07134600171431,4.55261765422037
"45831","TLI","Current",4.86863180966355,4.41931727288614,5.33115555655695
"45831","TLI","Reference",3.76949048082108,2.98529576355035,4.69366978978049
"45856","TLI","Current",5.88190822228442,5.39024605427114,6.41048150302449
"45856","TLI","Reference",3.87190250229467,2.90938923809818,4.88103336290322
"45890","TLI","Current",3.80967616879455,3.40909524209043,4.22437614099206
"45890","TLI","Reference",3.0747001770191,2.45664078426356,3.68889443356158
"45905","TLI","Current",2.91406845672864,2.54060388624318,3.27682556486645
"45905","TLI","Reference",2.65938158581806,2.25268205909211,3.0905157678061
"45924","TLI","Current",2.42100508769339,2.05150445159202,2.83461324553562
"45924","TLI","Reference",2.21820237335056,1.73796710499229,2.63538233005876
"45930","TLI","Current",3.70873039704457,3.28834377210917,4.11043869409013
"45930","TLI","Reference",4.2878833354823,3.07786228332342,5.53121851546213
"45935","TLI","Current",3.9524370461348,3.58517557034513,4.35226617381318
"45935","TLI","Reference",2.99566690475909,2.39954337192897,3.52674101348108
"45975","TLI","Current",4.8503736912852,4.3601455700545,5.29145871918393
"45975","TLI","Reference",3.40940413349341,2.74712716479163,4.09333361309428
"45980","TLI","Current",5.58683433773598,5.15227612488286,6.05898290457611
"45980","TLI","Reference",4.12633174762235,3.3363779562085,4.99667851705623
"46043","TLI","Current",3.25859110372495,2.72178417233869,3.80000824167362
"46043","TLI","Reference",2.33508921133628,1.65697785959536,3.03587824196938
"46047","TLI","Current",2.63831860547078,2.17797602376521,3.08033941396561
"46047","TLI","Reference",2.44715344508125,1.80914003419769,3.10542166586083
"46051","TLI","Current",2.43625510698176,1.97573855499993,2.87003899766988
"46051","TLI","Reference",2.33505773876732,1.60237884155077,2.97810792060292
"46090","TLI","Current",3.02286736457842,2.59655072161587,3.42158413824744
"46090","TLI","Reference",2.98135911754589,2.34357259607603,3.63748139189119
"46124","TLI","Current",3.62510706059606,3.15272646360389,4.08131458107017
"46124","TLI","Reference",2.4249121957842,1.88923401507673,2.95072388229591
"46125","TLI","Current",3.54096785384434,3.0853494132381,4.01258739933418
"46125","TLI","Reference",2.90750022500949,2.2359688876526,3.56256671194119
"46137","TLI","Current",2.45970047904373,1.89004258972979,2.99191888696475
"46137","TLI","Reference",2.34082058196216,1.77422890250628,2.88151846115302
"46138","TLI","Current",2.64770885166764,2.05261726289181,3.27609777545687
"46138","TLI","Reference",2.36851534825054,1.80911732239802,2.86836638624713
"46140","TLI","Current",3.63247919647431,3.2147671633956,4.0718646707331
"46140","TLI","Reference",2.88657811506449,2.37035686627881,3.36433773735885
"46152","TLI","Current",3.11872629334486,2.54601604842572,3.66141296162411
"46152","TLI","Reference",2.34685780642997,1.83493595891033,2.81607776165199
"46158","TLI","Current",4.29409853194468,3.85513817180868,4.71479982643008
"46158","TLI","Reference",3.36156922469419,2.53413493205904,4.19323799444905
"46160","TLI","Current",4.21124797624545,3.73286933348964,4.67584729099811
"46160","TLI","Reference",3.33806147324673,2.65084317082333,4.02819534199134
"46163","TLI","Current",4.12914472729096,3.67101859069377,4.57386074249933
"46163","TLI","Reference",3.33244971618996,2.44815592553161,4.19572868382404
"46212","TLI","Current",2.64356944866316,2.14865768754781,3.14639014653987
"46212","TLI","Reference",2.24366664506055,1.74131882661145,2.69607961675285
"46265","TLI","Current",3.1020774680322,2.63730484850402,3.52235512606304
"46265","TLI","Reference",2.75228811691951,1.99378247905871,3.537456054325
"46301","TLI","Current",3.89009966384684,3.40477957975054,4.33997843043104
"46301","TLI","Reference",3.37577262716725,2.27664559053597,4.53773225774596
"46358","TLI","Current",2.53880550116065,2.07817480047692,3.02979536575556
"46358","TLI","Reference",2.38220538008029,1.84203468955972,2.90056997925374
"46371","TLI","Current",2.70906416077024,2.19170384569704,3.17226137416548
"46371","TLI","Reference",2.62690953186022,2.08357861579513,3.20677643264999
"46471","TLI","Current",2.79963978735416,2.41129567035023,3.17733649512835
"46471","TLI","Reference",2.40805959773356,1.89513688342367,2.90502846810282
"46484","TLI","Current",3.04892177547833,2.67022313255284,3.40727456909067
"46484","TLI","Reference",2.45370805793514,1.56316260023543,3.28816181904626
"46493","TLI","Current",3.20563628898977,2.86446579705062,3.55543938582653
"46493","TLI","Reference",2.38631162500383,1.90176336887148,2.82179771005354
"46496","TLI","Current",2.9288082670378,2.57683770180154,3.27944590535699
"46496","TLI","Reference",2.34043223353486,1.87814835840441,2.76767675033851
"46564","TLI","Current",2.17236779613374,1.75441129512274,2.55315494467386
"46564","TLI","Reference",2.14896488572126,1.60530050134294,2.65917637470584
"46630","TLI","Current",2.6647614732205,2.2334949802056,3.10607841847142
"46630","TLI","Reference",2.34511699053776,1.81431545754103,2.88305057859799
"46632","TLI","Current",2.84984712296127,2.39035418077802,3.31103441597487
"46632","TLI","Reference",2.43399465119152,1.84652828701118,2.93466314701971
"46635","TLI","Current",2.65160836954061,2.18926133512017,3.13924667388523
"46635","TLI","Reference",2.35055046199932,1.82083465547828,2.86903963282418
"46696","TLI","Current",3.56920038321697,3.23089276010353,3.9452755115121
"46696","TLI","Reference",1.77995263346705,1.14318209486204,2.34379318852283
"46723","TLI","Current",3.18689809761152,2.75152625398413,3.66926975180675
"46723","TLI","Reference",2.49130076612219,1.67911659531701,3.2802770614992
"46724","TLI","Current",3.03724590080432,2.58749904962639,3.46738347754699
"46724","TLI","Reference",3.00333550089114,2.30172768024307,3.67377414939124
"46725","TLI","Current",3.04461700092612,2.6287838117341,3.46560747149173
"46725","TLI","Reference",2.75090124090419,2.23833333479729,3.225158429459
"46762","TLI","Current",3.97488144351176,3.53767194036991,4.40611703390226
"46762","TLI","Reference",3.73569284374204,2.5797787632306,4.90303873550286
"46763","TLI","Current",3.90070837123749,3.44769836991644,4.35592194750923
"46763","TLI","Reference",3.73234090090456,2.56745282085297,4.96918328230185
"46775","TLI","Current",2.32013347367925,1.812286136788,2.83527037294465
"46775","TLI","Reference",2.27897427042003,1.7718255266589,2.78664147948987
"46792","TLI","Current",3.385242889611,2.93657982835766,3.84961116937053
"46792","TLI","Reference",3.26705485255603,2.41956337763403,4.12613730610089
"46799","TLI","Current",3.63207068197137,3.2093095634697,4.05856936297968
"46799","TLI","Reference",3.30159862206236,2.16309978148436,4.50963931012263
"46820","TLI","Current",3.06867080055307,2.51665575534474,3.60718062865151
"46820","TLI","Reference",2.39156325500173,1.80056603547492,2.94978993666563
"46822","TLI","Current",3.71147119455856,3.09119422784664,4.2814927902336
"46822","TLI","Reference",2.46012348447204,1.83790134528988,3.04593505250496
"46827","TLI","Current",3.97484976182536,3.37057938771605,4.50156979969739
"46827","TLI","Reference",2.40580841131301,1.88314995847823,2.90308632470329
"46835","TLI","Current",2.56226447303252,2.06850908220657,3.01444902737579
"46835","TLI","Reference",2.32747629680382,1.77077971390405,2.92664265401726
"46860","TLI","Current",3.18871635924912,2.64751036321794,3.67102023730028
"46860","TLI","Reference",2.44916224767925,1.78498177155144,3.0552722487443
"46893","TLI","Current",2.41211795347791,1.96448200839597,2.86147245292131
"46893","TLI","Reference",2.44205171031364,1.97327054289611,2.93444588023292
"46912","TLI","Current",4.02940221276043,3.33308031942776,4.68640876490662
"46912","TLI","Reference",2.36176450600279,1.81763098799396,2.87172753253031
"46918","TLI","Current",3.35590442433895,2.78054293585794,3.93995179602505
"46918","TLI","Reference",2.34204479566187,1.82316516086722,2.82060458472229
"46926","TLI","Current",3.3008535559566,2.72646228567958,3.88445716027167
"46926","TLI","Reference",2.37335165625716,1.84165703099297,2.88125105171839
"46939","TLI","Current",3.15840329673905,2.52702317646866,3.74126605546838
"46939","TLI","Reference",2.36391818986094,1.76440724172503,2.95654040792539
"46942","TLI","Current",3.80636366166273,3.30674927164841,4.2497446657777
"46942","TLI","Reference",3.39212703550475,2.31119443723543,4.58302890881447
"46957","TLI","Current",2.68131126586596,2.22638053130447,3.1131762574155
"46957","TLI","Reference",2.73175191254204,2.06654112568256,3.43386417798189
"46959","TLI","Current",2.48515202982537,2.06638029001717,2.89033897357123
"46959","TLI","Reference",2.4175863882766,1.9250901086665,2.91619352161915
"46964","TLI","Current",2.82129536662923,2.33784767471776,3.31260899718427
"46964","TLI","Reference",2.60716193732689,1.81650297036034,3.43920841200644
"47033","TLI","Current",4.07091634312972,3.65234287294895,4.48152811901261
"47033","TLI","Reference",3.15901806984563,2.57572772225113,3.76523801181261
"47067","TLI","Current",3.05958229366253,2.57425240998402,3.5699716774671
"47067","TLI","Reference",2.48257736162607,1.97514026513677,2.95013275042869
"47090","TLI","Current",3.35733649252985,2.92733002245345,3.77545105527125
"47090","TLI","Reference",2.72644598808682,2.02726406273398,3.41244782379434
"47095","TLI","Current",2.94949043517623,2.5404311381923,3.37929671256995
"47095","TLI","Reference",2.6168993951171,2.10028379495237,3.14073637737361
"47105","TLI","Current",2.80379341558529,2.4048759843654,3.21755959664299
"47105","TLI","Reference",2.71283362112406,2.07587238831869,3.44753286586032
"47156","TLI","Current",3.28961323937847,2.86529502723789,3.70898900361553
"47156","TLI","Reference",2.50105710211568,1.84914531460556,3.12560302572262
"47193","TLI","Current",3.11105883208144,2.63388917691613,3.59044259303196
"47193","TLI","Reference",1.85955998322549,1.31815314221036,2.35251957151805
"47196","TLI","Current",2.94203738368873,2.5695976100584,3.32267038302462
"47196","TLI","Reference",1.73090485408894,1.00353134897391,2.37647246744021
"47198","TLI","Current",2.8190757605378,2.48211904688603,3.15926564656567
"47198","TLI","Reference",2.92497229745085,2.38997086755892,3.51271778397018
"47227","TLI","Current",3.84464103093312,3.49106203682877,4.19476100971612
"47227","TLI","Reference",1.8631221904951,1.21684040958404,2.51642337325142
"47228","TLI","Current",2.21777337238468,1.80633345651887,2.59961323690741
"47228","TLI","Reference",2.23877519619863,1.82102669101981,2.63518396254819
"47383","TLI","Current",2.94119180301305,2.55239470221785,3.26952079310971
"47383","TLI","Reference",2.37701455110041,1.88948652071561,2.77257934617598
"47399","TLI","Current",2.60854176892398,2.1123038838521,3.11793578804352
"47399","TLI","Reference",2.26770469868351,1.76248644025731,2.75018485444382
"47404","TLI","Current",2.8304466643387,2.29592427001482,3.37010479093862
"47404","TLI","Reference",2.3300993811733,1.82699353034891,2.78956268071199
"47406","TLI","Current",2.63343666924355,2.15471257675272,3.10482052521236
"47406","TLI","Reference",2.27090876963099,1.80086071727683,2.72614292440876
"47414","TLI","Current",3.35571560505649,2.80022269810667,3.88592405687863
"47414","TLI","Reference",2.27080924586203,1.7815171872428,2.74172419375711
"47417","TLI","Current",3.04441528698412,2.49698073420155,3.61321552928341
"47417","TLI","Reference",2.35800050744241,1.84946944169245,2.82155285339695
"47491","TLI","Current",3.10617833520235,2.69843672084455,3.49015407498005
"47491","TLI","Reference",2.69504321943298,2.18364371753208,3.22006843066568
"47579","TLI","Current",5.46023822641214,4.98301394582185,5.95641735281641
"47579","TLI","Reference",3.82368616916987,2.96235916598562,4.69672589289356
"476","TLI","Current",2.90648442140572,2.45149528662672,3.38418960550782
"476","TLI","Reference",2.36670941142326,1.9064890808664,2.80051177478129
"47791","TLI","Current",3.9711766156599,3.56394147313524,4.37993849673302
"47791","TLI","Reference",1.77137182706397,1.11141083929441,2.40069277181491
"47814","TLI","Current",2.7961818063173,2.38096334181702,3.22592226507916
"47814","TLI","Reference",2.46965034136314,1.97136111315577,3.04001158568541
"47859","TLI","Current",4.21748468444971,3.72250817540497,4.71304625176385
"47859","TLI","Reference",1.80790468240886,1.16406378011319,2.46203419854146
"47860","TLI","Current",3.54788239142499,3.21139292968357,3.90993457363827
"47860","TLI","Reference",1.76663631154781,1.13842599480541,2.31851187653221
"47869","TLI","Current",3.20289356832142,2.79687059611002,3.60187119947844
"47869","TLI","Reference",2.459924928833,1.96694196733143,2.91144921786017
"47877","TLI","Current",3.21764313207244,2.81897511340503,3.63597099874696
"47877","TLI","Reference",2.38453363062044,1.97305164244337,2.79059870871459
"47878","TLI","Current",3.14080879289029,2.62092943011192,3.67976075236087
"47878","TLI","Reference",2.39970205865712,1.95792769165803,2.84755236757417
"47892","TLI","Current",3.32246534535641,2.96286017065786,3.69418872631669
"47892","TLI","Reference",2.34102282574187,1.90967347020332,2.77134473739713
"48018","TLI","Current",3.52679806784007,3.14506194178189,3.92755820816756
"48018","TLI","Reference",2.47751807608499,1.89838254797721,3.10578988559466
"48027","TLI","Current",3.08694320865008,2.7050709460231,3.45316342091791
"48027","TLI","Reference",2.45071950294504,1.96112901255786,2.95627012671729
"48177","TLI","Current",6.66389607868827,5.95152516335061,7.8387134782536
"48177","TLI","Reference",3.94390902152304,3.27968103472393,4.67097134095464
"48207","TLI","Current",3.61247777555197,3.03203726387428,4.12124285919932
"48207","TLI","Reference",2.50198677985931,1.95490406459562,3.04119969438987
"48213","TLI","Current",2.84275234761812,2.46593191581478,3.21721343592613
"48213","TLI","Reference",2.62266405376633,2.17532081008387,3.05210227420043
"48216","TLI","Current",3.05929724155153,2.65731186283528,3.47745447110365
"48216","TLI","Reference",3.14747990464401,2.62376395151324,3.70928629097194
"48217","TLI","Current",3.13185661066351,2.72542249910783,3.51608058148748
"48217","TLI","Reference",2.40852403285846,1.92894776618682,2.89691189072699
"48374","TLI","Current",3.01692503490762,2.4875012917553,3.53047408939933
"48374","TLI","Reference",2.26418243911892,1.76599422461322,2.75859429652284
"48375","TLI","Current",3.54189914609665,3.00464868531773,4.06169577252816
"48375","TLI","Reference",2.4134677348376,1.8617210212461,2.99653656279769
"48381","TLI","Current",3.11647461546992,2.53147740248941,3.67266649434723
"48381","TLI","Reference",2.39532417845414,1.85843793485173,2.89356898583532
"48387","TLI","Current",2.65828242253238,2.1609680405515,3.16581455979398
"48387","TLI","Reference",2.3097996180902,1.79178042873063,2.77313615889044
"48395","TLI","Current",3.02815723245518,2.45901559068374,3.57553178735969
"48395","TLI","Reference",2.35111230535582,1.87450854856408,2.83556639802044
"48447","TLI","Current",3.81837463976715,3.45207202717694,4.21231786523017
"48447","TLI","Reference",2.59587374594869,2.08024507253899,3.09538404273141
"48451","TLI","Current",2.24767583862953,1.80706961386189,2.72262664347394
"48451","TLI","Reference",1.94335362807226,1.4960763916206,2.40679148654717
"48455","TLI","Current",3.20655834344251,2.80255681293006,3.60355465290852
"48455","TLI","Reference",2.52345053609334,2.06689619791345,2.99598875967926
"48456","TLI","Current",3.41255094921193,3.03763877398453,3.77437867802074
"48456","TLI","Reference",2.38590612992318,1.95821317657943,2.77310321412115
"48468","TLI","Current",3.66014218016392,3.19029639293877,4.15566522876769
"48468","TLI","Reference",2.49030547962951,1.98211551202299,2.97616016423313
"48491","TLI","Current",3.03715195188013,2.51706310395659,3.52636611250123
"48491","TLI","Reference",2.36462687282486,1.83275383220495,2.85610886842221
"48595","TLI","Current",3.38085285026633,2.99882012015518,3.83317840914865
"48595","TLI","Reference",1.73303048038825,1.02214923946112,2.40998512972473
"48597","TLI","Current",3.25957190320247,2.8910439660525,3.63885152772725
"48597","TLI","Reference",2.3896700498693,1.89811005940006,2.88571555039129
"48657","TLI","Current",3.23837434360413,2.82132328384973,3.64604591549648
"48657","TLI","Reference",2.44216896221918,1.95629069771781,2.89621663832784
"48660","TLI","Current",3.68257094793267,3.32144778503529,4.04454849686556
"48660","TLI","Reference",2.97694442580251,2.57597007230478,3.42542008421768
"48663","TLI","Current",3.82051939369399,3.44889767074753,4.21008965771272
"48663","TLI","Reference",2.4931967583794,1.98459329256618,2.99967697738353
"48673","TLI","Current",5.08444775742935,4.65000903008445,5.50473786678137
"48673","TLI","Reference",3.15287493535381,2.18295826882407,4.21218756240759
"48700","TLI","Current",3.82721780593161,3.44825506144396,4.23975913950523
"48700","TLI","Reference",2.37665994879483,1.95541401365889,2.83028379098719
"48841","TLI","Current",4.27036385792226,3.75227624151129,4.81079109835563
"48841","TLI","Reference",2.66912291924873,1.92306139157403,3.42260497465084
"49007","TLI","Current",5.23387644708594,4.82209735344239,5.69595526793854
"49007","TLI","Reference",3.45374408754052,2.70368793165159,4.24059441697604
"49090","TLI","Current",5.57269410445786,5.09635028867949,6.04460215636218
"49090","TLI","Reference",3.84312266777094,3.26596788099503,4.43827261541509
"49091","TLI","Current",5.88877026545303,5.40061734489746,6.37369170126164
"49091","TLI","Reference",3.71909262677914,3.14437176197818,4.338616787531
"49169","TLI","Current",5.46593377340219,5.03476194074556,5.90710182702698
"49169","TLI","Reference",3.86502036676179,3.09795956933524,4.55085011466941
"49180","TLI","Current",5.39887349977228,4.95884113490967,5.8837386464462
"49180","TLI","Reference",3.85318128276106,3.23628128760427,4.44858801640401
"49186","TLI","Current",6.07390165097036,5.56452059791213,6.57724655732356
"49186","TLI","Reference",3.93531849719242,3.33625006058023,4.61423948245666
"49200","TLI","Current",5.97893709593787,5.47418709762001,6.52145463420691
"49200","TLI","Reference",4.13404377549051,3.52476563667591,4.81852785389874
"4922","TLI","Current",3.92362603018215,3.42081782046144,4.43276543338691
"4922","TLI","Reference",3.11760645558612,2.55892091250037,3.69897995952432
"49239","TLI","Current",4.56324021973496,4.15853396439329,5.01209957280452
"49239","TLI","Reference",3.29288109511657,2.80762263420577,3.76379906409282
"4926","TLI","Current",3.44874843381743,2.99064448824552,3.91284280932213
"4926","TLI","Reference",2.6923472781491,2.24000416169205,3.1563196738201
"49295","TLI","Current",3.98346925067689,3.55347178541252,4.46177324964112
"49295","TLI","Reference",2.84742771835549,2.38690412778572,3.333938815491
"49309","TLI","Current",4.52084940675689,4.10241745944118,4.98758083169811
"49309","TLI","Reference",3.29455142399187,2.62562452782799,3.99003128226377
"49334","TLI","Current",4.23634526968169,3.81369888695129,4.65877615019789
"49334","TLI","Reference",3.62668913884738,2.9121910459609,4.35149952518911
"49337","TLI","Current",5.89865100213406,5.42740904736996,6.3915405137612
"49337","TLI","Reference",4.31920308452324,3.65688745343431,5.04626910175946
"49414","TLI","Current",4.18404412579451,3.76156822683623,4.61196500760321
"49414","TLI","Reference",3.58470679440939,2.99705734366305,4.15117421168863
"49573","TLI","Current",4.65540948125362,4.24342834778565,5.07405926435019
"49573","TLI","Reference",4.25542844274449,3.33826956658053,5.36006313248552
"49583","TLI","Current",4.12725820200122,3.72570074191536,4.520108496913
"49583","TLI","Reference",3.8477930443883,3.25935112050538,4.47046686149712
"49643","TLI","Current",5.48600714010421,5.01114256538439,5.97320117490165
"49643","TLI","Reference",3.98815532660564,3.33183996448493,4.68031267843987
"49706","TLI","Current",2.78194580212107,2.29719342406003,3.26702183758243
"49706","TLI","Reference",2.35164290181495,1.47207794270379,3.23881415244896
"49714","TLI","Current",3.41785029510437,2.95323687538559,3.87926730510613
"49714","TLI","Reference",2.40942874063957,1.91179930883122,2.88831438577256
"49715","TLI","Current",2.63912682559388,2.18300414155817,3.08389186301164
"49715","TLI","Reference",2.35476354021666,1.4654553193604,3.35730010717269
"49716","TLI","Current",2.65744996064822,2.20523656858519,3.09954020736846
"49716","TLI","Reference",2.31764400279459,1.52681885597046,3.04674520607098
"49721","TLI","Current",2.84717277449225,2.43221864578435,3.28301782328773
"49721","TLI","Reference",3.00294484145935,2.12076166149622,3.97409354401486
"49880","TLI","Current",4.81983887440994,4.39694064536248,5.23698716855023
"49880","TLI","Reference",4.26988594301464,3.3166571342006,5.42721670157255
"49884","TLI","Current",4.98663744449695,4.5582979087439,5.44216927443268
"49884","TLI","Reference",4.30964500582957,3.57858109670041,5.11769272034965
"49885","TLI","Current",4.13730222857683,3.64985834322,4.57860553989937
"49885","TLI","Reference",3.44651781258738,2.6214910843792,4.37903252095094
"5008","TLI","Current",7.03999569151329,6.46097112613946,7.70080466608622
"5008","TLI","Reference",4.21440465276336,3.15985526163467,5.32037702441008
"50139","TLI","Current",3.76814469630533,3.40341480718727,4.13245706741094
"50139","TLI","Reference",3.43865044093209,2.81437808815625,4.10676417320228
"50151","TLI","Current",2.794378287856,2.37328694916401,3.29136954840328
"50151","TLI","Reference",3.00306308729885,2.40697995928462,3.64719645373041
"50215","TLI","Current",4.67837258954918,4.26599308612188,5.14826488049979
"50215","TLI","Reference",3.85195108416214,3.2419743074843,4.48305757862711
"50245","TLI","Current",4.92868453572839,4.51058960283018,5.34799944406755
"50245","TLI","Reference",4.11263104940332,3.41564887938907,4.84914919775402
"50269","TLI","Current",4.56396544917284,4.15237969115339,4.98116383203424
"50269","TLI","Reference",3.40445158652525,2.84621083996912,4.02848559529539
"50270","TLI","Current",3.38787403151279,3.00698280634188,3.79130527412712
"50270","TLI","Reference",3.27745700027584,2.82695200723888,3.78385172671855
"50299","TLI","Current",3.84720859986108,3.42911320922419,4.27230551422067
"50299","TLI","Reference",4.17373439084466,3.08388295430559,5.23809490130151
"50314","TLI","Current",4.64929005687431,4.20174863819175,5.08744799000684
"50314","TLI","Reference",4.09529557439938,3.43537610528184,4.92421466975343
"50320","TLI","Current",4.71096755467007,4.27425645157201,5.15504087194865
"50320","TLI","Reference",4.11299060862799,3.22625403255378,5.06141473355786
"50336","TLI","Current",4.50930979187544,4.10212393442824,4.93351292131181
"50336","TLI","Reference",4.09966704693721,3.28677980678783,4.9963078868775
"50349","TLI","Current",3.33909567159181,2.92269721629168,3.75925061876343
"50349","TLI","Reference",3.38446709402157,2.74308314947978,4.11396184082253
"50371","TLI","Current",4.46640002141986,4.06147367500901,4.89118495810562
"50371","TLI","Reference",4.26438868837525,3.3742364607428,5.30586198568456
"50373","TLI","Current",3.74909634986368,3.39974592445893,4.10800967333601
"50373","TLI","Reference",3.25842031492853,2.59295537272287,4.00140551105564
"50401","TLI","Current",3.35718517428969,3.02271539833597,3.70412198826173
"50401","TLI","Reference",3.34580751186644,2.78649836047644,3.93511367334019
"50403","TLI","Current",3.71245017066839,3.2549268575854,4.13218020859866
"50403","TLI","Reference",4.31822717762404,3.37094862366517,5.35827607191839
"50405","TLI","Current",4.12697642843075,3.7109858370386,4.57845960010601
"50405","TLI","Reference",3.37649802919184,2.76110819978093,4.04505669635355
"50413","TLI","Current",3.78772742665606,3.41447312633812,4.19059734366266
"50413","TLI","Reference",3.42067669502743,2.66576278546189,4.22043788839135
"5042","TLI","Current",7.08205185902243,6.50262812295406,7.773059412951
"5042","TLI","Reference",4.18653203938095,3.20400368422173,5.23164240220036
"50466","TLI","Current",5.29173152553191,4.86348253155679,5.71575398402402
"50466","TLI","Reference",3.86238962673514,3.190856590275,4.54000098767161
"50470","TLI","Current",5.7349397329517,5.26485092450025,6.21943396747629
"50470","TLI","Reference",4.44903490207936,3.70555826702403,5.28927306893236
"50629","TLI","Current",2.61342511460738,2.15578545423498,3.06704302115242
"50629","TLI","Reference",2.85654553941407,2.12314347293028,3.55347192601865
"50636","TLI","Current",2.7605259316154,2.24463683044584,3.2799980625539
"50636","TLI","Reference",2.38310512529157,1.50237613100476,3.38048479426515
"50651","TLI","Current",3.30631660344773,2.72846615467965,3.83660511710977
"50651","TLI","Reference",2.39636070119208,1.4573391344671,3.39022860357127
"50658","TLI","Current",3.35636921373454,2.78421931520522,3.90660404271339
"50658","TLI","Reference",2.37345944230093,1.49476274362534,3.30202804291755
"50704","TLI","Current",2.72103929738879,2.33657075103328,3.09290262153618
"50704","TLI","Reference",2.29122268948546,1.8415912326013,2.70784361027061
"50708","TLI","Current",3.19057914428086,2.83240088402214,3.61957313990174
"50708","TLI","Reference",2.42292223287127,1.93608699345713,2.87832297142158
"50782","TLI","Current",6.01747975995594,5.50169726527143,6.53945121047835
"50782","TLI","Reference",4.34815299684202,3.52629896087306,5.13564143046649
"511","TLI","Current",5.85036272682024,5.37725078366119,6.36867395177987
"511","TLI","Reference",4.1875178350588,3.0552994368357,5.38183669531723
"51224","TLI","Current",2.87865373648085,2.53939429170821,3.20825491530091
"51224","TLI","Reference",3.00201002081731,2.57172058742773,3.47362027867853
"51225","TLI","Current",4.02570474786517,3.57699366648476,4.46916786651674
"51225","TLI","Reference",3.09407893411343,2.64523381766679,3.55541816479364
"51242","TLI","Current",3.40383464084074,3.03067101840624,3.77897324611762
"51242","TLI","Reference",3.07217901646465,2.66047268513237,3.51543558066762
"51368","TLI","Current",2.93369789764102,2.57226218539554,3.28986830808368
"51368","TLI","Reference",2.97365156389722,2.54451977066841,3.41358096776758
"51371","TLI","Current",3.11753128377257,2.74125811347927,3.5016682434358
"51371","TLI","Reference",3.03866098182022,2.64068071836769,3.455193558678
"51485","TLI","Current",5.02045542876049,4.61087838486966,5.45484322837935
"51485","TLI","Reference",4.4015130019832,3.21530035586367,5.8325542260454
"515","TLI","Current",5.00702142257835,4.56163810010389,5.45687241480416
"515","TLI","Reference",4.21311593586095,3.00513060707479,5.65691570123276
"51624","TLI","Current",3.18222274810559,2.71149927544841,3.61276564088066
"51624","TLI","Reference",2.4508093564673,1.78950090879785,3.13100128106484
"51625","TLI","Current",3.08468936956609,2.67244224860775,3.50164628497961
"51625","TLI","Reference",2.46321480453911,1.63687373981597,3.33877155976623
"51631","TLI","Current",3.04127288820372,2.57919595248182,3.51024418513015
"51631","TLI","Reference",2.50997778244791,2.00227660173014,3.07991650521286
"51637","TLI","Current",3.3496754944139,2.97337496018466,3.75691693115706
"51637","TLI","Reference",2.40360353987425,1.90184746582943,2.86568173566686
"51640","TLI","Current",2.85761086816239,2.47715845186937,3.26726461681097
"51640","TLI","Reference",2.25228300928927,1.79888697372428,2.68397218403226
"51641","TLI","Current",3.33453149837256,2.87040666329708,3.77324590163443
"51641","TLI","Reference",2.42218565287491,1.84289598492409,2.98820639109769
"51652","TLI","Current",3.02352731869284,2.61995464568268,3.4336311434779
"51652","TLI","Reference",2.31367973903113,1.54268301762606,3.02272343154385
"51653","TLI","Current",3.5165418716442,3.1072879408285,3.90767072867137
"51653","TLI","Reference",2.39689708005418,1.9128539173419,2.87309023673495
"51658","TLI","Current",3.25450574561585,2.80871590908482,3.6708651123223
"51658","TLI","Reference",2.31079197082027,1.45027415825072,3.12443792478235
"51682","TLI","Current",3.0180054193889,2.49419178320161,3.52082143741978
"51682","TLI","Reference",2.36191097644893,1.39669851957925,3.29238451846394
"51684","TLI","Current",3.10895265445286,2.6036723646372,3.64506627913497
"51684","TLI","Reference",2.32232081581335,1.51579503550084,3.05655610369531
"51747","TLI","Current",2.88065336938541,2.40078661483108,3.36025425512974
"51747","TLI","Reference",2.33584109193089,1.56526367637074,3.15752799443423
"51748","TLI","Current",3.39738622499429,2.8811069099449,3.8420163565935
"51748","TLI","Reference",2.49654334721085,1.62099568392904,3.42108841717417
"51751","TLI","Current",2.98814900307343,2.48986507249727,3.45106936247335
"51751","TLI","Reference",2.35521438300795,1.52614432088569,3.20902674750737
"51770","TLI","Current",2.55614767725631,2.13742851367255,3.01418269215834
"51770","TLI","Reference",2.35120531716151,1.51626855550027,3.22683891875231
"51784","TLI","Current",2.93110958893801,2.49932704457788,3.41139164096522
"51784","TLI","Reference",2.26923126883477,1.45297101328877,3.11229301827972
"51788","TLI","Current",2.7784691289917,2.31428897833002,3.29068483595108
"51788","TLI","Reference",2.3148522465227,1.49167780125605,3.18893082190912
"51793","TLI","Current",3.21554341462822,2.64882510577333,3.7253374433776
"51793","TLI","Reference",2.38484863471244,1.59547109700605,3.20484569305144
"51794","TLI","Current",3.07310069878739,2.56584489588785,3.56371714411126
"51794","TLI","Reference",2.3392140456548,1.50760728471915,3.22580688056294
"51822","TLI","Current",3.17674615552145,2.75758168262845,3.62027392812274
"51822","TLI","Reference",2.58792957824519,1.8127299139579,3.38923966761036
"51845","TLI","Current",2.85860556101119,2.40092087242284,3.33658166409373
"51845","TLI","Reference",2.34389512977684,1.5910148854169,3.13181853106099
"51876","TLI","Current",3.33706710791579,2.81656328652739,3.84521986349189
"51876","TLI","Reference",2.94620100483672,2.17830987943046,3.79905239415849
"51877","TLI","Current",2.63148525347412,2.21127335913916,3.05196871844248
"51877","TLI","Reference",2.32150269700264,1.56539058863093,3.11914597539934
"51892","TLI","Current",3.23095106211982,2.81151157161841,3.67522125225293
"51892","TLI","Reference",2.8823411964957,1.94573146774796,3.8367837748537
"51895","TLI","Current",3.16712858096871,2.67639044662196,3.67970580523309
"51895","TLI","Reference",2.31414943253156,1.64955581729179,2.94758560252268
"51900","TLI","Current",3.34180414836301,2.84359957228112,3.82986803326982
"51900","TLI","Reference",2.45715545053634,1.79070659323423,3.17563747698004
"51912","TLI","Current",2.93222129770803,2.43848490088603,3.48312599550352
"51912","TLI","Reference",2.36123002932776,1.65643871194491,3.11522657484637
"51926","TLI","Current",3.30975715562257,2.7554087072031,3.855827763432
"51926","TLI","Reference",2.35757362906043,1.6239220469116,3.10247302130836
"51940","TLI","Current",2.63940779388935,2.26826910050643,3.01635692188824
"51940","TLI","Reference",2.36067708568029,1.65474616891732,3.07314370167062
"51945","TLI","Current",2.45679139669088,2.00270685370744,2.86820455899837
"51945","TLI","Reference",2.3450085850604,1.53553140930898,3.22803265192671
"51954","TLI","Current",3.08896458745235,2.71844366019603,3.46849087801105
"51954","TLI","Reference",2.63610739409053,2.00974042668614,3.27657131929357
"51972","TLI","Current",3.30331919358365,2.88105010399233,3.75062209947623
"51972","TLI","Reference",2.69142409321686,2.14376273356878,3.26313265033982
"51985","TLI","Current",3.13763188634657,2.69911366564264,3.58814230265858
"51985","TLI","Reference",2.31664665800008,1.59163594252759,3.05128202110888
"52059","TLI","Current",3.87091058286459,3.42917533976556,4.29786097281156
"52059","TLI","Reference",2.98959225123784,2.37019327067372,3.68111079609446
"52080","TLI","Current",3.43012850395272,3.04865079427227,3.82744081339315
"52080","TLI","Reference",2.78183322039998,2.01740614521227,3.57718863866513
"52115","TLI","Current",3.03053355318134,2.66272070270042,3.39456794333875
"52115","TLI","Reference",2.77497473173993,2.0706050007234,3.52851768892283
"52138","TLI","Current",3.08278012972335,2.64118012448329,3.5164091610525
"52138","TLI","Reference",2.55651713984572,1.95271070404572,3.19796545927642
"52140","TLI","Current",2.80808445856611,2.38672023467937,3.231488858295
"52140","TLI","Reference",2.31192176631602,1.64894195640128,2.98907886426325
"52143","TLI","Current",2.99932768616794,2.54401696926681,3.42885045380509
"52143","TLI","Reference",2.46995950974042,1.66578736863513,3.27568712773884
"52147","TLI","Current",2.62918425433609,2.20384363452022,3.03199134214279
"52147","TLI","Reference",2.33535260651112,1.62993304466429,3.06987169309838
"52148","TLI","Current",2.21257648531805,1.81447506385071,2.638169480373
"52148","TLI","Reference",2.30795502591278,1.45048564876472,3.14660733234153
"52151","TLI","Current",2.73201423356752,2.29678449406152,3.19011596743517
"52151","TLI","Reference",2.94259123796311,2.0834181537154,3.88672243297089
"52154","TLI","Current",2.47159830503807,1.9728887070891,2.92298538628149
"52154","TLI","Reference",2.33578018571331,1.44216632984792,3.26055491995438
"52165","TLI","Current",3.2684612896993,2.70403624396701,3.74244761862474
"52165","TLI","Reference",2.35610330920076,1.53077144600114,3.25428467217822
"52167","TLI","Current",3.06037894642437,2.5393433073694,3.55343011010939
"52167","TLI","Reference",2.35712618359934,1.59703233668438,3.20117211065311
"52177","TLI","Current",3.4043079331894,2.81920574081181,3.95512006426574
"52177","TLI","Reference",2.36768058974393,1.50223048967529,3.24293751689998
"52181","TLI","Current",3.305101694007,2.76627556415883,3.80855063153
"52181","TLI","Reference",2.37226948901466,1.65065851093472,3.08752333831799
"52190","TLI","Current",3.42748487892819,2.88584712994245,3.95915710939401
"52190","TLI","Reference",2.36141838826251,1.56661437505844,3.18454946887387
"52202","TLI","Current",3.63081473829815,3.1417752105636,4.1162403327021
"52202","TLI","Reference",2.42992120349755,1.64319989788055,3.3122869436314
"52205","TLI","Current",3.13172123836726,2.65765195537949,3.60415346366443
"52205","TLI","Reference",2.34158586667981,1.71257685670131,2.93766720342155
"52221","TLI","Current",3.30173974010701,2.81560023042351,3.79445483974725
"52221","TLI","Reference",2.36109232551223,1.5474645846003,3.20613876529913
"52235","TLI","Current",3.21894325298274,2.79867635583519,3.63690578344081
"52235","TLI","Reference",2.28157409559067,1.54761446086127,3.04464160217028
"52240","TLI","Current",3.12195607423754,2.71277049425397,3.53101094490836
"52240","TLI","Reference",2.76490276440489,2.13642468047617,3.43428290359608
"52241","TLI","Current",2.69026117653042,2.24708705932939,3.16433478327267
"52241","TLI","Reference",2.32376710058778,1.45527309501752,3.21169150812676
"52243","TLI","Current",2.97483264322836,2.52843508943059,3.44429521564442
"52243","TLI","Reference",2.40588842299929,1.62623304153771,3.22992721974377
"52244","TLI","Current",3.24347192770783,2.7221194617112,3.78594035109583
"52244","TLI","Reference",2.34956333376714,1.53109242929712,3.21720906458811
"52246","TLI","Current",3.53138169357733,3.03642892990194,4.00397228153751
"52246","TLI","Reference",2.57917205030608,1.55530317621688,3.65868006518008
"52247","TLI","Current",2.91945645587073,2.44665688407399,3.37534945064969
"52247","TLI","Reference",2.3391434349266,1.68773833178422,3.0425773749071
"52251","TLI","Current",2.81765288775626,2.30405869605382,3.34792162603165
"52251","TLI","Reference",2.33715277674172,1.63927468229336,3.05029712587635
"52254","TLI","Current",3.14692656646472,2.70598244278755,3.60932213602623
"52254","TLI","Reference",2.31621069204119,1.61110596961513,3.05763773777132
"52256","TLI","Current",2.96680766553846,2.51515097839414,3.46422728924016
"52256","TLI","Reference",2.33422558727219,1.48977202337152,3.20095263828974
"52257","TLI","Current",3.10872860534053,2.54888849705772,3.66317973400088
"52257","TLI","Reference",2.34794657912215,1.58872623919174,3.16398737350891
"52258","TLI","Current",2.64474494237073,2.16821105158948,3.09887872393352
"52258","TLI","Reference",2.34654733714914,1.44284573995908,3.19829141087212
"52268","TLI","Current",3.33600603261582,2.80065578671798,3.88158706248496
"52268","TLI","Reference",2.34160887989379,1.60809019323563,3.08920951859559
"52269","TLI","Current",3.32572965117001,2.86592228190813,3.80461166943128
"52269","TLI","Reference",2.36104631479677,1.5887603820251,3.11952616028095
"52274","TLI","Current",3.21876925530839,2.70187086523085,3.73375248331912
"52274","TLI","Reference",2.36192679767032,1.75534128122049,3.00895683336364
"52292","TLI","Current",3.0249335895044,2.57955137073607,3.5326378115229
"52292","TLI","Reference",2.22227770756768,1.41227957035138,3.01691956084892
"52307","TLI","Current",2.72975510429031,2.22495123656085,3.25223591312208
"52307","TLI","Reference",2.33559016897857,1.64495395055024,3.0373128630272
"52312","TLI","Current",3.0853358534291,2.57409441723466,3.56336101779342
"52312","TLI","Reference",2.40632279257947,1.53843349489809,3.37669836377111
"52340","TLI","Current",3.19983808761997,2.79196210315645,3.65969721885702
"52340","TLI","Reference",2.32338359007494,1.57368566997482,3.09168147377591
"52344","TLI","Current",2.88251834846183,2.45126941679613,3.30278618690857
"52344","TLI","Reference",2.31631768836676,1.56927361539392,3.07032076419842
"52355","TLI","Current",2.94540440972679,2.57049015661438,3.3195736983002
"52355","TLI","Reference",2.91417414910975,2.01580593748531,3.86731681409693
"52358","TLI","Current",2.61677540141891,2.21478611463057,3.01384153930068
"52358","TLI","Reference",2.2769586012208,1.24716356179537,3.2385571941155
"52360","TLI","Current",2.79064602709851,2.30260925333338,3.25926601598487
"52360","TLI","Reference",2.31995461391145,1.48049021239288,3.21727454784843
"52362","TLI","Current",2.84868053592319,2.44635095365558,3.27124621849069
"52362","TLI","Reference",2.35339688749993,1.6438541686044,3.05699774382621
"52370","TLI","Current",3.20681579413634,2.68868511559529,3.6989032897944
"52370","TLI","Reference",2.34342060963466,1.6706788432635,3.02915141100172
"52380","TLI","Current",3.51548318734345,2.95513890334968,4.04719615376692
"52380","TLI","Reference",2.36396018013076,1.53590028542814,3.24106078122803
"52382","TLI","Current",3.60782461730403,3.09085086239339,4.05426036496782
"52382","TLI","Reference",2.40976939175242,1.49962054566889,3.41767508347825
"52384","TLI","Current",3.68593008291995,3.23808909210419,4.13734306318102
"52384","TLI","Reference",2.44308953717761,1.85627934325732,3.00070803253898
"52386","TLI","Current",3.19371212255912,2.74570783656546,3.60436796007262
"52386","TLI","Reference",2.33231107117496,1.64284375558801,3.04281383754948
"52389","TLI","Current",3.17133376686994,2.75373919846819,3.56735598553359
"52389","TLI","Reference",2.24426128266887,1.58954109544213,2.9351550123344
"52393","TLI","Current",3.20469841097532,2.70550874881053,3.66624255713585
"52393","TLI","Reference",2.81840101635146,1.96747959122749,3.70378820405657
"52397","TLI","Current",3.18936115025323,2.73869559604924,3.70878131537591
"52397","TLI","Reference",2.2259351371505,1.52579985691304,2.98902597181791
"52399","TLI","Current",3.76132542662242,3.28778820895637,4.25743482566338
"52399","TLI","Reference",2.35449652555461,1.68645302714795,3.02956812216922
"52407","TLI","Current",2.31402143115199,1.82744676354406,2.79638597381515
"52407","TLI","Reference",2.34049135989709,1.63835183412842,3.03349068927667
"52410","TLI","Current",2.87262341783106,2.37877818612699,3.37284537533054
"52410","TLI","Reference",2.36095477192237,1.48524295403148,3.28030641144445
"52411","TLI","Current",2.9427919228701,2.4739822718807,3.36426748498253
"52411","TLI","Reference",2.41718722200398,1.85159609332588,3.02421117132155
"52416","TLI","Current",2.75576602155341,2.25573810952118,3.24438371735365
"52416","TLI","Reference",2.36147042394984,1.68631680103588,3.04645170183951
"52422","TLI","Current",2.86346863114722,2.41685950951523,3.31320847674957
"52422","TLI","Reference",2.35176040373705,1.47063932723154,3.17620733515768
"52434","TLI","Current",3.01550995740826,2.50517549615954,3.53149047540485
"52434","TLI","Reference",2.32918206787339,1.58401690068447,3.10376506880871
"52538","TLI","Current",3.65299298116474,3.26820220840634,4.0274130421036
"52538","TLI","Reference",2.61118074569841,2.10727372391436,3.10653576786806
"52566","TLI","Current",1.93733964991362,1.54573774891238,2.33517827093302
"52566","TLI","Reference",2.17661510782207,1.69952525125101,2.65068063575318
"52585","TLI","Current",2.71369961266854,2.26213011762464,3.15132045368648
"52585","TLI","Reference",2.28396622457672,1.62396256164833,2.91553659361237
"52592","TLI","Current",2.94756704017993,2.50277470998203,3.41557387633755
"52592","TLI","Reference",2.30080017828505,1.52034144667021,3.14593889342955
"52613","TLI","Current",2.73165881672929,2.30009453129512,3.14263188561362
"52613","TLI","Reference",2.47451452236083,1.95628861701321,2.96221344671099
"52617","TLI","Current",2.61442262468987,2.15972953117127,3.07614131719408
"52617","TLI","Reference",2.25085334766729,1.64063475655743,2.81136708444982
"5264","TLI","Current",3.13392903542289,2.766008710541,3.54843508630391
"5264","TLI","Reference",2.38935454941958,1.99587806743392,2.79257561285588
"52641","TLI","Current",3.09335165482947,2.63049765826949,3.55882760457218
"52641","TLI","Reference",2.39261608151903,1.57230495295928,3.19417700964996
"52642","TLI","Current",2.70980559030781,2.25364858235462,3.15804619602354
"52642","TLI","Reference",2.94771322560949,2.06315980572077,3.88356486366501
"52647","TLI","Current",3.27919786541843,2.81825224594513,3.7187351158124
"52647","TLI","Reference",3.02478819477933,2.31754686734388,3.73929885409027
"52652","TLI","Current",2.16925175474213,1.77211236204102,2.54495929955173
"52652","TLI","Reference",2.44159430195558,1.70439922039918,3.20595965916259
"52660","TLI","Current",3.15419083914707,2.68130278426326,3.6424896425895
"52660","TLI","Reference",2.3196212919581,1.60159568204615,3.02203187218849
"52666","TLI","Current",2.75087526100104,2.29082456746574,3.18939731598284
"52666","TLI","Reference",2.19136574215945,1.06245761400172,3.3216564856027
"52677","TLI","Current",2.54457476824227,2.09002253672426,3.00349603578508
"52677","TLI","Reference",2.32831361771175,1.67845607040361,2.99817184236526
"52684","TLI","Current",2.86522151537055,2.46940141256928,3.25130420829665
"52684","TLI","Reference",2.46878526552922,1.80484329858714,3.17056793874867
"52697","TLI","Current",3.10421336483585,2.65097623696388,3.57719450668569
"52697","TLI","Reference",2.21548908170298,1.39765323943527,3.03345794113658
"52722","TLI","Current",2.97558279463124,2.49785757324941,3.4402213304558
"52722","TLI","Reference",2.43540815618848,1.40070456272283,3.51066353903536
"52731","TLI","Current",2.82257728011997,2.31860578917794,3.30835351252255
"52731","TLI","Reference",2.33319694560264,1.52696116938136,3.18127917912057
"52740","TLI","Current",3.04102919966482,2.52492874324381,3.52596268853852
"52740","TLI","Reference",2.32940953602669,1.69875776176218,2.95707073105446
"52751","TLI","Current",1.59766132524117,1.13352381778441,2.00626451001758
"52751","TLI","Reference",2.22527731617239,1.36742801118165,3.06456342805486
"52789","TLI","Current",3.47010335966583,2.92731478842447,3.96403235016213
"52789","TLI","Reference",2.45331631192592,1.52410204286983,3.43149824622838
"52846","TLI","Current",3.27724084559817,2.75954949710572,3.7700162763604
"52846","TLI","Reference",2.42799039779977,1.46165511207843,3.40529308263951
"52848","TLI","Current",3.19477150067697,2.75061762212289,3.65641317747154
"52848","TLI","Reference",2.40370362631315,1.49830194783548,3.32540695442116
"52849","TLI","Current",3.18303646306815,2.7661189957168,3.61136866024977
"52849","TLI","Reference",2.39462047157197,1.72549431014497,3.0997987538274
"52851","TLI","Current",2.97092293755386,2.51383606268345,3.42702887797312
"52851","TLI","Reference",2.33566022290965,1.6138056049764,3.08463780443815
"52875","TLI","Current",3.06931983372596,2.58624464288797,3.56107417034516
"52875","TLI","Reference",2.26932558671171,1.61530491601931,2.9345498708098
"52878","TLI","Current",2.94239433595474,2.40644437225464,3.44864837265715
"52878","TLI","Reference",2.32484371807052,1.49943767062446,3.29542870565984
"52884","TLI","Current",2.89089017295402,2.47288021890172,3.30097547550173
"52884","TLI","Reference",2.67653950366858,2.10319651875053,3.20842438818341
"52887","TLI","Current",2.96078823852904,2.52443357119345,3.39606373425581
"52887","TLI","Reference",2.40570781333355,1.33564923205905,3.45073371857899
"52889","TLI","Current",2.80940097032533,2.28462749621446,3.29666748349647
"52889","TLI","Reference",2.34842072101811,1.61470696973082,3.14549695223194
"52896","TLI","Current",2.35233987065524,1.88394065111483,2.79881253349718
"52896","TLI","Reference",2.22575735648562,1.56684187038031,2.83022451180656
"52902","TLI","Current",2.8397808534677,2.43369565216435,3.30026622907094
"52902","TLI","Reference",2.32286229481508,1.70711823737415,2.94144496868322
"52914","TLI","Current",2.50455159174248,2.09319241832012,2.92014954172827
"52914","TLI","Reference",2.23737937127456,1.61746981446926,2.82771980116029
"52924","TLI","Current",2.66368587035137,2.17112407924746,3.14352226437357
"52924","TLI","Reference",2.33741669492726,1.6103500992732,3.1655335834474
"52927","TLI","Current",2.6343959677223,2.16478537669982,3.13742063682628
"52927","TLI","Reference",2.34851269931245,1.54146311453614,3.19767038246002
"52928","TLI","Current",2.57698803155357,2.03217323993531,3.03988402175533
"52928","TLI","Reference",2.34082164089324,1.4845316677948,3.26484106511857
"52931","TLI","Current",2.772379326448,2.25248791025361,3.31051389755468
"52931","TLI","Reference",2.36840540625706,1.79659045295903,2.92540198153262
"52940","TLI","Current",1.60578917002472,1.13116779968635,2.0021459813439
"52940","TLI","Reference",2.30263271656875,1.6056189683142,2.98032709780224
"52954","TLI","Current",2.11177402464959,1.67735881179501,2.53109882200719
"52954","TLI","Reference",2.29614763656257,1.4087963843371,3.20729104396899
"52960","TLI","Current",2.34286830758294,1.87865463488527,2.77825759550607
"52960","TLI","Reference",2.6665926750594,2.06955468697269,3.25730780518897
"52988","TLI","Current",2.57548737376399,2.04372612864024,3.11232382395137
"52988","TLI","Reference",2.38302509387826,1.46894453821096,3.39776999489551
"52998","TLI","Current",2.0999086530797,1.72383145884037,2.47163321379197
"52998","TLI","Reference",2.34818793974243,1.69296905147577,3.00365602302837
"53006","TLI","Current",2.26495701000442,1.77367292107981,2.75236904843841
"53006","TLI","Reference",2.33702847190776,1.64878544326266,3.09186823567892
"53020","TLI","Current",2.47047595225628,1.98469670200943,2.89767872086453
"53020","TLI","Reference",2.3565789173614,1.76678286112643,2.93055689108108
"53022","TLI","Current",2.59311704669969,2.16252102373053,3.01525955287141
"53022","TLI","Reference",2.30235209949339,1.75266605979373,2.84460764005988
"53025","TLI","Current",2.95881320909159,2.5723440208878,3.36280678211617
"53025","TLI","Reference",2.90637738176157,2.25755321243443,3.5916198917558
"53033","TLI","Current",2.37192141578908,1.92677685274319,2.782508720332
"53033","TLI","Reference",2.80605267886826,2.1587285285475,3.42040099162922
"53034","TLI","Current",2.26618300120167,1.8284506074828,2.7186726527119
"53034","TLI","Reference",2.28629270670034,1.51175626730279,3.09614180050723
"53059","TLI","Current",2.45519315691528,2.00691226015836,2.91638393511206
"53059","TLI","Reference",2.31073210409123,1.40227143916242,3.18445849030776
"5306","TLI","Current",6.91152607324054,6.32859040436233,7.53950093797549
"5306","TLI","Reference",4.17879379648001,3.04651853994832,5.33001200997874
"53062","TLI","Current",2.63834927162505,2.14689727710039,3.12122222491134
"53062","TLI","Reference",2.37379973732547,1.65157352728538,3.0774054585909
"53101","TLI","Current",2.88405961863498,2.45550940480002,3.2924617486011
"53101","TLI","Reference",2.29178089823269,1.72004687977057,2.80476253204812
"53108","TLI","Current",2.71266256194996,2.2292897502201,3.21796012924926
"53108","TLI","Reference",2.35358793128967,1.83575013461858,2.84403314231956
"53109","TLI","Current",2.74386815075889,2.23985606629449,3.22029886915787
"53109","TLI","Reference",2.30993834109813,1.72611666655651,2.88745287471833
"53113","TLI","Current",2.46862106913125,2.02906064734127,2.91658974960789
"53113","TLI","Reference",2.35146294537015,1.73409942524962,2.95622944842035
"53114","TLI","Current",3.24106363626431,2.76062250545589,3.70697288481428
"53114","TLI","Reference",2.60984812378303,1.89788761040888,3.30517647238476
"53117","TLI","Current",2.97565223706312,2.53092995802697,3.45116732555853
"53117","TLI","Reference",2.33487398033789,1.67908403093112,2.97178729981802
"53120","TLI","Current",2.53472181220352,2.02379130242836,3.00501852909025
"53120","TLI","Reference",2.36714707978834,1.62330669968604,3.09280898593
"53124","TLI","Current",2.55795515196367,2.10688101345126,3.02933975086077
"53124","TLI","Reference",2.31973880876862,1.63113210423284,3.02194627001058
"53129","TLI","Current",2.27816571389362,1.87010035426256,2.70819253430941
"53129","TLI","Reference",2.3528436471394,1.89672981221808,2.79763418387412
"53145","TLI","Current",2.69898988865474,2.27602594433058,3.1337058573052
"53145","TLI","Reference",2.43370613692791,1.97125982789443,2.8565769361558
"53149","TLI","Current",2.28420832198937,1.89652767241499,2.66378886905753
"53149","TLI","Reference",2.32423465896559,1.88496176996948,2.73049067968926
"53163","TLI","Current",2.94389784947394,2.58462003547945,3.3079266891375
"53163","TLI","Reference",2.43388916201318,1.87432802129901,3.02282589207195
"53216","TLI","Current",3.65521443567029,3.22709985935741,4.05973404781636
"53216","TLI","Reference",2.46993065897565,1.86531375509266,3.07402433007525
"53262","TLI","Current",2.41671594857871,2.03292083267764,2.81543938194094
"53262","TLI","Reference",2.33351898275513,1.86226793307256,2.79244573678214
"53300","TLI","Current",2.94457249895737,2.43050248755625,3.40309387844181
"53300","TLI","Reference",2.41697961619585,1.94362954400345,2.85567858373762
"53304","TLI","Current",2.4632420762846,2.00095896711715,2.88076953486603
"53304","TLI","Reference",2.32035857142776,1.86332962503515,2.73114315454832
"53315","TLI","Current",3.02890539694513,2.58640925494287,3.45616274513151
"53315","TLI","Reference",2.39543712018981,1.92534794937224,2.87235937963294
"53338","TLI","Current",2.31124433349654,1.87793912139535,2.72119330463803
"53338","TLI","Reference",2.31914277574389,1.79877992328394,2.79203156010865
"53353","TLI","Current",2.4835944903692,2.06516999812281,2.86108561915868
"53353","TLI","Reference",2.29126652157513,1.84151320899227,2.73431938968357
"53392","TLI","Current",2.82311975497339,2.37651839718393,3.28976828359901
"53392","TLI","Reference",2.40607482335617,1.92421538041985,2.88069283222818
"53401","TLI","Current",2.90162802672664,2.4778663078531,3.34785722127568
"53401","TLI","Reference",2.63063886372056,2.15148904083253,3.15721615781682
"53412","TLI","Current",3.00809657321204,2.56932831580071,3.42626495087208
"53412","TLI","Reference",2.4834079122259,1.90697223526698,2.98328678556491
"53491","TLI","Current",3.04561424607142,2.60142854945723,3.47460589552354
"53491","TLI","Reference",2.44059986511326,1.93626105816494,2.93322617408259
"53492","TLI","Current",2.4728530968099,2.02643132161318,2.93718385469986
"53492","TLI","Reference",2.4266993461727,1.93735841771922,2.87120043474792
"53519","TLI","Current",3.06733532403321,2.71505284654665,3.4150368032157
"53519","TLI","Reference",2.33694755450303,1.93870380159635,2.73970754811661
"53532","TLI","Current",1.82604974853883,1.37177635168373,2.27042135107614
"53532","TLI","Reference",1.967399761923,1.50409039694619,2.44222508923874
"53549","TLI","Current",3.23619795813805,2.84111315691027,3.62720313856456
"53549","TLI","Reference",2.64275306459673,2.22252549045276,3.05296260519646
"53550","TLI","Current",3.82188881048107,3.39141613406189,4.25981842475894
"53550","TLI","Reference",2.53058988338028,2.02286446267689,3.00100786421207
"53717","TLI","Current",3.09937482874834,2.72185757572882,3.45833803356175
"53717","TLI","Reference",2.33251785931145,1.89522648898524,2.79784306502669
"53730","TLI","Current",3.07117121177778,2.69812340923676,3.45655848396335
"53730","TLI","Reference",2.29390178798824,1.87916393930938,2.72031856251924
"53851","TLI","Current",2.62933032548073,2.22482002366592,3.02506579876791
"53851","TLI","Reference",2.39437134100243,1.88303640790143,2.89286762494781
"53868","TLI","Current",2.32021146867666,1.83659435259926,2.73475829527173
"53868","TLI","Reference",2.36412112349608,1.59639676310062,3.16180860950828
"53870","TLI","Current",3.04511573097567,2.61277833026525,3.46188048000593
"53870","TLI","Reference",2.48959909023242,1.68280026815196,3.36523887282295
"53872","TLI","Current",2.96562952759553,2.57202213127962,3.33922659482645
"53872","TLI","Reference",2.42868261041846,1.93553155818266,2.91009896998662
"53877","TLI","Current",2.70393954434951,2.29239480985519,3.11634213841298
"53877","TLI","Reference",2.38350652946923,1.83921806062112,2.92761687311438
"53886","TLI","Current",3.44475839452835,3.0541614753363,3.84480089871329
"53886","TLI","Reference",2.40675319128384,1.86815505960532,2.95084068479216
"53963","TLI","Current",2.84029124573966,2.3205657035592,3.33111470915633
"53963","TLI","Reference",2.29728770870273,1.76104368603788,2.81067148295437
"53966","TLI","Current",3.05962216377636,2.5246201232013,3.58862308131497
"53966","TLI","Reference",2.33051638820365,1.85694897898244,2.8144902605362
"5397","TLI","Current",5.13969898730034,4.62541243600962,5.66977569912152
"5397","TLI","Reference",3.37396639017294,2.70802906060291,4.04693129186466
"54000","TLI","Current",2.16875877921283,1.75340286011477,2.6038335161146
"54000","TLI","Reference",2.25357710875161,1.60238621408283,2.88739518925091
"54001","TLI","Current",2.36520017769175,1.87543512474572,2.87305464831272
"54001","TLI","Reference",2.36670043029358,1.48288298246078,3.18844301013098
"54019","TLI","Current",2.59670685001789,2.23375918582327,2.99301858979202
"54019","TLI","Reference",2.29529581521064,1.79057717463319,2.74909139564694
"54022","TLI","Current",2.99861376977457,2.59703618737205,3.41758566934247
"54022","TLI","Reference",2.32365095982829,1.75887567545679,2.83352854396226
"54025","TLI","Current",3.0126775454388,2.581078105365,3.42760275223288
"54025","TLI","Reference",2.33517555445349,1.8106112543329,2.83544728975025
"54035","TLI","Current",2.59877492954746,2.23456594186067,2.94655149949967
"54035","TLI","Reference",2.29685301236772,1.86652740142543,2.71492956310306
"54037","TLI","Current",3.47119319784266,3.04935066940626,3.86445515274429
"54037","TLI","Reference",2.3906144576895,1.9070373270644,2.8239798552676
"54039","TLI","Current",2.99178906791796,2.53476421525905,3.42577022664163
"54039","TLI","Reference",2.39957014120253,1.93049285373266,2.79829209335042
"54050","TLI","Current",3.26664698243785,2.87962634504481,3.63132663491102
"54050","TLI","Reference",2.74359979023507,2.20431510519682,3.32914534170247
"54060","TLI","Current",2.34197445807959,1.91931703918135,2.78631368465111
"54060","TLI","Reference",2.29051296689265,1.74832525287521,2.83445420172246
"54061","TLI","Current",2.55319552597122,2.10126438260809,3.05005520185625
"54061","TLI","Reference",2.35610183899597,1.67029070956466,3.06466900175658
"54071","TLI","Current",2.71218119295353,2.24817104558865,3.16663488853958
"54071","TLI","Reference",2.35109784899359,1.76865827672432,3.00717721969887
"54073","TLI","Current",2.73804022703772,2.3195046847334,3.16430673598436
"54073","TLI","Reference",2.31360003408638,1.70307981458865,2.91403207229771
"54077","TLI","Current",2.87902080648865,2.4685145471999,3.29988658286239
"54077","TLI","Reference",2.33591354345192,1.61299320845794,3.06054082904474
"54088","TLI","Current",2.66946941211283,2.25361898011048,3.12008454745092
"54088","TLI","Reference",2.34110629923045,1.8055552637345,2.88789458496405
"54094","TLI","Current",2.76130003111037,2.35535212146803,3.14924169636181
"54094","TLI","Reference",2.32310432833999,1.83902876470401,2.76457858551842
"54132","TLI","Current",2.44921809762994,2.05519727921905,2.8236666545694
"54132","TLI","Reference",2.25055008200032,1.77140630814609,2.71921450436644
"54141","TLI","Current",4.05736592246529,3.56341924698119,4.52798176459191
"54141","TLI","Reference",2.80509027610382,2.21301069564269,3.4226750049337
"54144","TLI","Current",2.53548233962579,2.18667132131069,2.88630794163589
"54144","TLI","Reference",2.23970892085887,1.73617084864932,2.7032072571855
"54154","TLI","Current",3.00841387528569,2.56721060340912,3.49164749344307
"54154","TLI","Reference",2.42765057208509,1.85245524023674,2.94572028569743
"54156","TLI","Current",2.60956372488942,2.16303284567199,3.06887583611049
"54156","TLI","Reference",2.31206122449424,1.84216240071085,2.76255137871025
"54177","TLI","Current",2.14675973790277,1.69280825606932,2.5969319070619
"54177","TLI","Reference",2.30071467199969,1.88869998361839,2.70631435014181
"54181","TLI","Current",3.73170794653512,3.32775807644979,4.15977265328602
"54181","TLI","Reference",2.44753815552644,1.98102646445158,2.88113210103571
"54190","TLI","Current",3.66850086143724,3.22855702609052,4.09545121606058
"54190","TLI","Reference",2.35664730417353,1.80983224636157,2.90478034662805
"54237","TLI","Current",3.32070759975628,2.95686704032301,3.69359825660869
"54237","TLI","Reference",2.40115712894807,1.93308675563829,2.81748417061522
"54288","TLI","Current",2.96052897902116,2.41809355760403,3.5271872746392
"54288","TLI","Reference",2.44516678292182,1.82687895500537,3.02613290897306
"54311","TLI","Current",3.63361927806773,3.25246628232739,4.01525004233523
"54311","TLI","Reference",2.69751911307684,2.21845992146528,3.16997277716698
"54351","TLI","Current",3.08055328656442,2.59189707579402,3.56417660628851
"54351","TLI","Reference",2.51829252672358,1.90921770888009,3.15583918793879
"54356","TLI","Current",2.49756130911116,2.0747058919929,2.94540491361312
"54356","TLI","Reference",2.52334822490802,1.87029621399002,3.12272289544006
"54407","TLI","Current",2.86033159633079,2.39652314713464,3.3140201287888
"54407","TLI","Reference",2.48186040610026,1.82480546668536,3.11139382921266
"54413","TLI","Current",2.70204162594925,2.31670245703362,3.10898599352326
"54413","TLI","Reference",2.77452982154852,2.26019044572693,3.33729143259036
"54435","TLI","Current",2.89156528691393,2.39662324320604,3.35666978557042
"54435","TLI","Reference",2.49525644551098,1.70526560316732,3.32400711008858
"54475","TLI","Current",3.21422409911302,2.65513699548005,3.70386528342859
"54475","TLI","Reference",2.45935066174666,1.89346925542599,2.98609674061209
"54486","TLI","Current",3.10235830062836,2.52993635178274,3.63153130497644
"54486","TLI","Reference",2.26814106858466,1.74135124884967,2.76147933371266
"54487","TLI","Current",3.03291730275154,2.46449516319159,3.58985206824977
"54487","TLI","Reference",2.35400923283914,1.80959333072158,2.89796083137413
"54515","TLI","Current",3.17776003383239,2.59133201873643,3.76341163330195
"54515","TLI","Reference",2.35365693998116,1.83735683948389,2.81340138244565
"54561","TLI","Current",3.63993864410302,3.15843855243518,4.09376339128252
"54561","TLI","Reference",2.88013725383994,2.27329130130454,3.48345565525134
"54601","TLI","Current",2.97059065144986,2.50010069306394,3.41277719595005
"54601","TLI","Reference",2.54864230064769,1.98487558032687,3.11597541053562
"54618","TLI","Current",2.85727683483412,2.34263172641793,3.36019342246156
"54618","TLI","Reference",2.30092573246846,1.81796864136066,2.7146620099315
"54621","TLI","Current",2.50016126361997,2.06007748231686,2.95400248426207
"54621","TLI","Reference",2.26803236432319,1.77404167334291,2.692904942349
"54660","TLI","Current",2.31569457576324,1.85989938002498,2.75094014606351
"54660","TLI","Reference",2.30478668180315,1.80486661738241,2.76826265925109
"54672","TLI","Current",1.99929942474755,1.57964848210409,2.45715966620678
"54672","TLI","Reference",2.144000106841,1.7103668056154,2.59890593206177
"54730","TLI","Current",2.42260308308617,2.0459814878541,2.77653913840726
"54730","TLI","Reference",2.55944442226353,2.02301695021396,3.09805061560669
"54731","TLI","Current",2.52271061629569,2.16270875730949,2.88792629188926
"54731","TLI","Reference",2.78520749377708,2.39273272681538,3.2363847102308
"54732","TLI","Current",2.55585225600073,2.19515194289984,2.93125922009599
"54732","TLI","Reference",2.74618089293395,2.29752856025332,3.2287611836477
"54733","TLI","Current",3.26343159263345,2.85142802877294,3.70793334045502
"54733","TLI","Reference",2.71173410651373,2.30099749102326,3.16106909989146
"54734","TLI","Current",2.68201704048517,2.24857189784777,3.11634406179349
"54734","TLI","Reference",2.56564336277004,2.13755706644203,3.02079583611266
"54735","TLI","Current",2.0052240147612,1.60127672392112,2.4395002286332
"54735","TLI","Reference",2.30736655596205,1.80484178523647,2.82844767715968
"54736","TLI","Current",1.59945581909382,1.17006730688653,1.99983911839154
"54736","TLI","Reference",1.82883177923504,1.34405103685096,2.29831996563336
"54737","TLI","Current",2.8121164384165,2.34100232271993,3.27519417732816
"54737","TLI","Reference",2.88901604543081,2.44012659621977,3.41133578151949
"54738","TLI","Current",2.31471294619905,1.91381991906861,2.72443595797785
"54738","TLI","Reference",2.05884116423424,1.55079829172065,2.57953149732767
"54741","TLI","Current",2.45438382043899,2.00286771889594,2.91106350862734
"54741","TLI","Reference",2.4928190616978,1.8793985998407,3.15198965807082
"54742","TLI","Current",6.09575730679583,5.57473998099752,6.6325189598261
"54742","TLI","Reference",3.59197736346516,2.88717197571584,4.32554104038852
"6394","TLI","Current",4.05726657171452,3.69182054419161,4.43854110448064
"6394","TLI","Reference",2.5427559032731,2.05115986587219,3.02218122206047
"6396","TLI","Current",3.82715733149958,3.44960658359163,4.24110813866577
"6396","TLI","Reference",2.53286294391749,2.02659322476675,3.04085838257323
"667","TLI","Current",5.79803026148733,5.34022507844757,6.27691107069489
"667","TLI","Reference",4.15420884883457,3.09997763300233,5.22794222146151
"6867","TLI","Current",3.87675790240317,3.39764434156635,4.36433206975903
"6867","TLI","Reference",2.31822681748277,1.52522258988817,3.079715056772
"6914","TLI","Current",3.66842435198012,3.29468879325166,4.09640853408832
"6914","TLI","Reference",2.36036824626324,1.79571388655076,2.92236557883293
"7113","TLI","Current",4.61008297677045,4.20851898560206,5.04972998598241
"7113","TLI","Reference",2.88354380035683,2.34244787179065,3.43410175771312
"7382","TLI","Current",3.07465415391999,2.68429321136743,3.44373298917154
"7382","TLI","Reference",2.39882402291438,1.93104401737322,2.83002545025254
"7386","TLI","Current",2.82978872717391,2.45323831080256,3.18155417251451
"7386","TLI","Reference",2.39541087765196,1.92263019058515,2.80559200804611
"7408","TLI","Current",2.38956380451722,1.96560994340051,2.84394680069023
"7408","TLI","Reference",2.61886858166435,2.18803142523761,3.14561862131522
"7409","TLI","Current",2.34262028270059,1.97254209746647,2.73396879452004
"7409","TLI","Reference",2.59492492078118,2.17928470881553,3.071025791796
"7506","TLI","Current",3.22630021314133,2.78911768897454,3.69967798701779
"7506","TLI","Reference",2.72014414707379,2.28033641136836,3.23585043661926
"7512","TLI","Current",3.23696900977272,2.87049625991993,3.5970443519904
"7512","TLI","Reference",3.00898035319405,2.52962906560128,3.47664253959951
"7537","TLI","Current",4.54934379325679,4.0815825644058,5.02626049466254
"7537","TLI","Reference",2.92645056245327,2.36883518399445,3.57238490563198
"7605","TLI","Current",4.74552962890262,4.28624611961164,5.26188027294065
"7605","TLI","Reference",2.50886723766933,1.98304957731769,2.9958433813784
"7633","TLI","Current",2.84451475900811,2.34009995587471,3.34940772874998
"7633","TLI","Reference",2.57440350276141,2.0938393410155,3.1359268149011
"7640","TLI","Current",4.07523935794979,3.69660126375865,4.4396358537931
"7640","TLI","Reference",2.50555729557915,2.02553953789033,2.96686238036301
"7657","TLI","Current",2.89901309639986,2.4986375334397,3.29177720602612
"7657","TLI","Reference",2.38470135701364,1.9795934094364,2.78133436221715
"7660","TLI","Current",3.18308168194782,2.80845883189813,3.56050918266094
"7660","TLI","Reference",2.41241732517635,2.00539453239593,2.81589360105442
"7688","TLI","Current",3.83418995648732,3.44780991675234,4.27079392973971
"7688","TLI","Reference",2.71549766402571,2.19392787081615,3.21819481569896
"7689","TLI","Current",3.89062862393106,3.53395354865009,4.29447441173796
"7689","TLI","Reference",2.43242763587352,1.88023111425522,2.91733390910393
"7748","TLI","Current",3.81279633012314,3.31001047898719,4.31290987284498
"7748","TLI","Reference",2.41274622286521,1.92964296649864,2.88755246751288
"7777","TLI","Current",2.92930867990197,2.49087662347837,3.41569935649897
"7777","TLI","Reference",2.44805105977204,2.02406906167091,2.90871457383388
"7900","TLI","Current",3.91523689768804,3.46024041731499,4.42635091330437
"7900","TLI","Reference",2.8814526427844,2.3119098574599,3.4992280513504
"7901","TLI","Current",3.55283561329658,3.11732939556778,4.01050019633638
"7901","TLI","Reference",2.41829635239604,1.9523373233223,2.91132075273641
"8158","TLI","Current",5.51297521076551,5.07169247292408,5.98503314432513
"8158","TLI","Reference",3.39498633564002,2.62707309233822,4.2044949621199
"8262","TLI","Current",5.72120841660226,5.29816850049307,6.18679736112146
"8262","TLI","Reference",3.76300112982147,2.78982619814104,4.80708159802831
"8265","TLI","Current",4.76542303020954,4.34891416039388,5.18344398349862
"8265","TLI","Reference",3.71541138398564,2.97344603640276,4.51714041275421
"831","TLI","Current",4.56521583254349,4.206638289311,4.9483708614794
"831","TLI","Reference",3.45999410332804,2.80998749916158,4.15542865178324
"841","TLI","Current",4.74486803778335,4.31685529975486,5.16786518081004
"841","TLI","Reference",4.18050309683309,3.27091467417903,5.0932441482102
"869","TLI","Current",6.49192010481108,5.98457116197615,7.04923323732802
"869","TLI","Reference",4.19558505787866,3.04778337173885,5.52757842475463
"8890","TLI","Current",3.70497210822622,3.24826163602876,4.16468453117774
"8890","TLI","Reference",2.57486637144883,2.04708875311712,3.08676507332751
"9071","TLI","Current",4.38684771041311,3.92606073250614,4.86615195992708
"9071","TLI","Reference",2.49796769870404,2.00237717671644,2.98779126542341
